method,query_id,k,bm25_candidate_depth,stratum,n_pairs,n_judged,n_unjudged,retrieved_fraction,judged_fraction
mpnet,1,20,1000,in_bm25_top1000,2,2,0,0.1,1
mpnet,1,20,1000,outside_bm25_top1000,18,0,18,0.9,0
mpnet,2,20,1000,in_bm25_top1000,0,0,0,0,
mpnet,2,20,1000,outside_bm25_top1000,20,2,18,1,0.1
mpnet,3,20,1000,in_bm25_top1000,4,3,1,0.2,0.75
mpnet,3,20,1000,outside_bm25_top1000,16,2,14,0.8,0.125
mpnet,4,20,1000,in_bm25_top1000,7,5,2,0.35,0.714285714286
mpnet,4,20,1000,outside_bm25_top1000,13,5,8,0.65,0.384615384615
mpnet,5,20,1000,in_bm25_top1000,7,4,3,0.35,0.571428571429
mpnet,5,20,1000,outside_bm25_top1000,13,4,9,0.65,0.307692307692
mpnet,6,20,1000,in_bm25_top1000,6,6,0,0.3,1
mpnet,6,20,1000,outside_bm25_top1000,14,5,9,0.7,0.357142857143
mpnet,7,20,1000,in_bm25_top1000,5,3,2,0.25,0.6
mpnet,7,20,1000,outside_bm25_top1000,15,7,8,0.75,0.466666666667
mpnet,8,20,1000,in_bm25_top1000,4,2,2,0.2,0.5
mpnet,8,20,1000,outside_bm25_top1000,16,7,9,0.8,0.4375
mpnet,9,20,1000,in_bm25_top1000,13,11,2,0.65,0.846153846154
mpnet,9,20,1000,outside_bm25_top1000,7,2,5,0.35,0.285714285714
mpnet,10,20,1000,in_bm25_top1000,20,13,7,1,0.65
mpnet,10,20,1000,outside_bm25_top1000,0,0,0,0,
mpnet,11,20,1000,in_bm25_top1000,8,5,3,0.4,0.625
mpnet,11,20,1000,outside_bm25_top1000,12,3,9,0.6,0.25
mpnet,12,20,1000,in_bm25_top1000,2,2,0,0.1,1
mpnet,12,20,1000,outside_bm25_top1000,18,3,15,0.9,0.166666666667
mpnet,13,20,1000,in_bm25_top1000,2,2,0,0.1,1
mpnet,13,20,1000,outside_bm25_top1000,18,2,16,0.9,0.111111111111
mpnet,14,20,1000,in_bm25_top1000,10,9,1,0.5,0.9
mpnet,14,20,1000,outside_bm25_top1000,10,3,7,0.5,0.3
mpnet,15,20,1000,in_bm25_top1000,1,1,0,0.05,1
mpnet,15,20,1000,outside_bm25_top1000,19,1,18,0.95,0.0526315789474
mpnet,16,20,1000,in_bm25_top1000,16,16,0,0.8,1
mpnet,16,20,1000,outside_bm25_top1000,4,3,1,0.2,0.75
mpnet,17,20,1000,in_bm25_top1000,17,10,7,0.85,0.588235294118
mpnet,17,20,1000,outside_bm25_top1000,3,0,3,0.15,0
mpnet,18,20,1000,in_bm25_top1000,20,15,5,1,0.75
mpnet,18,20,1000,outside_bm25_top1000,0,0,0,0,
mpnet,19,20,1000,in_bm25_top1000,12,12,0,0.6,1
mpnet,19,20,1000,outside_bm25_top1000,8,5,3,0.4,0.625
mpnet,20,20,1000,in_bm25_top1000,20,19,1,1,0.95
mpnet,20,20,1000,outside_bm25_top1000,0,0,0,0,
mpnet,21,20,1000,in_bm25_top1000,4,4,0,0.2,1
mpnet,21,20,1000,outside_bm25_top1000,16,2,14,0.8,0.125
mpnet,22,20,1000,in_bm25_top1000,15,12,3,0.75,0.8
mpnet,22,20,1000,outside_bm25_top1000,5,2,3,0.25,0.4
mpnet,23,20,1000,in_bm25_top1000,20,17,3,1,0.85
mpnet,23,20,1000,outside_bm25_top1000,0,0,0,0,
mpnet,24,20,1000,in_bm25_top1000,16,12,4,0.8,0.75
mpnet,24,20,1000,outside_bm25_top1000,4,1,3,0.2,0.25
mpnet,25,20,1000,in_bm25_top1000,14,6,8,0.7,0.428571428571
mpnet,25,20,1000,outside_bm25_top1000,6,4,2,0.3,0.666666666667
mpnet,26,20,1000,in_bm25_top1000,5,2,3,0.25,0.4
mpnet,26,20,1000,outside_bm25_top1000,15,1,14,0.75,0.0666666666667
mpnet,27,20,1000,in_bm25_top1000,18,16,2,0.9,0.888888888889
mpnet,27,20,1000,outside_bm25_top1000,2,0,2,0.1,0
mpnet,28,20,1000,in_bm25_top1000,20,10,10,1,0.5
mpnet,28,20,1000,outside_bm25_top1000,0,0,0,0,
mpnet,29,20,1000,in_bm25_top1000,10,9,1,0.5,0.9
mpnet,29,20,1000,outside_bm25_top1000,10,4,6,0.5,0.4
mpnet,30,20,1000,in_bm25_top1000,20,15,5,1,0.75
mpnet,30,20,1000,outside_bm25_top1000,0,0,0,0,
mpnet,31,20,1000,in_bm25_top1000,1,1,0,0.05,1
mpnet,31,20,1000,outside_bm25_top1000,19,1,18,0.95,0.0526315789474
mpnet,32,20,1000,in_bm25_top1000,2,0,2,0.1,0
mpnet,32,20,1000,outside_bm25_top1000,18,3,15,0.9,0.166666666667
mpnet,33,20,1000,in_bm25_top1000,7,7,0,0.35,1
mpnet,33,20,1000,outside_bm25_top1000,13,4,9,0.65,0.307692307692
mpnet,34,20,1000,in_bm25_top1000,5,5,0,0.25,1
mpnet,34,20,1000,outside_bm25_top1000,15,2,13,0.75,0.133333333333
mpnet,35,20,1000,in_bm25_top1000,1,1,0,0.05,1
mpnet,35,20,1000,outside_bm25_top1000,19,3,16,0.95,0.157894736842
mpnet,36,20,1000,in_bm25_top1000,18,17,1,0.9,0.944444444444
mpnet,36,20,1000,outside_bm25_top1000,2,0,2,0.1,0
mpnet,37,20,1000,in_bm25_top1000,20,20,0,1,1
mpnet,37,20,1000,outside_bm25_top1000,0,0,0,0,
mpnet,38,20,1000,in_bm25_top1000,3,3,0,0.15,1
mpnet,38,20,1000,outside_bm25_top1000,17,9,8,0.85,0.529411764706
mpnet,39,20,1000,in_bm25_top1000,20,20,0,1,1
mpnet,39,20,1000,outside_bm25_top1000,0,0,0,0,
mpnet,40,20,1000,in_bm25_top1000,19,19,0,0.95,1
mpnet,40,20,1000,outside_bm25_top1000,1,1,0,0.05,1
mpnet,41,20,1000,in_bm25_top1000,16,16,0,0.8,1
mpnet,41,20,1000,outside_bm25_top1000,4,3,1,0.2,0.75
mpnet,42,20,1000,in_bm25_top1000,20,20,0,1,1
mpnet,42,20,1000,outside_bm25_top1000,0,0,0,0,
mpnet,43,20,1000,in_bm25_top1000,20,20,0,1,1
mpnet,43,20,1000,outside_bm25_top1000,0,0,0,0,
mpnet,44,20,1000,in_bm25_top1000,18,17,1,0.9,0.944444444444
mpnet,44,20,1000,outside_bm25_top1000,2,2,0,0.1,1
mpnet,45,20,1000,in_bm25_top1000,15,14,1,0.75,0.933333333333
mpnet,45,20,1000,outside_bm25_top1000,5,5,0,0.25,1
mpnet,46,20,1000,in_bm25_top1000,18,18,0,0.9,1
mpnet,46,20,1000,outside_bm25_top1000,2,2,0,0.1,1
mpnet,47,20,1000,in_bm25_top1000,3,3,0,0.15,1
mpnet,47,20,1000,outside_bm25_top1000,17,6,11,0.85,0.352941176471
mpnet,48,20,1000,in_bm25_top1000,19,18,1,0.95,0.947368421053
mpnet,48,20,1000,outside_bm25_top1000,1,0,1,0.05,0
mpnet,49,20,1000,in_bm25_top1000,3,3,0,0.15,1
mpnet,49,20,1000,outside_bm25_top1000,17,9,8,0.85,0.529411764706
mpnet,50,20,1000,in_bm25_top1000,13,13,0,0.65,1
mpnet,50,20,1000,outside_bm25_top1000,7,1,6,0.35,0.142857142857
mpnet,1,50,1000,in_bm25_top1000,7,5,2,0.14,0.714285714286
mpnet,1,50,1000,outside_bm25_top1000,43,0,43,0.86,0
mpnet,2,50,1000,in_bm25_top1000,2,1,1,0.04,0.5
mpnet,2,50,1000,outside_bm25_top1000,48,2,46,0.96,0.0416666666667
mpnet,3,50,1000,in_bm25_top1000,6,5,1,0.12,0.833333333333
mpnet,3,50,1000,outside_bm25_top1000,44,5,39,0.88,0.113636363636
mpnet,4,50,1000,in_bm25_top1000,12,7,5,0.24,0.583333333333
mpnet,4,50,1000,outside_bm25_top1000,38,9,29,0.76,0.236842105263
mpnet,5,50,1000,in_bm25_top1000,16,9,7,0.32,0.5625
mpnet,5,50,1000,outside_bm25_top1000,34,8,26,0.68,0.235294117647
mpnet,6,50,1000,in_bm25_top1000,21,17,4,0.42,0.809523809524
mpnet,6,50,1000,outside_bm25_top1000,29,8,21,0.58,0.275862068966
mpnet,7,50,1000,in_bm25_top1000,20,18,2,0.4,0.9
mpnet,7,50,1000,outside_bm25_top1000,30,12,18,0.6,0.4
mpnet,8,50,1000,in_bm25_top1000,14,7,7,0.28,0.5
mpnet,8,50,1000,outside_bm25_top1000,36,10,26,0.72,0.277777777778
mpnet,9,50,1000,in_bm25_top1000,31,27,4,0.62,0.870967741935
mpnet,9,50,1000,outside_bm25_top1000,19,6,13,0.38,0.315789473684
mpnet,10,50,1000,in_bm25_top1000,47,37,10,0.94,0.787234042553
mpnet,10,50,1000,outside_bm25_top1000,3,2,1,0.06,0.666666666667
mpnet,11,50,1000,in_bm25_top1000,22,13,9,0.44,0.590909090909
mpnet,11,50,1000,outside_bm25_top1000,28,7,21,0.56,0.25
mpnet,12,50,1000,in_bm25_top1000,8,8,0,0.16,1
mpnet,12,50,1000,outside_bm25_top1000,42,9,33,0.84,0.214285714286
mpnet,13,50,1000,in_bm25_top1000,5,5,0,0.1,1
mpnet,13,50,1000,outside_bm25_top1000,45,4,41,0.9,0.0888888888889
mpnet,14,50,1000,in_bm25_top1000,16,15,1,0.32,0.9375
mpnet,14,50,1000,outside_bm25_top1000,34,4,30,0.68,0.117647058824
mpnet,15,50,1000,in_bm25_top1000,2,2,0,0.04,1
mpnet,15,50,1000,outside_bm25_top1000,48,4,44,0.96,0.0833333333333
mpnet,16,50,1000,in_bm25_top1000,26,26,0,0.52,1
mpnet,16,50,1000,outside_bm25_top1000,24,15,9,0.48,0.625
mpnet,17,50,1000,in_bm25_top1000,35,23,12,0.7,0.657142857143
mpnet,17,50,1000,outside_bm25_top1000,15,3,12,0.3,0.2
mpnet,18,50,1000,in_bm25_top1000,49,34,15,0.98,0.69387755102
mpnet,18,50,1000,outside_bm25_top1000,1,1,0,0.02,1
mpnet,19,50,1000,in_bm25_top1000,31,30,1,0.62,0.967741935484
mpnet,19,50,1000,outside_bm25_top1000,19,10,9,0.38,0.526315789474
mpnet,20,50,1000,in_bm25_top1000,49,44,5,0.98,0.897959183673
mpnet,20,50,1000,outside_bm25_top1000,1,0,1,0.02,0
mpnet,21,50,1000,in_bm25_top1000,13,12,1,0.26,0.923076923077
mpnet,21,50,1000,outside_bm25_top1000,37,9,28,0.74,0.243243243243
mpnet,22,50,1000,in_bm25_top1000,28,19,9,0.56,0.678571428571
mpnet,22,50,1000,outside_bm25_top1000,22,5,17,0.44,0.227272727273
mpnet,23,50,1000,in_bm25_top1000,42,37,5,0.84,0.880952380952
mpnet,23,50,1000,outside_bm25_top1000,8,5,3,0.16,0.625
mpnet,24,50,1000,in_bm25_top1000,40,24,16,0.8,0.6
mpnet,24,50,1000,outside_bm25_top1000,10,3,7,0.2,0.3
mpnet,25,50,1000,in_bm25_top1000,20,11,9,0.4,0.55
mpnet,25,50,1000,outside_bm25_top1000,30,17,13,0.6,0.566666666667
mpnet,26,50,1000,in_bm25_top1000,10,5,5,0.2,0.5
mpnet,26,50,1000,outside_bm25_top1000,40,10,30,0.8,0.25
mpnet,27,50,1000,in_bm25_top1000,35,30,5,0.7,0.857142857143
mpnet,27,50,1000,outside_bm25_top1000,15,0,15,0.3,0
mpnet,28,50,1000,in_bm25_top1000,46,28,18,0.92,0.608695652174
mpnet,28,50,1000,outside_bm25_top1000,4,0,4,0.08,0
mpnet,29,50,1000,in_bm25_top1000,23,18,5,0.46,0.782608695652
mpnet,29,50,1000,outside_bm25_top1000,27,9,18,0.54,0.333333333333
mpnet,30,50,1000,in_bm25_top1000,50,38,12,1,0.76
mpnet,30,50,1000,outside_bm25_top1000,0,0,0,0,
mpnet,31,50,1000,in_bm25_top1000,4,4,0,0.08,1
mpnet,31,50,1000,outside_bm25_top1000,46,3,43,0.92,0.0652173913043
mpnet,32,50,1000,in_bm25_top1000,2,0,2,0.04,0
mpnet,32,50,1000,outside_bm25_top1000,48,4,44,0.96,0.0833333333333
mpnet,33,50,1000,in_bm25_top1000,12,12,0,0.24,1
mpnet,33,50,1000,outside_bm25_top1000,38,12,26,0.76,0.315789473684
mpnet,34,50,1000,in_bm25_top1000,7,6,1,0.14,0.857142857143
mpnet,34,50,1000,outside_bm25_top1000,43,12,31,0.86,0.279069767442
mpnet,35,50,1000,in_bm25_top1000,2,2,0,0.04,1
mpnet,35,50,1000,outside_bm25_top1000,48,8,40,0.96,0.166666666667
mpnet,36,50,1000,in_bm25_top1000,41,35,6,0.82,0.853658536585
mpnet,36,50,1000,outside_bm25_top1000,9,3,6,0.18,0.333333333333
mpnet,37,50,1000,in_bm25_top1000,46,46,0,0.92,1
mpnet,37,50,1000,outside_bm25_top1000,4,3,1,0.08,0.75
mpnet,38,50,1000,in_bm25_top1000,11,10,1,0.22,0.909090909091
mpnet,38,50,1000,outside_bm25_top1000,39,21,18,0.78,0.538461538462
mpnet,39,50,1000,in_bm25_top1000,50,49,1,1,0.98
mpnet,39,50,1000,outside_bm25_top1000,0,0,0,0,
mpnet,40,50,1000,in_bm25_top1000,46,46,0,0.92,1
mpnet,40,50,1000,outside_bm25_top1000,4,4,0,0.08,1
mpnet,41,50,1000,in_bm25_top1000,26,26,0,0.52,1
mpnet,41,50,1000,outside_bm25_top1000,24,19,5,0.48,0.791666666667
mpnet,42,50,1000,in_bm25_top1000,50,50,0,1,1
mpnet,42,50,1000,outside_bm25_top1000,0,0,0,0,
mpnet,43,50,1000,in_bm25_top1000,39,37,2,0.78,0.948717948718
mpnet,43,50,1000,outside_bm25_top1000,11,3,8,0.22,0.272727272727
mpnet,44,50,1000,in_bm25_top1000,39,36,3,0.78,0.923076923077
mpnet,44,50,1000,outside_bm25_top1000,11,9,2,0.22,0.818181818182
mpnet,45,50,1000,in_bm25_top1000,35,28,7,0.7,0.8
mpnet,45,50,1000,outside_bm25_top1000,15,12,3,0.3,0.8
mpnet,46,50,1000,in_bm25_top1000,28,28,0,0.56,1
mpnet,46,50,1000,outside_bm25_top1000,22,7,15,0.44,0.318181818182
mpnet,47,50,1000,in_bm25_top1000,8,8,0,0.16,1
mpnet,47,50,1000,outside_bm25_top1000,42,12,30,0.84,0.285714285714
mpnet,48,50,1000,in_bm25_top1000,43,39,4,0.86,0.906976744186
mpnet,48,50,1000,outside_bm25_top1000,7,3,4,0.14,0.428571428571
mpnet,49,50,1000,in_bm25_top1000,10,10,0,0.2,1
mpnet,49,50,1000,outside_bm25_top1000,40,15,25,0.8,0.375
mpnet,50,50,1000,in_bm25_top1000,36,34,2,0.72,0.944444444444
mpnet,50,50,1000,outside_bm25_top1000,14,2,12,0.28,0.142857142857
mpnet,1,100,1000,in_bm25_top1000,13,11,2,0.13,0.846153846154
mpnet,1,100,1000,outside_bm25_top1000,87,3,84,0.87,0.0344827586207
mpnet,2,100,1000,in_bm25_top1000,8,6,2,0.08,0.75
mpnet,2,100,1000,outside_bm25_top1000,92,7,85,0.92,0.0760869565217
mpnet,3,100,1000,in_bm25_top1000,14,12,2,0.14,0.857142857143
mpnet,3,100,1000,outside_bm25_top1000,86,13,73,0.86,0.151162790698
mpnet,4,100,1000,in_bm25_top1000,22,16,6,0.22,0.727272727273
mpnet,4,100,1000,outside_bm25_top1000,78,12,66,0.78,0.153846153846
mpnet,5,100,1000,in_bm25_top1000,36,22,14,0.36,0.611111111111
mpnet,5,100,1000,outside_bm25_top1000,64,14,50,0.64,0.21875
mpnet,6,100,1000,in_bm25_top1000,36,28,8,0.36,0.777777777778
mpnet,6,100,1000,outside_bm25_top1000,64,14,50,0.64,0.21875
mpnet,7,100,1000,in_bm25_top1000,48,41,7,0.48,0.854166666667
mpnet,7,100,1000,outside_bm25_top1000,52,18,34,0.52,0.346153846154
mpnet,8,100,1000,in_bm25_top1000,25,13,12,0.25,0.52
mpnet,8,100,1000,outside_bm25_top1000,75,19,56,0.75,0.253333333333
mpnet,9,100,1000,in_bm25_top1000,49,42,7,0.49,0.857142857143
mpnet,9,100,1000,outside_bm25_top1000,51,7,44,0.51,0.137254901961
mpnet,10,100,1000,in_bm25_top1000,94,76,18,0.94,0.808510638298
mpnet,10,100,1000,outside_bm25_top1000,6,3,3,0.06,0.5
mpnet,11,100,1000,in_bm25_top1000,29,17,12,0.29,0.586206896552
mpnet,11,100,1000,outside_bm25_top1000,71,9,62,0.71,0.12676056338
mpnet,12,100,1000,in_bm25_top1000,11,10,1,0.11,0.909090909091
mpnet,12,100,1000,outside_bm25_top1000,89,21,68,0.89,0.23595505618
mpnet,13,100,1000,in_bm25_top1000,7,5,2,0.07,0.714285714286
mpnet,13,100,1000,outside_bm25_top1000,93,8,85,0.93,0.0860215053763
mpnet,14,100,1000,in_bm25_top1000,19,18,1,0.19,0.947368421053
mpnet,14,100,1000,outside_bm25_top1000,81,6,75,0.81,0.0740740740741
mpnet,15,100,1000,in_bm25_top1000,4,3,1,0.04,0.75
mpnet,15,100,1000,outside_bm25_top1000,96,7,89,0.96,0.0729166666667
mpnet,16,100,1000,in_bm25_top1000,43,40,3,0.43,0.93023255814
mpnet,16,100,1000,outside_bm25_top1000,57,27,30,0.57,0.473684210526
mpnet,17,100,1000,in_bm25_top1000,64,46,18,0.64,0.71875
mpnet,17,100,1000,outside_bm25_top1000,36,7,29,0.36,0.194444444444
mpnet,18,100,1000,in_bm25_top1000,92,70,22,0.92,0.760869565217
mpnet,18,100,1000,outside_bm25_top1000,8,5,3,0.08,0.625
mpnet,19,100,1000,in_bm25_top1000,46,43,3,0.46,0.934782608696
mpnet,19,100,1000,outside_bm25_top1000,54,17,37,0.54,0.314814814815
mpnet,20,100,1000,in_bm25_top1000,94,84,10,0.94,0.893617021277
mpnet,20,100,1000,outside_bm25_top1000,6,3,3,0.06,0.5
mpnet,21,100,1000,in_bm25_top1000,23,20,3,0.23,0.869565217391
mpnet,21,100,1000,outside_bm25_top1000,77,16,61,0.77,0.207792207792
mpnet,22,100,1000,in_bm25_top1000,48,31,17,0.48,0.645833333333
mpnet,22,100,1000,outside_bm25_top1000,52,11,41,0.52,0.211538461538
mpnet,23,100,1000,in_bm25_top1000,73,60,13,0.73,0.821917808219
mpnet,23,100,1000,outside_bm25_top1000,27,11,16,0.27,0.407407407407
mpnet,24,100,1000,in_bm25_top1000,81,50,31,0.81,0.617283950617
mpnet,24,100,1000,outside_bm25_top1000,19,3,16,0.19,0.157894736842
mpnet,25,100,1000,in_bm25_top1000,37,26,11,0.37,0.702702702703
mpnet,25,100,1000,outside_bm25_top1000,63,30,33,0.63,0.47619047619
mpnet,26,100,1000,in_bm25_top1000,22,8,14,0.22,0.363636363636
mpnet,26,100,1000,outside_bm25_top1000,78,15,63,0.78,0.192307692308
mpnet,27,100,1000,in_bm25_top1000,50,42,8,0.5,0.84
mpnet,27,100,1000,outside_bm25_top1000,50,0,50,0.5,0
mpnet,28,100,1000,in_bm25_top1000,84,55,29,0.84,0.654761904762
mpnet,28,100,1000,outside_bm25_top1000,16,5,11,0.16,0.3125
mpnet,29,100,1000,in_bm25_top1000,48,35,13,0.48,0.729166666667
mpnet,29,100,1000,outside_bm25_top1000,52,9,43,0.52,0.173076923077
mpnet,30,100,1000,in_bm25_top1000,100,80,20,1,0.8
mpnet,30,100,1000,outside_bm25_top1000,0,0,0,0,
mpnet,31,100,1000,in_bm25_top1000,13,12,1,0.13,0.923076923077
mpnet,31,100,1000,outside_bm25_top1000,87,7,80,0.87,0.0804597701149
mpnet,32,100,1000,in_bm25_top1000,2,0,2,0.02,0
mpnet,32,100,1000,outside_bm25_top1000,98,11,87,0.98,0.112244897959
mpnet,33,100,1000,in_bm25_top1000,21,21,0,0.21,1
mpnet,33,100,1000,outside_bm25_top1000,79,20,59,0.79,0.253164556962
mpnet,34,100,1000,in_bm25_top1000,7,6,1,0.07,0.857142857143
mpnet,34,100,1000,outside_bm25_top1000,93,19,74,0.93,0.204301075269
mpnet,35,100,1000,in_bm25_top1000,10,9,1,0.1,0.9
mpnet,35,100,1000,outside_bm25_top1000,90,15,75,0.9,0.166666666667
mpnet,36,100,1000,in_bm25_top1000,83,70,13,0.83,0.843373493976
mpnet,36,100,1000,outside_bm25_top1000,17,5,12,0.17,0.294117647059
mpnet,37,100,1000,in_bm25_top1000,86,81,5,0.86,0.941860465116
mpnet,37,100,1000,outside_bm25_top1000,14,6,8,0.14,0.428571428571
mpnet,38,100,1000,in_bm25_top1000,26,24,2,0.26,0.923076923077
mpnet,38,100,1000,outside_bm25_top1000,74,41,33,0.74,0.554054054054
mpnet,39,100,1000,in_bm25_top1000,97,93,4,0.97,0.958762886598
mpnet,39,100,1000,outside_bm25_top1000,3,1,2,0.03,0.333333333333
mpnet,40,100,1000,in_bm25_top1000,86,84,2,0.86,0.976744186047
mpnet,40,100,1000,outside_bm25_top1000,14,8,6,0.14,0.571428571429
mpnet,41,100,1000,in_bm25_top1000,47,47,0,0.47,1
mpnet,41,100,1000,outside_bm25_top1000,53,42,11,0.53,0.792452830189
mpnet,42,100,1000,in_bm25_top1000,99,99,0,0.99,1
mpnet,42,100,1000,outside_bm25_top1000,1,1,0,0.01,1
mpnet,43,100,1000,in_bm25_top1000,59,57,2,0.59,0.966101694915
mpnet,43,100,1000,outside_bm25_top1000,41,3,38,0.41,0.0731707317073
mpnet,44,100,1000,in_bm25_top1000,68,60,8,0.68,0.882352941176
mpnet,44,100,1000,outside_bm25_top1000,32,20,12,0.32,0.625
mpnet,45,100,1000,in_bm25_top1000,65,53,12,0.65,0.815384615385
mpnet,45,100,1000,outside_bm25_top1000,35,19,16,0.35,0.542857142857
mpnet,46,100,1000,in_bm25_top1000,40,36,4,0.4,0.9
mpnet,46,100,1000,outside_bm25_top1000,60,11,49,0.6,0.183333333333
mpnet,47,100,1000,in_bm25_top1000,20,18,2,0.2,0.9
mpnet,47,100,1000,outside_bm25_top1000,80,21,59,0.8,0.2625
mpnet,48,100,1000,in_bm25_top1000,84,71,13,0.84,0.845238095238
mpnet,48,100,1000,outside_bm25_top1000,16,7,9,0.16,0.4375
mpnet,49,100,1000,in_bm25_top1000,20,20,0,0.2,1
mpnet,49,100,1000,outside_bm25_top1000,80,27,53,0.8,0.3375
mpnet,50,100,1000,in_bm25_top1000,65,60,5,0.65,0.923076923077
mpnet,50,100,1000,outside_bm25_top1000,35,6,29,0.35,0.171428571429
mpnet,1,1000,1000,in_bm25_top1000,82,59,23,0.082,0.719512195122
mpnet,1,1000,1000,outside_bm25_top1000,918,69,849,0.918,0.0751633986928
mpnet,2,1000,1000,in_bm25_top1000,56,45,11,0.056,0.803571428571
mpnet,2,1000,1000,outside_bm25_top1000,944,113,831,0.944,0.119703389831
mpnet,3,1000,1000,in_bm25_top1000,121,85,36,0.121,0.702479338843
mpnet,3,1000,1000,outside_bm25_top1000,879,79,800,0.879,0.0898748577929
mpnet,4,1000,1000,in_bm25_top1000,126,76,50,0.126,0.603174603175
mpnet,4,1000,1000,outside_bm25_top1000,874,94,780,0.874,0.107551487414
mpnet,5,1000,1000,in_bm25_top1000,231,138,93,0.231,0.597402597403
mpnet,5,1000,1000,outside_bm25_top1000,769,102,667,0.769,0.132639791938
mpnet,6,1000,1000,in_bm25_top1000,217,153,64,0.217,0.705069124424
mpnet,6,1000,1000,outside_bm25_top1000,783,149,634,0.783,0.190293742018
mpnet,7,1000,1000,in_bm25_top1000,394,307,87,0.394,0.779187817259
mpnet,7,1000,1000,outside_bm25_top1000,606,127,479,0.606,0.209570957096
mpnet,8,1000,1000,in_bm25_top1000,100,62,38,0.1,0.62
mpnet,8,1000,1000,outside_bm25_top1000,900,120,780,0.9,0.133333333333
mpnet,9,1000,1000,in_bm25_top1000,119,93,26,0.119,0.781512605042
mpnet,9,1000,1000,outside_bm25_top1000,881,42,839,0.881,0.0476730987514
mpnet,10,1000,1000,in_bm25_top1000,476,311,165,0.476,0.653361344538
mpnet,10,1000,1000,outside_bm25_top1000,524,96,428,0.524,0.18320610687
mpnet,11,1000,1000,in_bm25_top1000,182,99,83,0.182,0.543956043956
mpnet,11,1000,1000,outside_bm25_top1000,818,55,763,0.818,0.0672371638142
mpnet,12,1000,1000,in_bm25_top1000,90,49,41,0.09,0.544444444444
mpnet,12,1000,1000,outside_bm25_top1000,910,93,817,0.91,0.102197802198
mpnet,13,1000,1000,in_bm25_top1000,117,75,42,0.117,0.641025641026
mpnet,13,1000,1000,outside_bm25_top1000,883,126,757,0.883,0.142695356738
mpnet,14,1000,1000,in_bm25_top1000,44,40,4,0.044,0.909090909091
mpnet,14,1000,1000,outside_bm25_top1000,956,54,902,0.956,0.0564853556485
mpnet,15,1000,1000,in_bm25_top1000,38,15,23,0.038,0.394736842105
mpnet,15,1000,1000,outside_bm25_top1000,962,101,861,0.962,0.10498960499
mpnet,16,1000,1000,in_bm25_top1000,97,85,12,0.097,0.876288659794
mpnet,16,1000,1000,outside_bm25_top1000,903,163,740,0.903,0.180509413068
mpnet,17,1000,1000,in_bm25_top1000,249,176,73,0.249,0.706827309237
mpnet,17,1000,1000,outside_bm25_top1000,751,58,693,0.751,0.0772303595206
mpnet,18,1000,1000,in_bm25_top1000,489,323,166,0.489,0.660531697342
mpnet,18,1000,1000,outside_bm25_top1000,511,97,414,0.511,0.189823874755
mpnet,19,1000,1000,in_bm25_top1000,158,121,37,0.158,0.76582278481
mpnet,19,1000,1000,outside_bm25_top1000,842,109,733,0.842,0.12945368171
mpnet,20,1000,1000,in_bm25_top1000,516,334,182,0.516,0.647286821705
mpnet,20,1000,1000,outside_bm25_top1000,484,78,406,0.484,0.161157024793
mpnet,21,1000,1000,in_bm25_top1000,151,118,33,0.151,0.781456953642
mpnet,21,1000,1000,outside_bm25_top1000,849,157,692,0.849,0.18492343934
mpnet,22,1000,1000,in_bm25_top1000,369,201,168,0.369,0.544715447154
mpnet,22,1000,1000,outside_bm25_top1000,631,136,495,0.631,0.215530903328
mpnet,23,1000,1000,in_bm25_top1000,282,202,80,0.282,0.716312056738
mpnet,23,1000,1000,outside_bm25_top1000,718,114,604,0.718,0.158774373259
mpnet,24,1000,1000,in_bm25_top1000,438,265,173,0.438,0.60502283105
mpnet,24,1000,1000,outside_bm25_top1000,562,86,476,0.562,0.153024911032
mpnet,25,1000,1000,in_bm25_top1000,152,90,62,0.152,0.592105263158
mpnet,25,1000,1000,outside_bm25_top1000,848,187,661,0.848,0.220518867925
mpnet,26,1000,1000,in_bm25_top1000,135,70,65,0.135,0.518518518519
mpnet,26,1000,1000,outside_bm25_top1000,865,132,733,0.865,0.152601156069
mpnet,27,1000,1000,in_bm25_top1000,139,102,37,0.139,0.73381294964
mpnet,27,1000,1000,outside_bm25_top1000,861,23,838,0.861,0.0267131242741
mpnet,28,1000,1000,in_bm25_top1000,643,368,275,0.643,0.57231726283
mpnet,28,1000,1000,outside_bm25_top1000,357,92,265,0.357,0.257703081232
mpnet,29,1000,1000,in_bm25_top1000,314,203,111,0.314,0.646496815287
mpnet,29,1000,1000,outside_bm25_top1000,686,103,583,0.686,0.150145772595
mpnet,30,1000,1000,in_bm25_top1000,348,214,134,0.348,0.614942528736
mpnet,30,1000,1000,outside_bm25_top1000,652,51,601,0.652,0.0782208588957
mpnet,31,1000,1000,in_bm25_top1000,97,72,25,0.097,0.742268041237
mpnet,31,1000,1000,outside_bm25_top1000,903,73,830,0.903,0.0808416389812
mpnet,32,1000,1000,in_bm25_top1000,79,25,54,0.079,0.316455696203
mpnet,32,1000,1000,outside_bm25_top1000,921,68,853,0.921,0.0738327904452
mpnet,33,1000,1000,in_bm25_top1000,122,104,18,0.122,0.852459016393
mpnet,33,1000,1000,outside_bm25_top1000,878,114,764,0.878,0.129840546697
mpnet,34,1000,1000,in_bm25_top1000,43,28,15,0.043,0.651162790698
mpnet,34,1000,1000,outside_bm25_top1000,957,72,885,0.957,0.0752351097179
mpnet,35,1000,1000,in_bm25_top1000,58,40,18,0.058,0.689655172414
mpnet,35,1000,1000,outside_bm25_top1000,942,70,872,0.942,0.0743099787686
mpnet,36,1000,1000,in_bm25_top1000,564,382,182,0.564,0.677304964539
mpnet,36,1000,1000,outside_bm25_top1000,436,63,373,0.436,0.144495412844
mpnet,37,1000,1000,in_bm25_top1000,552,417,135,0.552,0.755434782609
mpnet,37,1000,1000,outside_bm25_top1000,448,117,331,0.448,0.261160714286
mpnet,38,1000,1000,in_bm25_top1000,171,152,19,0.171,0.888888888889
mpnet,38,1000,1000,outside_bm25_top1000,829,261,568,0.829,0.314837153197
mpnet,39,1000,1000,in_bm25_top1000,451,358,93,0.451,0.793791574279
mpnet,39,1000,1000,outside_bm25_top1000,549,53,496,0.549,0.0965391621129
mpnet,40,1000,1000,in_bm25_top1000,390,331,59,0.39,0.848717948718
mpnet,40,1000,1000,outside_bm25_top1000,610,106,504,0.61,0.173770491803
mpnet,41,1000,1000,in_bm25_top1000,162,133,29,0.162,0.820987654321
mpnet,41,1000,1000,outside_bm25_top1000,838,213,625,0.838,0.254176610979
mpnet,42,1000,1000,in_bm25_top1000,290,245,45,0.29,0.844827586207
mpnet,42,1000,1000,outside_bm25_top1000,710,39,671,0.71,0.0549295774648
mpnet,43,1000,1000,in_bm25_top1000,127,117,10,0.127,0.92125984252
mpnet,43,1000,1000,outside_bm25_top1000,873,44,829,0.873,0.0504009163803
mpnet,44,1000,1000,in_bm25_top1000,383,304,79,0.383,0.793733681462
mpnet,44,1000,1000,outside_bm25_top1000,617,150,467,0.617,0.243111831442
mpnet,45,1000,1000,in_bm25_top1000,473,328,145,0.473,0.693446088795
mpnet,45,1000,1000,outside_bm25_top1000,527,99,428,0.527,0.187855787476
mpnet,46,1000,1000,in_bm25_top1000,159,76,83,0.159,0.477987421384
mpnet,46,1000,1000,outside_bm25_top1000,841,53,788,0.841,0.0630202140309
mpnet,47,1000,1000,in_bm25_top1000,236,168,68,0.236,0.71186440678
mpnet,47,1000,1000,outside_bm25_top1000,764,137,627,0.764,0.179319371728
mpnet,48,1000,1000,in_bm25_top1000,208,141,67,0.208,0.677884615385
mpnet,48,1000,1000,outside_bm25_top1000,792,65,727,0.792,0.0820707070707
mpnet,49,1000,1000,in_bm25_top1000,118,101,17,0.118,0.85593220339
mpnet,49,1000,1000,outside_bm25_top1000,882,147,735,0.882,0.166666666667
mpnet,50,1000,1000,in_bm25_top1000,359,194,165,0.359,0.540389972145
mpnet,50,1000,1000,outside_bm25_top1000,641,80,561,0.641,0.1248049922
direct,1,20,1000,in_bm25_top1000,20,17,3,1,0.85
direct,1,20,1000,outside_bm25_top1000,0,0,0,0,
direct,2,20,1000,in_bm25_top1000,20,19,1,1,0.95
direct,2,20,1000,outside_bm25_top1000,0,0,0,0,
direct,3,20,1000,in_bm25_top1000,20,19,1,1,0.95
direct,3,20,1000,outside_bm25_top1000,0,0,0,0,
direct,4,20,1000,in_bm25_top1000,20,17,3,1,0.85
direct,4,20,1000,outside_bm25_top1000,0,0,0,0,
direct,5,20,1000,in_bm25_top1000,20,16,4,1,0.8
direct,5,20,1000,outside_bm25_top1000,0,0,0,0,
direct,6,20,1000,in_bm25_top1000,20,20,0,1,1
direct,6,20,1000,outside_bm25_top1000,0,0,0,0,
direct,7,20,1000,in_bm25_top1000,20,20,0,1,1
direct,7,20,1000,outside_bm25_top1000,0,0,0,0,
direct,8,20,1000,in_bm25_top1000,20,16,4,1,0.8
direct,8,20,1000,outside_bm25_top1000,0,0,0,0,
direct,9,20,1000,in_bm25_top1000,20,20,0,1,1
direct,9,20,1000,outside_bm25_top1000,0,0,0,0,
direct,10,20,1000,in_bm25_top1000,20,20,0,1,1
direct,10,20,1000,outside_bm25_top1000,0,0,0,0,
direct,11,20,1000,in_bm25_top1000,20,19,1,1,0.95
direct,11,20,1000,outside_bm25_top1000,0,0,0,0,
direct,12,20,1000,in_bm25_top1000,20,18,2,1,0.9
direct,12,20,1000,outside_bm25_top1000,0,0,0,0,
direct,13,20,1000,in_bm25_top1000,20,18,2,1,0.9
direct,13,20,1000,outside_bm25_top1000,0,0,0,0,
direct,14,20,1000,in_bm25_top1000,20,20,0,1,1
direct,14,20,1000,outside_bm25_top1000,0,0,0,0,
direct,15,20,1000,in_bm25_top1000,19,13,6,0.95,0.684210526316
direct,15,20,1000,outside_bm25_top1000,1,1,0,0.05,1
direct,16,20,1000,in_bm25_top1000,20,19,1,1,0.95
direct,16,20,1000,outside_bm25_top1000,0,0,0,0,
direct,17,20,1000,in_bm25_top1000,20,18,2,1,0.9
direct,17,20,1000,outside_bm25_top1000,0,0,0,0,
direct,18,20,1000,in_bm25_top1000,20,20,0,1,1
direct,18,20,1000,outside_bm25_top1000,0,0,0,0,
direct,19,20,1000,in_bm25_top1000,20,20,0,1,1
direct,19,20,1000,outside_bm25_top1000,0,0,0,0,
direct,20,20,1000,in_bm25_top1000,20,19,1,1,0.95
direct,20,20,1000,outside_bm25_top1000,0,0,0,0,
direct,21,20,1000,in_bm25_top1000,19,18,1,0.95,0.947368421053
direct,21,20,1000,outside_bm25_top1000,1,0,1,0.05,0
direct,22,20,1000,in_bm25_top1000,20,17,3,1,0.85
direct,22,20,1000,outside_bm25_top1000,0,0,0,0,
direct,23,20,1000,in_bm25_top1000,20,20,0,1,1
direct,23,20,1000,outside_bm25_top1000,0,0,0,0,
direct,24,20,1000,in_bm25_top1000,20,20,0,1,1
direct,24,20,1000,outside_bm25_top1000,0,0,0,0,
direct,25,20,1000,in_bm25_top1000,20,17,3,1,0.85
direct,25,20,1000,outside_bm25_top1000,0,0,0,0,
direct,26,20,1000,in_bm25_top1000,20,18,2,1,0.9
direct,26,20,1000,outside_bm25_top1000,0,0,0,0,
direct,27,20,1000,in_bm25_top1000,20,20,0,1,1
direct,27,20,1000,outside_bm25_top1000,0,0,0,0,
direct,28,20,1000,in_bm25_top1000,20,17,3,1,0.85
direct,28,20,1000,outside_bm25_top1000,0,0,0,0,
direct,29,20,1000,in_bm25_top1000,20,19,1,1,0.95
direct,29,20,1000,outside_bm25_top1000,0,0,0,0,
direct,30,20,1000,in_bm25_top1000,20,20,0,1,1
direct,30,20,1000,outside_bm25_top1000,0,0,0,0,
direct,31,20,1000,in_bm25_top1000,20,19,1,1,0.95
direct,31,20,1000,outside_bm25_top1000,0,0,0,0,
direct,32,20,1000,in_bm25_top1000,18,16,2,0.9,0.888888888889
direct,32,20,1000,outside_bm25_top1000,2,0,2,0.1,0
direct,33,20,1000,in_bm25_top1000,20,20,0,1,1
direct,33,20,1000,outside_bm25_top1000,0,0,0,0,
direct,34,20,1000,in_bm25_top1000,20,18,2,1,0.9
direct,34,20,1000,outside_bm25_top1000,0,0,0,0,
direct,35,20,1000,in_bm25_top1000,20,20,0,1,1
direct,35,20,1000,outside_bm25_top1000,0,0,0,0,
direct,36,20,1000,in_bm25_top1000,20,20,0,1,1
direct,36,20,1000,outside_bm25_top1000,0,0,0,0,
direct,37,20,1000,in_bm25_top1000,20,20,0,1,1
direct,37,20,1000,outside_bm25_top1000,0,0,0,0,
direct,38,20,1000,in_bm25_top1000,20,19,1,1,0.95
direct,38,20,1000,outside_bm25_top1000,0,0,0,0,
direct,39,20,1000,in_bm25_top1000,20,20,0,1,1
direct,39,20,1000,outside_bm25_top1000,0,0,0,0,
direct,40,20,1000,in_bm25_top1000,20,20,0,1,1
direct,40,20,1000,outside_bm25_top1000,0,0,0,0,
direct,41,20,1000,in_bm25_top1000,20,20,0,1,1
direct,41,20,1000,outside_bm25_top1000,0,0,0,0,
direct,42,20,1000,in_bm25_top1000,20,20,0,1,1
direct,42,20,1000,outside_bm25_top1000,0,0,0,0,
direct,43,20,1000,in_bm25_top1000,20,20,0,1,1
direct,43,20,1000,outside_bm25_top1000,0,0,0,0,
direct,44,20,1000,in_bm25_top1000,20,20,0,1,1
direct,44,20,1000,outside_bm25_top1000,0,0,0,0,
direct,45,20,1000,in_bm25_top1000,20,19,1,1,0.95
direct,45,20,1000,outside_bm25_top1000,0,0,0,0,
direct,46,20,1000,in_bm25_top1000,20,20,0,1,1
direct,46,20,1000,outside_bm25_top1000,0,0,0,0,
direct,47,20,1000,in_bm25_top1000,20,20,0,1,1
direct,47,20,1000,outside_bm25_top1000,0,0,0,0,
direct,48,20,1000,in_bm25_top1000,20,20,0,1,1
direct,48,20,1000,outside_bm25_top1000,0,0,0,0,
direct,49,20,1000,in_bm25_top1000,20,20,0,1,1
direct,49,20,1000,outside_bm25_top1000,0,0,0,0,
direct,50,20,1000,in_bm25_top1000,20,20,0,1,1
direct,50,20,1000,outside_bm25_top1000,0,0,0,0,
direct,1,50,1000,in_bm25_top1000,50,41,9,1,0.82
direct,1,50,1000,outside_bm25_top1000,0,0,0,0,
direct,2,50,1000,in_bm25_top1000,50,47,3,1,0.94
direct,2,50,1000,outside_bm25_top1000,0,0,0,0,
direct,3,50,1000,in_bm25_top1000,50,46,4,1,0.92
direct,3,50,1000,outside_bm25_top1000,0,0,0,0,
direct,4,50,1000,in_bm25_top1000,48,41,7,0.96,0.854166666667
direct,4,50,1000,outside_bm25_top1000,2,2,0,0.04,1
direct,5,50,1000,in_bm25_top1000,50,42,8,1,0.84
direct,5,50,1000,outside_bm25_top1000,0,0,0,0,
direct,6,50,1000,in_bm25_top1000,50,47,3,1,0.94
direct,6,50,1000,outside_bm25_top1000,0,0,0,0,
direct,7,50,1000,in_bm25_top1000,50,47,3,1,0.94
direct,7,50,1000,outside_bm25_top1000,0,0,0,0,
direct,8,50,1000,in_bm25_top1000,50,38,12,1,0.76
direct,8,50,1000,outside_bm25_top1000,0,0,0,0,
direct,9,50,1000,in_bm25_top1000,50,48,2,1,0.96
direct,9,50,1000,outside_bm25_top1000,0,0,0,0,
direct,10,50,1000,in_bm25_top1000,50,49,1,1,0.98
direct,10,50,1000,outside_bm25_top1000,0,0,0,0,
direct,11,50,1000,in_bm25_top1000,50,42,8,1,0.84
direct,11,50,1000,outside_bm25_top1000,0,0,0,0,
direct,12,50,1000,in_bm25_top1000,50,43,7,1,0.86
direct,12,50,1000,outside_bm25_top1000,0,0,0,0,
direct,13,50,1000,in_bm25_top1000,50,48,2,1,0.96
direct,13,50,1000,outside_bm25_top1000,0,0,0,0,
direct,14,50,1000,in_bm25_top1000,50,50,0,1,1
direct,14,50,1000,outside_bm25_top1000,0,0,0,0,
direct,15,50,1000,in_bm25_top1000,49,23,26,0.98,0.469387755102
direct,15,50,1000,outside_bm25_top1000,1,1,0,0.02,1
direct,16,50,1000,in_bm25_top1000,48,47,1,0.96,0.979166666667
direct,16,50,1000,outside_bm25_top1000,2,2,0,0.04,1
direct,17,50,1000,in_bm25_top1000,50,45,5,1,0.9
direct,17,50,1000,outside_bm25_top1000,0,0,0,0,
direct,18,50,1000,in_bm25_top1000,50,50,0,1,1
direct,18,50,1000,outside_bm25_top1000,0,0,0,0,
direct,19,50,1000,in_bm25_top1000,50,48,2,1,0.96
direct,19,50,1000,outside_bm25_top1000,0,0,0,0,
direct,20,50,1000,in_bm25_top1000,50,48,2,1,0.96
direct,20,50,1000,outside_bm25_top1000,0,0,0,0,
direct,21,50,1000,in_bm25_top1000,48,43,5,0.96,0.895833333333
direct,21,50,1000,outside_bm25_top1000,2,0,2,0.04,0
direct,22,50,1000,in_bm25_top1000,50,44,6,1,0.88
direct,22,50,1000,outside_bm25_top1000,0,0,0,0,
direct,23,50,1000,in_bm25_top1000,50,48,2,1,0.96
direct,23,50,1000,outside_bm25_top1000,0,0,0,0,
direct,24,50,1000,in_bm25_top1000,50,49,1,1,0.98
direct,24,50,1000,outside_bm25_top1000,0,0,0,0,
direct,25,50,1000,in_bm25_top1000,50,35,15,1,0.7
direct,25,50,1000,outside_bm25_top1000,0,0,0,0,
direct,26,50,1000,in_bm25_top1000,50,38,12,1,0.76
direct,26,50,1000,outside_bm25_top1000,0,0,0,0,
direct,27,50,1000,in_bm25_top1000,50,48,2,1,0.96
direct,27,50,1000,outside_bm25_top1000,0,0,0,0,
direct,28,50,1000,in_bm25_top1000,50,45,5,1,0.9
direct,28,50,1000,outside_bm25_top1000,0,0,0,0,
direct,29,50,1000,in_bm25_top1000,50,48,2,1,0.96
direct,29,50,1000,outside_bm25_top1000,0,0,0,0,
direct,30,50,1000,in_bm25_top1000,50,49,1,1,0.98
direct,30,50,1000,outside_bm25_top1000,0,0,0,0,
direct,31,50,1000,in_bm25_top1000,50,49,1,1,0.98
direct,31,50,1000,outside_bm25_top1000,0,0,0,0,
direct,32,50,1000,in_bm25_top1000,30,27,3,0.6,0.9
direct,32,50,1000,outside_bm25_top1000,20,3,17,0.4,0.15
direct,33,50,1000,in_bm25_top1000,50,50,0,1,1
direct,33,50,1000,outside_bm25_top1000,0,0,0,0,
direct,34,50,1000,in_bm25_top1000,50,39,11,1,0.78
direct,34,50,1000,outside_bm25_top1000,0,0,0,0,
direct,35,50,1000,in_bm25_top1000,50,48,2,1,0.96
direct,35,50,1000,outside_bm25_top1000,0,0,0,0,
direct,36,50,1000,in_bm25_top1000,50,49,1,1,0.98
direct,36,50,1000,outside_bm25_top1000,0,0,0,0,
direct,37,50,1000,in_bm25_top1000,50,50,0,1,1
direct,37,50,1000,outside_bm25_top1000,0,0,0,0,
direct,38,50,1000,in_bm25_top1000,50,49,1,1,0.98
direct,38,50,1000,outside_bm25_top1000,0,0,0,0,
direct,39,50,1000,in_bm25_top1000,50,50,0,1,1
direct,39,50,1000,outside_bm25_top1000,0,0,0,0,
direct,40,50,1000,in_bm25_top1000,50,50,0,1,1
direct,40,50,1000,outside_bm25_top1000,0,0,0,0,
direct,41,50,1000,in_bm25_top1000,50,50,0,1,1
direct,41,50,1000,outside_bm25_top1000,0,0,0,0,
direct,42,50,1000,in_bm25_top1000,50,50,0,1,1
direct,42,50,1000,outside_bm25_top1000,0,0,0,0,
direct,43,50,1000,in_bm25_top1000,50,50,0,1,1
direct,43,50,1000,outside_bm25_top1000,0,0,0,0,
direct,44,50,1000,in_bm25_top1000,50,50,0,1,1
direct,44,50,1000,outside_bm25_top1000,0,0,0,0,
direct,45,50,1000,in_bm25_top1000,50,48,2,1,0.96
direct,45,50,1000,outside_bm25_top1000,0,0,0,0,
direct,46,50,1000,in_bm25_top1000,50,49,1,1,0.98
direct,46,50,1000,outside_bm25_top1000,0,0,0,0,
direct,47,50,1000,in_bm25_top1000,49,47,2,0.98,0.959183673469
direct,47,50,1000,outside_bm25_top1000,1,0,1,0.02,0
direct,48,50,1000,in_bm25_top1000,50,46,4,1,0.92
direct,48,50,1000,outside_bm25_top1000,0,0,0,0,
direct,49,50,1000,in_bm25_top1000,50,49,1,1,0.98
direct,49,50,1000,outside_bm25_top1000,0,0,0,0,
direct,50,50,1000,in_bm25_top1000,50,46,4,1,0.92
direct,50,50,1000,outside_bm25_top1000,0,0,0,0,
direct,1,100,1000,in_bm25_top1000,100,73,27,1,0.73
direct,1,100,1000,outside_bm25_top1000,0,0,0,0,
direct,2,100,1000,in_bm25_top1000,99,88,11,0.99,0.888888888889
direct,2,100,1000,outside_bm25_top1000,1,0,1,0.01,0
direct,3,100,1000,in_bm25_top1000,100,82,18,1,0.82
direct,3,100,1000,outside_bm25_top1000,0,0,0,0,
direct,4,100,1000,in_bm25_top1000,97,69,28,0.97,0.711340206186
direct,4,100,1000,outside_bm25_top1000,3,3,0,0.03,1
direct,5,100,1000,in_bm25_top1000,98,71,27,0.98,0.724489795918
direct,5,100,1000,outside_bm25_top1000,2,1,1,0.02,0.5
direct,6,100,1000,in_bm25_top1000,100,80,20,1,0.8
direct,6,100,1000,outside_bm25_top1000,0,0,0,0,
direct,7,100,1000,in_bm25_top1000,100,94,6,1,0.94
direct,7,100,1000,outside_bm25_top1000,0,0,0,0,
direct,8,100,1000,in_bm25_top1000,99,68,31,0.99,0.686868686869
direct,8,100,1000,outside_bm25_top1000,1,1,0,0.01,1
direct,9,100,1000,in_bm25_top1000,100,86,14,1,0.86
direct,9,100,1000,outside_bm25_top1000,0,0,0,0,
direct,10,100,1000,in_bm25_top1000,100,93,7,1,0.93
direct,10,100,1000,outside_bm25_top1000,0,0,0,0,
direct,11,100,1000,in_bm25_top1000,100,79,21,1,0.79
direct,11,100,1000,outside_bm25_top1000,0,0,0,0,
direct,12,100,1000,in_bm25_top1000,100,77,23,1,0.77
direct,12,100,1000,outside_bm25_top1000,0,0,0,0,
direct,13,100,1000,in_bm25_top1000,100,82,18,1,0.82
direct,13,100,1000,outside_bm25_top1000,0,0,0,0,
direct,14,100,1000,in_bm25_top1000,92,90,2,0.92,0.978260869565
direct,14,100,1000,outside_bm25_top1000,8,2,6,0.08,0.25
direct,15,100,1000,in_bm25_top1000,93,48,45,0.93,0.516129032258
direct,15,100,1000,outside_bm25_top1000,7,3,4,0.07,0.428571428571
direct,16,100,1000,in_bm25_top1000,87,79,8,0.87,0.908045977011
direct,16,100,1000,outside_bm25_top1000,13,10,3,0.13,0.769230769231
direct,17,100,1000,in_bm25_top1000,100,81,19,1,0.81
direct,17,100,1000,outside_bm25_top1000,0,0,0,0,
direct,18,100,1000,in_bm25_top1000,100,95,5,1,0.95
direct,18,100,1000,outside_bm25_top1000,0,0,0,0,
direct,19,100,1000,in_bm25_top1000,98,91,7,0.98,0.928571428571
direct,19,100,1000,outside_bm25_top1000,2,2,0,0.02,1
direct,20,100,1000,in_bm25_top1000,100,90,10,1,0.9
direct,20,100,1000,outside_bm25_top1000,0,0,0,0,
direct,21,100,1000,in_bm25_top1000,98,87,11,0.98,0.887755102041
direct,21,100,1000,outside_bm25_top1000,2,0,2,0.02,0
direct,22,100,1000,in_bm25_top1000,100,84,16,1,0.84
direct,22,100,1000,outside_bm25_top1000,0,0,0,0,
direct,23,100,1000,in_bm25_top1000,100,89,11,1,0.89
direct,23,100,1000,outside_bm25_top1000,0,0,0,0,
direct,24,100,1000,in_bm25_top1000,100,95,5,1,0.95
direct,24,100,1000,outside_bm25_top1000,0,0,0,0,
direct,25,100,1000,in_bm25_top1000,100,66,34,1,0.66
direct,25,100,1000,outside_bm25_top1000,0,0,0,0,
direct,26,100,1000,in_bm25_top1000,100,65,35,1,0.65
direct,26,100,1000,outside_bm25_top1000,0,0,0,0,
direct,27,100,1000,in_bm25_top1000,100,87,13,1,0.87
direct,27,100,1000,outside_bm25_top1000,0,0,0,0,
direct,28,100,1000,in_bm25_top1000,100,88,12,1,0.88
direct,28,100,1000,outside_bm25_top1000,0,0,0,0,
direct,29,100,1000,in_bm25_top1000,100,95,5,1,0.95
direct,29,100,1000,outside_bm25_top1000,0,0,0,0,
direct,30,100,1000,in_bm25_top1000,100,86,14,1,0.86
direct,30,100,1000,outside_bm25_top1000,0,0,0,0,
direct,31,100,1000,in_bm25_top1000,99,91,8,0.99,0.919191919192
direct,31,100,1000,outside_bm25_top1000,1,1,0,0.01,1
direct,32,100,1000,in_bm25_top1000,46,37,9,0.46,0.804347826087
direct,32,100,1000,outside_bm25_top1000,54,5,49,0.54,0.0925925925926
direct,33,100,1000,in_bm25_top1000,99,95,4,0.99,0.959595959596
direct,33,100,1000,outside_bm25_top1000,1,1,0,0.01,1
direct,34,100,1000,in_bm25_top1000,95,63,32,0.95,0.663157894737
direct,34,100,1000,outside_bm25_top1000,5,4,1,0.05,0.8
direct,35,100,1000,in_bm25_top1000,100,86,14,1,0.86
direct,35,100,1000,outside_bm25_top1000,0,0,0,0,
direct,36,100,1000,in_bm25_top1000,100,96,4,1,0.96
direct,36,100,1000,outside_bm25_top1000,0,0,0,0,
direct,37,100,1000,in_bm25_top1000,100,99,1,1,0.99
direct,37,100,1000,outside_bm25_top1000,0,0,0,0,
direct,38,100,1000,in_bm25_top1000,98,94,4,0.98,0.959183673469
direct,38,100,1000,outside_bm25_top1000,2,1,1,0.02,0.5
direct,39,100,1000,in_bm25_top1000,100,99,1,1,0.99
direct,39,100,1000,outside_bm25_top1000,0,0,0,0,
direct,40,100,1000,in_bm25_top1000,100,99,1,1,0.99
direct,40,100,1000,outside_bm25_top1000,0,0,0,0,
direct,41,100,1000,in_bm25_top1000,98,94,4,0.98,0.959183673469
direct,41,100,1000,outside_bm25_top1000,2,2,0,0.02,1
direct,42,100,1000,in_bm25_top1000,100,100,0,1,1
direct,42,100,1000,outside_bm25_top1000,0,0,0,0,
direct,43,100,1000,in_bm25_top1000,100,97,3,1,0.97
direct,43,100,1000,outside_bm25_top1000,0,0,0,0,
direct,44,100,1000,in_bm25_top1000,99,99,0,0.99,1
direct,44,100,1000,outside_bm25_top1000,1,1,0,0.01,1
direct,45,100,1000,in_bm25_top1000,100,92,8,1,0.92
direct,45,100,1000,outside_bm25_top1000,0,0,0,0,
direct,46,100,1000,in_bm25_top1000,99,77,22,0.99,0.777777777778
direct,46,100,1000,outside_bm25_top1000,1,1,0,0.01,1
direct,47,100,1000,in_bm25_top1000,91,77,14,0.91,0.846153846154
direct,47,100,1000,outside_bm25_top1000,9,5,4,0.09,0.555555555556
direct,48,100,1000,in_bm25_top1000,100,88,12,1,0.88
direct,48,100,1000,outside_bm25_top1000,0,0,0,0,
direct,49,100,1000,in_bm25_top1000,95,93,2,0.95,0.978947368421
direct,49,100,1000,outside_bm25_top1000,5,4,1,0.05,0.8
direct,50,100,1000,in_bm25_top1000,100,87,13,1,0.87
direct,50,100,1000,outside_bm25_top1000,0,0,0,0,
direct,1,1000,1000,in_bm25_top1000,754,311,443,0.754,0.412466843501
direct,1,1000,1000,outside_bm25_top1000,246,30,216,0.246,0.121951219512
direct,2,1000,1000,in_bm25_top1000,449,179,270,0.449,0.398663697105
direct,2,1000,1000,outside_bm25_top1000,551,60,491,0.551,0.10889292196
direct,3,1000,1000,in_bm25_top1000,767,365,402,0.767,0.475880052151
direct,3,1000,1000,outside_bm25_top1000,233,55,178,0.233,0.236051502146
direct,4,1000,1000,in_bm25_top1000,797,278,519,0.797,0.348808030113
direct,4,1000,1000,outside_bm25_top1000,203,49,154,0.203,0.241379310345
direct,5,1000,1000,in_bm25_top1000,765,374,391,0.765,0.488888888889
direct,5,1000,1000,outside_bm25_top1000,235,51,184,0.235,0.217021276596
direct,6,1000,1000,in_bm25_top1000,657,339,318,0.657,0.51598173516
direct,6,1000,1000,outside_bm25_top1000,343,96,247,0.343,0.279883381924
direct,7,1000,1000,in_bm25_top1000,775,465,310,0.775,0.6
direct,7,1000,1000,outside_bm25_top1000,225,80,145,0.225,0.355555555556
direct,8,1000,1000,in_bm25_top1000,594,229,365,0.594,0.385521885522
direct,8,1000,1000,outside_bm25_top1000,406,94,312,0.406,0.231527093596
direct,9,1000,1000,in_bm25_top1000,752,272,480,0.752,0.36170212766
direct,9,1000,1000,outside_bm25_top1000,248,24,224,0.248,0.0967741935484
direct,10,1000,1000,in_bm25_top1000,791,403,388,0.791,0.509481668774
direct,10,1000,1000,outside_bm25_top1000,209,65,144,0.209,0.311004784689
direct,11,1000,1000,in_bm25_top1000,800,336,464,0.8,0.42
direct,11,1000,1000,outside_bm25_top1000,200,30,170,0.2,0.15
direct,12,1000,1000,in_bm25_top1000,729,295,434,0.729,0.404663923182
direct,12,1000,1000,outside_bm25_top1000,271,55,216,0.271,0.20295202952
direct,13,1000,1000,in_bm25_top1000,744,339,405,0.744,0.45564516129
direct,13,1000,1000,outside_bm25_top1000,256,71,185,0.256,0.27734375
direct,14,1000,1000,in_bm25_top1000,320,183,137,0.32,0.571875
direct,14,1000,1000,outside_bm25_top1000,680,43,637,0.68,0.0632352941176
direct,15,1000,1000,in_bm25_top1000,418,144,274,0.418,0.344497607656
direct,15,1000,1000,outside_bm25_top1000,582,65,517,0.582,0.111683848797
direct,16,1000,1000,in_bm25_top1000,586,250,336,0.586,0.42662116041
direct,16,1000,1000,outside_bm25_top1000,414,117,297,0.414,0.282608695652
direct,17,1000,1000,in_bm25_top1000,812,401,411,0.812,0.493842364532
direct,17,1000,1000,outside_bm25_top1000,188,42,146,0.188,0.223404255319
direct,18,1000,1000,in_bm25_top1000,819,435,384,0.819,0.531135531136
direct,18,1000,1000,outside_bm25_top1000,181,60,121,0.181,0.331491712707
direct,19,1000,1000,in_bm25_top1000,598,261,337,0.598,0.436454849498
direct,19,1000,1000,outside_bm25_top1000,402,66,336,0.402,0.164179104478
direct,20,1000,1000,in_bm25_top1000,840,475,365,0.84,0.565476190476
direct,20,1000,1000,outside_bm25_top1000,160,37,123,0.16,0.23125
direct,21,1000,1000,in_bm25_top1000,688,314,374,0.688,0.456395348837
direct,21,1000,1000,outside_bm25_top1000,312,119,193,0.312,0.38141025641
direct,22,1000,1000,in_bm25_top1000,785,292,493,0.785,0.371974522293
direct,22,1000,1000,outside_bm25_top1000,215,71,144,0.215,0.33023255814
direct,23,1000,1000,in_bm25_top1000,735,292,443,0.735,0.397278911565
direct,23,1000,1000,outside_bm25_top1000,265,72,193,0.265,0.271698113208
direct,24,1000,1000,in_bm25_top1000,709,326,383,0.709,0.459802538787
direct,24,1000,1000,outside_bm25_top1000,291,71,220,0.291,0.243986254296
direct,25,1000,1000,in_bm25_top1000,746,288,458,0.746,0.386058981233
direct,25,1000,1000,outside_bm25_top1000,254,115,139,0.254,0.452755905512
direct,26,1000,1000,in_bm25_top1000,776,313,463,0.776,0.403350515464
direct,26,1000,1000,outside_bm25_top1000,224,83,141,0.224,0.370535714286
direct,27,1000,1000,in_bm25_top1000,910,422,488,0.91,0.463736263736
direct,27,1000,1000,outside_bm25_top1000,90,7,83,0.09,0.0777777777778
direct,28,1000,1000,in_bm25_top1000,830,416,414,0.83,0.501204819277
direct,28,1000,1000,outside_bm25_top1000,170,65,105,0.17,0.382352941176
direct,29,1000,1000,in_bm25_top1000,809,434,375,0.809,0.536464771323
direct,29,1000,1000,outside_bm25_top1000,191,64,127,0.191,0.335078534031
direct,30,1000,1000,in_bm25_top1000,759,316,443,0.759,0.416337285903
direct,30,1000,1000,outside_bm25_top1000,241,36,205,0.241,0.149377593361
direct,31,1000,1000,in_bm25_top1000,744,376,368,0.744,0.505376344086
direct,31,1000,1000,outside_bm25_top1000,256,35,221,0.256,0.13671875
direct,32,1000,1000,in_bm25_top1000,426,135,291,0.426,0.316901408451
direct,32,1000,1000,outside_bm25_top1000,574,51,523,0.574,0.088850174216
direct,33,1000,1000,in_bm25_top1000,685,379,306,0.685,0.553284671533
direct,33,1000,1000,outside_bm25_top1000,315,70,245,0.315,0.222222222222
direct,34,1000,1000,in_bm25_top1000,583,219,364,0.583,0.3756432247
direct,34,1000,1000,outside_bm25_top1000,417,55,362,0.417,0.131894484412
direct,35,1000,1000,in_bm25_top1000,751,315,436,0.751,0.419440745672
direct,35,1000,1000,outside_bm25_top1000,249,43,206,0.249,0.172690763052
direct,36,1000,1000,in_bm25_top1000,861,528,333,0.861,0.613240418118
direct,36,1000,1000,outside_bm25_top1000,139,37,102,0.139,0.26618705036
direct,37,1000,1000,in_bm25_top1000,840,539,301,0.84,0.641666666667
direct,37,1000,1000,outside_bm25_top1000,160,67,93,0.16,0.41875
direct,38,1000,1000,in_bm25_top1000,691,448,243,0.691,0.648335745297
direct,38,1000,1000,outside_bm25_top1000,309,176,133,0.309,0.569579288026
direct,39,1000,1000,in_bm25_top1000,889,603,286,0.889,0.678290213723
direct,39,1000,1000,outside_bm25_top1000,111,27,84,0.111,0.243243243243
direct,40,1000,1000,in_bm25_top1000,717,497,220,0.717,0.693165969317
direct,40,1000,1000,outside_bm25_top1000,283,80,203,0.283,0.282685512367
direct,41,1000,1000,in_bm25_top1000,642,274,368,0.642,0.426791277259
direct,41,1000,1000,outside_bm25_top1000,358,157,201,0.358,0.438547486034
direct,42,1000,1000,in_bm25_top1000,766,329,437,0.766,0.429503916449
direct,42,1000,1000,outside_bm25_top1000,234,27,207,0.234,0.115384615385
direct,43,1000,1000,in_bm25_top1000,453,261,192,0.453,0.576158940397
direct,43,1000,1000,outside_bm25_top1000,547,37,510,0.547,0.0676416819013
direct,44,1000,1000,in_bm25_top1000,710,415,295,0.71,0.584507042254
direct,44,1000,1000,outside_bm25_top1000,290,119,171,0.29,0.410344827586
direct,45,1000,1000,in_bm25_top1000,795,498,297,0.795,0.62641509434
direct,45,1000,1000,outside_bm25_top1000,205,49,156,0.205,0.239024390244
direct,46,1000,1000,in_bm25_top1000,687,203,484,0.687,0.295487627365
direct,46,1000,1000,outside_bm25_top1000,313,36,277,0.313,0.115015974441
direct,47,1000,1000,in_bm25_top1000,622,309,313,0.622,0.496784565916
direct,47,1000,1000,outside_bm25_top1000,378,110,268,0.378,0.291005291005
direct,48,1000,1000,in_bm25_top1000,781,264,517,0.781,0.338028169014
direct,48,1000,1000,outside_bm25_top1000,219,43,176,0.219,0.196347031963
direct,49,1000,1000,in_bm25_top1000,676,289,387,0.676,0.427514792899
direct,49,1000,1000,outside_bm25_top1000,324,111,213,0.324,0.342592592593
direct,50,1000,1000,in_bm25_top1000,765,322,443,0.765,0.42091503268
direct,50,1000,1000,outside_bm25_top1000,235,45,190,0.235,0.191489361702
direct_minmax,1,20,1000,in_bm25_top1000,20,17,3,1,0.85
direct_minmax,1,20,1000,outside_bm25_top1000,0,0,0,0,
direct_minmax,2,20,1000,in_bm25_top1000,20,19,1,1,0.95
direct_minmax,2,20,1000,outside_bm25_top1000,0,0,0,0,
direct_minmax,3,20,1000,in_bm25_top1000,20,19,1,1,0.95
direct_minmax,3,20,1000,outside_bm25_top1000,0,0,0,0,
direct_minmax,4,20,1000,in_bm25_top1000,20,17,3,1,0.85
direct_minmax,4,20,1000,outside_bm25_top1000,0,0,0,0,
direct_minmax,5,20,1000,in_bm25_top1000,20,15,5,1,0.75
direct_minmax,5,20,1000,outside_bm25_top1000,0,0,0,0,
direct_minmax,6,20,1000,in_bm25_top1000,20,20,0,1,1
direct_minmax,6,20,1000,outside_bm25_top1000,0,0,0,0,
direct_minmax,7,20,1000,in_bm25_top1000,20,20,0,1,1
direct_minmax,7,20,1000,outside_bm25_top1000,0,0,0,0,
direct_minmax,8,20,1000,in_bm25_top1000,20,16,4,1,0.8
direct_minmax,8,20,1000,outside_bm25_top1000,0,0,0,0,
direct_minmax,9,20,1000,in_bm25_top1000,20,20,0,1,1
direct_minmax,9,20,1000,outside_bm25_top1000,0,0,0,0,
direct_minmax,10,20,1000,in_bm25_top1000,20,20,0,1,1
direct_minmax,10,20,1000,outside_bm25_top1000,0,0,0,0,
direct_minmax,11,20,1000,in_bm25_top1000,20,19,1,1,0.95
direct_minmax,11,20,1000,outside_bm25_top1000,0,0,0,0,
direct_minmax,12,20,1000,in_bm25_top1000,20,18,2,1,0.9
direct_minmax,12,20,1000,outside_bm25_top1000,0,0,0,0,
direct_minmax,13,20,1000,in_bm25_top1000,20,18,2,1,0.9
direct_minmax,13,20,1000,outside_bm25_top1000,0,0,0,0,
direct_minmax,14,20,1000,in_bm25_top1000,20,20,0,1,1
direct_minmax,14,20,1000,outside_bm25_top1000,0,0,0,0,
direct_minmax,15,20,1000,in_bm25_top1000,19,14,5,0.95,0.736842105263
direct_minmax,15,20,1000,outside_bm25_top1000,1,1,0,0.05,1
direct_minmax,16,20,1000,in_bm25_top1000,20,19,1,1,0.95
direct_minmax,16,20,1000,outside_bm25_top1000,0,0,0,0,
direct_minmax,17,20,1000,in_bm25_top1000,20,17,3,1,0.85
direct_minmax,17,20,1000,outside_bm25_top1000,0,0,0,0,
direct_minmax,18,20,1000,in_bm25_top1000,20,20,0,1,1
direct_minmax,18,20,1000,outside_bm25_top1000,0,0,0,0,
direct_minmax,19,20,1000,in_bm25_top1000,20,20,0,1,1
direct_minmax,19,20,1000,outside_bm25_top1000,0,0,0,0,
direct_minmax,20,20,1000,in_bm25_top1000,20,19,1,1,0.95
direct_minmax,20,20,1000,outside_bm25_top1000,0,0,0,0,
direct_minmax,21,20,1000,in_bm25_top1000,18,17,1,0.9,0.944444444444
direct_minmax,21,20,1000,outside_bm25_top1000,2,0,2,0.1,0
direct_minmax,22,20,1000,in_bm25_top1000,20,17,3,1,0.85
direct_minmax,22,20,1000,outside_bm25_top1000,0,0,0,0,
direct_minmax,23,20,1000,in_bm25_top1000,20,20,0,1,1
direct_minmax,23,20,1000,outside_bm25_top1000,0,0,0,0,
direct_minmax,24,20,1000,in_bm25_top1000,20,20,0,1,1
direct_minmax,24,20,1000,outside_bm25_top1000,0,0,0,0,
direct_minmax,25,20,1000,in_bm25_top1000,20,16,4,1,0.8
direct_minmax,25,20,1000,outside_bm25_top1000,0,0,0,0,
direct_minmax,26,20,1000,in_bm25_top1000,20,18,2,1,0.9
direct_minmax,26,20,1000,outside_bm25_top1000,0,0,0,0,
direct_minmax,27,20,1000,in_bm25_top1000,20,20,0,1,1
direct_minmax,27,20,1000,outside_bm25_top1000,0,0,0,0,
direct_minmax,28,20,1000,in_bm25_top1000,20,18,2,1,0.9
direct_minmax,28,20,1000,outside_bm25_top1000,0,0,0,0,
direct_minmax,29,20,1000,in_bm25_top1000,20,19,1,1,0.95
direct_minmax,29,20,1000,outside_bm25_top1000,0,0,0,0,
direct_minmax,30,20,1000,in_bm25_top1000,20,20,0,1,1
direct_minmax,30,20,1000,outside_bm25_top1000,0,0,0,0,
direct_minmax,31,20,1000,in_bm25_top1000,20,19,1,1,0.95
direct_minmax,31,20,1000,outside_bm25_top1000,0,0,0,0,
direct_minmax,32,20,1000,in_bm25_top1000,18,16,2,0.9,0.888888888889
direct_minmax,32,20,1000,outside_bm25_top1000,2,0,2,0.1,0
direct_minmax,33,20,1000,in_bm25_top1000,20,20,0,1,1
direct_minmax,33,20,1000,outside_bm25_top1000,0,0,0,0,
direct_minmax,34,20,1000,in_bm25_top1000,20,18,2,1,0.9
direct_minmax,34,20,1000,outside_bm25_top1000,0,0,0,0,
direct_minmax,35,20,1000,in_bm25_top1000,20,20,0,1,1
direct_minmax,35,20,1000,outside_bm25_top1000,0,0,0,0,
direct_minmax,36,20,1000,in_bm25_top1000,20,20,0,1,1
direct_minmax,36,20,1000,outside_bm25_top1000,0,0,0,0,
direct_minmax,37,20,1000,in_bm25_top1000,20,20,0,1,1
direct_minmax,37,20,1000,outside_bm25_top1000,0,0,0,0,
direct_minmax,38,20,1000,in_bm25_top1000,20,19,1,1,0.95
direct_minmax,38,20,1000,outside_bm25_top1000,0,0,0,0,
direct_minmax,39,20,1000,in_bm25_top1000,20,20,0,1,1
direct_minmax,39,20,1000,outside_bm25_top1000,0,0,0,0,
direct_minmax,40,20,1000,in_bm25_top1000,20,20,0,1,1
direct_minmax,40,20,1000,outside_bm25_top1000,0,0,0,0,
direct_minmax,41,20,1000,in_bm25_top1000,20,20,0,1,1
direct_minmax,41,20,1000,outside_bm25_top1000,0,0,0,0,
direct_minmax,42,20,1000,in_bm25_top1000,20,20,0,1,1
direct_minmax,42,20,1000,outside_bm25_top1000,0,0,0,0,
direct_minmax,43,20,1000,in_bm25_top1000,20,20,0,1,1
direct_minmax,43,20,1000,outside_bm25_top1000,0,0,0,0,
direct_minmax,44,20,1000,in_bm25_top1000,20,20,0,1,1
direct_minmax,44,20,1000,outside_bm25_top1000,0,0,0,0,
direct_minmax,45,20,1000,in_bm25_top1000,20,19,1,1,0.95
direct_minmax,45,20,1000,outside_bm25_top1000,0,0,0,0,
direct_minmax,46,20,1000,in_bm25_top1000,20,20,0,1,1
direct_minmax,46,20,1000,outside_bm25_top1000,0,0,0,0,
direct_minmax,47,20,1000,in_bm25_top1000,20,19,1,1,0.95
direct_minmax,47,20,1000,outside_bm25_top1000,0,0,0,0,
direct_minmax,48,20,1000,in_bm25_top1000,20,20,0,1,1
direct_minmax,48,20,1000,outside_bm25_top1000,0,0,0,0,
direct_minmax,49,20,1000,in_bm25_top1000,20,20,0,1,1
direct_minmax,49,20,1000,outside_bm25_top1000,0,0,0,0,
direct_minmax,50,20,1000,in_bm25_top1000,20,20,0,1,1
direct_minmax,50,20,1000,outside_bm25_top1000,0,0,0,0,
direct_minmax,1,50,1000,in_bm25_top1000,50,40,10,1,0.8
direct_minmax,1,50,1000,outside_bm25_top1000,0,0,0,0,
direct_minmax,2,50,1000,in_bm25_top1000,50,47,3,1,0.94
direct_minmax,2,50,1000,outside_bm25_top1000,0,0,0,0,
direct_minmax,3,50,1000,in_bm25_top1000,50,45,5,1,0.9
direct_minmax,3,50,1000,outside_bm25_top1000,0,0,0,0,
direct_minmax,4,50,1000,in_bm25_top1000,47,40,7,0.94,0.851063829787
direct_minmax,4,50,1000,outside_bm25_top1000,3,3,0,0.06,1
direct_minmax,5,50,1000,in_bm25_top1000,48,36,12,0.96,0.75
direct_minmax,5,50,1000,outside_bm25_top1000,2,1,1,0.04,0.5
direct_minmax,6,50,1000,in_bm25_top1000,50,47,3,1,0.94
direct_minmax,6,50,1000,outside_bm25_top1000,0,0,0,0,
direct_minmax,7,50,1000,in_bm25_top1000,50,47,3,1,0.94
direct_minmax,7,50,1000,outside_bm25_top1000,0,0,0,0,
direct_minmax,8,50,1000,in_bm25_top1000,50,38,12,1,0.76
direct_minmax,8,50,1000,outside_bm25_top1000,0,0,0,0,
direct_minmax,9,50,1000,in_bm25_top1000,50,48,2,1,0.96
direct_minmax,9,50,1000,outside_bm25_top1000,0,0,0,0,
direct_minmax,10,50,1000,in_bm25_top1000,50,50,0,1,1
direct_minmax,10,50,1000,outside_bm25_top1000,0,0,0,0,
direct_minmax,11,50,1000,in_bm25_top1000,50,42,8,1,0.84
direct_minmax,11,50,1000,outside_bm25_top1000,0,0,0,0,
direct_minmax,12,50,1000,in_bm25_top1000,50,44,6,1,0.88
direct_minmax,12,50,1000,outside_bm25_top1000,0,0,0,0,
direct_minmax,13,50,1000,in_bm25_top1000,50,48,2,1,0.96
direct_minmax,13,50,1000,outside_bm25_top1000,0,0,0,0,
direct_minmax,14,50,1000,in_bm25_top1000,50,50,0,1,1
direct_minmax,14,50,1000,outside_bm25_top1000,0,0,0,0,
direct_minmax,15,50,1000,in_bm25_top1000,49,23,26,0.98,0.469387755102
direct_minmax,15,50,1000,outside_bm25_top1000,1,1,0,0.02,1
direct_minmax,16,50,1000,in_bm25_top1000,49,48,1,0.98,0.979591836735
direct_minmax,16,50,1000,outside_bm25_top1000,1,1,0,0.02,1
direct_minmax,17,50,1000,in_bm25_top1000,50,44,6,1,0.88
direct_minmax,17,50,1000,outside_bm25_top1000,0,0,0,0,
direct_minmax,18,50,1000,in_bm25_top1000,50,50,0,1,1
direct_minmax,18,50,1000,outside_bm25_top1000,0,0,0,0,
direct_minmax,19,50,1000,in_bm25_top1000,50,48,2,1,0.96
direct_minmax,19,50,1000,outside_bm25_top1000,0,0,0,0,
direct_minmax,20,50,1000,in_bm25_top1000,50,47,3,1,0.94
direct_minmax,20,50,1000,outside_bm25_top1000,0,0,0,0,
direct_minmax,21,50,1000,in_bm25_top1000,48,43,5,0.96,0.895833333333
direct_minmax,21,50,1000,outside_bm25_top1000,2,0,2,0.04,0
direct_minmax,22,50,1000,in_bm25_top1000,50,44,6,1,0.88
direct_minmax,22,50,1000,outside_bm25_top1000,0,0,0,0,
direct_minmax,23,50,1000,in_bm25_top1000,50,48,2,1,0.96
direct_minmax,23,50,1000,outside_bm25_top1000,0,0,0,0,
direct_minmax,24,50,1000,in_bm25_top1000,50,49,1,1,0.98
direct_minmax,24,50,1000,outside_bm25_top1000,0,0,0,0,
direct_minmax,25,50,1000,in_bm25_top1000,50,35,15,1,0.7
direct_minmax,25,50,1000,outside_bm25_top1000,0,0,0,0,
direct_minmax,26,50,1000,in_bm25_top1000,50,38,12,1,0.76
direct_minmax,26,50,1000,outside_bm25_top1000,0,0,0,0,
direct_minmax,27,50,1000,in_bm25_top1000,50,47,3,1,0.94
direct_minmax,27,50,1000,outside_bm25_top1000,0,0,0,0,
direct_minmax,28,50,1000,in_bm25_top1000,50,45,5,1,0.9
direct_minmax,28,50,1000,outside_bm25_top1000,0,0,0,0,
direct_minmax,29,50,1000,in_bm25_top1000,50,48,2,1,0.96
direct_minmax,29,50,1000,outside_bm25_top1000,0,0,0,0,
direct_minmax,30,50,1000,in_bm25_top1000,50,48,2,1,0.96
direct_minmax,30,50,1000,outside_bm25_top1000,0,0,0,0,
direct_minmax,31,50,1000,in_bm25_top1000,50,49,1,1,0.98
direct_minmax,31,50,1000,outside_bm25_top1000,0,0,0,0,
direct_minmax,32,50,1000,in_bm25_top1000,29,26,3,0.58,0.896551724138
direct_minmax,32,50,1000,outside_bm25_top1000,21,3,18,0.42,0.142857142857
direct_minmax,33,50,1000,in_bm25_top1000,50,50,0,1,1
direct_minmax,33,50,1000,outside_bm25_top1000,0,0,0,0,
direct_minmax,34,50,1000,in_bm25_top1000,50,39,11,1,0.78
direct_minmax,34,50,1000,outside_bm25_top1000,0,0,0,0,
direct_minmax,35,50,1000,in_bm25_top1000,50,48,2,1,0.96
direct_minmax,35,50,1000,outside_bm25_top1000,0,0,0,0,
direct_minmax,36,50,1000,in_bm25_top1000,50,49,1,1,0.98
direct_minmax,36,50,1000,outside_bm25_top1000,0,0,0,0,
direct_minmax,37,50,1000,in_bm25_top1000,50,50,0,1,1
direct_minmax,37,50,1000,outside_bm25_top1000,0,0,0,0,
direct_minmax,38,50,1000,in_bm25_top1000,50,47,3,1,0.94
direct_minmax,38,50,1000,outside_bm25_top1000,0,0,0,0,
direct_minmax,39,50,1000,in_bm25_top1000,50,50,0,1,1
direct_minmax,39,50,1000,outside_bm25_top1000,0,0,0,0,
direct_minmax,40,50,1000,in_bm25_top1000,50,50,0,1,1
direct_minmax,40,50,1000,outside_bm25_top1000,0,0,0,0,
direct_minmax,41,50,1000,in_bm25_top1000,50,50,0,1,1
direct_minmax,41,50,1000,outside_bm25_top1000,0,0,0,0,
direct_minmax,42,50,1000,in_bm25_top1000,50,50,0,1,1
direct_minmax,42,50,1000,outside_bm25_top1000,0,0,0,0,
direct_minmax,43,50,1000,in_bm25_top1000,50,50,0,1,1
direct_minmax,43,50,1000,outside_bm25_top1000,0,0,0,0,
direct_minmax,44,50,1000,in_bm25_top1000,50,50,0,1,1
direct_minmax,44,50,1000,outside_bm25_top1000,0,0,0,0,
direct_minmax,45,50,1000,in_bm25_top1000,50,47,3,1,0.94
direct_minmax,45,50,1000,outside_bm25_top1000,0,0,0,0,
direct_minmax,46,50,1000,in_bm25_top1000,50,48,2,1,0.96
direct_minmax,46,50,1000,outside_bm25_top1000,0,0,0,0,
direct_minmax,47,50,1000,in_bm25_top1000,49,47,2,0.98,0.959183673469
direct_minmax,47,50,1000,outside_bm25_top1000,1,0,1,0.02,0
direct_minmax,48,50,1000,in_bm25_top1000,50,46,4,1,0.92
direct_minmax,48,50,1000,outside_bm25_top1000,0,0,0,0,
direct_minmax,49,50,1000,in_bm25_top1000,50,49,1,1,0.98
direct_minmax,49,50,1000,outside_bm25_top1000,0,0,0,0,
direct_minmax,50,50,1000,in_bm25_top1000,50,46,4,1,0.92
direct_minmax,50,50,1000,outside_bm25_top1000,0,0,0,0,
direct_minmax,1,100,1000,in_bm25_top1000,100,74,26,1,0.74
direct_minmax,1,100,1000,outside_bm25_top1000,0,0,0,0,
direct_minmax,2,100,1000,in_bm25_top1000,100,88,12,1,0.88
direct_minmax,2,100,1000,outside_bm25_top1000,0,0,0,0,
direct_minmax,3,100,1000,in_bm25_top1000,100,81,19,1,0.81
direct_minmax,3,100,1000,outside_bm25_top1000,0,0,0,0,
direct_minmax,4,100,1000,in_bm25_top1000,97,69,28,0.97,0.711340206186
direct_minmax,4,100,1000,outside_bm25_top1000,3,3,0,0.03,1
direct_minmax,5,100,1000,in_bm25_top1000,91,63,28,0.91,0.692307692308
direct_minmax,5,100,1000,outside_bm25_top1000,9,3,6,0.09,0.333333333333
direct_minmax,6,100,1000,in_bm25_top1000,100,80,20,1,0.8
direct_minmax,6,100,1000,outside_bm25_top1000,0,0,0,0,
direct_minmax,7,100,1000,in_bm25_top1000,98,91,7,0.98,0.928571428571
direct_minmax,7,100,1000,outside_bm25_top1000,2,1,1,0.02,0.5
direct_minmax,8,100,1000,in_bm25_top1000,100,68,32,1,0.68
direct_minmax,8,100,1000,outside_bm25_top1000,0,0,0,0,
direct_minmax,9,100,1000,in_bm25_top1000,100,86,14,1,0.86
direct_minmax,9,100,1000,outside_bm25_top1000,0,0,0,0,
direct_minmax,10,100,1000,in_bm25_top1000,100,88,12,1,0.88
direct_minmax,10,100,1000,outside_bm25_top1000,0,0,0,0,
direct_minmax,11,100,1000,in_bm25_top1000,100,78,22,1,0.78
direct_minmax,11,100,1000,outside_bm25_top1000,0,0,0,0,
direct_minmax,12,100,1000,in_bm25_top1000,100,77,23,1,0.77
direct_minmax,12,100,1000,outside_bm25_top1000,0,0,0,0,
direct_minmax,13,100,1000,in_bm25_top1000,100,81,19,1,0.81
direct_minmax,13,100,1000,outside_bm25_top1000,0,0,0,0,
direct_minmax,14,100,1000,in_bm25_top1000,94,93,1,0.94,0.989361702128
direct_minmax,14,100,1000,outside_bm25_top1000,6,2,4,0.06,0.333333333333
direct_minmax,15,100,1000,in_bm25_top1000,96,49,47,0.96,0.510416666667
direct_minmax,15,100,1000,outside_bm25_top1000,4,1,3,0.04,0.25
direct_minmax,16,100,1000,in_bm25_top1000,89,80,9,0.89,0.898876404494
direct_minmax,16,100,1000,outside_bm25_top1000,11,9,2,0.11,0.818181818182
direct_minmax,17,100,1000,in_bm25_top1000,100,79,21,1,0.79
direct_minmax,17,100,1000,outside_bm25_top1000,0,0,0,0,
direct_minmax,18,100,1000,in_bm25_top1000,100,94,6,1,0.94
direct_minmax,18,100,1000,outside_bm25_top1000,0,0,0,0,
direct_minmax,19,100,1000,in_bm25_top1000,98,91,7,0.98,0.928571428571
direct_minmax,19,100,1000,outside_bm25_top1000,2,2,0,0.02,1
direct_minmax,20,100,1000,in_bm25_top1000,100,93,7,1,0.93
direct_minmax,20,100,1000,outside_bm25_top1000,0,0,0,0,
direct_minmax,21,100,1000,in_bm25_top1000,96,85,11,0.96,0.885416666667
direct_minmax,21,100,1000,outside_bm25_top1000,4,1,3,0.04,0.25
direct_minmax,22,100,1000,in_bm25_top1000,100,86,14,1,0.86
direct_minmax,22,100,1000,outside_bm25_top1000,0,0,0,0,
direct_minmax,23,100,1000,in_bm25_top1000,100,88,12,1,0.88
direct_minmax,23,100,1000,outside_bm25_top1000,0,0,0,0,
direct_minmax,24,100,1000,in_bm25_top1000,100,95,5,1,0.95
direct_minmax,24,100,1000,outside_bm25_top1000,0,0,0,0,
direct_minmax,25,100,1000,in_bm25_top1000,100,66,34,1,0.66
direct_minmax,25,100,1000,outside_bm25_top1000,0,0,0,0,
direct_minmax,26,100,1000,in_bm25_top1000,100,64,36,1,0.64
direct_minmax,26,100,1000,outside_bm25_top1000,0,0,0,0,
direct_minmax,27,100,1000,in_bm25_top1000,100,85,15,1,0.85
direct_minmax,27,100,1000,outside_bm25_top1000,0,0,0,0,
direct_minmax,28,100,1000,in_bm25_top1000,100,88,12,1,0.88
direct_minmax,28,100,1000,outside_bm25_top1000,0,0,0,0,
direct_minmax,29,100,1000,in_bm25_top1000,100,93,7,1,0.93
direct_minmax,29,100,1000,outside_bm25_top1000,0,0,0,0,
direct_minmax,30,100,1000,in_bm25_top1000,100,85,15,1,0.85
direct_minmax,30,100,1000,outside_bm25_top1000,0,0,0,0,
direct_minmax,31,100,1000,in_bm25_top1000,99,91,8,0.99,0.919191919192
direct_minmax,31,100,1000,outside_bm25_top1000,1,1,0,0.01,1
direct_minmax,32,100,1000,in_bm25_top1000,46,37,9,0.46,0.804347826087
direct_minmax,32,100,1000,outside_bm25_top1000,54,5,49,0.54,0.0925925925926
direct_minmax,33,100,1000,in_bm25_top1000,99,96,3,0.99,0.969696969697
direct_minmax,33,100,1000,outside_bm25_top1000,1,1,0,0.01,1
direct_minmax,34,100,1000,in_bm25_top1000,95,63,32,0.95,0.663157894737
direct_minmax,34,100,1000,outside_bm25_top1000,5,4,1,0.05,0.8
direct_minmax,35,100,1000,in_bm25_top1000,100,87,13,1,0.87
direct_minmax,35,100,1000,outside_bm25_top1000,0,0,0,0,
direct_minmax,36,100,1000,in_bm25_top1000,100,96,4,1,0.96
direct_minmax,36,100,1000,outside_bm25_top1000,0,0,0,0,
direct_minmax,37,100,1000,in_bm25_top1000,100,99,1,1,0.99
direct_minmax,37,100,1000,outside_bm25_top1000,0,0,0,0,
direct_minmax,38,100,1000,in_bm25_top1000,97,94,3,0.97,0.969072164948
direct_minmax,38,100,1000,outside_bm25_top1000,3,2,1,0.03,0.666666666667
direct_minmax,39,100,1000,in_bm25_top1000,100,99,1,1,0.99
direct_minmax,39,100,1000,outside_bm25_top1000,0,0,0,0,
direct_minmax,40,100,1000,in_bm25_top1000,100,99,1,1,0.99
direct_minmax,40,100,1000,outside_bm25_top1000,0,0,0,0,
direct_minmax,41,100,1000,in_bm25_top1000,98,94,4,0.98,0.959183673469
direct_minmax,41,100,1000,outside_bm25_top1000,2,2,0,0.02,1
direct_minmax,42,100,1000,in_bm25_top1000,100,100,0,1,1
direct_minmax,42,100,1000,outside_bm25_top1000,0,0,0,0,
direct_minmax,43,100,1000,in_bm25_top1000,100,97,3,1,0.97
direct_minmax,43,100,1000,outside_bm25_top1000,0,0,0,0,
direct_minmax,44,100,1000,in_bm25_top1000,99,99,0,0.99,1
direct_minmax,44,100,1000,outside_bm25_top1000,1,1,0,0.01,1
direct_minmax,45,100,1000,in_bm25_top1000,100,89,11,1,0.89
direct_minmax,45,100,1000,outside_bm25_top1000,0,0,0,0,
direct_minmax,46,100,1000,in_bm25_top1000,99,77,22,0.99,0.777777777778
direct_minmax,46,100,1000,outside_bm25_top1000,1,1,0,0.01,1
direct_minmax,47,100,1000,in_bm25_top1000,94,79,15,0.94,0.840425531915
direct_minmax,47,100,1000,outside_bm25_top1000,6,3,3,0.06,0.5
direct_minmax,48,100,1000,in_bm25_top1000,100,88,12,1,0.88
direct_minmax,48,100,1000,outside_bm25_top1000,0,0,0,0,
direct_minmax,49,100,1000,in_bm25_top1000,94,92,2,0.94,0.978723404255
direct_minmax,49,100,1000,outside_bm25_top1000,6,4,2,0.06,0.666666666667
direct_minmax,50,100,1000,in_bm25_top1000,96,85,11,0.96,0.885416666667
direct_minmax,50,100,1000,outside_bm25_top1000,4,1,3,0.04,0.25
direct_minmax,1,1000,1000,in_bm25_top1000,800,318,482,0.8,0.3975
direct_minmax,1,1000,1000,outside_bm25_top1000,200,27,173,0.2,0.135
direct_minmax,2,1000,1000,in_bm25_top1000,540,188,352,0.54,0.348148148148
direct_minmax,2,1000,1000,outside_bm25_top1000,460,54,406,0.46,0.117391304348
direct_minmax,3,1000,1000,in_bm25_top1000,739,357,382,0.739,0.483085250338
direct_minmax,3,1000,1000,outside_bm25_top1000,261,60,201,0.261,0.229885057471
direct_minmax,4,1000,1000,in_bm25_top1000,787,277,510,0.787,0.351969504447
direct_minmax,4,1000,1000,outside_bm25_top1000,213,50,163,0.213,0.234741784038
direct_minmax,5,1000,1000,in_bm25_top1000,643,325,318,0.643,0.505443234837
direct_minmax,5,1000,1000,outside_bm25_top1000,357,67,290,0.357,0.187675070028
direct_minmax,6,1000,1000,in_bm25_top1000,680,347,333,0.68,0.510294117647
direct_minmax,6,1000,1000,outside_bm25_top1000,320,93,227,0.32,0.290625
direct_minmax,7,1000,1000,in_bm25_top1000,748,458,290,0.748,0.612299465241
direct_minmax,7,1000,1000,outside_bm25_top1000,252,88,164,0.252,0.349206349206
direct_minmax,8,1000,1000,in_bm25_top1000,601,230,371,0.601,0.382695507488
direct_minmax,8,1000,1000,outside_bm25_top1000,399,94,305,0.399,0.235588972431
direct_minmax,9,1000,1000,in_bm25_top1000,746,271,475,0.746,0.36327077748
direct_minmax,9,1000,1000,outside_bm25_top1000,254,26,228,0.254,0.102362204724
direct_minmax,10,1000,1000,in_bm25_top1000,740,393,347,0.74,0.531081081081
direct_minmax,10,1000,1000,outside_bm25_top1000,260,77,183,0.26,0.296153846154
direct_minmax,11,1000,1000,in_bm25_top1000,774,331,443,0.774,0.427648578811
direct_minmax,11,1000,1000,outside_bm25_top1000,226,31,195,0.226,0.137168141593
direct_minmax,12,1000,1000,in_bm25_top1000,731,295,436,0.731,0.403556771546
direct_minmax,12,1000,1000,outside_bm25_top1000,269,55,214,0.269,0.204460966543
direct_minmax,13,1000,1000,in_bm25_top1000,767,344,423,0.767,0.44850065189
direct_minmax,13,1000,1000,outside_bm25_top1000,233,67,166,0.233,0.287553648069
direct_minmax,14,1000,1000,in_bm25_top1000,368,194,174,0.368,0.527173913043
direct_minmax,14,1000,1000,outside_bm25_top1000,632,39,593,0.632,0.0617088607595
direct_minmax,15,1000,1000,in_bm25_top1000,477,151,326,0.477,0.316561844864
direct_minmax,15,1000,1000,outside_bm25_top1000,523,60,463,0.523,0.114722753346
direct_minmax,16,1000,1000,in_bm25_top1000,632,258,374,0.632,0.408227848101
direct_minmax,16,1000,1000,outside_bm25_top1000,368,116,252,0.368,0.315217391304
direct_minmax,17,1000,1000,in_bm25_top1000,806,401,405,0.806,0.497518610422
direct_minmax,17,1000,1000,outside_bm25_top1000,194,45,149,0.194,0.231958762887
direct_minmax,18,1000,1000,in_bm25_top1000,815,435,380,0.815,0.533742331288
direct_minmax,18,1000,1000,outside_bm25_top1000,185,60,125,0.185,0.324324324324
direct_minmax,19,1000,1000,in_bm25_top1000,630,269,361,0.63,0.426984126984
direct_minmax,19,1000,1000,outside_bm25_top1000,370,63,307,0.37,0.17027027027
direct_minmax,20,1000,1000,in_bm25_top1000,812,470,342,0.812,0.57881773399
direct_minmax,20,1000,1000,outside_bm25_top1000,188,41,147,0.188,0.218085106383
direct_minmax,21,1000,1000,in_bm25_top1000,655,310,345,0.655,0.473282442748
direct_minmax,21,1000,1000,outside_bm25_top1000,345,123,222,0.345,0.35652173913
direct_minmax,22,1000,1000,in_bm25_top1000,793,292,501,0.793,0.368221941992
direct_minmax,22,1000,1000,outside_bm25_top1000,207,70,137,0.207,0.338164251208
direct_minmax,23,1000,1000,in_bm25_top1000,752,292,460,0.752,0.38829787234
direct_minmax,23,1000,1000,outside_bm25_top1000,248,68,180,0.248,0.274193548387
direct_minmax,24,1000,1000,in_bm25_top1000,719,326,393,0.719,0.453407510431
direct_minmax,24,1000,1000,outside_bm25_top1000,281,69,212,0.281,0.245551601423
direct_minmax,25,1000,1000,in_bm25_top1000,744,288,456,0.744,0.387096774194
direct_minmax,25,1000,1000,outside_bm25_top1000,256,116,140,0.256,0.453125
direct_minmax,26,1000,1000,in_bm25_top1000,778,313,465,0.778,0.402313624679
direct_minmax,26,1000,1000,outside_bm25_top1000,222,83,139,0.222,0.373873873874
direct_minmax,27,1000,1000,in_bm25_top1000,882,416,466,0.882,0.471655328798
direct_minmax,27,1000,1000,outside_bm25_top1000,118,7,111,0.118,0.0593220338983
direct_minmax,28,1000,1000,in_bm25_top1000,831,416,415,0.831,0.500601684717
direct_minmax,28,1000,1000,outside_bm25_top1000,169,65,104,0.169,0.384615384615
direct_minmax,29,1000,1000,in_bm25_top1000,759,418,341,0.759,0.550724637681
direct_minmax,29,1000,1000,outside_bm25_top1000,241,73,168,0.241,0.302904564315
direct_minmax,30,1000,1000,in_bm25_top1000,720,309,411,0.72,0.429166666667
direct_minmax,30,1000,1000,outside_bm25_top1000,280,37,243,0.28,0.132142857143
direct_minmax,31,1000,1000,in_bm25_top1000,758,383,375,0.758,0.505277044855
direct_minmax,31,1000,1000,outside_bm25_top1000,242,35,207,0.242,0.144628099174
direct_minmax,32,1000,1000,in_bm25_top1000,425,134,291,0.425,0.315294117647
direct_minmax,32,1000,1000,outside_bm25_top1000,575,51,524,0.575,0.0886956521739
direct_minmax,33,1000,1000,in_bm25_top1000,674,374,300,0.674,0.554896142433
direct_minmax,33,1000,1000,outside_bm25_top1000,326,72,254,0.326,0.220858895706
direct_minmax,34,1000,1000,in_bm25_top1000,597,219,378,0.597,0.366834170854
direct_minmax,34,1000,1000,outside_bm25_top1000,403,54,349,0.403,0.133995037221
direct_minmax,35,1000,1000,in_bm25_top1000,770,320,450,0.77,0.415584415584
direct_minmax,35,1000,1000,outside_bm25_top1000,230,41,189,0.23,0.178260869565
direct_minmax,36,1000,1000,in_bm25_top1000,833,519,314,0.833,0.623049219688
direct_minmax,36,1000,1000,outside_bm25_top1000,167,41,126,0.167,0.245508982036
direct_minmax,37,1000,1000,in_bm25_top1000,795,530,265,0.795,0.666666666667
direct_minmax,37,1000,1000,outside_bm25_top1000,205,80,125,0.205,0.390243902439
direct_minmax,38,1000,1000,in_bm25_top1000,639,429,210,0.639,0.671361502347
direct_minmax,38,1000,1000,outside_bm25_top1000,361,191,170,0.361,0.529085872576
direct_minmax,39,1000,1000,in_bm25_top1000,856,591,265,0.856,0.690420560748
direct_minmax,39,1000,1000,outside_bm25_top1000,144,30,114,0.144,0.208333333333
direct_minmax,40,1000,1000,in_bm25_top1000,696,487,209,0.696,0.699712643678
direct_minmax,40,1000,1000,outside_bm25_top1000,304,84,220,0.304,0.276315789474
direct_minmax,41,1000,1000,in_bm25_top1000,647,275,372,0.647,0.425038639876
direct_minmax,41,1000,1000,outside_bm25_top1000,353,156,197,0.353,0.441926345609
direct_minmax,42,1000,1000,in_bm25_top1000,771,329,442,0.771,0.426718547341
direct_minmax,42,1000,1000,outside_bm25_top1000,229,27,202,0.229,0.117903930131
direct_minmax,43,1000,1000,in_bm25_top1000,421,253,168,0.421,0.600950118765
direct_minmax,43,1000,1000,outside_bm25_top1000,579,39,540,0.579,0.0673575129534
direct_minmax,44,1000,1000,in_bm25_top1000,709,415,294,0.709,0.58533145275
direct_minmax,44,1000,1000,outside_bm25_top1000,291,119,172,0.291,0.408934707904
direct_minmax,45,1000,1000,in_bm25_top1000,765,488,277,0.765,0.637908496732
direct_minmax,45,1000,1000,outside_bm25_top1000,235,57,178,0.235,0.242553191489
direct_minmax,46,1000,1000,in_bm25_top1000,667,202,465,0.667,0.302848575712
direct_minmax,46,1000,1000,outside_bm25_top1000,333,37,296,0.333,0.111111111111
direct_minmax,47,1000,1000,in_bm25_top1000,632,311,321,0.632,0.492088607595
direct_minmax,47,1000,1000,outside_bm25_top1000,368,107,261,0.368,0.290760869565
direct_minmax,48,1000,1000,in_bm25_top1000,783,264,519,0.783,0.337164750958
direct_minmax,48,1000,1000,outside_bm25_top1000,217,43,174,0.217,0.198156682028
direct_minmax,49,1000,1000,in_bm25_top1000,665,289,376,0.665,0.434586466165
direct_minmax,49,1000,1000,outside_bm25_top1000,335,112,223,0.335,0.334328358209
direct_minmax,50,1000,1000,in_bm25_top1000,714,310,404,0.714,0.434173669468
direct_minmax,50,1000,1000,outside_bm25_top1000,286,51,235,0.286,0.178321678322
uniform_random,1,20,1000,in_bm25_top1000,0,0,0,0,
uniform_random,1,20,1000,outside_bm25_top1000,20,0,20,1,0
uniform_random,2,20,1000,in_bm25_top1000,0,0,0,0,
uniform_random,2,20,1000,outside_bm25_top1000,20,0,20,1,0
uniform_random,3,20,1000,in_bm25_top1000,0,0,0,0,
uniform_random,3,20,1000,outside_bm25_top1000,20,0,20,1,0
uniform_random,4,20,1000,in_bm25_top1000,0,0,0,0,
uniform_random,4,20,1000,outside_bm25_top1000,20,0,20,1,0
uniform_random,5,20,1000,in_bm25_top1000,0,0,0,0,
uniform_random,5,20,1000,outside_bm25_top1000,20,0,20,1,0
uniform_random,6,20,1000,in_bm25_top1000,1,0,1,0.05,0
uniform_random,6,20,1000,outside_bm25_top1000,19,0,19,0.95,0
uniform_random,7,20,1000,in_bm25_top1000,0,0,0,0,
uniform_random,7,20,1000,outside_bm25_top1000,20,0,20,1,0
uniform_random,8,20,1000,in_bm25_top1000,0,0,0,0,
uniform_random,8,20,1000,outside_bm25_top1000,20,0,20,1,0
uniform_random,9,20,1000,in_bm25_top1000,1,0,1,0.05,0
uniform_random,9,20,1000,outside_bm25_top1000,19,0,19,0.95,0
uniform_random,10,20,1000,in_bm25_top1000,0,0,0,0,
uniform_random,10,20,1000,outside_bm25_top1000,20,0,20,1,0
uniform_random,11,20,1000,in_bm25_top1000,0,0,0,0,
uniform_random,11,20,1000,outside_bm25_top1000,20,0,20,1,0
uniform_random,12,20,1000,in_bm25_top1000,1,1,0,0.05,1
uniform_random,12,20,1000,outside_bm25_top1000,19,0,19,0.95,0
uniform_random,13,20,1000,in_bm25_top1000,0,0,0,0,
uniform_random,13,20,1000,outside_bm25_top1000,20,0,20,1,0
uniform_random,14,20,1000,in_bm25_top1000,0,0,0,0,
uniform_random,14,20,1000,outside_bm25_top1000,20,0,20,1,0
uniform_random,15,20,1000,in_bm25_top1000,0,0,0,0,
uniform_random,15,20,1000,outside_bm25_top1000,20,0,20,1,0
uniform_random,16,20,1000,in_bm25_top1000,0,0,0,0,
uniform_random,16,20,1000,outside_bm25_top1000,20,0,20,1,0
uniform_random,17,20,1000,in_bm25_top1000,0,0,0,0,
uniform_random,17,20,1000,outside_bm25_top1000,20,0,20,1,0
uniform_random,18,20,1000,in_bm25_top1000,0,0,0,0,
uniform_random,18,20,1000,outside_bm25_top1000,20,0,20,1,0
uniform_random,19,20,1000,in_bm25_top1000,0,0,0,0,
uniform_random,19,20,1000,outside_bm25_top1000,20,1,19,1,0.05
uniform_random,20,20,1000,in_bm25_top1000,0,0,0,0,
uniform_random,20,20,1000,outside_bm25_top1000,20,0,20,1,0
uniform_random,21,20,1000,in_bm25_top1000,0,0,0,0,
uniform_random,21,20,1000,outside_bm25_top1000,20,0,20,1,0
uniform_random,22,20,1000,in_bm25_top1000,0,0,0,0,
uniform_random,22,20,1000,outside_bm25_top1000,20,0,20,1,0
uniform_random,23,20,1000,in_bm25_top1000,0,0,0,0,
uniform_random,23,20,1000,outside_bm25_top1000,20,0,20,1,0
uniform_random,24,20,1000,in_bm25_top1000,0,0,0,0,
uniform_random,24,20,1000,outside_bm25_top1000,20,0,20,1,0
uniform_random,25,20,1000,in_bm25_top1000,0,0,0,0,
uniform_random,25,20,1000,outside_bm25_top1000,20,0,20,1,0
uniform_random,26,20,1000,in_bm25_top1000,0,0,0,0,
uniform_random,26,20,1000,outside_bm25_top1000,20,0,20,1,0
uniform_random,27,20,1000,in_bm25_top1000,1,1,0,0.05,1
uniform_random,27,20,1000,outside_bm25_top1000,19,0,19,0.95,0
uniform_random,28,20,1000,in_bm25_top1000,0,0,0,0,
uniform_random,28,20,1000,outside_bm25_top1000,20,0,20,1,0
uniform_random,29,20,1000,in_bm25_top1000,0,0,0,0,
uniform_random,29,20,1000,outside_bm25_top1000,20,0,20,1,0
uniform_random,30,20,1000,in_bm25_top1000,0,0,0,0,
uniform_random,30,20,1000,outside_bm25_top1000,20,0,20,1,0
uniform_random,31,20,1000,in_bm25_top1000,0,0,0,0,
uniform_random,31,20,1000,outside_bm25_top1000,20,0,20,1,0
uniform_random,32,20,1000,in_bm25_top1000,0,0,0,0,
uniform_random,32,20,1000,outside_bm25_top1000,20,0,20,1,0
uniform_random,33,20,1000,in_bm25_top1000,0,0,0,0,
uniform_random,33,20,1000,outside_bm25_top1000,20,0,20,1,0
uniform_random,34,20,1000,in_bm25_top1000,0,0,0,0,
uniform_random,34,20,1000,outside_bm25_top1000,20,0,20,1,0
uniform_random,35,20,1000,in_bm25_top1000,0,0,0,0,
uniform_random,35,20,1000,outside_bm25_top1000,20,0,20,1,0
uniform_random,36,20,1000,in_bm25_top1000,0,0,0,0,
uniform_random,36,20,1000,outside_bm25_top1000,20,0,20,1,0
uniform_random,37,20,1000,in_bm25_top1000,0,0,0,0,
uniform_random,37,20,1000,outside_bm25_top1000,20,0,20,1,0
uniform_random,38,20,1000,in_bm25_top1000,0,0,0,0,
uniform_random,38,20,1000,outside_bm25_top1000,20,0,20,1,0
uniform_random,39,20,1000,in_bm25_top1000,0,0,0,0,
uniform_random,39,20,1000,outside_bm25_top1000,20,0,20,1,0
uniform_random,40,20,1000,in_bm25_top1000,0,0,0,0,
uniform_random,40,20,1000,outside_bm25_top1000,20,0,20,1,0
uniform_random,41,20,1000,in_bm25_top1000,0,0,0,0,
uniform_random,41,20,1000,outside_bm25_top1000,20,0,20,1,0
uniform_random,42,20,1000,in_bm25_top1000,0,0,0,0,
uniform_random,42,20,1000,outside_bm25_top1000,20,0,20,1,0
uniform_random,43,20,1000,in_bm25_top1000,0,0,0,0,
uniform_random,43,20,1000,outside_bm25_top1000,20,0,20,1,0
uniform_random,44,20,1000,in_bm25_top1000,0,0,0,0,
uniform_random,44,20,1000,outside_bm25_top1000,20,0,20,1,0
uniform_random,45,20,1000,in_bm25_top1000,0,0,0,0,
uniform_random,45,20,1000,outside_bm25_top1000,20,0,20,1,0
uniform_random,46,20,1000,in_bm25_top1000,0,0,0,0,
uniform_random,46,20,1000,outside_bm25_top1000,20,0,20,1,0
uniform_random,47,20,1000,in_bm25_top1000,0,0,0,0,
uniform_random,47,20,1000,outside_bm25_top1000,20,0,20,1,0
uniform_random,48,20,1000,in_bm25_top1000,0,0,0,0,
uniform_random,48,20,1000,outside_bm25_top1000,20,0,20,1,0
uniform_random,49,20,1000,in_bm25_top1000,0,0,0,0,
uniform_random,49,20,1000,outside_bm25_top1000,20,1,19,1,0.05
uniform_random,50,20,1000,in_bm25_top1000,0,0,0,0,
uniform_random,50,20,1000,outside_bm25_top1000,20,0,20,1,0
uniform_random,1,50,1000,in_bm25_top1000,0,0,0,0,
uniform_random,1,50,1000,outside_bm25_top1000,50,1,49,1,0.02
uniform_random,2,50,1000,in_bm25_top1000,0,0,0,0,
uniform_random,2,50,1000,outside_bm25_top1000,50,0,50,1,0
uniform_random,3,50,1000,in_bm25_top1000,0,0,0,0,
uniform_random,3,50,1000,outside_bm25_top1000,50,0,50,1,0
uniform_random,4,50,1000,in_bm25_top1000,0,0,0,0,
uniform_random,4,50,1000,outside_bm25_top1000,50,0,50,1,0
uniform_random,5,50,1000,in_bm25_top1000,0,0,0,0,
uniform_random,5,50,1000,outside_bm25_top1000,50,0,50,1,0
uniform_random,6,50,1000,in_bm25_top1000,1,0,1,0.02,0
uniform_random,6,50,1000,outside_bm25_top1000,49,0,49,0.98,0
uniform_random,7,50,1000,in_bm25_top1000,0,0,0,0,
uniform_random,7,50,1000,outside_bm25_top1000,50,0,50,1,0
uniform_random,8,50,1000,in_bm25_top1000,1,0,1,0.02,0
uniform_random,8,50,1000,outside_bm25_top1000,49,0,49,0.98,0
uniform_random,9,50,1000,in_bm25_top1000,1,0,1,0.02,0
uniform_random,9,50,1000,outside_bm25_top1000,49,0,49,0.98,0
uniform_random,10,50,1000,in_bm25_top1000,0,0,0,0,
uniform_random,10,50,1000,outside_bm25_top1000,50,1,49,1,0.02
uniform_random,11,50,1000,in_bm25_top1000,0,0,0,0,
uniform_random,11,50,1000,outside_bm25_top1000,50,0,50,1,0
uniform_random,12,50,1000,in_bm25_top1000,1,1,0,0.02,1
uniform_random,12,50,1000,outside_bm25_top1000,49,0,49,0.98,0
uniform_random,13,50,1000,in_bm25_top1000,0,0,0,0,
uniform_random,13,50,1000,outside_bm25_top1000,50,0,50,1,0
uniform_random,14,50,1000,in_bm25_top1000,0,0,0,0,
uniform_random,14,50,1000,outside_bm25_top1000,50,1,49,1,0.02
uniform_random,15,50,1000,in_bm25_top1000,0,0,0,0,
uniform_random,15,50,1000,outside_bm25_top1000,50,1,49,1,0.02
uniform_random,16,50,1000,in_bm25_top1000,1,0,1,0.02,0
uniform_random,16,50,1000,outside_bm25_top1000,49,0,49,0.98,0
uniform_random,17,50,1000,in_bm25_top1000,0,0,0,0,
uniform_random,17,50,1000,outside_bm25_top1000,50,0,50,1,0
uniform_random,18,50,1000,in_bm25_top1000,0,0,0,0,
uniform_random,18,50,1000,outside_bm25_top1000,50,0,50,1,0
uniform_random,19,50,1000,in_bm25_top1000,0,0,0,0,
uniform_random,19,50,1000,outside_bm25_top1000,50,1,49,1,0.02
uniform_random,20,50,1000,in_bm25_top1000,0,0,0,0,
uniform_random,20,50,1000,outside_bm25_top1000,50,0,50,1,0
uniform_random,21,50,1000,in_bm25_top1000,0,0,0,0,
uniform_random,21,50,1000,outside_bm25_top1000,50,0,50,1,0
uniform_random,22,50,1000,in_bm25_top1000,0,0,0,0,
uniform_random,22,50,1000,outside_bm25_top1000,50,0,50,1,0
uniform_random,23,50,1000,in_bm25_top1000,0,0,0,0,
uniform_random,23,50,1000,outside_bm25_top1000,50,0,50,1,0
uniform_random,24,50,1000,in_bm25_top1000,0,0,0,0,
uniform_random,24,50,1000,outside_bm25_top1000,50,0,50,1,0
uniform_random,25,50,1000,in_bm25_top1000,0,0,0,0,
uniform_random,25,50,1000,outside_bm25_top1000,50,1,49,1,0.02
uniform_random,26,50,1000,in_bm25_top1000,0,0,0,0,
uniform_random,26,50,1000,outside_bm25_top1000,50,0,50,1,0
uniform_random,27,50,1000,in_bm25_top1000,1,1,0,0.02,1
uniform_random,27,50,1000,outside_bm25_top1000,49,0,49,0.98,0
uniform_random,28,50,1000,in_bm25_top1000,0,0,0,0,
uniform_random,28,50,1000,outside_bm25_top1000,50,0,50,1,0
uniform_random,29,50,1000,in_bm25_top1000,0,0,0,0,
uniform_random,29,50,1000,outside_bm25_top1000,50,0,50,1,0
uniform_random,30,50,1000,in_bm25_top1000,0,0,0,0,
uniform_random,30,50,1000,outside_bm25_top1000,50,0,50,1,0
uniform_random,31,50,1000,in_bm25_top1000,0,0,0,0,
uniform_random,31,50,1000,outside_bm25_top1000,50,1,49,1,0.02
uniform_random,32,50,1000,in_bm25_top1000,1,0,1,0.02,0
uniform_random,32,50,1000,outside_bm25_top1000,49,1,48,0.98,0.0204081632653
uniform_random,33,50,1000,in_bm25_top1000,0,0,0,0,
uniform_random,33,50,1000,outside_bm25_top1000,50,0,50,1,0
uniform_random,34,50,1000,in_bm25_top1000,1,0,1,0.02,0
uniform_random,34,50,1000,outside_bm25_top1000,49,0,49,0.98,0
uniform_random,35,50,1000,in_bm25_top1000,0,0,0,0,
uniform_random,35,50,1000,outside_bm25_top1000,50,0,50,1,0
uniform_random,36,50,1000,in_bm25_top1000,0,0,0,0,
uniform_random,36,50,1000,outside_bm25_top1000,50,0,50,1,0
uniform_random,37,50,1000,in_bm25_top1000,0,0,0,0,
uniform_random,37,50,1000,outside_bm25_top1000,50,0,50,1,0
uniform_random,38,50,1000,in_bm25_top1000,0,0,0,0,
uniform_random,38,50,1000,outside_bm25_top1000,50,1,49,1,0.02
uniform_random,39,50,1000,in_bm25_top1000,0,0,0,0,
uniform_random,39,50,1000,outside_bm25_top1000,50,0,50,1,0
uniform_random,40,50,1000,in_bm25_top1000,0,0,0,0,
uniform_random,40,50,1000,outside_bm25_top1000,50,1,49,1,0.02
uniform_random,41,50,1000,in_bm25_top1000,0,0,0,0,
uniform_random,41,50,1000,outside_bm25_top1000,50,0,50,1,0
uniform_random,42,50,1000,in_bm25_top1000,0,0,0,0,
uniform_random,42,50,1000,outside_bm25_top1000,50,0,50,1,0
uniform_random,43,50,1000,in_bm25_top1000,0,0,0,0,
uniform_random,43,50,1000,outside_bm25_top1000,50,0,50,1,0
uniform_random,44,50,1000,in_bm25_top1000,0,0,0,0,
uniform_random,44,50,1000,outside_bm25_top1000,50,0,50,1,0
uniform_random,45,50,1000,in_bm25_top1000,0,0,0,0,
uniform_random,45,50,1000,outside_bm25_top1000,50,0,50,1,0
uniform_random,46,50,1000,in_bm25_top1000,0,0,0,0,
uniform_random,46,50,1000,outside_bm25_top1000,50,0,50,1,0
uniform_random,47,50,1000,in_bm25_top1000,0,0,0,0,
uniform_random,47,50,1000,outside_bm25_top1000,50,0,50,1,0
uniform_random,48,50,1000,in_bm25_top1000,0,0,0,0,
uniform_random,48,50,1000,outside_bm25_top1000,50,0,50,1,0
uniform_random,49,50,1000,in_bm25_top1000,0,0,0,0,
uniform_random,49,50,1000,outside_bm25_top1000,50,1,49,1,0.02
uniform_random,50,50,1000,in_bm25_top1000,0,0,0,0,
uniform_random,50,50,1000,outside_bm25_top1000,50,0,50,1,0
uniform_random,1,100,1000,in_bm25_top1000,0,0,0,0,
uniform_random,1,100,1000,outside_bm25_top1000,100,1,99,1,0.01
uniform_random,2,100,1000,in_bm25_top1000,0,0,0,0,
uniform_random,2,100,1000,outside_bm25_top1000,100,0,100,1,0
uniform_random,3,100,1000,in_bm25_top1000,0,0,0,0,
uniform_random,3,100,1000,outside_bm25_top1000,100,0,100,1,0
uniform_random,4,100,1000,in_bm25_top1000,0,0,0,0,
uniform_random,4,100,1000,outside_bm25_top1000,100,0,100,1,0
uniform_random,5,100,1000,in_bm25_top1000,0,0,0,0,
uniform_random,5,100,1000,outside_bm25_top1000,100,0,100,1,0
uniform_random,6,100,1000,in_bm25_top1000,1,0,1,0.01,0
uniform_random,6,100,1000,outside_bm25_top1000,99,0,99,0.99,0
uniform_random,7,100,1000,in_bm25_top1000,1,0,1,0.01,0
uniform_random,7,100,1000,outside_bm25_top1000,99,0,99,0.99,0
uniform_random,8,100,1000,in_bm25_top1000,1,0,1,0.01,0
uniform_random,8,100,1000,outside_bm25_top1000,99,0,99,0.99,0
uniform_random,9,100,1000,in_bm25_top1000,1,0,1,0.01,0
uniform_random,9,100,1000,outside_bm25_top1000,99,0,99,0.99,0
uniform_random,10,100,1000,in_bm25_top1000,0,0,0,0,
uniform_random,10,100,1000,outside_bm25_top1000,100,2,98,1,0.02
uniform_random,11,100,1000,in_bm25_top1000,1,1,0,0.01,1
uniform_random,11,100,1000,outside_bm25_top1000,99,1,98,0.99,0.010101010101
uniform_random,12,100,1000,in_bm25_top1000,1,1,0,0.01,1
uniform_random,12,100,1000,outside_bm25_top1000,99,0,99,0.99,0
uniform_random,13,100,1000,in_bm25_top1000,1,1,0,0.01,1
uniform_random,13,100,1000,outside_bm25_top1000,99,1,98,0.99,0.010101010101
uniform_random,14,100,1000,in_bm25_top1000,0,0,0,0,
uniform_random,14,100,1000,outside_bm25_top1000,100,1,99,1,0.01
uniform_random,15,100,1000,in_bm25_top1000,0,0,0,0,
uniform_random,15,100,1000,outside_bm25_top1000,100,2,98,1,0.02
uniform_random,16,100,1000,in_bm25_top1000,1,0,1,0.01,0
uniform_random,16,100,1000,outside_bm25_top1000,99,0,99,0.99,0
uniform_random,17,100,1000,in_bm25_top1000,0,0,0,0,
uniform_random,17,100,1000,outside_bm25_top1000,100,0,100,1,0
uniform_random,18,100,1000,in_bm25_top1000,0,0,0,0,
uniform_random,18,100,1000,outside_bm25_top1000,100,1,99,1,0.01
uniform_random,19,100,1000,in_bm25_top1000,0,0,0,0,
uniform_random,19,100,1000,outside_bm25_top1000,100,1,99,1,0.01
uniform_random,20,100,1000,in_bm25_top1000,0,0,0,0,
uniform_random,20,100,1000,outside_bm25_top1000,100,0,100,1,0
uniform_random,21,100,1000,in_bm25_top1000,0,0,0,0,
uniform_random,21,100,1000,outside_bm25_top1000,100,0,100,1,0
uniform_random,22,100,1000,in_bm25_top1000,0,0,0,0,
uniform_random,22,100,1000,outside_bm25_top1000,100,0,100,1,0
uniform_random,23,100,1000,in_bm25_top1000,0,0,0,0,
uniform_random,23,100,1000,outside_bm25_top1000,100,0,100,1,0
uniform_random,24,100,1000,in_bm25_top1000,1,0,1,0.01,0
uniform_random,24,100,1000,outside_bm25_top1000,99,1,98,0.99,0.010101010101
uniform_random,25,100,1000,in_bm25_top1000,0,0,0,0,
uniform_random,25,100,1000,outside_bm25_top1000,100,1,99,1,0.01
uniform_random,26,100,1000,in_bm25_top1000,0,0,0,0,
uniform_random,26,100,1000,outside_bm25_top1000,100,0,100,1,0
uniform_random,27,100,1000,in_bm25_top1000,1,1,0,0.01,1
uniform_random,27,100,1000,outside_bm25_top1000,99,0,99,0.99,0
uniform_random,28,100,1000,in_bm25_top1000,0,0,0,0,
uniform_random,28,100,1000,outside_bm25_top1000,100,1,99,1,0.01
uniform_random,29,100,1000,in_bm25_top1000,0,0,0,0,
uniform_random,29,100,1000,outside_bm25_top1000,100,0,100,1,0
uniform_random,30,100,1000,in_bm25_top1000,0,0,0,0,
uniform_random,30,100,1000,outside_bm25_top1000,100,0,100,1,0
uniform_random,31,100,1000,in_bm25_top1000,0,0,0,0,
uniform_random,31,100,1000,outside_bm25_top1000,100,2,98,1,0.02
uniform_random,32,100,1000,in_bm25_top1000,1,0,1,0.01,0
uniform_random,32,100,1000,outside_bm25_top1000,99,1,98,0.99,0.010101010101
uniform_random,33,100,1000,in_bm25_top1000,0,0,0,0,
uniform_random,33,100,1000,outside_bm25_top1000,100,0,100,1,0
uniform_random,34,100,1000,in_bm25_top1000,1,0,1,0.01,0
uniform_random,34,100,1000,outside_bm25_top1000,99,2,97,0.99,0.020202020202
uniform_random,35,100,1000,in_bm25_top1000,2,2,0,0.02,1
uniform_random,35,100,1000,outside_bm25_top1000,98,0,98,0.98,0
uniform_random,36,100,1000,in_bm25_top1000,1,1,0,0.01,1
uniform_random,36,100,1000,outside_bm25_top1000,99,0,99,0.99,0
uniform_random,37,100,1000,in_bm25_top1000,0,0,0,0,
uniform_random,37,100,1000,outside_bm25_top1000,100,1,99,1,0.01
uniform_random,38,100,1000,in_bm25_top1000,0,0,0,0,
uniform_random,38,100,1000,outside_bm25_top1000,100,2,98,1,0.02
uniform_random,39,100,1000,in_bm25_top1000,0,0,0,0,
uniform_random,39,100,1000,outside_bm25_top1000,100,0,100,1,0
uniform_random,40,100,1000,in_bm25_top1000,0,0,0,0,
uniform_random,40,100,1000,outside_bm25_top1000,100,1,99,1,0.01
uniform_random,41,100,1000,in_bm25_top1000,1,0,1,0.01,0
uniform_random,41,100,1000,outside_bm25_top1000,99,0,99,0.99,0
uniform_random,42,100,1000,in_bm25_top1000,0,0,0,0,
uniform_random,42,100,1000,outside_bm25_top1000,100,0,100,1,0
uniform_random,43,100,1000,in_bm25_top1000,0,0,0,0,
uniform_random,43,100,1000,outside_bm25_top1000,100,0,100,1,0
uniform_random,44,100,1000,in_bm25_top1000,0,0,0,0,
uniform_random,44,100,1000,outside_bm25_top1000,100,0,100,1,0
uniform_random,45,100,1000,in_bm25_top1000,0,0,0,0,
uniform_random,45,100,1000,outside_bm25_top1000,100,0,100,1,0
uniform_random,46,100,1000,in_bm25_top1000,1,0,1,0.01,0
uniform_random,46,100,1000,outside_bm25_top1000,99,0,99,0.99,0
uniform_random,47,100,1000,in_bm25_top1000,1,0,1,0.01,0
uniform_random,47,100,1000,outside_bm25_top1000,99,2,97,0.99,0.020202020202
uniform_random,48,100,1000,in_bm25_top1000,0,0,0,0,
uniform_random,48,100,1000,outside_bm25_top1000,100,0,100,1,0
uniform_random,49,100,1000,in_bm25_top1000,0,0,0,0,
uniform_random,49,100,1000,outside_bm25_top1000,100,1,99,1,0.01
uniform_random,50,100,1000,in_bm25_top1000,1,1,0,0.01,1
uniform_random,50,100,1000,outside_bm25_top1000,99,0,99,0.99,0
uniform_random,1,1000,1000,in_bm25_top1000,7,2,5,0.007,0.285714285714
uniform_random,1,1000,1000,outside_bm25_top1000,993,7,986,0.993,0.00704934541793
uniform_random,2,1000,1000,in_bm25_top1000,4,0,4,0.004,0
uniform_random,2,1000,1000,outside_bm25_top1000,996,6,990,0.996,0.00602409638554
uniform_random,3,1000,1000,in_bm25_top1000,3,1,2,0.003,0.333333333333
uniform_random,3,1000,1000,outside_bm25_top1000,997,6,991,0.997,0.00601805416249
uniform_random,4,1000,1000,in_bm25_top1000,5,0,5,0.005,0
uniform_random,4,1000,1000,outside_bm25_top1000,995,8,987,0.995,0.00804020100503
uniform_random,5,1000,1000,in_bm25_top1000,9,4,5,0.009,0.444444444444
uniform_random,5,1000,1000,outside_bm25_top1000,991,6,985,0.991,0.00605449041372
uniform_random,6,1000,1000,in_bm25_top1000,6,3,3,0.006,0.5
uniform_random,6,1000,1000,outside_bm25_top1000,994,7,987,0.994,0.00704225352113
uniform_random,7,1000,1000,in_bm25_top1000,3,2,1,0.003,0.666666666667
uniform_random,7,1000,1000,outside_bm25_top1000,997,7,990,0.997,0.00702106318957
uniform_random,8,1000,1000,in_bm25_top1000,6,0,6,0.006,0
uniform_random,8,1000,1000,outside_bm25_top1000,994,9,985,0.994,0.00905432595573
uniform_random,9,1000,1000,in_bm25_top1000,6,1,5,0.006,0.166666666667
uniform_random,9,1000,1000,outside_bm25_top1000,994,10,984,0.994,0.010060362173
uniform_random,10,1000,1000,in_bm25_top1000,6,4,2,0.006,0.666666666667
uniform_random,10,1000,1000,outside_bm25_top1000,994,7,987,0.994,0.00704225352113
uniform_random,11,1000,1000,in_bm25_top1000,2,1,1,0.002,0.5
uniform_random,11,1000,1000,outside_bm25_top1000,998,10,988,0.998,0.0100200400802
uniform_random,12,1000,1000,in_bm25_top1000,10,4,6,0.01,0.4
uniform_random,12,1000,1000,outside_bm25_top1000,990,5,985,0.99,0.00505050505051
uniform_random,13,1000,1000,in_bm25_top1000,8,4,4,0.008,0.5
uniform_random,13,1000,1000,outside_bm25_top1000,992,12,980,0.992,0.0120967741935
uniform_random,14,1000,1000,in_bm25_top1000,5,1,4,0.005,0.2
uniform_random,14,1000,1000,outside_bm25_top1000,995,8,987,0.995,0.00804020100503
uniform_random,15,1000,1000,in_bm25_top1000,6,3,3,0.006,0.5
uniform_random,15,1000,1000,outside_bm25_top1000,994,11,983,0.994,0.0110663983903
uniform_random,16,1000,1000,in_bm25_top1000,5,2,3,0.005,0.4
uniform_random,16,1000,1000,outside_bm25_top1000,995,6,989,0.995,0.00603015075377
uniform_random,17,1000,1000,in_bm25_top1000,7,3,4,0.007,0.428571428571
uniform_random,17,1000,1000,outside_bm25_top1000,993,2,991,0.993,0.00201409869084
uniform_random,18,1000,1000,in_bm25_top1000,5,3,2,0.005,0.6
uniform_random,18,1000,1000,outside_bm25_top1000,995,6,989,0.995,0.00603015075377
uniform_random,19,1000,1000,in_bm25_top1000,6,4,2,0.006,0.666666666667
uniform_random,19,1000,1000,outside_bm25_top1000,994,8,986,0.994,0.00804828973843
uniform_random,20,1000,1000,in_bm25_top1000,8,5,3,0.008,0.625
uniform_random,20,1000,1000,outside_bm25_top1000,992,5,987,0.992,0.00504032258065
uniform_random,21,1000,1000,in_bm25_top1000,5,1,4,0.005,0.2
uniform_random,21,1000,1000,outside_bm25_top1000,995,7,988,0.995,0.0070351758794
uniform_random,22,1000,1000,in_bm25_top1000,5,2,3,0.005,0.4
uniform_random,22,1000,1000,outside_bm25_top1000,995,10,985,0.995,0.0100502512563
uniform_random,23,1000,1000,in_bm25_top1000,2,1,1,0.002,0.5
uniform_random,23,1000,1000,outside_bm25_top1000,998,9,989,0.998,0.00901803607214
uniform_random,24,1000,1000,in_bm25_top1000,7,1,6,0.007,0.142857142857
uniform_random,24,1000,1000,outside_bm25_top1000,993,8,985,0.993,0.00805639476334
uniform_random,25,1000,1000,in_bm25_top1000,3,1,2,0.003,0.333333333333
uniform_random,25,1000,1000,outside_bm25_top1000,997,7,990,0.997,0.00702106318957
uniform_random,26,1000,1000,in_bm25_top1000,3,3,0,0.003,1
uniform_random,26,1000,1000,outside_bm25_top1000,997,4,993,0.997,0.00401203610832
uniform_random,27,1000,1000,in_bm25_top1000,5,3,2,0.005,0.6
uniform_random,27,1000,1000,outside_bm25_top1000,995,4,991,0.995,0.00402010050251
uniform_random,28,1000,1000,in_bm25_top1000,5,3,2,0.005,0.6
uniform_random,28,1000,1000,outside_bm25_top1000,995,5,990,0.995,0.00502512562814
uniform_random,29,1000,1000,in_bm25_top1000,6,4,2,0.006,0.666666666667
uniform_random,29,1000,1000,outside_bm25_top1000,994,3,991,0.994,0.00301810865191
uniform_random,30,1000,1000,in_bm25_top1000,5,0,5,0.005,0
uniform_random,30,1000,1000,outside_bm25_top1000,995,7,988,0.995,0.0070351758794
uniform_random,31,1000,1000,in_bm25_top1000,2,1,1,0.002,0.5
uniform_random,31,1000,1000,outside_bm25_top1000,998,11,987,0.998,0.0110220440882
uniform_random,32,1000,1000,in_bm25_top1000,6,1,5,0.006,0.166666666667
uniform_random,32,1000,1000,outside_bm25_top1000,994,4,990,0.994,0.00402414486922
uniform_random,33,1000,1000,in_bm25_top1000,8,3,5,0.008,0.375
uniform_random,33,1000,1000,outside_bm25_top1000,992,5,987,0.992,0.00504032258065
uniform_random,34,1000,1000,in_bm25_top1000,13,3,10,0.013,0.230769230769
uniform_random,34,1000,1000,outside_bm25_top1000,987,9,978,0.987,0.00911854103343
uniform_random,35,1000,1000,in_bm25_top1000,10,3,7,0.01,0.3
uniform_random,35,1000,1000,outside_bm25_top1000,990,2,988,0.99,0.0020202020202
uniform_random,36,1000,1000,in_bm25_top1000,5,4,1,0.005,0.8
uniform_random,36,1000,1000,outside_bm25_top1000,995,4,991,0.995,0.00402010050251
uniform_random,37,1000,1000,in_bm25_top1000,7,4,3,0.007,0.571428571429
uniform_random,37,1000,1000,outside_bm25_top1000,993,4,989,0.993,0.00402819738167
uniform_random,38,1000,1000,in_bm25_top1000,4,1,3,0.004,0.25
uniform_random,38,1000,1000,outside_bm25_top1000,996,11,985,0.996,0.0110441767068
uniform_random,39,1000,1000,in_bm25_top1000,5,5,0,0.005,1
uniform_random,39,1000,1000,outside_bm25_top1000,995,2,993,0.995,0.00201005025126
uniform_random,40,1000,1000,in_bm25_top1000,6,2,4,0.006,0.333333333333
uniform_random,40,1000,1000,outside_bm25_top1000,994,3,991,0.994,0.00301810865191
uniform_random,41,1000,1000,in_bm25_top1000,8,2,6,0.008,0.25
uniform_random,41,1000,1000,outside_bm25_top1000,992,2,990,0.992,0.00201612903226
uniform_random,42,1000,1000,in_bm25_top1000,7,3,4,0.007,0.428571428571
uniform_random,42,1000,1000,outside_bm25_top1000,993,0,993,0.993,0
uniform_random,43,1000,1000,in_bm25_top1000,2,0,2,0.002,0
uniform_random,43,1000,1000,outside_bm25_top1000,998,3,995,0.998,0.00300601202405
uniform_random,44,1000,1000,in_bm25_top1000,8,3,5,0.008,0.375
uniform_random,44,1000,1000,outside_bm25_top1000,992,4,988,0.992,0.00403225806452
uniform_random,45,1000,1000,in_bm25_top1000,11,7,4,0.011,0.636363636364
uniform_random,45,1000,1000,outside_bm25_top1000,989,1,988,0.989,0.0010111223458
uniform_random,46,1000,1000,in_bm25_top1000,6,0,6,0.006,0
uniform_random,46,1000,1000,outside_bm25_top1000,994,1,993,0.994,0.0010060362173
uniform_random,47,1000,1000,in_bm25_top1000,6,0,6,0.006,0
uniform_random,47,1000,1000,outside_bm25_top1000,994,5,989,0.994,0.00503018108652
uniform_random,48,1000,1000,in_bm25_top1000,8,3,5,0.008,0.375
uniform_random,48,1000,1000,outside_bm25_top1000,992,1,991,0.992,0.00100806451613
uniform_random,49,1000,1000,in_bm25_top1000,8,2,6,0.008,0.25
uniform_random,49,1000,1000,outside_bm25_top1000,992,4,988,0.992,0.00403225806452
uniform_random,50,1000,1000,in_bm25_top1000,7,4,3,0.007,0.571428571429
uniform_random,50,1000,1000,outside_bm25_top1000,993,5,988,0.993,0.00503524672709
direct_mmr,1,20,1000,in_bm25_top1000,16,2,14,0.8,0.125
direct_mmr,1,20,1000,outside_bm25_top1000,4,0,4,0.2,0
direct_mmr,2,20,1000,in_bm25_top1000,16,5,11,0.8,0.3125
direct_mmr,2,20,1000,outside_bm25_top1000,4,1,3,0.2,0.25
direct_mmr,3,20,1000,in_bm25_top1000,11,2,9,0.55,0.181818181818
direct_mmr,3,20,1000,outside_bm25_top1000,9,0,9,0.45,0
direct_mmr,4,20,1000,in_bm25_top1000,11,2,9,0.55,0.181818181818
direct_mmr,4,20,1000,outside_bm25_top1000,9,1,8,0.45,0.111111111111
direct_mmr,5,20,1000,in_bm25_top1000,6,0,6,0.3,0
direct_mmr,5,20,1000,outside_bm25_top1000,14,2,12,0.7,0.142857142857
direct_mmr,6,20,1000,in_bm25_top1000,12,1,11,0.6,0.0833333333333
direct_mmr,6,20,1000,outside_bm25_top1000,8,0,8,0.4,0
direct_mmr,7,20,1000,in_bm25_top1000,7,1,6,0.35,0.142857142857
direct_mmr,7,20,1000,outside_bm25_top1000,13,1,12,0.65,0.0769230769231
direct_mmr,8,20,1000,in_bm25_top1000,12,1,11,0.6,0.0833333333333
direct_mmr,8,20,1000,outside_bm25_top1000,8,1,7,0.4,0.125
direct_mmr,9,20,1000,in_bm25_top1000,19,2,17,0.95,0.105263157895
direct_mmr,9,20,1000,outside_bm25_top1000,1,0,1,0.05,0
direct_mmr,10,20,1000,in_bm25_top1000,4,2,2,0.2,0.5
direct_mmr,10,20,1000,outside_bm25_top1000,16,0,16,0.8,0
direct_mmr,11,20,1000,in_bm25_top1000,10,3,7,0.5,0.3
direct_mmr,11,20,1000,outside_bm25_top1000,10,0,10,0.5,0
direct_mmr,12,20,1000,in_bm25_top1000,11,3,8,0.55,0.272727272727
direct_mmr,12,20,1000,outside_bm25_top1000,9,1,8,0.45,0.111111111111
direct_mmr,13,20,1000,in_bm25_top1000,10,3,7,0.5,0.3
direct_mmr,13,20,1000,outside_bm25_top1000,10,0,10,0.5,0
direct_mmr,14,20,1000,in_bm25_top1000,12,6,6,0.6,0.5
direct_mmr,14,20,1000,outside_bm25_top1000,8,0,8,0.4,0
direct_mmr,15,20,1000,in_bm25_top1000,10,4,6,0.5,0.4
direct_mmr,15,20,1000,outside_bm25_top1000,10,2,8,0.5,0.2
direct_mmr,16,20,1000,in_bm25_top1000,13,4,9,0.65,0.307692307692
direct_mmr,16,20,1000,outside_bm25_top1000,7,0,7,0.35,0
direct_mmr,17,20,1000,in_bm25_top1000,12,2,10,0.6,0.166666666667
direct_mmr,17,20,1000,outside_bm25_top1000,8,0,8,0.4,0
direct_mmr,18,20,1000,in_bm25_top1000,6,2,4,0.3,0.333333333333
direct_mmr,18,20,1000,outside_bm25_top1000,14,0,14,0.7,0
direct_mmr,19,20,1000,in_bm25_top1000,12,3,9,0.6,0.25
direct_mmr,19,20,1000,outside_bm25_top1000,8,2,6,0.4,0.25
direct_mmr,20,20,1000,in_bm25_top1000,5,2,3,0.25,0.4
direct_mmr,20,20,1000,outside_bm25_top1000,15,1,14,0.75,0.0666666666667
direct_mmr,21,20,1000,in_bm25_top1000,8,0,8,0.4,0
direct_mmr,21,20,1000,outside_bm25_top1000,12,0,12,0.6,0
direct_mmr,22,20,1000,in_bm25_top1000,17,3,14,0.85,0.176470588235
direct_mmr,22,20,1000,outside_bm25_top1000,3,0,3,0.15,0
direct_mmr,23,20,1000,in_bm25_top1000,13,1,12,0.65,0.0769230769231
direct_mmr,23,20,1000,outside_bm25_top1000,7,0,7,0.35,0
direct_mmr,24,20,1000,in_bm25_top1000,10,1,9,0.5,0.1
direct_mmr,24,20,1000,outside_bm25_top1000,10,0,10,0.5,0
direct_mmr,25,20,1000,in_bm25_top1000,8,2,6,0.4,0.25
direct_mmr,25,20,1000,outside_bm25_top1000,12,2,10,0.6,0.166666666667
direct_mmr,26,20,1000,in_bm25_top1000,9,0,9,0.45,0
direct_mmr,26,20,1000,outside_bm25_top1000,11,0,11,0.55,0
direct_mmr,27,20,1000,in_bm25_top1000,11,3,8,0.55,0.272727272727
direct_mmr,27,20,1000,outside_bm25_top1000,9,1,8,0.45,0.111111111111
direct_mmr,28,20,1000,in_bm25_top1000,7,0,7,0.35,0
direct_mmr,28,20,1000,outside_bm25_top1000,13,0,13,0.65,0
direct_mmr,29,20,1000,in_bm25_top1000,11,2,9,0.55,0.181818181818
direct_mmr,29,20,1000,outside_bm25_top1000,9,0,9,0.45,0
direct_mmr,30,20,1000,in_bm25_top1000,9,4,5,0.45,0.444444444444
direct_mmr,30,20,1000,outside_bm25_top1000,11,0,11,0.55,0
direct_mmr,31,20,1000,in_bm25_top1000,17,1,16,0.85,0.0588235294118
direct_mmr,31,20,1000,outside_bm25_top1000,3,0,3,0.15,0
direct_mmr,32,20,1000,in_bm25_top1000,5,4,1,0.25,0.8
direct_mmr,32,20,1000,outside_bm25_top1000,15,0,15,0.75,0
direct_mmr,33,20,1000,in_bm25_top1000,5,1,4,0.25,0.2
direct_mmr,33,20,1000,outside_bm25_top1000,15,2,13,0.75,0.133333333333
direct_mmr,34,20,1000,in_bm25_top1000,12,2,10,0.6,0.166666666667
direct_mmr,34,20,1000,outside_bm25_top1000,8,0,8,0.4,0
direct_mmr,35,20,1000,in_bm25_top1000,15,6,9,0.75,0.4
direct_mmr,35,20,1000,outside_bm25_top1000,5,2,3,0.25,0.4
direct_mmr,36,20,1000,in_bm25_top1000,3,2,1,0.15,0.666666666667
direct_mmr,36,20,1000,outside_bm25_top1000,17,0,17,0.85,0
direct_mmr,37,20,1000,in_bm25_top1000,7,3,4,0.35,0.428571428571
direct_mmr,37,20,1000,outside_bm25_top1000,13,0,13,0.65,0
direct_mmr,38,20,1000,in_bm25_top1000,10,2,8,0.5,0.2
direct_mmr,38,20,1000,outside_bm25_top1000,10,1,9,0.5,0.1
direct_mmr,39,20,1000,in_bm25_top1000,3,2,1,0.15,0.666666666667
direct_mmr,39,20,1000,outside_bm25_top1000,17,0,17,0.85,0
direct_mmr,40,20,1000,in_bm25_top1000,12,5,7,0.6,0.416666666667
direct_mmr,40,20,1000,outside_bm25_top1000,8,0,8,0.4,0
direct_mmr,41,20,1000,in_bm25_top1000,13,4,9,0.65,0.307692307692
direct_mmr,41,20,1000,outside_bm25_top1000,7,0,7,0.35,0
direct_mmr,42,20,1000,in_bm25_top1000,16,3,13,0.8,0.1875
direct_mmr,42,20,1000,outside_bm25_top1000,4,0,4,0.2,0
direct_mmr,43,20,1000,in_bm25_top1000,10,5,5,0.5,0.5
direct_mmr,43,20,1000,outside_bm25_top1000,10,0,10,0.5,0
direct_mmr,44,20,1000,in_bm25_top1000,9,1,8,0.45,0.111111111111
direct_mmr,44,20,1000,outside_bm25_top1000,11,2,9,0.55,0.181818181818
direct_mmr,45,20,1000,in_bm25_top1000,2,2,0,0.1,1
direct_mmr,45,20,1000,outside_bm25_top1000,18,1,17,0.9,0.0555555555556
direct_mmr,46,20,1000,in_bm25_top1000,15,4,11,0.75,0.266666666667
direct_mmr,46,20,1000,outside_bm25_top1000,5,0,5,0.25,0
direct_mmr,47,20,1000,in_bm25_top1000,15,2,13,0.75,0.133333333333
direct_mmr,47,20,1000,outside_bm25_top1000,5,0,5,0.25,0
direct_mmr,48,20,1000,in_bm25_top1000,11,4,7,0.55,0.363636363636
direct_mmr,48,20,1000,outside_bm25_top1000,9,0,9,0.45,0
direct_mmr,49,20,1000,in_bm25_top1000,4,1,3,0.2,0.25
direct_mmr,49,20,1000,outside_bm25_top1000,16,0,16,0.8,0
direct_mmr,50,20,1000,in_bm25_top1000,6,4,2,0.3,0.666666666667
direct_mmr,50,20,1000,outside_bm25_top1000,14,2,12,0.7,0.142857142857
direct_mmr,1,50,1000,in_bm25_top1000,31,2,29,0.62,0.0645161290323
direct_mmr,1,50,1000,outside_bm25_top1000,19,0,19,0.38,0
direct_mmr,2,50,1000,in_bm25_top1000,28,9,19,0.56,0.321428571429
direct_mmr,2,50,1000,outside_bm25_top1000,22,3,19,0.44,0.136363636364
direct_mmr,3,50,1000,in_bm25_top1000,21,3,18,0.42,0.142857142857
direct_mmr,3,50,1000,outside_bm25_top1000,29,4,25,0.58,0.137931034483
direct_mmr,4,50,1000,in_bm25_top1000,24,3,21,0.48,0.125
direct_mmr,4,50,1000,outside_bm25_top1000,26,2,24,0.52,0.0769230769231
direct_mmr,5,50,1000,in_bm25_top1000,9,0,9,0.18,0
direct_mmr,5,50,1000,outside_bm25_top1000,41,5,36,0.82,0.121951219512
direct_mmr,6,50,1000,in_bm25_top1000,25,5,20,0.5,0.2
direct_mmr,6,50,1000,outside_bm25_top1000,25,0,25,0.5,0
direct_mmr,7,50,1000,in_bm25_top1000,15,3,12,0.3,0.2
direct_mmr,7,50,1000,outside_bm25_top1000,35,2,33,0.7,0.0571428571429
direct_mmr,8,50,1000,in_bm25_top1000,28,4,24,0.56,0.142857142857
direct_mmr,8,50,1000,outside_bm25_top1000,22,1,21,0.44,0.0454545454545
direct_mmr,9,50,1000,in_bm25_top1000,41,7,34,0.82,0.170731707317
direct_mmr,9,50,1000,outside_bm25_top1000,9,1,8,0.18,0.111111111111
direct_mmr,10,50,1000,in_bm25_top1000,8,3,5,0.16,0.375
direct_mmr,10,50,1000,outside_bm25_top1000,42,0,42,0.84,0
direct_mmr,11,50,1000,in_bm25_top1000,18,6,12,0.36,0.333333333333
direct_mmr,11,50,1000,outside_bm25_top1000,32,2,30,0.64,0.0625
direct_mmr,12,50,1000,in_bm25_top1000,21,4,17,0.42,0.190476190476
direct_mmr,12,50,1000,outside_bm25_top1000,29,3,26,0.58,0.103448275862
direct_mmr,13,50,1000,in_bm25_top1000,18,5,13,0.36,0.277777777778
direct_mmr,13,50,1000,outside_bm25_top1000,32,4,28,0.64,0.125
direct_mmr,14,50,1000,in_bm25_top1000,23,12,11,0.46,0.521739130435
direct_mmr,14,50,1000,outside_bm25_top1000,27,0,27,0.54,0
direct_mmr,15,50,1000,in_bm25_top1000,18,7,11,0.36,0.388888888889
direct_mmr,15,50,1000,outside_bm25_top1000,32,3,29,0.64,0.09375
direct_mmr,16,50,1000,in_bm25_top1000,23,6,17,0.46,0.260869565217
direct_mmr,16,50,1000,outside_bm25_top1000,27,2,25,0.54,0.0740740740741
direct_mmr,17,50,1000,in_bm25_top1000,20,2,18,0.4,0.1
direct_mmr,17,50,1000,outside_bm25_top1000,30,1,29,0.6,0.0333333333333
direct_mmr,18,50,1000,in_bm25_top1000,19,6,13,0.38,0.315789473684
direct_mmr,18,50,1000,outside_bm25_top1000,31,2,29,0.62,0.0645161290323
direct_mmr,19,50,1000,in_bm25_top1000,28,5,23,0.56,0.178571428571
direct_mmr,19,50,1000,outside_bm25_top1000,22,4,18,0.44,0.181818181818
direct_mmr,20,50,1000,in_bm25_top1000,16,4,12,0.32,0.25
direct_mmr,20,50,1000,outside_bm25_top1000,34,3,31,0.68,0.0882352941176
direct_mmr,21,50,1000,in_bm25_top1000,13,1,12,0.26,0.0769230769231
direct_mmr,21,50,1000,outside_bm25_top1000,37,0,37,0.74,0
direct_mmr,22,50,1000,in_bm25_top1000,24,3,21,0.48,0.125
direct_mmr,22,50,1000,outside_bm25_top1000,26,2,24,0.52,0.0769230769231
direct_mmr,23,50,1000,in_bm25_top1000,23,1,22,0.46,0.0434782608696
direct_mmr,23,50,1000,outside_bm25_top1000,27,3,24,0.54,0.111111111111
direct_mmr,24,50,1000,in_bm25_top1000,22,3,19,0.44,0.136363636364
direct_mmr,24,50,1000,outside_bm25_top1000,28,0,28,0.56,0
direct_mmr,25,50,1000,in_bm25_top1000,13,2,11,0.26,0.153846153846
direct_mmr,25,50,1000,outside_bm25_top1000,37,5,32,0.74,0.135135135135
direct_mmr,26,50,1000,in_bm25_top1000,18,1,17,0.36,0.0555555555556
direct_mmr,26,50,1000,outside_bm25_top1000,32,1,31,0.64,0.03125
direct_mmr,27,50,1000,in_bm25_top1000,16,4,12,0.32,0.25
direct_mmr,27,50,1000,outside_bm25_top1000,34,2,32,0.68,0.0588235294118
direct_mmr,28,50,1000,in_bm25_top1000,9,0,9,0.18,0
direct_mmr,28,50,1000,outside_bm25_top1000,41,0,41,0.82,0
direct_mmr,29,50,1000,in_bm25_top1000,16,3,13,0.32,0.1875
direct_mmr,29,50,1000,outside_bm25_top1000,34,0,34,0.68,0
direct_mmr,30,50,1000,in_bm25_top1000,18,4,14,0.36,0.222222222222
direct_mmr,30,50,1000,outside_bm25_top1000,32,1,31,0.64,0.03125
direct_mmr,31,50,1000,in_bm25_top1000,38,5,33,0.76,0.131578947368
direct_mmr,31,50,1000,outside_bm25_top1000,12,1,11,0.24,0.0833333333333
direct_mmr,32,50,1000,in_bm25_top1000,9,5,4,0.18,0.555555555556
direct_mmr,32,50,1000,outside_bm25_top1000,41,1,40,0.82,0.0243902439024
direct_mmr,33,50,1000,in_bm25_top1000,10,2,8,0.2,0.2
direct_mmr,33,50,1000,outside_bm25_top1000,40,2,38,0.8,0.05
direct_mmr,34,50,1000,in_bm25_top1000,26,6,20,0.52,0.230769230769
direct_mmr,34,50,1000,outside_bm25_top1000,24,1,23,0.48,0.0416666666667
direct_mmr,35,50,1000,in_bm25_top1000,25,8,17,0.5,0.32
direct_mmr,35,50,1000,outside_bm25_top1000,25,3,22,0.5,0.12
direct_mmr,36,50,1000,in_bm25_top1000,8,3,5,0.16,0.375
direct_mmr,36,50,1000,outside_bm25_top1000,42,1,41,0.84,0.0238095238095
direct_mmr,37,50,1000,in_bm25_top1000,13,7,6,0.26,0.538461538462
direct_mmr,37,50,1000,outside_bm25_top1000,37,2,35,0.74,0.0540540540541
direct_mmr,38,50,1000,in_bm25_top1000,20,7,13,0.4,0.35
direct_mmr,38,50,1000,outside_bm25_top1000,30,3,27,0.6,0.1
direct_mmr,39,50,1000,in_bm25_top1000,10,5,5,0.2,0.5
direct_mmr,39,50,1000,outside_bm25_top1000,40,1,39,0.8,0.025
direct_mmr,40,50,1000,in_bm25_top1000,28,9,19,0.56,0.321428571429
direct_mmr,40,50,1000,outside_bm25_top1000,22,1,21,0.44,0.0454545454545
direct_mmr,41,50,1000,in_bm25_top1000,27,7,20,0.54,0.259259259259
direct_mmr,41,50,1000,outside_bm25_top1000,23,1,22,0.46,0.0434782608696
direct_mmr,42,50,1000,in_bm25_top1000,29,4,25,0.58,0.137931034483
direct_mmr,42,50,1000,outside_bm25_top1000,21,0,21,0.42,0
direct_mmr,43,50,1000,in_bm25_top1000,23,11,12,0.46,0.478260869565
direct_mmr,43,50,1000,outside_bm25_top1000,27,2,25,0.54,0.0740740740741
direct_mmr,44,50,1000,in_bm25_top1000,17,3,14,0.34,0.176470588235
direct_mmr,44,50,1000,outside_bm25_top1000,33,4,29,0.66,0.121212121212
direct_mmr,45,50,1000,in_bm25_top1000,6,4,2,0.12,0.666666666667
direct_mmr,45,50,1000,outside_bm25_top1000,44,2,42,0.88,0.0454545454545
direct_mmr,46,50,1000,in_bm25_top1000,27,8,19,0.54,0.296296296296
direct_mmr,46,50,1000,outside_bm25_top1000,23,2,21,0.46,0.0869565217391
direct_mmr,47,50,1000,in_bm25_top1000,27,6,21,0.54,0.222222222222
direct_mmr,47,50,1000,outside_bm25_top1000,23,0,23,0.46,0
direct_mmr,48,50,1000,in_bm25_top1000,19,7,12,0.38,0.368421052632
direct_mmr,48,50,1000,outside_bm25_top1000,31,1,30,0.62,0.0322580645161
direct_mmr,49,50,1000,in_bm25_top1000,9,3,6,0.18,0.333333333333
direct_mmr,49,50,1000,outside_bm25_top1000,41,3,38,0.82,0.0731707317073
direct_mmr,50,50,1000,in_bm25_top1000,10,5,5,0.2,0.5
direct_mmr,50,50,1000,outside_bm25_top1000,40,6,34,0.8,0.15
direct_mmr,1,100,1000,in_bm25_top1000,49,4,45,0.49,0.0816326530612
direct_mmr,1,100,1000,outside_bm25_top1000,51,2,49,0.51,0.0392156862745
direct_mmr,2,100,1000,in_bm25_top1000,42,12,30,0.42,0.285714285714
direct_mmr,2,100,1000,outside_bm25_top1000,58,6,52,0.58,0.103448275862
direct_mmr,3,100,1000,in_bm25_top1000,37,6,31,0.37,0.162162162162
direct_mmr,3,100,1000,outside_bm25_top1000,63,9,54,0.63,0.142857142857
direct_mmr,4,100,1000,in_bm25_top1000,39,6,33,0.39,0.153846153846
direct_mmr,4,100,1000,outside_bm25_top1000,61,4,57,0.61,0.0655737704918
direct_mmr,5,100,1000,in_bm25_top1000,16,3,13,0.16,0.1875
direct_mmr,5,100,1000,outside_bm25_top1000,84,9,75,0.84,0.107142857143
direct_mmr,6,100,1000,in_bm25_top1000,37,8,29,0.37,0.216216216216
direct_mmr,6,100,1000,outside_bm25_top1000,63,3,60,0.63,0.047619047619
direct_mmr,7,100,1000,in_bm25_top1000,20,4,16,0.2,0.2
direct_mmr,7,100,1000,outside_bm25_top1000,80,4,76,0.8,0.05
direct_mmr,8,100,1000,in_bm25_top1000,40,7,33,0.4,0.175
direct_mmr,8,100,1000,outside_bm25_top1000,60,3,57,0.6,0.05
direct_mmr,9,100,1000,in_bm25_top1000,68,9,59,0.68,0.132352941176
direct_mmr,9,100,1000,outside_bm25_top1000,32,2,30,0.32,0.0625
direct_mmr,10,100,1000,in_bm25_top1000,21,6,15,0.21,0.285714285714
direct_mmr,10,100,1000,outside_bm25_top1000,79,4,75,0.79,0.0506329113924
direct_mmr,11,100,1000,in_bm25_top1000,30,8,22,0.3,0.266666666667
direct_mmr,11,100,1000,outside_bm25_top1000,70,4,66,0.7,0.0571428571429
direct_mmr,12,100,1000,in_bm25_top1000,35,6,29,0.35,0.171428571429
direct_mmr,12,100,1000,outside_bm25_top1000,65,9,56,0.65,0.138461538462
direct_mmr,13,100,1000,in_bm25_top1000,31,8,23,0.31,0.258064516129
direct_mmr,13,100,1000,outside_bm25_top1000,69,6,63,0.69,0.0869565217391
direct_mmr,14,100,1000,in_bm25_top1000,36,20,16,0.36,0.555555555556
direct_mmr,14,100,1000,outside_bm25_top1000,64,1,63,0.64,0.015625
direct_mmr,15,100,1000,in_bm25_top1000,34,10,24,0.34,0.294117647059
direct_mmr,15,100,1000,outside_bm25_top1000,66,5,61,0.66,0.0757575757576
direct_mmr,16,100,1000,in_bm25_top1000,41,11,30,0.41,0.268292682927
direct_mmr,16,100,1000,outside_bm25_top1000,59,5,54,0.59,0.0847457627119
direct_mmr,17,100,1000,in_bm25_top1000,36,6,30,0.36,0.166666666667
direct_mmr,17,100,1000,outside_bm25_top1000,64,4,60,0.64,0.0625
direct_mmr,18,100,1000,in_bm25_top1000,30,11,19,0.3,0.366666666667
direct_mmr,18,100,1000,outside_bm25_top1000,70,3,67,0.7,0.0428571428571
direct_mmr,19,100,1000,in_bm25_top1000,42,11,31,0.42,0.261904761905
direct_mmr,19,100,1000,outside_bm25_top1000,58,4,54,0.58,0.0689655172414
direct_mmr,20,100,1000,in_bm25_top1000,23,9,14,0.23,0.391304347826
direct_mmr,20,100,1000,outside_bm25_top1000,77,4,73,0.77,0.0519480519481
direct_mmr,21,100,1000,in_bm25_top1000,21,3,18,0.21,0.142857142857
direct_mmr,21,100,1000,outside_bm25_top1000,79,2,77,0.79,0.0253164556962
direct_mmr,22,100,1000,in_bm25_top1000,33,5,28,0.33,0.151515151515
direct_mmr,22,100,1000,outside_bm25_top1000,67,3,64,0.67,0.044776119403
direct_mmr,23,100,1000,in_bm25_top1000,32,3,29,0.32,0.09375
direct_mmr,23,100,1000,outside_bm25_top1000,68,6,62,0.68,0.0882352941176
direct_mmr,24,100,1000,in_bm25_top1000,30,6,24,0.3,0.2
direct_mmr,24,100,1000,outside_bm25_top1000,70,4,66,0.7,0.0571428571429
direct_mmr,25,100,1000,in_bm25_top1000,21,4,17,0.21,0.190476190476
direct_mmr,25,100,1000,outside_bm25_top1000,79,9,70,0.79,0.113924050633
direct_mmr,26,100,1000,in_bm25_top1000,28,3,25,0.28,0.107142857143
direct_mmr,26,100,1000,outside_bm25_top1000,72,3,69,0.72,0.0416666666667
direct_mmr,27,100,1000,in_bm25_top1000,30,4,26,0.3,0.133333333333
direct_mmr,27,100,1000,outside_bm25_top1000,70,5,65,0.7,0.0714285714286
direct_mmr,28,100,1000,in_bm25_top1000,13,0,13,0.13,0
direct_mmr,28,100,1000,outside_bm25_top1000,87,1,86,0.87,0.0114942528736
direct_mmr,29,100,1000,in_bm25_top1000,27,8,19,0.27,0.296296296296
direct_mmr,29,100,1000,outside_bm25_top1000,73,5,68,0.73,0.0684931506849
direct_mmr,30,100,1000,in_bm25_top1000,27,6,21,0.27,0.222222222222
direct_mmr,30,100,1000,outside_bm25_top1000,73,1,72,0.73,0.013698630137
direct_mmr,31,100,1000,in_bm25_top1000,59,10,49,0.59,0.169491525424
direct_mmr,31,100,1000,outside_bm25_top1000,41,2,39,0.41,0.0487804878049
direct_mmr,32,100,1000,in_bm25_top1000,17,5,12,0.17,0.294117647059
direct_mmr,32,100,1000,outside_bm25_top1000,83,1,82,0.83,0.0120481927711
direct_mmr,33,100,1000,in_bm25_top1000,21,5,16,0.21,0.238095238095
direct_mmr,33,100,1000,outside_bm25_top1000,79,3,76,0.79,0.0379746835443
direct_mmr,34,100,1000,in_bm25_top1000,38,8,30,0.38,0.210526315789
direct_mmr,34,100,1000,outside_bm25_top1000,62,3,59,0.62,0.0483870967742
direct_mmr,35,100,1000,in_bm25_top1000,38,11,27,0.38,0.289473684211
direct_mmr,35,100,1000,outside_bm25_top1000,62,6,56,0.62,0.0967741935484
direct_mmr,36,100,1000,in_bm25_top1000,15,7,8,0.15,0.466666666667
direct_mmr,36,100,1000,outside_bm25_top1000,85,3,82,0.85,0.0352941176471
direct_mmr,37,100,1000,in_bm25_top1000,21,9,12,0.21,0.428571428571
direct_mmr,37,100,1000,outside_bm25_top1000,79,7,72,0.79,0.0886075949367
direct_mmr,38,100,1000,in_bm25_top1000,41,16,25,0.41,0.390243902439
direct_mmr,38,100,1000,outside_bm25_top1000,59,8,51,0.59,0.135593220339
direct_mmr,39,100,1000,in_bm25_top1000,22,12,10,0.22,0.545454545455
direct_mmr,39,100,1000,outside_bm25_top1000,78,3,75,0.78,0.0384615384615
direct_mmr,40,100,1000,in_bm25_top1000,43,14,29,0.43,0.325581395349
direct_mmr,40,100,1000,outside_bm25_top1000,57,3,54,0.57,0.0526315789474
direct_mmr,41,100,1000,in_bm25_top1000,38,11,27,0.38,0.289473684211
direct_mmr,41,100,1000,outside_bm25_top1000,62,1,61,0.62,0.0161290322581
direct_mmr,42,100,1000,in_bm25_top1000,38,10,28,0.38,0.263157894737
direct_mmr,42,100,1000,outside_bm25_top1000,62,1,61,0.62,0.0161290322581
direct_mmr,43,100,1000,in_bm25_top1000,37,21,16,0.37,0.567567567568
direct_mmr,43,100,1000,outside_bm25_top1000,63,3,60,0.63,0.047619047619
direct_mmr,44,100,1000,in_bm25_top1000,22,4,18,0.22,0.181818181818
direct_mmr,44,100,1000,outside_bm25_top1000,78,10,68,0.78,0.128205128205
direct_mmr,45,100,1000,in_bm25_top1000,16,8,8,0.16,0.5
direct_mmr,45,100,1000,outside_bm25_top1000,84,6,78,0.84,0.0714285714286
direct_mmr,46,100,1000,in_bm25_top1000,38,13,25,0.38,0.342105263158
direct_mmr,46,100,1000,outside_bm25_top1000,62,2,60,0.62,0.0322580645161
direct_mmr,47,100,1000,in_bm25_top1000,40,9,31,0.4,0.225
direct_mmr,47,100,1000,outside_bm25_top1000,60,1,59,0.6,0.0166666666667
direct_mmr,48,100,1000,in_bm25_top1000,40,15,25,0.4,0.375
direct_mmr,48,100,1000,outside_bm25_top1000,60,5,55,0.6,0.0833333333333
direct_mmr,49,100,1000,in_bm25_top1000,21,5,16,0.21,0.238095238095
direct_mmr,49,100,1000,outside_bm25_top1000,79,4,75,0.79,0.0506329113924
direct_mmr,50,100,1000,in_bm25_top1000,23,11,12,0.23,0.478260869565
direct_mmr,50,100,1000,outside_bm25_top1000,77,7,70,0.77,0.0909090909091
direct_mmr,1,1000,1000,in_bm25_top1000,231,51,180,0.231,0.220779220779
direct_mmr,1,1000,1000,outside_bm25_top1000,769,31,738,0.769,0.0403120936281
direct_mmr,2,1000,1000,in_bm25_top1000,171,58,113,0.171,0.33918128655
direct_mmr,2,1000,1000,outside_bm25_top1000,829,60,769,0.829,0.0723763570567
direct_mmr,3,1000,1000,in_bm25_top1000,241,63,178,0.241,0.261410788382
direct_mmr,3,1000,1000,outside_bm25_top1000,759,63,696,0.759,0.0830039525692
direct_mmr,4,1000,1000,in_bm25_top1000,210,54,156,0.21,0.257142857143
direct_mmr,4,1000,1000,outside_bm25_top1000,790,58,732,0.79,0.073417721519
direct_mmr,5,1000,1000,in_bm25_top1000,184,69,115,0.184,0.375
direct_mmr,5,1000,1000,outside_bm25_top1000,816,75,741,0.816,0.0919117647059
direct_mmr,6,1000,1000,in_bm25_top1000,213,61,152,0.213,0.286384976526
direct_mmr,6,1000,1000,outside_bm25_top1000,787,63,724,0.787,0.0800508259212
direct_mmr,7,1000,1000,in_bm25_top1000,176,72,104,0.176,0.409090909091
direct_mmr,7,1000,1000,outside_bm25_top1000,824,55,769,0.824,0.0667475728155
direct_mmr,8,1000,1000,in_bm25_top1000,189,44,145,0.189,0.232804232804
direct_mmr,8,1000,1000,outside_bm25_top1000,811,65,746,0.811,0.0801479654747
direct_mmr,9,1000,1000,in_bm25_top1000,339,103,236,0.339,0.30383480826
direct_mmr,9,1000,1000,outside_bm25_top1000,661,34,627,0.661,0.0514372163389
direct_mmr,10,1000,1000,in_bm25_top1000,258,102,156,0.258,0.395348837209
direct_mmr,10,1000,1000,outside_bm25_top1000,742,54,688,0.742,0.0727762803235
direct_mmr,11,1000,1000,in_bm25_top1000,218,76,142,0.218,0.348623853211
direct_mmr,11,1000,1000,outside_bm25_top1000,782,44,738,0.782,0.0562659846547
direct_mmr,12,1000,1000,in_bm25_top1000,215,52,163,0.215,0.241860465116
direct_mmr,12,1000,1000,outside_bm25_top1000,785,74,711,0.785,0.0942675159236
direct_mmr,13,1000,1000,in_bm25_top1000,231,66,165,0.231,0.285714285714
direct_mmr,13,1000,1000,outside_bm25_top1000,769,82,687,0.769,0.106631989597
direct_mmr,14,1000,1000,in_bm25_top1000,141,72,69,0.141,0.510638297872
direct_mmr,14,1000,1000,outside_bm25_top1000,859,17,842,0.859,0.0197904540163
direct_mmr,15,1000,1000,in_bm25_top1000,146,38,108,0.146,0.260273972603
direct_mmr,15,1000,1000,outside_bm25_top1000,854,58,796,0.854,0.0679156908665
direct_mmr,16,1000,1000,in_bm25_top1000,204,63,141,0.204,0.308823529412
direct_mmr,16,1000,1000,outside_bm25_top1000,796,81,715,0.796,0.10175879397
direct_mmr,17,1000,1000,in_bm25_top1000,234,54,180,0.234,0.230769230769
direct_mmr,17,1000,1000,outside_bm25_top1000,766,45,721,0.766,0.0587467362924
direct_mmr,18,1000,1000,in_bm25_top1000,259,125,134,0.259,0.482625482625
direct_mmr,18,1000,1000,outside_bm25_top1000,741,60,681,0.741,0.080971659919
direct_mmr,19,1000,1000,in_bm25_top1000,241,83,158,0.241,0.344398340249
direct_mmr,19,1000,1000,outside_bm25_top1000,759,54,705,0.759,0.0711462450593
direct_mmr,20,1000,1000,in_bm25_top1000,269,128,141,0.269,0.475836431227
direct_mmr,20,1000,1000,outside_bm25_top1000,731,48,683,0.731,0.0656634746922
direct_mmr,21,1000,1000,in_bm25_top1000,196,51,145,0.196,0.260204081633
direct_mmr,21,1000,1000,outside_bm25_top1000,804,44,760,0.804,0.0547263681592
direct_mmr,22,1000,1000,in_bm25_top1000,246,55,191,0.246,0.223577235772
direct_mmr,22,1000,1000,outside_bm25_top1000,754,53,701,0.754,0.0702917771883
direct_mmr,23,1000,1000,in_bm25_top1000,238,50,188,0.238,0.210084033613
direct_mmr,23,1000,1000,outside_bm25_top1000,762,49,713,0.762,0.0643044619423
direct_mmr,24,1000,1000,in_bm25_top1000,265,93,172,0.265,0.350943396226
direct_mmr,24,1000,1000,outside_bm25_top1000,735,49,686,0.735,0.0666666666667
direct_mmr,25,1000,1000,in_bm25_top1000,185,66,119,0.185,0.356756756757
direct_mmr,25,1000,1000,outside_bm25_top1000,815,99,716,0.815,0.121472392638
direct_mmr,26,1000,1000,in_bm25_top1000,201,50,151,0.201,0.248756218905
direct_mmr,26,1000,1000,outside_bm25_top1000,799,66,733,0.799,0.0826032540676
direct_mmr,27,1000,1000,in_bm25_top1000,205,78,127,0.205,0.380487804878
direct_mmr,27,1000,1000,outside_bm25_top1000,795,34,761,0.795,0.0427672955975
direct_mmr,28,1000,1000,in_bm25_top1000,239,81,158,0.239,0.338912133891
direct_mmr,28,1000,1000,outside_bm25_top1000,761,33,728,0.761,0.0433639947438
direct_mmr,29,1000,1000,in_bm25_top1000,246,96,150,0.246,0.390243902439
direct_mmr,29,1000,1000,outside_bm25_top1000,754,48,706,0.754,0.0636604774536
direct_mmr,30,1000,1000,in_bm25_top1000,242,94,148,0.242,0.388429752066
direct_mmr,30,1000,1000,outside_bm25_top1000,758,20,738,0.758,0.0263852242744
direct_mmr,31,1000,1000,in_bm25_top1000,287,87,200,0.287,0.303135888502
direct_mmr,31,1000,1000,outside_bm25_top1000,713,48,665,0.713,0.0673211781206
direct_mmr,32,1000,1000,in_bm25_top1000,116,28,88,0.116,0.241379310345
direct_mmr,32,1000,1000,outside_bm25_top1000,884,23,861,0.884,0.0260180995475
direct_mmr,33,1000,1000,in_bm25_top1000,203,58,145,0.203,0.285714285714
direct_mmr,33,1000,1000,outside_bm25_top1000,797,63,734,0.797,0.0790464240903
direct_mmr,34,1000,1000,in_bm25_top1000,199,52,147,0.199,0.261306532663
direct_mmr,34,1000,1000,outside_bm25_top1000,801,46,755,0.801,0.0574282147316
direct_mmr,35,1000,1000,in_bm25_top1000,217,68,149,0.217,0.3133640553
direct_mmr,35,1000,1000,outside_bm25_top1000,783,62,721,0.783,0.0791826309068
direct_mmr,36,1000,1000,in_bm25_top1000,201,115,86,0.201,0.572139303483
direct_mmr,36,1000,1000,outside_bm25_top1000,799,62,737,0.799,0.0775969962453
direct_mmr,37,1000,1000,in_bm25_top1000,230,120,110,0.23,0.521739130435
direct_mmr,37,1000,1000,outside_bm25_top1000,770,66,704,0.77,0.0857142857143
direct_mmr,38,1000,1000,in_bm25_top1000,259,125,134,0.259,0.482625482625
direct_mmr,38,1000,1000,outside_bm25_top1000,741,111,630,0.741,0.14979757085
direct_mmr,39,1000,1000,in_bm25_top1000,229,144,85,0.229,0.628820960699
direct_mmr,39,1000,1000,outside_bm25_top1000,771,35,736,0.771,0.0453955901427
direct_mmr,40,1000,1000,in_bm25_top1000,302,162,140,0.302,0.53642384106
direct_mmr,40,1000,1000,outside_bm25_top1000,698,56,642,0.698,0.080229226361
direct_mmr,41,1000,1000,in_bm25_top1000,230,86,144,0.23,0.373913043478
direct_mmr,41,1000,1000,outside_bm25_top1000,770,68,702,0.77,0.0883116883117
direct_mmr,42,1000,1000,in_bm25_top1000,286,154,132,0.286,0.538461538462
direct_mmr,42,1000,1000,outside_bm25_top1000,714,28,686,0.714,0.0392156862745
direct_mmr,43,1000,1000,in_bm25_top1000,177,107,70,0.177,0.604519774011
direct_mmr,43,1000,1000,outside_bm25_top1000,823,42,781,0.823,0.0510328068044
direct_mmr,44,1000,1000,in_bm25_top1000,248,115,133,0.248,0.463709677419
direct_mmr,44,1000,1000,outside_bm25_top1000,752,80,672,0.752,0.106382978723
direct_mmr,45,1000,1000,in_bm25_top1000,214,109,105,0.214,0.509345794393
direct_mmr,45,1000,1000,outside_bm25_top1000,786,62,724,0.786,0.0788804071247
direct_mmr,46,1000,1000,in_bm25_top1000,211,71,140,0.211,0.336492890995
direct_mmr,46,1000,1000,outside_bm25_top1000,789,31,758,0.789,0.0392902408112
direct_mmr,47,1000,1000,in_bm25_top1000,235,75,160,0.235,0.31914893617
direct_mmr,47,1000,1000,outside_bm25_top1000,765,61,704,0.765,0.0797385620915
direct_mmr,48,1000,1000,in_bm25_top1000,270,99,171,0.27,0.366666666667
direct_mmr,48,1000,1000,outside_bm25_top1000,730,46,684,0.73,0.0630136986301
direct_mmr,49,1000,1000,in_bm25_top1000,196,64,132,0.196,0.326530612245
direct_mmr,49,1000,1000,outside_bm25_top1000,804,70,734,0.804,0.0870646766169
direct_mmr,50,1000,1000,in_bm25_top1000,219,90,129,0.219,0.41095890411
direct_mmr,50,1000,1000,outside_bm25_top1000,781,51,730,0.781,0.0653008962868
direct_mmr_rerank,1,20,1000,in_bm25_top1000,20,4,16,1,0.2
direct_mmr_rerank,1,20,1000,outside_bm25_top1000,0,0,0,0,
direct_mmr_rerank,2,20,1000,in_bm25_top1000,18,7,11,0.9,0.388888888889
direct_mmr_rerank,2,20,1000,outside_bm25_top1000,2,1,1,0.1,0.5
direct_mmr_rerank,3,20,1000,in_bm25_top1000,19,8,11,0.95,0.421052631579
direct_mmr_rerank,3,20,1000,outside_bm25_top1000,1,0,1,0.05,0
direct_mmr_rerank,4,20,1000,in_bm25_top1000,20,5,15,1,0.25
direct_mmr_rerank,4,20,1000,outside_bm25_top1000,0,0,0,0,
direct_mmr_rerank,5,20,1000,in_bm25_top1000,19,4,15,0.95,0.210526315789
direct_mmr_rerank,5,20,1000,outside_bm25_top1000,1,0,1,0.05,0
direct_mmr_rerank,6,20,1000,in_bm25_top1000,18,5,13,0.9,0.277777777778
direct_mmr_rerank,6,20,1000,outside_bm25_top1000,2,0,2,0.1,0
direct_mmr_rerank,7,20,1000,in_bm25_top1000,19,5,14,0.95,0.263157894737
direct_mmr_rerank,7,20,1000,outside_bm25_top1000,1,0,1,0.05,0
direct_mmr_rerank,8,20,1000,in_bm25_top1000,19,7,12,0.95,0.368421052632
direct_mmr_rerank,8,20,1000,outside_bm25_top1000,1,1,0,0.05,1
direct_mmr_rerank,9,20,1000,in_bm25_top1000,20,2,18,1,0.1
direct_mmr_rerank,9,20,1000,outside_bm25_top1000,0,0,0,0,
direct_mmr_rerank,10,20,1000,in_bm25_top1000,20,4,16,1,0.2
direct_mmr_rerank,10,20,1000,outside_bm25_top1000,0,0,0,0,
direct_mmr_rerank,11,20,1000,in_bm25_top1000,18,7,11,0.9,0.388888888889
direct_mmr_rerank,11,20,1000,outside_bm25_top1000,2,0,2,0.1,0
direct_mmr_rerank,12,20,1000,in_bm25_top1000,18,4,14,0.9,0.222222222222
direct_mmr_rerank,12,20,1000,outside_bm25_top1000,2,2,0,0.1,1
direct_mmr_rerank,13,20,1000,in_bm25_top1000,18,5,13,0.9,0.277777777778
direct_mmr_rerank,13,20,1000,outside_bm25_top1000,2,0,2,0.1,0
direct_mmr_rerank,14,20,1000,in_bm25_top1000,16,10,6,0.8,0.625
direct_mmr_rerank,14,20,1000,outside_bm25_top1000,4,0,4,0.2,0
direct_mmr_rerank,15,20,1000,in_bm25_top1000,15,5,10,0.75,0.333333333333
direct_mmr_rerank,15,20,1000,outside_bm25_top1000,5,1,4,0.25,0.2
direct_mmr_rerank,16,20,1000,in_bm25_top1000,17,5,12,0.85,0.294117647059
direct_mmr_rerank,16,20,1000,outside_bm25_top1000,3,0,3,0.15,0
direct_mmr_rerank,17,20,1000,in_bm25_top1000,20,5,15,1,0.25
direct_mmr_rerank,17,20,1000,outside_bm25_top1000,0,0,0,0,
direct_mmr_rerank,18,20,1000,in_bm25_top1000,19,5,14,0.95,0.263157894737
direct_mmr_rerank,18,20,1000,outside_bm25_top1000,1,0,1,0.05,0
direct_mmr_rerank,19,20,1000,in_bm25_top1000,17,7,10,0.85,0.411764705882
direct_mmr_rerank,19,20,1000,outside_bm25_top1000,3,1,2,0.15,0.333333333333
direct_mmr_rerank,20,20,1000,in_bm25_top1000,20,9,11,1,0.45
direct_mmr_rerank,20,20,1000,outside_bm25_top1000,0,0,0,0,
direct_mmr_rerank,21,20,1000,in_bm25_top1000,14,2,12,0.7,0.142857142857
direct_mmr_rerank,21,20,1000,outside_bm25_top1000,6,0,6,0.3,0
direct_mmr_rerank,22,20,1000,in_bm25_top1000,20,3,17,1,0.15
direct_mmr_rerank,22,20,1000,outside_bm25_top1000,0,0,0,0,
direct_mmr_rerank,23,20,1000,in_bm25_top1000,20,4,16,1,0.2
direct_mmr_rerank,23,20,1000,outside_bm25_top1000,0,0,0,0,
direct_mmr_rerank,24,20,1000,in_bm25_top1000,20,4,16,1,0.2
direct_mmr_rerank,24,20,1000,outside_bm25_top1000,0,0,0,0,
direct_mmr_rerank,25,20,1000,in_bm25_top1000,19,8,11,0.95,0.421052631579
direct_mmr_rerank,25,20,1000,outside_bm25_top1000,1,1,0,0.05,1
direct_mmr_rerank,26,20,1000,in_bm25_top1000,19,7,12,0.95,0.368421052632
direct_mmr_rerank,26,20,1000,outside_bm25_top1000,1,0,1,0.05,0
direct_mmr_rerank,27,20,1000,in_bm25_top1000,20,6,14,1,0.3
direct_mmr_rerank,27,20,1000,outside_bm25_top1000,0,0,0,0,
direct_mmr_rerank,28,20,1000,in_bm25_top1000,20,7,13,1,0.35
direct_mmr_rerank,28,20,1000,outside_bm25_top1000,0,0,0,0,
direct_mmr_rerank,29,20,1000,in_bm25_top1000,20,11,9,1,0.55
direct_mmr_rerank,29,20,1000,outside_bm25_top1000,0,0,0,0,
direct_mmr_rerank,30,20,1000,in_bm25_top1000,20,3,17,1,0.15
direct_mmr_rerank,30,20,1000,outside_bm25_top1000,0,0,0,0,
direct_mmr_rerank,31,20,1000,in_bm25_top1000,19,8,11,0.95,0.421052631579
direct_mmr_rerank,31,20,1000,outside_bm25_top1000,1,0,1,0.05,0
direct_mmr_rerank,32,20,1000,in_bm25_top1000,14,10,4,0.7,0.714285714286
direct_mmr_rerank,32,20,1000,outside_bm25_top1000,6,0,6,0.3,0
direct_mmr_rerank,33,20,1000,in_bm25_top1000,17,5,12,0.85,0.294117647059
direct_mmr_rerank,33,20,1000,outside_bm25_top1000,3,1,2,0.15,0.333333333333
direct_mmr_rerank,34,20,1000,in_bm25_top1000,19,3,16,0.95,0.157894736842
direct_mmr_rerank,34,20,1000,outside_bm25_top1000,1,0,1,0.05,0
direct_mmr_rerank,35,20,1000,in_bm25_top1000,19,6,13,0.95,0.315789473684
direct_mmr_rerank,35,20,1000,outside_bm25_top1000,1,1,0,0.05,1
direct_mmr_rerank,36,20,1000,in_bm25_top1000,16,6,10,0.8,0.375
direct_mmr_rerank,36,20,1000,outside_bm25_top1000,4,1,3,0.2,0.25
direct_mmr_rerank,37,20,1000,in_bm25_top1000,20,6,14,1,0.3
direct_mmr_rerank,37,20,1000,outside_bm25_top1000,0,0,0,0,
direct_mmr_rerank,38,20,1000,in_bm25_top1000,19,8,11,0.95,0.421052631579
direct_mmr_rerank,38,20,1000,outside_bm25_top1000,1,1,0,0.05,1
direct_mmr_rerank,39,20,1000,in_bm25_top1000,20,11,9,1,0.55
direct_mmr_rerank,39,20,1000,outside_bm25_top1000,0,0,0,0,
direct_mmr_rerank,40,20,1000,in_bm25_top1000,18,12,6,0.9,0.666666666667
direct_mmr_rerank,40,20,1000,outside_bm25_top1000,2,1,1,0.1,0.5
direct_mmr_rerank,41,20,1000,in_bm25_top1000,20,8,12,1,0.4
direct_mmr_rerank,41,20,1000,outside_bm25_top1000,0,0,0,0,
direct_mmr_rerank,42,20,1000,in_bm25_top1000,20,5,15,1,0.25
direct_mmr_rerank,42,20,1000,outside_bm25_top1000,0,0,0,0,
direct_mmr_rerank,43,20,1000,in_bm25_top1000,17,12,5,0.85,0.705882352941
direct_mmr_rerank,43,20,1000,outside_bm25_top1000,3,1,2,0.15,0.333333333333
direct_mmr_rerank,44,20,1000,in_bm25_top1000,18,7,11,0.9,0.388888888889
direct_mmr_rerank,44,20,1000,outside_bm25_top1000,2,0,2,0.1,0
direct_mmr_rerank,45,20,1000,in_bm25_top1000,20,12,8,1,0.6
direct_mmr_rerank,45,20,1000,outside_bm25_top1000,0,0,0,0,
direct_mmr_rerank,46,20,1000,in_bm25_top1000,20,12,8,1,0.6
direct_mmr_rerank,46,20,1000,outside_bm25_top1000,0,0,0,0,
direct_mmr_rerank,47,20,1000,in_bm25_top1000,19,5,14,0.95,0.263157894737
direct_mmr_rerank,47,20,1000,outside_bm25_top1000,1,0,1,0.05,0
direct_mmr_rerank,48,20,1000,in_bm25_top1000,20,4,16,1,0.2
direct_mmr_rerank,48,20,1000,outside_bm25_top1000,0,0,0,0,
direct_mmr_rerank,49,20,1000,in_bm25_top1000,16,6,10,0.8,0.375
direct_mmr_rerank,49,20,1000,outside_bm25_top1000,4,1,3,0.2,0.25
direct_mmr_rerank,50,20,1000,in_bm25_top1000,19,11,8,0.95,0.578947368421
direct_mmr_rerank,50,20,1000,outside_bm25_top1000,1,1,0,0.05,1
direct_mmr_rerank,1,50,1000,in_bm25_top1000,49,9,40,0.98,0.183673469388
direct_mmr_rerank,1,50,1000,outside_bm25_top1000,1,0,1,0.02,0
direct_mmr_rerank,2,50,1000,in_bm25_top1000,35,15,20,0.7,0.428571428571
direct_mmr_rerank,2,50,1000,outside_bm25_top1000,15,1,14,0.3,0.0666666666667
direct_mmr_rerank,3,50,1000,in_bm25_top1000,48,15,33,0.96,0.3125
direct_mmr_rerank,3,50,1000,outside_bm25_top1000,2,0,2,0.04,0
direct_mmr_rerank,4,50,1000,in_bm25_top1000,47,9,38,0.94,0.191489361702
direct_mmr_rerank,4,50,1000,outside_bm25_top1000,3,1,2,0.06,0.333333333333
direct_mmr_rerank,5,50,1000,in_bm25_top1000,40,12,28,0.8,0.3
direct_mmr_rerank,5,50,1000,outside_bm25_top1000,10,2,8,0.2,0.2
direct_mmr_rerank,6,50,1000,in_bm25_top1000,43,18,25,0.86,0.418604651163
direct_mmr_rerank,6,50,1000,outside_bm25_top1000,7,3,4,0.14,0.428571428571
direct_mmr_rerank,7,50,1000,in_bm25_top1000,42,12,30,0.84,0.285714285714
direct_mmr_rerank,7,50,1000,outside_bm25_top1000,8,0,8,0.16,0
direct_mmr_rerank,8,50,1000,in_bm25_top1000,43,16,27,0.86,0.372093023256
direct_mmr_rerank,8,50,1000,outside_bm25_top1000,7,1,6,0.14,0.142857142857
direct_mmr_rerank,9,50,1000,in_bm25_top1000,50,8,42,1,0.16
direct_mmr_rerank,9,50,1000,outside_bm25_top1000,0,0,0,0,
direct_mmr_rerank,10,50,1000,in_bm25_top1000,47,12,35,0.94,0.255319148936
direct_mmr_rerank,10,50,1000,outside_bm25_top1000,3,0,3,0.06,0
direct_mmr_rerank,11,50,1000,in_bm25_top1000,45,16,29,0.9,0.355555555556
direct_mmr_rerank,11,50,1000,outside_bm25_top1000,5,1,4,0.1,0.2
direct_mmr_rerank,12,50,1000,in_bm25_top1000,43,11,32,0.86,0.255813953488
direct_mmr_rerank,12,50,1000,outside_bm25_top1000,7,3,4,0.14,0.428571428571
direct_mmr_rerank,13,50,1000,in_bm25_top1000,43,15,28,0.86,0.348837209302
direct_mmr_rerank,13,50,1000,outside_bm25_top1000,7,1,6,0.14,0.142857142857
direct_mmr_rerank,14,50,1000,in_bm25_top1000,32,21,11,0.64,0.65625
direct_mmr_rerank,14,50,1000,outside_bm25_top1000,18,0,18,0.36,0
direct_mmr_rerank,15,50,1000,in_bm25_top1000,33,13,20,0.66,0.393939393939
direct_mmr_rerank,15,50,1000,outside_bm25_top1000,17,3,14,0.34,0.176470588235
direct_mmr_rerank,16,50,1000,in_bm25_top1000,40,12,28,0.8,0.3
direct_mmr_rerank,16,50,1000,outside_bm25_top1000,10,3,7,0.2,0.3
direct_mmr_rerank,17,50,1000,in_bm25_top1000,47,13,34,0.94,0.276595744681
direct_mmr_rerank,17,50,1000,outside_bm25_top1000,3,0,3,0.06,0
direct_mmr_rerank,18,50,1000,in_bm25_top1000,43,15,28,0.86,0.348837209302
direct_mmr_rerank,18,50,1000,outside_bm25_top1000,7,0,7,0.14,0
direct_mmr_rerank,19,50,1000,in_bm25_top1000,44,16,28,0.88,0.363636363636
direct_mmr_rerank,19,50,1000,outside_bm25_top1000,6,3,3,0.12,0.5
direct_mmr_rerank,20,50,1000,in_bm25_top1000,48,17,31,0.96,0.354166666667
direct_mmr_rerank,20,50,1000,outside_bm25_top1000,2,0,2,0.04,0
direct_mmr_rerank,21,50,1000,in_bm25_top1000,35,8,27,0.7,0.228571428571
direct_mmr_rerank,21,50,1000,outside_bm25_top1000,15,2,13,0.3,0.133333333333
direct_mmr_rerank,22,50,1000,in_bm25_top1000,50,12,38,1,0.24
direct_mmr_rerank,22,50,1000,outside_bm25_top1000,0,0,0,0,
direct_mmr_rerank,23,50,1000,in_bm25_top1000,49,7,42,0.98,0.142857142857
direct_mmr_rerank,23,50,1000,outside_bm25_top1000,1,0,1,0.02,0
direct_mmr_rerank,24,50,1000,in_bm25_top1000,49,15,34,0.98,0.30612244898
direct_mmr_rerank,24,50,1000,outside_bm25_top1000,1,0,1,0.02,0
direct_mmr_rerank,25,50,1000,in_bm25_top1000,41,19,22,0.82,0.463414634146
direct_mmr_rerank,25,50,1000,outside_bm25_top1000,9,2,7,0.18,0.222222222222
direct_mmr_rerank,26,50,1000,in_bm25_top1000,37,13,24,0.74,0.351351351351
direct_mmr_rerank,26,50,1000,outside_bm25_top1000,13,4,9,0.26,0.307692307692
direct_mmr_rerank,27,50,1000,in_bm25_top1000,48,13,35,0.96,0.270833333333
direct_mmr_rerank,27,50,1000,outside_bm25_top1000,2,0,2,0.04,0
direct_mmr_rerank,28,50,1000,in_bm25_top1000,46,12,34,0.92,0.260869565217
direct_mmr_rerank,28,50,1000,outside_bm25_top1000,4,1,3,0.08,0.25
direct_mmr_rerank,29,50,1000,in_bm25_top1000,48,23,25,0.96,0.479166666667
direct_mmr_rerank,29,50,1000,outside_bm25_top1000,2,1,1,0.04,0.5
direct_mmr_rerank,30,50,1000,in_bm25_top1000,44,12,32,0.88,0.272727272727
direct_mmr_rerank,30,50,1000,outside_bm25_top1000,6,0,6,0.12,0
direct_mmr_rerank,31,50,1000,in_bm25_top1000,48,17,31,0.96,0.354166666667
direct_mmr_rerank,31,50,1000,outside_bm25_top1000,2,0,2,0.04,0
direct_mmr_rerank,32,50,1000,in_bm25_top1000,27,13,14,0.54,0.481481481481
direct_mmr_rerank,32,50,1000,outside_bm25_top1000,23,0,23,0.46,0
direct_mmr_rerank,33,50,1000,in_bm25_top1000,40,17,23,0.8,0.425
direct_mmr_rerank,33,50,1000,outside_bm25_top1000,10,1,9,0.2,0.1
direct_mmr_rerank,34,50,1000,in_bm25_top1000,42,11,31,0.84,0.261904761905
direct_mmr_rerank,34,50,1000,outside_bm25_top1000,8,1,7,0.16,0.125
direct_mmr_rerank,35,50,1000,in_bm25_top1000,49,14,35,0.98,0.285714285714
direct_mmr_rerank,35,50,1000,outside_bm25_top1000,1,1,0,0.02,1
direct_mmr_rerank,36,50,1000,in_bm25_top1000,41,19,22,0.82,0.463414634146
direct_mmr_rerank,36,50,1000,outside_bm25_top1000,9,2,7,0.18,0.222222222222
direct_mmr_rerank,37,50,1000,in_bm25_top1000,46,20,26,0.92,0.434782608696
direct_mmr_rerank,37,50,1000,outside_bm25_top1000,4,1,3,0.08,0.25
direct_mmr_rerank,38,50,1000,in_bm25_top1000,47,29,18,0.94,0.617021276596
direct_mmr_rerank,38,50,1000,outside_bm25_top1000,3,1,2,0.06,0.333333333333
direct_mmr_rerank,39,50,1000,in_bm25_top1000,48,22,26,0.96,0.458333333333
direct_mmr_rerank,39,50,1000,outside_bm25_top1000,2,0,2,0.04,0
direct_mmr_rerank,40,50,1000,in_bm25_top1000,48,27,21,0.96,0.5625
direct_mmr_rerank,40,50,1000,outside_bm25_top1000,2,1,1,0.04,0.5
direct_mmr_rerank,41,50,1000,in_bm25_top1000,46,18,28,0.92,0.391304347826
direct_mmr_rerank,41,50,1000,outside_bm25_top1000,4,0,4,0.08,0
direct_mmr_rerank,42,50,1000,in_bm25_top1000,47,13,34,0.94,0.276595744681
direct_mmr_rerank,42,50,1000,outside_bm25_top1000,3,0,3,0.06,0
direct_mmr_rerank,43,50,1000,in_bm25_top1000,40,29,11,0.8,0.725
direct_mmr_rerank,43,50,1000,outside_bm25_top1000,10,4,6,0.2,0.4
direct_mmr_rerank,44,50,1000,in_bm25_top1000,35,12,23,0.7,0.342857142857
direct_mmr_rerank,44,50,1000,outside_bm25_top1000,15,3,12,0.3,0.2
direct_mmr_rerank,45,50,1000,in_bm25_top1000,50,25,25,1,0.5
direct_mmr_rerank,45,50,1000,outside_bm25_top1000,0,0,0,0,
direct_mmr_rerank,46,50,1000,in_bm25_top1000,43,18,25,0.86,0.418604651163
direct_mmr_rerank,46,50,1000,outside_bm25_top1000,7,0,7,0.14,0
direct_mmr_rerank,47,50,1000,in_bm25_top1000,41,12,29,0.82,0.292682926829
direct_mmr_rerank,47,50,1000,outside_bm25_top1000,9,2,7,0.18,0.222222222222
direct_mmr_rerank,48,50,1000,in_bm25_top1000,46,11,35,0.92,0.239130434783
direct_mmr_rerank,48,50,1000,outside_bm25_top1000,4,1,3,0.08,0.25
direct_mmr_rerank,49,50,1000,in_bm25_top1000,41,13,28,0.82,0.317073170732
direct_mmr_rerank,49,50,1000,outside_bm25_top1000,9,3,6,0.18,0.333333333333
direct_mmr_rerank,50,50,1000,in_bm25_top1000,44,23,21,0.88,0.522727272727
direct_mmr_rerank,50,50,1000,outside_bm25_top1000,6,2,4,0.12,0.333333333333
direct_mmr_rerank,1,100,1000,in_bm25_top1000,94,19,75,0.94,0.202127659574
direct_mmr_rerank,1,100,1000,outside_bm25_top1000,6,1,5,0.06,0.166666666667
direct_mmr_rerank,2,100,1000,in_bm25_top1000,65,25,40,0.65,0.384615384615
direct_mmr_rerank,2,100,1000,outside_bm25_top1000,35,4,31,0.35,0.114285714286
direct_mmr_rerank,3,100,1000,in_bm25_top1000,95,30,65,0.95,0.315789473684
direct_mmr_rerank,3,100,1000,outside_bm25_top1000,5,0,5,0.05,0
direct_mmr_rerank,4,100,1000,in_bm25_top1000,87,21,66,0.87,0.241379310345
direct_mmr_rerank,4,100,1000,outside_bm25_top1000,13,2,11,0.13,0.153846153846
direct_mmr_rerank,5,100,1000,in_bm25_top1000,69,25,44,0.69,0.36231884058
direct_mmr_rerank,5,100,1000,outside_bm25_top1000,31,4,27,0.31,0.129032258065
direct_mmr_rerank,6,100,1000,in_bm25_top1000,79,34,45,0.79,0.430379746835
direct_mmr_rerank,6,100,1000,outside_bm25_top1000,21,6,15,0.21,0.285714285714
direct_mmr_rerank,7,100,1000,in_bm25_top1000,82,35,47,0.82,0.426829268293
direct_mmr_rerank,7,100,1000,outside_bm25_top1000,18,3,15,0.18,0.166666666667
direct_mmr_rerank,8,100,1000,in_bm25_top1000,78,23,55,0.78,0.294871794872
direct_mmr_rerank,8,100,1000,outside_bm25_top1000,22,3,19,0.22,0.136363636364
direct_mmr_rerank,9,100,1000,in_bm25_top1000,96,22,74,0.96,0.229166666667
direct_mmr_rerank,9,100,1000,outside_bm25_top1000,4,0,4,0.04,0
direct_mmr_rerank,10,100,1000,in_bm25_top1000,89,29,60,0.89,0.325842696629
direct_mmr_rerank,10,100,1000,outside_bm25_top1000,11,3,8,0.11,0.272727272727
direct_mmr_rerank,11,100,1000,in_bm25_top1000,87,33,54,0.87,0.379310344828
direct_mmr_rerank,11,100,1000,outside_bm25_top1000,13,2,11,0.13,0.153846153846
direct_mmr_rerank,12,100,1000,in_bm25_top1000,84,23,61,0.84,0.27380952381
direct_mmr_rerank,12,100,1000,outside_bm25_top1000,16,4,12,0.16,0.25
direct_mmr_rerank,13,100,1000,in_bm25_top1000,80,25,55,0.8,0.3125
direct_mmr_rerank,13,100,1000,outside_bm25_top1000,20,5,15,0.2,0.25
direct_mmr_rerank,14,100,1000,in_bm25_top1000,54,34,20,0.54,0.62962962963
direct_mmr_rerank,14,100,1000,outside_bm25_top1000,46,2,44,0.46,0.0434782608696
direct_mmr_rerank,15,100,1000,in_bm25_top1000,57,22,35,0.57,0.385964912281
direct_mmr_rerank,15,100,1000,outside_bm25_top1000,43,6,37,0.43,0.139534883721
direct_mmr_rerank,16,100,1000,in_bm25_top1000,73,25,48,0.73,0.342465753425
direct_mmr_rerank,16,100,1000,outside_bm25_top1000,27,10,17,0.27,0.37037037037
direct_mmr_rerank,17,100,1000,in_bm25_top1000,84,23,61,0.84,0.27380952381
direct_mmr_rerank,17,100,1000,outside_bm25_top1000,16,1,15,0.16,0.0625
direct_mmr_rerank,18,100,1000,in_bm25_top1000,82,31,51,0.82,0.378048780488
direct_mmr_rerank,18,100,1000,outside_bm25_top1000,18,3,15,0.18,0.166666666667
direct_mmr_rerank,19,100,1000,in_bm25_top1000,82,31,51,0.82,0.378048780488
direct_mmr_rerank,19,100,1000,outside_bm25_top1000,18,6,12,0.18,0.333333333333
direct_mmr_rerank,20,100,1000,in_bm25_top1000,90,35,55,0.9,0.388888888889
direct_mmr_rerank,20,100,1000,outside_bm25_top1000,10,2,8,0.1,0.2
direct_mmr_rerank,21,100,1000,in_bm25_top1000,74,21,53,0.74,0.283783783784
direct_mmr_rerank,21,100,1000,outside_bm25_top1000,26,5,21,0.26,0.192307692308
direct_mmr_rerank,22,100,1000,in_bm25_top1000,95,23,72,0.95,0.242105263158
direct_mmr_rerank,22,100,1000,outside_bm25_top1000,5,0,5,0.05,0
direct_mmr_rerank,23,100,1000,in_bm25_top1000,87,13,74,0.87,0.149425287356
direct_mmr_rerank,23,100,1000,outside_bm25_top1000,13,2,11,0.13,0.153846153846
direct_mmr_rerank,24,100,1000,in_bm25_top1000,82,28,54,0.82,0.341463414634
direct_mmr_rerank,24,100,1000,outside_bm25_top1000,18,3,15,0.18,0.166666666667
direct_mmr_rerank,25,100,1000,in_bm25_top1000,78,36,42,0.78,0.461538461538
direct_mmr_rerank,25,100,1000,outside_bm25_top1000,22,6,16,0.22,0.272727272727
direct_mmr_rerank,26,100,1000,in_bm25_top1000,78,20,58,0.78,0.25641025641
direct_mmr_rerank,26,100,1000,outside_bm25_top1000,22,5,17,0.22,0.227272727273
direct_mmr_rerank,27,100,1000,in_bm25_top1000,91,27,64,0.91,0.296703296703
direct_mmr_rerank,27,100,1000,outside_bm25_top1000,9,1,8,0.09,0.111111111111
direct_mmr_rerank,28,100,1000,in_bm25_top1000,86,25,61,0.86,0.290697674419
direct_mmr_rerank,28,100,1000,outside_bm25_top1000,14,4,10,0.14,0.285714285714
direct_mmr_rerank,29,100,1000,in_bm25_top1000,91,38,53,0.91,0.417582417582
direct_mmr_rerank,29,100,1000,outside_bm25_top1000,9,4,5,0.09,0.444444444444
direct_mmr_rerank,30,100,1000,in_bm25_top1000,84,24,60,0.84,0.285714285714
direct_mmr_rerank,30,100,1000,outside_bm25_top1000,16,1,15,0.16,0.0625
direct_mmr_rerank,31,100,1000,in_bm25_top1000,93,36,57,0.93,0.387096774194
direct_mmr_rerank,31,100,1000,outside_bm25_top1000,7,1,6,0.07,0.142857142857
direct_mmr_rerank,32,100,1000,in_bm25_top1000,43,19,24,0.43,0.441860465116
direct_mmr_rerank,32,100,1000,outside_bm25_top1000,57,0,57,0.57,0
direct_mmr_rerank,33,100,1000,in_bm25_top1000,74,27,47,0.74,0.364864864865
direct_mmr_rerank,33,100,1000,outside_bm25_top1000,26,5,21,0.26,0.192307692308
direct_mmr_rerank,34,100,1000,in_bm25_top1000,79,18,61,0.79,0.227848101266
direct_mmr_rerank,34,100,1000,outside_bm25_top1000,21,3,18,0.21,0.142857142857
direct_mmr_rerank,35,100,1000,in_bm25_top1000,87,28,59,0.87,0.32183908046
direct_mmr_rerank,35,100,1000,outside_bm25_top1000,13,4,9,0.13,0.307692307692
direct_mmr_rerank,36,100,1000,in_bm25_top1000,77,42,35,0.77,0.545454545455
direct_mmr_rerank,36,100,1000,outside_bm25_top1000,23,9,14,0.23,0.391304347826
direct_mmr_rerank,37,100,1000,in_bm25_top1000,87,42,45,0.87,0.48275862069
direct_mmr_rerank,37,100,1000,outside_bm25_top1000,13,4,9,0.13,0.307692307692
direct_mmr_rerank,38,100,1000,in_bm25_top1000,89,50,39,0.89,0.561797752809
direct_mmr_rerank,38,100,1000,outside_bm25_top1000,11,7,4,0.11,0.636363636364
direct_mmr_rerank,39,100,1000,in_bm25_top1000,94,55,39,0.94,0.585106382979
direct_mmr_rerank,39,100,1000,outside_bm25_top1000,6,2,4,0.06,0.333333333333
direct_mmr_rerank,40,100,1000,in_bm25_top1000,94,52,42,0.94,0.553191489362
direct_mmr_rerank,40,100,1000,outside_bm25_top1000,6,2,4,0.06,0.333333333333
direct_mmr_rerank,41,100,1000,in_bm25_top1000,83,34,49,0.83,0.409638554217
direct_mmr_rerank,41,100,1000,outside_bm25_top1000,17,3,14,0.17,0.176470588235
direct_mmr_rerank,42,100,1000,in_bm25_top1000,89,38,51,0.89,0.426966292135
direct_mmr_rerank,42,100,1000,outside_bm25_top1000,11,3,8,0.11,0.272727272727
direct_mmr_rerank,43,100,1000,in_bm25_top1000,68,48,20,0.68,0.705882352941
direct_mmr_rerank,43,100,1000,outside_bm25_top1000,32,4,28,0.32,0.125
direct_mmr_rerank,44,100,1000,in_bm25_top1000,66,31,35,0.66,0.469696969697
direct_mmr_rerank,44,100,1000,outside_bm25_top1000,34,6,28,0.34,0.176470588235
direct_mmr_rerank,45,100,1000,in_bm25_top1000,88,44,44,0.88,0.5
direct_mmr_rerank,45,100,1000,outside_bm25_top1000,12,1,11,0.12,0.0833333333333
direct_mmr_rerank,46,100,1000,in_bm25_top1000,80,32,48,0.8,0.4
direct_mmr_rerank,46,100,1000,outside_bm25_top1000,20,1,19,0.2,0.05
direct_mmr_rerank,47,100,1000,in_bm25_top1000,76,27,49,0.76,0.355263157895
direct_mmr_rerank,47,100,1000,outside_bm25_top1000,24,7,17,0.24,0.291666666667
direct_mmr_rerank,48,100,1000,in_bm25_top1000,83,20,63,0.83,0.240963855422
direct_mmr_rerank,48,100,1000,outside_bm25_top1000,17,5,12,0.17,0.294117647059
direct_mmr_rerank,49,100,1000,in_bm25_top1000,75,27,48,0.75,0.36
direct_mmr_rerank,49,100,1000,outside_bm25_top1000,25,6,19,0.25,0.24
direct_mmr_rerank,50,100,1000,in_bm25_top1000,83,37,46,0.83,0.44578313253
direct_mmr_rerank,50,100,1000,outside_bm25_top1000,17,7,10,0.17,0.411764705882
direct_mmr_rerank,1,1000,1000,in_bm25_top1000,754,311,443,0.754,0.412466843501
direct_mmr_rerank,1,1000,1000,outside_bm25_top1000,246,30,216,0.246,0.121951219512
direct_mmr_rerank,2,1000,1000,in_bm25_top1000,449,179,270,0.449,0.398663697105
direct_mmr_rerank,2,1000,1000,outside_bm25_top1000,551,60,491,0.551,0.10889292196
direct_mmr_rerank,3,1000,1000,in_bm25_top1000,767,365,402,0.767,0.475880052151
direct_mmr_rerank,3,1000,1000,outside_bm25_top1000,233,55,178,0.233,0.236051502146
direct_mmr_rerank,4,1000,1000,in_bm25_top1000,797,278,519,0.797,0.348808030113
direct_mmr_rerank,4,1000,1000,outside_bm25_top1000,203,49,154,0.203,0.241379310345
direct_mmr_rerank,5,1000,1000,in_bm25_top1000,765,374,391,0.765,0.488888888889
direct_mmr_rerank,5,1000,1000,outside_bm25_top1000,235,51,184,0.235,0.217021276596
direct_mmr_rerank,6,1000,1000,in_bm25_top1000,657,339,318,0.657,0.51598173516
direct_mmr_rerank,6,1000,1000,outside_bm25_top1000,343,96,247,0.343,0.279883381924
direct_mmr_rerank,7,1000,1000,in_bm25_top1000,775,465,310,0.775,0.6
direct_mmr_rerank,7,1000,1000,outside_bm25_top1000,225,80,145,0.225,0.355555555556
direct_mmr_rerank,8,1000,1000,in_bm25_top1000,594,229,365,0.594,0.385521885522
direct_mmr_rerank,8,1000,1000,outside_bm25_top1000,406,94,312,0.406,0.231527093596
direct_mmr_rerank,9,1000,1000,in_bm25_top1000,752,272,480,0.752,0.36170212766
direct_mmr_rerank,9,1000,1000,outside_bm25_top1000,248,24,224,0.248,0.0967741935484
direct_mmr_rerank,10,1000,1000,in_bm25_top1000,791,403,388,0.791,0.509481668774
direct_mmr_rerank,10,1000,1000,outside_bm25_top1000,209,65,144,0.209,0.311004784689
direct_mmr_rerank,11,1000,1000,in_bm25_top1000,800,336,464,0.8,0.42
direct_mmr_rerank,11,1000,1000,outside_bm25_top1000,200,30,170,0.2,0.15
direct_mmr_rerank,12,1000,1000,in_bm25_top1000,729,295,434,0.729,0.404663923182
direct_mmr_rerank,12,1000,1000,outside_bm25_top1000,271,55,216,0.271,0.20295202952
direct_mmr_rerank,13,1000,1000,in_bm25_top1000,744,339,405,0.744,0.45564516129
direct_mmr_rerank,13,1000,1000,outside_bm25_top1000,256,71,185,0.256,0.27734375
direct_mmr_rerank,14,1000,1000,in_bm25_top1000,320,183,137,0.32,0.571875
direct_mmr_rerank,14,1000,1000,outside_bm25_top1000,680,43,637,0.68,0.0632352941176
direct_mmr_rerank,15,1000,1000,in_bm25_top1000,418,144,274,0.418,0.344497607656
direct_mmr_rerank,15,1000,1000,outside_bm25_top1000,582,65,517,0.582,0.111683848797
direct_mmr_rerank,16,1000,1000,in_bm25_top1000,586,250,336,0.586,0.42662116041
direct_mmr_rerank,16,1000,1000,outside_bm25_top1000,414,117,297,0.414,0.282608695652
direct_mmr_rerank,17,1000,1000,in_bm25_top1000,812,401,411,0.812,0.493842364532
direct_mmr_rerank,17,1000,1000,outside_bm25_top1000,188,42,146,0.188,0.223404255319
direct_mmr_rerank,18,1000,1000,in_bm25_top1000,819,435,384,0.819,0.531135531136
direct_mmr_rerank,18,1000,1000,outside_bm25_top1000,181,60,121,0.181,0.331491712707
direct_mmr_rerank,19,1000,1000,in_bm25_top1000,598,261,337,0.598,0.436454849498
direct_mmr_rerank,19,1000,1000,outside_bm25_top1000,402,66,336,0.402,0.164179104478
direct_mmr_rerank,20,1000,1000,in_bm25_top1000,840,475,365,0.84,0.565476190476
direct_mmr_rerank,20,1000,1000,outside_bm25_top1000,160,37,123,0.16,0.23125
direct_mmr_rerank,21,1000,1000,in_bm25_top1000,688,314,374,0.688,0.456395348837
direct_mmr_rerank,21,1000,1000,outside_bm25_top1000,312,119,193,0.312,0.38141025641
direct_mmr_rerank,22,1000,1000,in_bm25_top1000,785,292,493,0.785,0.371974522293
direct_mmr_rerank,22,1000,1000,outside_bm25_top1000,215,71,144,0.215,0.33023255814
direct_mmr_rerank,23,1000,1000,in_bm25_top1000,735,292,443,0.735,0.397278911565
direct_mmr_rerank,23,1000,1000,outside_bm25_top1000,265,72,193,0.265,0.271698113208
direct_mmr_rerank,24,1000,1000,in_bm25_top1000,709,326,383,0.709,0.459802538787
direct_mmr_rerank,24,1000,1000,outside_bm25_top1000,291,71,220,0.291,0.243986254296
direct_mmr_rerank,25,1000,1000,in_bm25_top1000,746,288,458,0.746,0.386058981233
direct_mmr_rerank,25,1000,1000,outside_bm25_top1000,254,115,139,0.254,0.452755905512
direct_mmr_rerank,26,1000,1000,in_bm25_top1000,776,313,463,0.776,0.403350515464
direct_mmr_rerank,26,1000,1000,outside_bm25_top1000,224,83,141,0.224,0.370535714286
direct_mmr_rerank,27,1000,1000,in_bm25_top1000,910,422,488,0.91,0.463736263736
direct_mmr_rerank,27,1000,1000,outside_bm25_top1000,90,7,83,0.09,0.0777777777778
direct_mmr_rerank,28,1000,1000,in_bm25_top1000,830,416,414,0.83,0.501204819277
direct_mmr_rerank,28,1000,1000,outside_bm25_top1000,170,65,105,0.17,0.382352941176
direct_mmr_rerank,29,1000,1000,in_bm25_top1000,809,434,375,0.809,0.536464771323
direct_mmr_rerank,29,1000,1000,outside_bm25_top1000,191,64,127,0.191,0.335078534031
direct_mmr_rerank,30,1000,1000,in_bm25_top1000,759,316,443,0.759,0.416337285903
direct_mmr_rerank,30,1000,1000,outside_bm25_top1000,241,36,205,0.241,0.149377593361
direct_mmr_rerank,31,1000,1000,in_bm25_top1000,744,376,368,0.744,0.505376344086
direct_mmr_rerank,31,1000,1000,outside_bm25_top1000,256,35,221,0.256,0.13671875
direct_mmr_rerank,32,1000,1000,in_bm25_top1000,426,135,291,0.426,0.316901408451
direct_mmr_rerank,32,1000,1000,outside_bm25_top1000,574,51,523,0.574,0.088850174216
direct_mmr_rerank,33,1000,1000,in_bm25_top1000,685,379,306,0.685,0.553284671533
direct_mmr_rerank,33,1000,1000,outside_bm25_top1000,315,70,245,0.315,0.222222222222
direct_mmr_rerank,34,1000,1000,in_bm25_top1000,583,219,364,0.583,0.3756432247
direct_mmr_rerank,34,1000,1000,outside_bm25_top1000,417,55,362,0.417,0.131894484412
direct_mmr_rerank,35,1000,1000,in_bm25_top1000,751,315,436,0.751,0.419440745672
direct_mmr_rerank,35,1000,1000,outside_bm25_top1000,249,43,206,0.249,0.172690763052
direct_mmr_rerank,36,1000,1000,in_bm25_top1000,861,528,333,0.861,0.613240418118
direct_mmr_rerank,36,1000,1000,outside_bm25_top1000,139,37,102,0.139,0.26618705036
direct_mmr_rerank,37,1000,1000,in_bm25_top1000,840,539,301,0.84,0.641666666667
direct_mmr_rerank,37,1000,1000,outside_bm25_top1000,160,67,93,0.16,0.41875
direct_mmr_rerank,38,1000,1000,in_bm25_top1000,691,448,243,0.691,0.648335745297
direct_mmr_rerank,38,1000,1000,outside_bm25_top1000,309,176,133,0.309,0.569579288026
direct_mmr_rerank,39,1000,1000,in_bm25_top1000,889,603,286,0.889,0.678290213723
direct_mmr_rerank,39,1000,1000,outside_bm25_top1000,111,27,84,0.111,0.243243243243
direct_mmr_rerank,40,1000,1000,in_bm25_top1000,717,497,220,0.717,0.693165969317
direct_mmr_rerank,40,1000,1000,outside_bm25_top1000,283,80,203,0.283,0.282685512367
direct_mmr_rerank,41,1000,1000,in_bm25_top1000,642,274,368,0.642,0.426791277259
direct_mmr_rerank,41,1000,1000,outside_bm25_top1000,358,157,201,0.358,0.438547486034
direct_mmr_rerank,42,1000,1000,in_bm25_top1000,766,329,437,0.766,0.429503916449
direct_mmr_rerank,42,1000,1000,outside_bm25_top1000,234,27,207,0.234,0.115384615385
direct_mmr_rerank,43,1000,1000,in_bm25_top1000,453,261,192,0.453,0.576158940397
direct_mmr_rerank,43,1000,1000,outside_bm25_top1000,547,37,510,0.547,0.0676416819013
direct_mmr_rerank,44,1000,1000,in_bm25_top1000,710,415,295,0.71,0.584507042254
direct_mmr_rerank,44,1000,1000,outside_bm25_top1000,290,119,171,0.29,0.410344827586
direct_mmr_rerank,45,1000,1000,in_bm25_top1000,795,498,297,0.795,0.62641509434
direct_mmr_rerank,45,1000,1000,outside_bm25_top1000,205,49,156,0.205,0.239024390244
direct_mmr_rerank,46,1000,1000,in_bm25_top1000,687,203,484,0.687,0.295487627365
direct_mmr_rerank,46,1000,1000,outside_bm25_top1000,313,36,277,0.313,0.115015974441
direct_mmr_rerank,47,1000,1000,in_bm25_top1000,622,309,313,0.622,0.496784565916
direct_mmr_rerank,47,1000,1000,outside_bm25_top1000,378,110,268,0.378,0.291005291005
direct_mmr_rerank,48,1000,1000,in_bm25_top1000,781,264,517,0.781,0.338028169014
direct_mmr_rerank,48,1000,1000,outside_bm25_top1000,219,43,176,0.219,0.196347031963
direct_mmr_rerank,49,1000,1000,in_bm25_top1000,676,289,387,0.676,0.427514792899
direct_mmr_rerank,49,1000,1000,outside_bm25_top1000,324,111,213,0.324,0.342592592593
direct_mmr_rerank,50,1000,1000,in_bm25_top1000,765,322,443,0.765,0.42091503268
direct_mmr_rerank,50,1000,1000,outside_bm25_top1000,235,45,190,0.235,0.191489361702
query_expansion,1,20,1000,in_bm25_top1000,20,16,4,1,0.8
query_expansion,1,20,1000,outside_bm25_top1000,0,0,0,0,
query_expansion,2,20,1000,in_bm25_top1000,20,19,1,1,0.95
query_expansion,2,20,1000,outside_bm25_top1000,0,0,0,0,
query_expansion,3,20,1000,in_bm25_top1000,20,18,2,1,0.9
query_expansion,3,20,1000,outside_bm25_top1000,0,0,0,0,
query_expansion,4,20,1000,in_bm25_top1000,20,17,3,1,0.85
query_expansion,4,20,1000,outside_bm25_top1000,0,0,0,0,
query_expansion,5,20,1000,in_bm25_top1000,20,17,3,1,0.85
query_expansion,5,20,1000,outside_bm25_top1000,0,0,0,0,
query_expansion,6,20,1000,in_bm25_top1000,20,20,0,1,1
query_expansion,6,20,1000,outside_bm25_top1000,0,0,0,0,
query_expansion,7,20,1000,in_bm25_top1000,20,20,0,1,1
query_expansion,7,20,1000,outside_bm25_top1000,0,0,0,0,
query_expansion,8,20,1000,in_bm25_top1000,20,16,4,1,0.8
query_expansion,8,20,1000,outside_bm25_top1000,0,0,0,0,
query_expansion,9,20,1000,in_bm25_top1000,20,19,1,1,0.95
query_expansion,9,20,1000,outside_bm25_top1000,0,0,0,0,
query_expansion,10,20,1000,in_bm25_top1000,20,20,0,1,1
query_expansion,10,20,1000,outside_bm25_top1000,0,0,0,0,
query_expansion,11,20,1000,in_bm25_top1000,20,17,3,1,0.85
query_expansion,11,20,1000,outside_bm25_top1000,0,0,0,0,
query_expansion,12,20,1000,in_bm25_top1000,20,19,1,1,0.95
query_expansion,12,20,1000,outside_bm25_top1000,0,0,0,0,
query_expansion,13,20,1000,in_bm25_top1000,20,20,0,1,1
query_expansion,13,20,1000,outside_bm25_top1000,0,0,0,0,
query_expansion,14,20,1000,in_bm25_top1000,20,20,0,1,1
query_expansion,14,20,1000,outside_bm25_top1000,0,0,0,0,
query_expansion,15,20,1000,in_bm25_top1000,19,12,7,0.95,0.631578947368
query_expansion,15,20,1000,outside_bm25_top1000,1,1,0,0.05,1
query_expansion,16,20,1000,in_bm25_top1000,20,19,1,1,0.95
query_expansion,16,20,1000,outside_bm25_top1000,0,0,0,0,
query_expansion,17,20,1000,in_bm25_top1000,20,20,0,1,1
query_expansion,17,20,1000,outside_bm25_top1000,0,0,0,0,
query_expansion,18,20,1000,in_bm25_top1000,20,20,0,1,1
query_expansion,18,20,1000,outside_bm25_top1000,0,0,0,0,
query_expansion,19,20,1000,in_bm25_top1000,20,20,0,1,1
query_expansion,19,20,1000,outside_bm25_top1000,0,0,0,0,
query_expansion,20,20,1000,in_bm25_top1000,20,19,1,1,0.95
query_expansion,20,20,1000,outside_bm25_top1000,0,0,0,0,
query_expansion,21,20,1000,in_bm25_top1000,18,18,0,0.9,1
query_expansion,21,20,1000,outside_bm25_top1000,2,0,2,0.1,0
query_expansion,22,20,1000,in_bm25_top1000,20,17,3,1,0.85
query_expansion,22,20,1000,outside_bm25_top1000,0,0,0,0,
query_expansion,23,20,1000,in_bm25_top1000,20,19,1,1,0.95
query_expansion,23,20,1000,outside_bm25_top1000,0,0,0,0,
query_expansion,24,20,1000,in_bm25_top1000,20,20,0,1,1
query_expansion,24,20,1000,outside_bm25_top1000,0,0,0,0,
query_expansion,25,20,1000,in_bm25_top1000,20,15,5,1,0.75
query_expansion,25,20,1000,outside_bm25_top1000,0,0,0,0,
query_expansion,26,20,1000,in_bm25_top1000,20,18,2,1,0.9
query_expansion,26,20,1000,outside_bm25_top1000,0,0,0,0,
query_expansion,27,20,1000,in_bm25_top1000,20,20,0,1,1
query_expansion,27,20,1000,outside_bm25_top1000,0,0,0,0,
query_expansion,28,20,1000,in_bm25_top1000,20,17,3,1,0.85
query_expansion,28,20,1000,outside_bm25_top1000,0,0,0,0,
query_expansion,29,20,1000,in_bm25_top1000,20,20,0,1,1
query_expansion,29,20,1000,outside_bm25_top1000,0,0,0,0,
query_expansion,30,20,1000,in_bm25_top1000,20,20,0,1,1
query_expansion,30,20,1000,outside_bm25_top1000,0,0,0,0,
query_expansion,31,20,1000,in_bm25_top1000,20,19,1,1,0.95
query_expansion,31,20,1000,outside_bm25_top1000,0,0,0,0,
query_expansion,32,20,1000,in_bm25_top1000,16,14,2,0.8,0.875
query_expansion,32,20,1000,outside_bm25_top1000,4,0,4,0.2,0
query_expansion,33,20,1000,in_bm25_top1000,20,20,0,1,1
query_expansion,33,20,1000,outside_bm25_top1000,0,0,0,0,
query_expansion,34,20,1000,in_bm25_top1000,20,16,4,1,0.8
query_expansion,34,20,1000,outside_bm25_top1000,0,0,0,0,
query_expansion,35,20,1000,in_bm25_top1000,20,20,0,1,1
query_expansion,35,20,1000,outside_bm25_top1000,0,0,0,0,
query_expansion,36,20,1000,in_bm25_top1000,20,20,0,1,1
query_expansion,36,20,1000,outside_bm25_top1000,0,0,0,0,
query_expansion,37,20,1000,in_bm25_top1000,20,20,0,1,1
query_expansion,37,20,1000,outside_bm25_top1000,0,0,0,0,
query_expansion,38,20,1000,in_bm25_top1000,20,19,1,1,0.95
query_expansion,38,20,1000,outside_bm25_top1000,0,0,0,0,
query_expansion,39,20,1000,in_bm25_top1000,20,20,0,1,1
query_expansion,39,20,1000,outside_bm25_top1000,0,0,0,0,
query_expansion,40,20,1000,in_bm25_top1000,20,20,0,1,1
query_expansion,40,20,1000,outside_bm25_top1000,0,0,0,0,
query_expansion,41,20,1000,in_bm25_top1000,20,20,0,1,1
query_expansion,41,20,1000,outside_bm25_top1000,0,0,0,0,
query_expansion,42,20,1000,in_bm25_top1000,20,20,0,1,1
query_expansion,42,20,1000,outside_bm25_top1000,0,0,0,0,
query_expansion,43,20,1000,in_bm25_top1000,20,20,0,1,1
query_expansion,43,20,1000,outside_bm25_top1000,0,0,0,0,
query_expansion,44,20,1000,in_bm25_top1000,20,20,0,1,1
query_expansion,44,20,1000,outside_bm25_top1000,0,0,0,0,
query_expansion,45,20,1000,in_bm25_top1000,20,20,0,1,1
query_expansion,45,20,1000,outside_bm25_top1000,0,0,0,0,
query_expansion,46,20,1000,in_bm25_top1000,20,20,0,1,1
query_expansion,46,20,1000,outside_bm25_top1000,0,0,0,0,
query_expansion,47,20,1000,in_bm25_top1000,20,19,1,1,0.95
query_expansion,47,20,1000,outside_bm25_top1000,0,0,0,0,
query_expansion,48,20,1000,in_bm25_top1000,20,20,0,1,1
query_expansion,48,20,1000,outside_bm25_top1000,0,0,0,0,
query_expansion,49,20,1000,in_bm25_top1000,20,20,0,1,1
query_expansion,49,20,1000,outside_bm25_top1000,0,0,0,0,
query_expansion,50,20,1000,in_bm25_top1000,20,20,0,1,1
query_expansion,50,20,1000,outside_bm25_top1000,0,0,0,0,
query_expansion,1,50,1000,in_bm25_top1000,50,38,12,1,0.76
query_expansion,1,50,1000,outside_bm25_top1000,0,0,0,0,
query_expansion,2,50,1000,in_bm25_top1000,50,47,3,1,0.94
query_expansion,2,50,1000,outside_bm25_top1000,0,0,0,0,
query_expansion,3,50,1000,in_bm25_top1000,50,45,5,1,0.9
query_expansion,3,50,1000,outside_bm25_top1000,0,0,0,0,
query_expansion,4,50,1000,in_bm25_top1000,47,39,8,0.94,0.829787234043
query_expansion,4,50,1000,outside_bm25_top1000,3,3,0,0.06,1
query_expansion,5,50,1000,in_bm25_top1000,50,41,9,1,0.82
query_expansion,5,50,1000,outside_bm25_top1000,0,0,0,0,
query_expansion,6,50,1000,in_bm25_top1000,50,47,3,1,0.94
query_expansion,6,50,1000,outside_bm25_top1000,0,0,0,0,
query_expansion,7,50,1000,in_bm25_top1000,50,47,3,1,0.94
query_expansion,7,50,1000,outside_bm25_top1000,0,0,0,0,
query_expansion,8,50,1000,in_bm25_top1000,50,36,14,1,0.72
query_expansion,8,50,1000,outside_bm25_top1000,0,0,0,0,
query_expansion,9,50,1000,in_bm25_top1000,50,45,5,1,0.9
query_expansion,9,50,1000,outside_bm25_top1000,0,0,0,0,
query_expansion,10,50,1000,in_bm25_top1000,50,48,2,1,0.96
query_expansion,10,50,1000,outside_bm25_top1000,0,0,0,0,
query_expansion,11,50,1000,in_bm25_top1000,50,43,7,1,0.86
query_expansion,11,50,1000,outside_bm25_top1000,0,0,0,0,
query_expansion,12,50,1000,in_bm25_top1000,50,42,8,1,0.84
query_expansion,12,50,1000,outside_bm25_top1000,0,0,0,0,
query_expansion,13,50,1000,in_bm25_top1000,50,46,4,1,0.92
query_expansion,13,50,1000,outside_bm25_top1000,0,0,0,0,
query_expansion,14,50,1000,in_bm25_top1000,50,50,0,1,1
query_expansion,14,50,1000,outside_bm25_top1000,0,0,0,0,
query_expansion,15,50,1000,in_bm25_top1000,48,23,25,0.96,0.479166666667
query_expansion,15,50,1000,outside_bm25_top1000,2,1,1,0.04,0.5
query_expansion,16,50,1000,in_bm25_top1000,48,47,1,0.96,0.979166666667
query_expansion,16,50,1000,outside_bm25_top1000,2,2,0,0.04,1
query_expansion,17,50,1000,in_bm25_top1000,50,46,4,1,0.92
query_expansion,17,50,1000,outside_bm25_top1000,0,0,0,0,
query_expansion,18,50,1000,in_bm25_top1000,50,49,1,1,0.98
query_expansion,18,50,1000,outside_bm25_top1000,0,0,0,0,
query_expansion,19,50,1000,in_bm25_top1000,50,50,0,1,1
query_expansion,19,50,1000,outside_bm25_top1000,0,0,0,0,
query_expansion,20,50,1000,in_bm25_top1000,50,48,2,1,0.96
query_expansion,20,50,1000,outside_bm25_top1000,0,0,0,0,
query_expansion,21,50,1000,in_bm25_top1000,48,43,5,0.96,0.895833333333
query_expansion,21,50,1000,outside_bm25_top1000,2,0,2,0.04,0
query_expansion,22,50,1000,in_bm25_top1000,50,44,6,1,0.88
query_expansion,22,50,1000,outside_bm25_top1000,0,0,0,0,
query_expansion,23,50,1000,in_bm25_top1000,50,48,2,1,0.96
query_expansion,23,50,1000,outside_bm25_top1000,0,0,0,0,
query_expansion,24,50,1000,in_bm25_top1000,50,49,1,1,0.98
query_expansion,24,50,1000,outside_bm25_top1000,0,0,0,0,
query_expansion,25,50,1000,in_bm25_top1000,50,35,15,1,0.7
query_expansion,25,50,1000,outside_bm25_top1000,0,0,0,0,
query_expansion,26,50,1000,in_bm25_top1000,50,38,12,1,0.76
query_expansion,26,50,1000,outside_bm25_top1000,0,0,0,0,
query_expansion,27,50,1000,in_bm25_top1000,50,48,2,1,0.96
query_expansion,27,50,1000,outside_bm25_top1000,0,0,0,0,
query_expansion,28,50,1000,in_bm25_top1000,50,46,4,1,0.92
query_expansion,28,50,1000,outside_bm25_top1000,0,0,0,0,
query_expansion,29,50,1000,in_bm25_top1000,50,48,2,1,0.96
query_expansion,29,50,1000,outside_bm25_top1000,0,0,0,0,
query_expansion,30,50,1000,in_bm25_top1000,50,49,1,1,0.98
query_expansion,30,50,1000,outside_bm25_top1000,0,0,0,0,
query_expansion,31,50,1000,in_bm25_top1000,50,48,2,1,0.96
query_expansion,31,50,1000,outside_bm25_top1000,0,0,0,0,
query_expansion,32,50,1000,in_bm25_top1000,31,26,5,0.62,0.838709677419
query_expansion,32,50,1000,outside_bm25_top1000,19,2,17,0.38,0.105263157895
query_expansion,33,50,1000,in_bm25_top1000,50,50,0,1,1
query_expansion,33,50,1000,outside_bm25_top1000,0,0,0,0,
query_expansion,34,50,1000,in_bm25_top1000,50,38,12,1,0.76
query_expansion,34,50,1000,outside_bm25_top1000,0,0,0,0,
query_expansion,35,50,1000,in_bm25_top1000,50,49,1,1,0.98
query_expansion,35,50,1000,outside_bm25_top1000,0,0,0,0,
query_expansion,36,50,1000,in_bm25_top1000,50,49,1,1,0.98
query_expansion,36,50,1000,outside_bm25_top1000,0,0,0,0,
query_expansion,37,50,1000,in_bm25_top1000,50,49,1,1,0.98
query_expansion,37,50,1000,outside_bm25_top1000,0,0,0,0,
query_expansion,38,50,1000,in_bm25_top1000,50,48,2,1,0.96
query_expansion,38,50,1000,outside_bm25_top1000,0,0,0,0,
query_expansion,39,50,1000,in_bm25_top1000,50,50,0,1,1
query_expansion,39,50,1000,outside_bm25_top1000,0,0,0,0,
query_expansion,40,50,1000,in_bm25_top1000,50,50,0,1,1
query_expansion,40,50,1000,outside_bm25_top1000,0,0,0,0,
query_expansion,41,50,1000,in_bm25_top1000,50,49,1,1,0.98
query_expansion,41,50,1000,outside_bm25_top1000,0,0,0,0,
query_expansion,42,50,1000,in_bm25_top1000,50,50,0,1,1
query_expansion,42,50,1000,outside_bm25_top1000,0,0,0,0,
query_expansion,43,50,1000,in_bm25_top1000,50,49,1,1,0.98
query_expansion,43,50,1000,outside_bm25_top1000,0,0,0,0,
query_expansion,44,50,1000,in_bm25_top1000,50,50,0,1,1
query_expansion,44,50,1000,outside_bm25_top1000,0,0,0,0,
query_expansion,45,50,1000,in_bm25_top1000,50,48,2,1,0.96
query_expansion,45,50,1000,outside_bm25_top1000,0,0,0,0,
query_expansion,46,50,1000,in_bm25_top1000,50,48,2,1,0.96
query_expansion,46,50,1000,outside_bm25_top1000,0,0,0,0,
query_expansion,47,50,1000,in_bm25_top1000,49,45,4,0.98,0.918367346939
query_expansion,47,50,1000,outside_bm25_top1000,1,0,1,0.02,0
query_expansion,48,50,1000,in_bm25_top1000,50,44,6,1,0.88
query_expansion,48,50,1000,outside_bm25_top1000,0,0,0,0,
query_expansion,49,50,1000,in_bm25_top1000,49,49,0,0.98,1
query_expansion,49,50,1000,outside_bm25_top1000,1,1,0,0.02,1
query_expansion,50,50,1000,in_bm25_top1000,50,47,3,1,0.94
query_expansion,50,50,1000,outside_bm25_top1000,0,0,0,0,
query_expansion,1,100,1000,in_bm25_top1000,100,73,27,1,0.73
query_expansion,1,100,1000,outside_bm25_top1000,0,0,0,0,
query_expansion,2,100,1000,in_bm25_top1000,100,88,12,1,0.88
query_expansion,2,100,1000,outside_bm25_top1000,0,0,0,0,
query_expansion,3,100,1000,in_bm25_top1000,100,81,19,1,0.81
query_expansion,3,100,1000,outside_bm25_top1000,0,0,0,0,
query_expansion,4,100,1000,in_bm25_top1000,95,69,26,0.95,0.726315789474
query_expansion,4,100,1000,outside_bm25_top1000,5,5,0,0.05,1
query_expansion,5,100,1000,in_bm25_top1000,99,75,24,0.99,0.757575757576
query_expansion,5,100,1000,outside_bm25_top1000,1,0,1,0.01,0
query_expansion,6,100,1000,in_bm25_top1000,100,77,23,1,0.77
query_expansion,6,100,1000,outside_bm25_top1000,0,0,0,0,
query_expansion,7,100,1000,in_bm25_top1000,97,91,6,0.97,0.938144329897
query_expansion,7,100,1000,outside_bm25_top1000,3,2,1,0.03,0.666666666667
query_expansion,8,100,1000,in_bm25_top1000,98,67,31,0.98,0.683673469388
query_expansion,8,100,1000,outside_bm25_top1000,2,0,2,0.02,0
query_expansion,9,100,1000,in_bm25_top1000,100,80,20,1,0.8
query_expansion,9,100,1000,outside_bm25_top1000,0,0,0,0,
query_expansion,10,100,1000,in_bm25_top1000,100,93,7,1,0.93
query_expansion,10,100,1000,outside_bm25_top1000,0,0,0,0,
query_expansion,11,100,1000,in_bm25_top1000,100,78,22,1,0.78
query_expansion,11,100,1000,outside_bm25_top1000,0,0,0,0,
query_expansion,12,100,1000,in_bm25_top1000,100,77,23,1,0.77
query_expansion,12,100,1000,outside_bm25_top1000,0,0,0,0,
query_expansion,13,100,1000,in_bm25_top1000,100,83,17,1,0.83
query_expansion,13,100,1000,outside_bm25_top1000,0,0,0,0,
query_expansion,14,100,1000,in_bm25_top1000,95,94,1,0.95,0.989473684211
query_expansion,14,100,1000,outside_bm25_top1000,5,0,5,0.05,0
query_expansion,15,100,1000,in_bm25_top1000,96,47,49,0.96,0.489583333333
query_expansion,15,100,1000,outside_bm25_top1000,4,1,3,0.04,0.25
query_expansion,16,100,1000,in_bm25_top1000,87,74,13,0.87,0.850574712644
query_expansion,16,100,1000,outside_bm25_top1000,13,8,5,0.13,0.615384615385
query_expansion,17,100,1000,in_bm25_top1000,100,82,18,1,0.82
query_expansion,17,100,1000,outside_bm25_top1000,0,0,0,0,
query_expansion,18,100,1000,in_bm25_top1000,100,90,10,1,0.9
query_expansion,18,100,1000,outside_bm25_top1000,0,0,0,0,
query_expansion,19,100,1000,in_bm25_top1000,98,90,8,0.98,0.918367346939
query_expansion,19,100,1000,outside_bm25_top1000,2,2,0,0.02,1
query_expansion,20,100,1000,in_bm25_top1000,100,89,11,1,0.89
query_expansion,20,100,1000,outside_bm25_top1000,0,0,0,0,
query_expansion,21,100,1000,in_bm25_top1000,95,84,11,0.95,0.884210526316
query_expansion,21,100,1000,outside_bm25_top1000,5,2,3,0.05,0.4
query_expansion,22,100,1000,in_bm25_top1000,100,85,15,1,0.85
query_expansion,22,100,1000,outside_bm25_top1000,0,0,0,0,
query_expansion,23,100,1000,in_bm25_top1000,100,88,12,1,0.88
query_expansion,23,100,1000,outside_bm25_top1000,0,0,0,0,
query_expansion,24,100,1000,in_bm25_top1000,100,92,8,1,0.92
query_expansion,24,100,1000,outside_bm25_top1000,0,0,0,0,
query_expansion,25,100,1000,in_bm25_top1000,100,64,36,1,0.64
query_expansion,25,100,1000,outside_bm25_top1000,0,0,0,0,
query_expansion,26,100,1000,in_bm25_top1000,98,63,35,0.98,0.642857142857
query_expansion,26,100,1000,outside_bm25_top1000,2,0,2,0.02,0
query_expansion,27,100,1000,in_bm25_top1000,100,87,13,1,0.87
query_expansion,27,100,1000,outside_bm25_top1000,0,0,0,0,
query_expansion,28,100,1000,in_bm25_top1000,100,86,14,1,0.86
query_expansion,28,100,1000,outside_bm25_top1000,0,0,0,0,
query_expansion,29,100,1000,in_bm25_top1000,100,94,6,1,0.94
query_expansion,29,100,1000,outside_bm25_top1000,0,0,0,0,
query_expansion,30,100,1000,in_bm25_top1000,100,85,15,1,0.85
query_expansion,30,100,1000,outside_bm25_top1000,0,0,0,0,
query_expansion,31,100,1000,in_bm25_top1000,99,88,11,0.99,0.888888888889
query_expansion,31,100,1000,outside_bm25_top1000,1,1,0,0.01,1
query_expansion,32,100,1000,in_bm25_top1000,49,37,12,0.49,0.755102040816
query_expansion,32,100,1000,outside_bm25_top1000,51,5,46,0.51,0.0980392156863
query_expansion,33,100,1000,in_bm25_top1000,100,97,3,1,0.97
query_expansion,33,100,1000,outside_bm25_top1000,0,0,0,0,
query_expansion,34,100,1000,in_bm25_top1000,97,60,37,0.97,0.618556701031
query_expansion,34,100,1000,outside_bm25_top1000,3,3,0,0.03,1
query_expansion,35,100,1000,in_bm25_top1000,100,87,13,1,0.87
query_expansion,35,100,1000,outside_bm25_top1000,0,0,0,0,
query_expansion,36,100,1000,in_bm25_top1000,99,96,3,0.99,0.969696969697
query_expansion,36,100,1000,outside_bm25_top1000,1,1,0,0.01,1
query_expansion,37,100,1000,in_bm25_top1000,100,97,3,1,0.97
query_expansion,37,100,1000,outside_bm25_top1000,0,0,0,0,
query_expansion,38,100,1000,in_bm25_top1000,97,92,5,0.97,0.948453608247
query_expansion,38,100,1000,outside_bm25_top1000,3,1,2,0.03,0.333333333333
query_expansion,39,100,1000,in_bm25_top1000,100,99,1,1,0.99
query_expansion,39,100,1000,outside_bm25_top1000,0,0,0,0,
query_expansion,40,100,1000,in_bm25_top1000,100,99,1,1,0.99
query_expansion,40,100,1000,outside_bm25_top1000,0,0,0,0,
query_expansion,41,100,1000,in_bm25_top1000,100,95,5,1,0.95
query_expansion,41,100,1000,outside_bm25_top1000,0,0,0,0,
query_expansion,42,100,1000,in_bm25_top1000,100,100,0,1,1
query_expansion,42,100,1000,outside_bm25_top1000,0,0,0,0,
query_expansion,43,100,1000,in_bm25_top1000,100,98,2,1,0.98
query_expansion,43,100,1000,outside_bm25_top1000,0,0,0,0,
query_expansion,44,100,1000,in_bm25_top1000,99,98,1,0.99,0.989898989899
query_expansion,44,100,1000,outside_bm25_top1000,1,1,0,0.01,1
query_expansion,45,100,1000,in_bm25_top1000,98,91,7,0.98,0.928571428571
query_expansion,45,100,1000,outside_bm25_top1000,2,1,1,0.02,0.5
query_expansion,46,100,1000,in_bm25_top1000,93,75,18,0.93,0.806451612903
query_expansion,46,100,1000,outside_bm25_top1000,7,2,5,0.07,0.285714285714
query_expansion,47,100,1000,in_bm25_top1000,86,77,9,0.86,0.895348837209
query_expansion,47,100,1000,outside_bm25_top1000,14,6,8,0.14,0.428571428571
query_expansion,48,100,1000,in_bm25_top1000,100,78,22,1,0.78
query_expansion,48,100,1000,outside_bm25_top1000,0,0,0,0,
query_expansion,49,100,1000,in_bm25_top1000,93,91,2,0.93,0.978494623656
query_expansion,49,100,1000,outside_bm25_top1000,7,6,1,0.07,0.857142857143
query_expansion,50,100,1000,in_bm25_top1000,99,87,12,0.99,0.878787878788
query_expansion,50,100,1000,outside_bm25_top1000,1,0,1,0.01,0
query_expansion,1,1000,1000,in_bm25_top1000,714,310,404,0.714,0.434173669468
query_expansion,1,1000,1000,outside_bm25_top1000,286,24,262,0.286,0.0839160839161
query_expansion,2,1000,1000,in_bm25_top1000,518,187,331,0.518,0.361003861004
query_expansion,2,1000,1000,outside_bm25_top1000,482,89,393,0.482,0.184647302905
query_expansion,3,1000,1000,in_bm25_top1000,671,336,335,0.671,0.500745156483
query_expansion,3,1000,1000,outside_bm25_top1000,329,43,286,0.329,0.130699088146
query_expansion,4,1000,1000,in_bm25_top1000,662,254,408,0.662,0.383685800604
query_expansion,4,1000,1000,outside_bm25_top1000,338,56,282,0.338,0.165680473373
query_expansion,5,1000,1000,in_bm25_top1000,583,309,274,0.583,0.530017152659
query_expansion,5,1000,1000,outside_bm25_top1000,417,43,374,0.417,0.103117505995
query_expansion,6,1000,1000,in_bm25_top1000,583,313,270,0.583,0.536878216123
query_expansion,6,1000,1000,outside_bm25_top1000,417,79,338,0.417,0.189448441247
query_expansion,7,1000,1000,in_bm25_top1000,668,441,227,0.668,0.660179640719
query_expansion,7,1000,1000,outside_bm25_top1000,332,51,281,0.332,0.153614457831
query_expansion,8,1000,1000,in_bm25_top1000,553,219,334,0.553,0.396021699819
query_expansion,8,1000,1000,outside_bm25_top1000,447,90,357,0.447,0.201342281879
query_expansion,9,1000,1000,in_bm25_top1000,761,272,489,0.761,0.357424441524
query_expansion,9,1000,1000,outside_bm25_top1000,239,21,218,0.239,0.0878661087866
query_expansion,10,1000,1000,in_bm25_top1000,725,386,339,0.725,0.532413793103
query_expansion,10,1000,1000,outside_bm25_top1000,275,54,221,0.275,0.196363636364
query_expansion,11,1000,1000,in_bm25_top1000,714,312,402,0.714,0.436974789916
query_expansion,11,1000,1000,outside_bm25_top1000,286,22,264,0.286,0.0769230769231
query_expansion,12,1000,1000,in_bm25_top1000,601,261,340,0.601,0.434276206323
query_expansion,12,1000,1000,outside_bm25_top1000,399,52,347,0.399,0.130325814536
query_expansion,13,1000,1000,in_bm25_top1000,701,323,378,0.701,0.460770328103
query_expansion,13,1000,1000,outside_bm25_top1000,299,62,237,0.299,0.207357859532
query_expansion,14,1000,1000,in_bm25_top1000,344,203,141,0.344,0.59011627907
query_expansion,14,1000,1000,outside_bm25_top1000,656,33,623,0.656,0.0503048780488
query_expansion,15,1000,1000,in_bm25_top1000,456,148,308,0.456,0.324561403509
query_expansion,15,1000,1000,outside_bm25_top1000,544,52,492,0.544,0.0955882352941
query_expansion,16,1000,1000,in_bm25_top1000,537,237,300,0.537,0.441340782123
query_expansion,16,1000,1000,outside_bm25_top1000,463,100,363,0.463,0.215982721382
query_expansion,17,1000,1000,in_bm25_top1000,657,352,305,0.657,0.535768645358
query_expansion,17,1000,1000,outside_bm25_top1000,343,35,308,0.343,0.102040816327
query_expansion,18,1000,1000,in_bm25_top1000,632,388,244,0.632,0.613924050633
query_expansion,18,1000,1000,outside_bm25_top1000,368,36,332,0.368,0.0978260869565
query_expansion,19,1000,1000,in_bm25_top1000,570,258,312,0.57,0.452631578947
query_expansion,19,1000,1000,outside_bm25_top1000,430,57,373,0.43,0.132558139535
query_expansion,20,1000,1000,in_bm25_top1000,729,455,274,0.729,0.62414266118
query_expansion,20,1000,1000,outside_bm25_top1000,271,25,246,0.271,0.0922509225092
query_expansion,21,1000,1000,in_bm25_top1000,545,284,261,0.545,0.521100917431
query_expansion,21,1000,1000,outside_bm25_top1000,455,102,353,0.455,0.224175824176
query_expansion,22,1000,1000,in_bm25_top1000,652,270,382,0.652,0.414110429448
query_expansion,22,1000,1000,outside_bm25_top1000,348,36,312,0.348,0.103448275862
query_expansion,23,1000,1000,in_bm25_top1000,622,278,344,0.622,0.446945337621
query_expansion,23,1000,1000,outside_bm25_top1000,378,45,333,0.378,0.119047619048
query_expansion,24,1000,1000,in_bm25_top1000,574,302,272,0.574,0.526132404181
query_expansion,24,1000,1000,outside_bm25_top1000,426,51,375,0.426,0.119718309859
query_expansion,25,1000,1000,in_bm25_top1000,644,270,374,0.644,0.419254658385
query_expansion,25,1000,1000,outside_bm25_top1000,356,100,256,0.356,0.280898876404
query_expansion,26,1000,1000,in_bm25_top1000,682,287,395,0.682,0.42082111437
query_expansion,26,1000,1000,outside_bm25_top1000,318,70,248,0.318,0.220125786164
query_expansion,27,1000,1000,in_bm25_top1000,768,391,377,0.768,0.509114583333
query_expansion,27,1000,1000,outside_bm25_top1000,232,6,226,0.232,0.0258620689655
query_expansion,28,1000,1000,in_bm25_top1000,681,387,294,0.681,0.568281938326
query_expansion,28,1000,1000,outside_bm25_top1000,319,29,290,0.319,0.0909090909091
query_expansion,29,1000,1000,in_bm25_top1000,667,396,271,0.667,0.593703148426
query_expansion,29,1000,1000,outside_bm25_top1000,333,42,291,0.333,0.126126126126
query_expansion,30,1000,1000,in_bm25_top1000,633,300,333,0.633,0.473933649289
query_expansion,30,1000,1000,outside_bm25_top1000,367,31,336,0.367,0.0844686648501
query_expansion,31,1000,1000,in_bm25_top1000,721,362,359,0.721,0.502080443828
query_expansion,31,1000,1000,outside_bm25_top1000,279,38,241,0.279,0.136200716846
query_expansion,32,1000,1000,in_bm25_top1000,455,179,276,0.455,0.393406593407
query_expansion,32,1000,1000,outside_bm25_top1000,545,104,441,0.545,0.190825688073
query_expansion,33,1000,1000,in_bm25_top1000,581,339,242,0.581,0.5834767642
query_expansion,33,1000,1000,outside_bm25_top1000,419,48,371,0.419,0.114558472554
query_expansion,34,1000,1000,in_bm25_top1000,603,217,386,0.603,0.359867330017
query_expansion,34,1000,1000,outside_bm25_top1000,397,60,337,0.397,0.151133501259
query_expansion,35,1000,1000,in_bm25_top1000,602,298,304,0.602,0.495016611296
query_expansion,35,1000,1000,outside_bm25_top1000,398,32,366,0.398,0.0804020100503
query_expansion,36,1000,1000,in_bm25_top1000,687,468,219,0.687,0.681222707424
query_expansion,36,1000,1000,outside_bm25_top1000,313,63,250,0.313,0.201277955272
query_expansion,37,1000,1000,in_bm25_top1000,707,502,205,0.707,0.710042432815
query_expansion,37,1000,1000,outside_bm25_top1000,293,53,240,0.293,0.180887372014
query_expansion,38,1000,1000,in_bm25_top1000,575,398,177,0.575,0.692173913043
query_expansion,38,1000,1000,outside_bm25_top1000,425,124,301,0.425,0.291764705882
query_expansion,39,1000,1000,in_bm25_top1000,786,557,229,0.786,0.708651399491
query_expansion,39,1000,1000,outside_bm25_top1000,214,17,197,0.214,0.0794392523364
query_expansion,40,1000,1000,in_bm25_top1000,654,470,184,0.654,0.718654434251
query_expansion,40,1000,1000,outside_bm25_top1000,346,60,286,0.346,0.173410404624
query_expansion,41,1000,1000,in_bm25_top1000,524,259,265,0.524,0.49427480916
query_expansion,41,1000,1000,outside_bm25_top1000,476,123,353,0.476,0.258403361345
query_expansion,42,1000,1000,in_bm25_top1000,629,321,308,0.629,0.510333863275
query_expansion,42,1000,1000,outside_bm25_top1000,371,18,353,0.371,0.0485175202156
query_expansion,43,1000,1000,in_bm25_top1000,421,256,165,0.421,0.608076009501
query_expansion,43,1000,1000,outside_bm25_top1000,579,40,539,0.579,0.0690846286701
query_expansion,44,1000,1000,in_bm25_top1000,575,366,209,0.575,0.63652173913
query_expansion,44,1000,1000,outside_bm25_top1000,425,106,319,0.425,0.249411764706
query_expansion,45,1000,1000,in_bm25_top1000,660,432,228,0.66,0.654545454545
query_expansion,45,1000,1000,outside_bm25_top1000,340,40,300,0.34,0.117647058824
query_expansion,46,1000,1000,in_bm25_top1000,537,193,344,0.537,0.359404096834
query_expansion,46,1000,1000,outside_bm25_top1000,463,31,432,0.463,0.0669546436285
query_expansion,47,1000,1000,in_bm25_top1000,562,277,285,0.562,0.492882562278
query_expansion,47,1000,1000,outside_bm25_top1000,438,80,358,0.438,0.182648401826
query_expansion,48,1000,1000,in_bm25_top1000,749,256,493,0.749,0.341789052069
query_expansion,48,1000,1000,outside_bm25_top1000,251,37,214,0.251,0.147410358566
query_expansion,49,1000,1000,in_bm25_top1000,472,255,217,0.472,0.540254237288
query_expansion,49,1000,1000,outside_bm25_top1000,528,98,430,0.528,0.185606060606
query_expansion,50,1000,1000,in_bm25_top1000,613,296,317,0.613,0.482871125612
query_expansion,50,1000,1000,outside_bm25_top1000,387,76,311,0.387,0.196382428941
retrieval_random,1,20,1000,in_bm25_top1000,20,13,7,1,0.65
retrieval_random,1,20,1000,outside_bm25_top1000,0,0,0,0,
retrieval_random,2,20,1000,in_bm25_top1000,19,15,4,0.95,0.789473684211
retrieval_random,2,20,1000,outside_bm25_top1000,1,1,0,0.05,1
retrieval_random,3,20,1000,in_bm25_top1000,20,17,3,1,0.85
retrieval_random,3,20,1000,outside_bm25_top1000,0,0,0,0,
retrieval_random,4,20,1000,in_bm25_top1000,20,17,3,1,0.85
retrieval_random,4,20,1000,outside_bm25_top1000,0,0,0,0,
retrieval_random,5,20,1000,in_bm25_top1000,20,13,7,1,0.65
retrieval_random,5,20,1000,outside_bm25_top1000,0,0,0,0,
retrieval_random,6,20,1000,in_bm25_top1000,20,15,5,1,0.75
retrieval_random,6,20,1000,outside_bm25_top1000,0,0,0,0,
retrieval_random,7,20,1000,in_bm25_top1000,20,18,2,1,0.9
retrieval_random,7,20,1000,outside_bm25_top1000,0,0,0,0,
retrieval_random,8,20,1000,in_bm25_top1000,20,16,4,1,0.8
retrieval_random,8,20,1000,outside_bm25_top1000,0,0,0,0,
retrieval_random,9,20,1000,in_bm25_top1000,20,19,1,1,0.95
retrieval_random,9,20,1000,outside_bm25_top1000,0,0,0,0,
retrieval_random,10,20,1000,in_bm25_top1000,20,19,1,1,0.95
retrieval_random,10,20,1000,outside_bm25_top1000,0,0,0,0,
retrieval_random,11,20,1000,in_bm25_top1000,20,18,2,1,0.9
retrieval_random,11,20,1000,outside_bm25_top1000,0,0,0,0,
retrieval_random,12,20,1000,in_bm25_top1000,20,17,3,1,0.85
retrieval_random,12,20,1000,outside_bm25_top1000,0,0,0,0,
retrieval_random,13,20,1000,in_bm25_top1000,20,15,5,1,0.75
retrieval_random,13,20,1000,outside_bm25_top1000,0,0,0,0,
retrieval_random,14,20,1000,in_bm25_top1000,19,19,0,0.95,1
retrieval_random,14,20,1000,outside_bm25_top1000,1,0,1,0.05,0
retrieval_random,15,20,1000,in_bm25_top1000,17,9,8,0.85,0.529411764706
retrieval_random,15,20,1000,outside_bm25_top1000,3,1,2,0.15,0.333333333333
retrieval_random,16,20,1000,in_bm25_top1000,17,13,4,0.85,0.764705882353
retrieval_random,16,20,1000,outside_bm25_top1000,3,2,1,0.15,0.666666666667
retrieval_random,17,20,1000,in_bm25_top1000,20,18,2,1,0.9
retrieval_random,17,20,1000,outside_bm25_top1000,0,0,0,0,
retrieval_random,18,20,1000,in_bm25_top1000,20,20,0,1,1
retrieval_random,18,20,1000,outside_bm25_top1000,0,0,0,0,
retrieval_random,19,20,1000,in_bm25_top1000,20,18,2,1,0.9
retrieval_random,19,20,1000,outside_bm25_top1000,0,0,0,0,
retrieval_random,20,20,1000,in_bm25_top1000,20,19,1,1,0.95
retrieval_random,20,20,1000,outside_bm25_top1000,0,0,0,0,
retrieval_random,21,20,1000,in_bm25_top1000,20,16,4,1,0.8
retrieval_random,21,20,1000,outside_bm25_top1000,0,0,0,0,
retrieval_random,22,20,1000,in_bm25_top1000,20,13,7,1,0.65
retrieval_random,22,20,1000,outside_bm25_top1000,0,0,0,0,
retrieval_random,23,20,1000,in_bm25_top1000,20,17,3,1,0.85
retrieval_random,23,20,1000,outside_bm25_top1000,0,0,0,0,
retrieval_random,24,20,1000,in_bm25_top1000,20,19,1,1,0.95
retrieval_random,24,20,1000,outside_bm25_top1000,0,0,0,0,
retrieval_random,25,20,1000,in_bm25_top1000,20,10,10,1,0.5
retrieval_random,25,20,1000,outside_bm25_top1000,0,0,0,0,
retrieval_random,26,20,1000,in_bm25_top1000,20,12,8,1,0.6
retrieval_random,26,20,1000,outside_bm25_top1000,0,0,0,0,
retrieval_random,27,20,1000,in_bm25_top1000,20,17,3,1,0.85
retrieval_random,27,20,1000,outside_bm25_top1000,0,0,0,0,
retrieval_random,28,20,1000,in_bm25_top1000,20,17,3,1,0.85
retrieval_random,28,20,1000,outside_bm25_top1000,0,0,0,0,
retrieval_random,29,20,1000,in_bm25_top1000,20,19,1,1,0.95
retrieval_random,29,20,1000,outside_bm25_top1000,0,0,0,0,
retrieval_random,30,20,1000,in_bm25_top1000,20,18,2,1,0.9
retrieval_random,30,20,1000,outside_bm25_top1000,0,0,0,0,
retrieval_random,31,20,1000,in_bm25_top1000,20,20,0,1,1
retrieval_random,31,20,1000,outside_bm25_top1000,0,0,0,0,
retrieval_random,32,20,1000,in_bm25_top1000,8,6,2,0.4,0.75
retrieval_random,32,20,1000,outside_bm25_top1000,12,0,12,0.6,0
retrieval_random,33,20,1000,in_bm25_top1000,20,19,1,1,0.95
retrieval_random,33,20,1000,outside_bm25_top1000,0,0,0,0,
retrieval_random,34,20,1000,in_bm25_top1000,20,14,6,1,0.7
retrieval_random,34,20,1000,outside_bm25_top1000,0,0,0,0,
retrieval_random,35,20,1000,in_bm25_top1000,20,18,2,1,0.9
retrieval_random,35,20,1000,outside_bm25_top1000,0,0,0,0,
retrieval_random,36,20,1000,in_bm25_top1000,20,19,1,1,0.95
retrieval_random,36,20,1000,outside_bm25_top1000,0,0,0,0,
retrieval_random,37,20,1000,in_bm25_top1000,20,20,0,1,1
retrieval_random,37,20,1000,outside_bm25_top1000,0,0,0,0,
retrieval_random,38,20,1000,in_bm25_top1000,20,18,2,1,0.9
retrieval_random,38,20,1000,outside_bm25_top1000,0,0,0,0,
retrieval_random,39,20,1000,in_bm25_top1000,20,20,0,1,1
retrieval_random,39,20,1000,outside_bm25_top1000,0,0,0,0,
retrieval_random,40,20,1000,in_bm25_top1000,20,20,0,1,1
retrieval_random,40,20,1000,outside_bm25_top1000,0,0,0,0,
retrieval_random,41,20,1000,in_bm25_top1000,20,19,1,1,0.95
retrieval_random,41,20,1000,outside_bm25_top1000,0,0,0,0,
retrieval_random,42,20,1000,in_bm25_top1000,20,20,0,1,1
retrieval_random,42,20,1000,outside_bm25_top1000,0,0,0,0,
retrieval_random,43,20,1000,in_bm25_top1000,20,20,0,1,1
retrieval_random,43,20,1000,outside_bm25_top1000,0,0,0,0,
retrieval_random,44,20,1000,in_bm25_top1000,19,19,0,0.95,1
retrieval_random,44,20,1000,outside_bm25_top1000,1,0,1,0.05,0
retrieval_random,45,20,1000,in_bm25_top1000,20,19,1,1,0.95
retrieval_random,45,20,1000,outside_bm25_top1000,0,0,0,0,
retrieval_random,46,20,1000,in_bm25_top1000,20,18,2,1,0.9
retrieval_random,46,20,1000,outside_bm25_top1000,0,0,0,0,
retrieval_random,47,20,1000,in_bm25_top1000,20,17,3,1,0.85
retrieval_random,47,20,1000,outside_bm25_top1000,0,0,0,0,
retrieval_random,48,20,1000,in_bm25_top1000,20,19,1,1,0.95
retrieval_random,48,20,1000,outside_bm25_top1000,0,0,0,0,
retrieval_random,49,20,1000,in_bm25_top1000,20,20,0,1,1
retrieval_random,49,20,1000,outside_bm25_top1000,0,0,0,0,
retrieval_random,50,20,1000,in_bm25_top1000,20,18,2,1,0.9
retrieval_random,50,20,1000,outside_bm25_top1000,0,0,0,0,
retrieval_random,1,50,1000,in_bm25_top1000,48,29,19,0.96,0.604166666667
retrieval_random,1,50,1000,outside_bm25_top1000,2,0,2,0.04,0
retrieval_random,2,50,1000,in_bm25_top1000,37,23,14,0.74,0.621621621622
retrieval_random,2,50,1000,outside_bm25_top1000,13,5,8,0.26,0.384615384615
retrieval_random,3,50,1000,in_bm25_top1000,50,38,12,1,0.76
retrieval_random,3,50,1000,outside_bm25_top1000,0,0,0,0,
retrieval_random,4,50,1000,in_bm25_top1000,46,26,20,0.92,0.565217391304
retrieval_random,4,50,1000,outside_bm25_top1000,4,2,2,0.08,0.5
retrieval_random,5,50,1000,in_bm25_top1000,49,28,21,0.98,0.571428571429
retrieval_random,5,50,1000,outside_bm25_top1000,1,0,1,0.02,0
retrieval_random,6,50,1000,in_bm25_top1000,47,32,15,0.94,0.68085106383
retrieval_random,6,50,1000,outside_bm25_top1000,3,1,2,0.06,0.333333333333
retrieval_random,7,50,1000,in_bm25_top1000,50,46,4,1,0.92
retrieval_random,7,50,1000,outside_bm25_top1000,0,0,0,0,
retrieval_random,8,50,1000,in_bm25_top1000,43,25,18,0.86,0.581395348837
retrieval_random,8,50,1000,outside_bm25_top1000,7,5,2,0.14,0.714285714286
retrieval_random,9,50,1000,in_bm25_top1000,50,37,13,1,0.74
retrieval_random,9,50,1000,outside_bm25_top1000,0,0,0,0,
retrieval_random,10,50,1000,in_bm25_top1000,50,43,7,1,0.86
retrieval_random,10,50,1000,outside_bm25_top1000,0,0,0,0,
retrieval_random,11,50,1000,in_bm25_top1000,50,31,19,1,0.62
retrieval_random,11,50,1000,outside_bm25_top1000,0,0,0,0,
retrieval_random,12,50,1000,in_bm25_top1000,45,30,15,0.9,0.666666666667
retrieval_random,12,50,1000,outside_bm25_top1000,5,1,4,0.1,0.2
retrieval_random,13,50,1000,in_bm25_top1000,48,34,14,0.96,0.708333333333
retrieval_random,13,50,1000,outside_bm25_top1000,2,1,1,0.04,0.5
retrieval_random,14,50,1000,in_bm25_top1000,39,36,3,0.78,0.923076923077
retrieval_random,14,50,1000,outside_bm25_top1000,11,1,10,0.22,0.0909090909091
retrieval_random,15,50,1000,in_bm25_top1000,33,16,17,0.66,0.484848484848
retrieval_random,15,50,1000,outside_bm25_top1000,17,4,13,0.34,0.235294117647
retrieval_random,16,50,1000,in_bm25_top1000,35,21,14,0.7,0.6
retrieval_random,16,50,1000,outside_bm25_top1000,15,12,3,0.3,0.8
retrieval_random,17,50,1000,in_bm25_top1000,49,36,13,0.98,0.734693877551
retrieval_random,17,50,1000,outside_bm25_top1000,1,0,1,0.02,0
retrieval_random,18,50,1000,in_bm25_top1000,50,41,9,1,0.82
retrieval_random,18,50,1000,outside_bm25_top1000,0,0,0,0,
retrieval_random,19,50,1000,in_bm25_top1000,45,33,12,0.9,0.733333333333
retrieval_random,19,50,1000,outside_bm25_top1000,5,2,3,0.1,0.4
retrieval_random,20,50,1000,in_bm25_top1000,50,43,7,1,0.86
retrieval_random,20,50,1000,outside_bm25_top1000,0,0,0,0,
retrieval_random,21,50,1000,in_bm25_top1000,48,39,9,0.96,0.8125
retrieval_random,21,50,1000,outside_bm25_top1000,2,1,1,0.04,0.5
retrieval_random,22,50,1000,in_bm25_top1000,49,28,21,0.98,0.571428571429
retrieval_random,22,50,1000,outside_bm25_top1000,1,1,0,0.02,1
retrieval_random,23,50,1000,in_bm25_top1000,48,31,17,0.96,0.645833333333
retrieval_random,23,50,1000,outside_bm25_top1000,2,1,1,0.04,0.5
retrieval_random,24,50,1000,in_bm25_top1000,48,34,14,0.96,0.708333333333
retrieval_random,24,50,1000,outside_bm25_top1000,2,1,1,0.04,0.5
retrieval_random,25,50,1000,in_bm25_top1000,46,24,22,0.92,0.521739130435
retrieval_random,25,50,1000,outside_bm25_top1000,4,0,4,0.08,0
retrieval_random,26,50,1000,in_bm25_top1000,47,27,20,0.94,0.574468085106
retrieval_random,26,50,1000,outside_bm25_top1000,3,0,3,0.06,0
retrieval_random,27,50,1000,in_bm25_top1000,50,39,11,1,0.78
retrieval_random,27,50,1000,outside_bm25_top1000,0,0,0,0,
retrieval_random,28,50,1000,in_bm25_top1000,50,38,12,1,0.76
retrieval_random,28,50,1000,outside_bm25_top1000,0,0,0,0,
retrieval_random,29,50,1000,in_bm25_top1000,49,44,5,0.98,0.897959183673
retrieval_random,29,50,1000,outside_bm25_top1000,1,0,1,0.02,0
retrieval_random,30,50,1000,in_bm25_top1000,50,41,9,1,0.82
retrieval_random,30,50,1000,outside_bm25_top1000,0,0,0,0,
retrieval_random,31,50,1000,in_bm25_top1000,47,38,9,0.94,0.808510638298
retrieval_random,31,50,1000,outside_bm25_top1000,3,2,1,0.06,0.666666666667
retrieval_random,32,50,1000,in_bm25_top1000,23,14,9,0.46,0.608695652174
retrieval_random,32,50,1000,outside_bm25_top1000,27,4,23,0.54,0.148148148148
retrieval_random,33,50,1000,in_bm25_top1000,47,37,10,0.94,0.787234042553
retrieval_random,33,50,1000,outside_bm25_top1000,3,1,2,0.06,0.333333333333
retrieval_random,34,50,1000,in_bm25_top1000,41,21,20,0.82,0.512195121951
retrieval_random,34,50,1000,outside_bm25_top1000,9,7,2,0.18,0.777777777778
retrieval_random,35,50,1000,in_bm25_top1000,47,35,12,0.94,0.744680851064
retrieval_random,35,50,1000,outside_bm25_top1000,3,2,1,0.06,0.666666666667
retrieval_random,36,50,1000,in_bm25_top1000,49,44,5,0.98,0.897959183673
retrieval_random,36,50,1000,outside_bm25_top1000,1,0,1,0.02,0
retrieval_random,37,50,1000,in_bm25_top1000,50,48,2,1,0.96
retrieval_random,37,50,1000,outside_bm25_top1000,0,0,0,0,
retrieval_random,38,50,1000,in_bm25_top1000,45,39,6,0.9,0.866666666667
retrieval_random,38,50,1000,outside_bm25_top1000,5,4,1,0.1,0.8
retrieval_random,39,50,1000,in_bm25_top1000,50,45,5,1,0.9
retrieval_random,39,50,1000,outside_bm25_top1000,0,0,0,0,
retrieval_random,40,50,1000,in_bm25_top1000,50,49,1,1,0.98
retrieval_random,40,50,1000,outside_bm25_top1000,0,0,0,0,
retrieval_random,41,50,1000,in_bm25_top1000,39,34,5,0.78,0.871794871795
retrieval_random,41,50,1000,outside_bm25_top1000,11,10,1,0.22,0.909090909091
retrieval_random,42,50,1000,in_bm25_top1000,50,50,0,1,1
retrieval_random,42,50,1000,outside_bm25_top1000,0,0,0,0,
retrieval_random,43,50,1000,in_bm25_top1000,46,45,1,0.92,0.978260869565
retrieval_random,43,50,1000,outside_bm25_top1000,4,0,4,0.08,0
retrieval_random,44,50,1000,in_bm25_top1000,47,40,7,0.94,0.851063829787
retrieval_random,44,50,1000,outside_bm25_top1000,3,1,2,0.06,0.333333333333
retrieval_random,45,50,1000,in_bm25_top1000,49,43,6,0.98,0.877551020408
retrieval_random,45,50,1000,outside_bm25_top1000,1,1,0,0.02,1
retrieval_random,46,50,1000,in_bm25_top1000,48,26,22,0.96,0.541666666667
retrieval_random,46,50,1000,outside_bm25_top1000,2,1,1,0.04,0.5
retrieval_random,47,50,1000,in_bm25_top1000,42,32,10,0.84,0.761904761905
retrieval_random,47,50,1000,outside_bm25_top1000,8,3,5,0.16,0.375
retrieval_random,48,50,1000,in_bm25_top1000,49,34,15,0.98,0.69387755102
retrieval_random,48,50,1000,outside_bm25_top1000,1,1,0,0.02,1
retrieval_random,49,50,1000,in_bm25_top1000,39,34,5,0.78,0.871794871795
retrieval_random,49,50,1000,outside_bm25_top1000,11,7,4,0.22,0.636363636364
retrieval_random,50,50,1000,in_bm25_top1000,49,37,12,0.98,0.755102040816
retrieval_random,50,50,1000,outside_bm25_top1000,1,0,1,0.02,0
retrieval_random,1,100,1000,in_bm25_top1000,85,47,38,0.85,0.552941176471
retrieval_random,1,100,1000,outside_bm25_top1000,15,3,12,0.15,0.2
retrieval_random,2,100,1000,in_bm25_top1000,53,25,28,0.53,0.471698113208
retrieval_random,2,100,1000,outside_bm25_top1000,47,13,34,0.47,0.276595744681
retrieval_random,3,100,1000,in_bm25_top1000,92,52,40,0.92,0.565217391304
retrieval_random,3,100,1000,outside_bm25_top1000,8,2,6,0.08,0.25
retrieval_random,4,100,1000,in_bm25_top1000,85,42,43,0.85,0.494117647059
retrieval_random,4,100,1000,outside_bm25_top1000,15,4,11,0.15,0.266666666667
retrieval_random,5,100,1000,in_bm25_top1000,89,47,42,0.89,0.52808988764
retrieval_random,5,100,1000,outside_bm25_top1000,11,0,11,0.11,0
retrieval_random,6,100,1000,in_bm25_top1000,78,46,32,0.78,0.589743589744
retrieval_random,6,100,1000,outside_bm25_top1000,22,8,14,0.22,0.363636363636
retrieval_random,7,100,1000,in_bm25_top1000,97,75,22,0.97,0.773195876289
retrieval_random,7,100,1000,outside_bm25_top1000,3,2,1,0.03,0.666666666667
retrieval_random,8,100,1000,in_bm25_top1000,75,37,38,0.75,0.493333333333
retrieval_random,8,100,1000,outside_bm25_top1000,25,9,16,0.25,0.36
retrieval_random,9,100,1000,in_bm25_top1000,85,49,36,0.85,0.576470588235
retrieval_random,9,100,1000,outside_bm25_top1000,15,3,12,0.15,0.2
retrieval_random,10,100,1000,in_bm25_top1000,98,71,27,0.98,0.724489795918
retrieval_random,10,100,1000,outside_bm25_top1000,2,1,1,0.02,0.5
retrieval_random,11,100,1000,in_bm25_top1000,99,49,50,0.99,0.494949494949
retrieval_random,11,100,1000,outside_bm25_top1000,1,0,1,0.01,0
retrieval_random,12,100,1000,in_bm25_top1000,75,42,33,0.75,0.56
retrieval_random,12,100,1000,outside_bm25_top1000,25,7,18,0.25,0.28
retrieval_random,13,100,1000,in_bm25_top1000,85,51,34,0.85,0.6
retrieval_random,13,100,1000,outside_bm25_top1000,15,6,9,0.15,0.4
retrieval_random,14,100,1000,in_bm25_top1000,51,39,12,0.51,0.764705882353
retrieval_random,14,100,1000,outside_bm25_top1000,49,3,46,0.49,0.0612244897959
retrieval_random,15,100,1000,in_bm25_top1000,45,17,28,0.45,0.377777777778
retrieval_random,15,100,1000,outside_bm25_top1000,55,11,44,0.55,0.2
retrieval_random,16,100,1000,in_bm25_top1000,56,26,30,0.56,0.464285714286
retrieval_random,16,100,1000,outside_bm25_top1000,44,25,19,0.44,0.568181818182
retrieval_random,17,100,1000,in_bm25_top1000,88,62,26,0.88,0.704545454545
retrieval_random,17,100,1000,outside_bm25_top1000,12,7,5,0.12,0.583333333333
retrieval_random,18,100,1000,in_bm25_top1000,98,71,27,0.98,0.724489795918
retrieval_random,18,100,1000,outside_bm25_top1000,2,2,0,0.02,1
retrieval_random,19,100,1000,in_bm25_top1000,75,42,33,0.75,0.56
retrieval_random,19,100,1000,outside_bm25_top1000,25,9,16,0.25,0.36
retrieval_random,20,100,1000,in_bm25_top1000,99,73,26,0.99,0.737373737374
retrieval_random,20,100,1000,outside_bm25_top1000,1,0,1,0.01,0
retrieval_random,21,100,1000,in_bm25_top1000,83,56,27,0.83,0.674698795181
retrieval_random,21,100,1000,outside_bm25_top1000,17,11,6,0.17,0.647058823529
retrieval_random,22,100,1000,in_bm25_top1000,87,38,49,0.87,0.436781609195
retrieval_random,22,100,1000,outside_bm25_top1000,13,6,7,0.13,0.461538461538
retrieval_random,23,100,1000,in_bm25_top1000,84,45,39,0.84,0.535714285714
retrieval_random,23,100,1000,outside_bm25_top1000,16,6,10,0.16,0.375
retrieval_random,24,100,1000,in_bm25_top1000,88,54,34,0.88,0.613636363636
retrieval_random,24,100,1000,outside_bm25_top1000,12,6,6,0.12,0.5
retrieval_random,25,100,1000,in_bm25_top1000,87,36,51,0.87,0.413793103448
retrieval_random,25,100,1000,outside_bm25_top1000,13,4,9,0.13,0.307692307692
retrieval_random,26,100,1000,in_bm25_top1000,85,49,36,0.85,0.576470588235
retrieval_random,26,100,1000,outside_bm25_top1000,15,5,10,0.15,0.333333333333
retrieval_random,27,100,1000,in_bm25_top1000,97,64,33,0.97,0.659793814433
retrieval_random,27,100,1000,outside_bm25_top1000,3,0,3,0.03,0
retrieval_random,28,100,1000,in_bm25_top1000,100,64,36,1,0.64
retrieval_random,28,100,1000,outside_bm25_top1000,0,0,0,0,
retrieval_random,29,100,1000,in_bm25_top1000,97,61,36,0.97,0.628865979381
retrieval_random,29,100,1000,outside_bm25_top1000,3,0,3,0.03,0
retrieval_random,30,100,1000,in_bm25_top1000,95,52,43,0.95,0.547368421053
retrieval_random,30,100,1000,outside_bm25_top1000,5,2,3,0.05,0.4
retrieval_random,31,100,1000,in_bm25_top1000,86,56,30,0.86,0.651162790698
retrieval_random,31,100,1000,outside_bm25_top1000,14,4,10,0.14,0.285714285714
retrieval_random,32,100,1000,in_bm25_top1000,49,18,31,0.49,0.367346938776
retrieval_random,32,100,1000,outside_bm25_top1000,51,9,42,0.51,0.176470588235
retrieval_random,33,100,1000,in_bm25_top1000,83,58,25,0.83,0.698795180723
retrieval_random,33,100,1000,outside_bm25_top1000,17,5,12,0.17,0.294117647059
retrieval_random,34,100,1000,in_bm25_top1000,63,29,34,0.63,0.460317460317
retrieval_random,34,100,1000,outside_bm25_top1000,37,11,26,0.37,0.297297297297
retrieval_random,35,100,1000,in_bm25_top1000,80,47,33,0.8,0.5875
retrieval_random,35,100,1000,outside_bm25_top1000,20,6,14,0.2,0.3
retrieval_random,36,100,1000,in_bm25_top1000,98,79,19,0.98,0.80612244898
retrieval_random,36,100,1000,outside_bm25_top1000,2,0,2,0.02,0
retrieval_random,37,100,1000,in_bm25_top1000,100,84,16,1,0.84
retrieval_random,37,100,1000,outside_bm25_top1000,0,0,0,0,
retrieval_random,38,100,1000,in_bm25_top1000,79,63,16,0.79,0.79746835443
retrieval_random,38,100,1000,outside_bm25_top1000,21,16,5,0.21,0.761904761905
retrieval_random,39,100,1000,in_bm25_top1000,100,77,23,1,0.77
retrieval_random,39,100,1000,outside_bm25_top1000,0,0,0,0,
retrieval_random,40,100,1000,in_bm25_top1000,94,84,10,0.94,0.893617021277
retrieval_random,40,100,1000,outside_bm25_top1000,6,4,2,0.06,0.666666666667
retrieval_random,41,100,1000,in_bm25_top1000,73,49,24,0.73,0.671232876712
retrieval_random,41,100,1000,outside_bm25_top1000,27,18,9,0.27,0.666666666667
retrieval_random,42,100,1000,in_bm25_top1000,94,66,28,0.94,0.702127659574
retrieval_random,42,100,1000,outside_bm25_top1000,6,3,3,0.06,0.5
retrieval_random,43,100,1000,in_bm25_top1000,65,51,14,0.65,0.784615384615
retrieval_random,43,100,1000,outside_bm25_top1000,35,1,34,0.35,0.0285714285714
retrieval_random,44,100,1000,in_bm25_top1000,86,65,21,0.86,0.755813953488
retrieval_random,44,100,1000,outside_bm25_top1000,14,9,5,0.14,0.642857142857
retrieval_random,45,100,1000,in_bm25_top1000,95,73,22,0.95,0.768421052632
retrieval_random,45,100,1000,outside_bm25_top1000,5,3,2,0.05,0.6
retrieval_random,46,100,1000,in_bm25_top1000,82,34,48,0.82,0.414634146341
retrieval_random,46,100,1000,outside_bm25_top1000,18,3,15,0.18,0.166666666667
retrieval_random,47,100,1000,in_bm25_top1000,73,47,26,0.73,0.643835616438
retrieval_random,47,100,1000,outside_bm25_top1000,27,12,15,0.27,0.444444444444
retrieval_random,48,100,1000,in_bm25_top1000,90,50,40,0.9,0.555555555556
retrieval_random,48,100,1000,outside_bm25_top1000,10,1,9,0.1,0.1
retrieval_random,49,100,1000,in_bm25_top1000,67,40,27,0.67,0.597014925373
retrieval_random,49,100,1000,outside_bm25_top1000,33,15,18,0.33,0.454545454545
retrieval_random,50,100,1000,in_bm25_top1000,93,56,37,0.93,0.602150537634
retrieval_random,50,100,1000,outside_bm25_top1000,7,3,4,0.07,0.428571428571
retrieval_random,1,1000,1000,in_bm25_top1000,184,71,113,0.184,0.385869565217
retrieval_random,1,1000,1000,outside_bm25_top1000,816,72,744,0.816,0.0882352941176
retrieval_random,2,1000,1000,in_bm25_top1000,148,34,114,0.148,0.22972972973
retrieval_random,2,1000,1000,outside_bm25_top1000,852,57,795,0.852,0.0669014084507
retrieval_random,3,1000,1000,in_bm25_top1000,201,83,118,0.201,0.412935323383
retrieval_random,3,1000,1000,outside_bm25_top1000,799,84,715,0.799,0.105131414268
retrieval_random,4,1000,1000,in_bm25_top1000,213,71,142,0.213,0.333333333333
retrieval_random,4,1000,1000,outside_bm25_top1000,787,104,683,0.787,0.132147395172
retrieval_random,5,1000,1000,in_bm25_top1000,196,86,110,0.196,0.438775510204
retrieval_random,5,1000,1000,outside_bm25_top1000,804,72,732,0.804,0.089552238806
retrieval_random,6,1000,1000,in_bm25_top1000,188,68,120,0.188,0.36170212766
retrieval_random,6,1000,1000,outside_bm25_top1000,812,81,731,0.812,0.0997536945813
retrieval_random,7,1000,1000,in_bm25_top1000,221,120,101,0.221,0.542986425339
retrieval_random,7,1000,1000,outside_bm25_top1000,779,60,719,0.779,0.0770218228498
retrieval_random,8,1000,1000,in_bm25_top1000,181,52,129,0.181,0.28729281768
retrieval_random,8,1000,1000,outside_bm25_top1000,819,80,739,0.819,0.0976800976801
retrieval_random,9,1000,1000,in_bm25_top1000,188,60,128,0.188,0.31914893617
retrieval_random,9,1000,1000,outside_bm25_top1000,812,46,766,0.812,0.0566502463054
retrieval_random,10,1000,1000,in_bm25_top1000,225,100,125,0.225,0.444444444444
retrieval_random,10,1000,1000,outside_bm25_top1000,775,54,721,0.775,0.0696774193548
retrieval_random,11,1000,1000,in_bm25_top1000,205,68,137,0.205,0.331707317073
retrieval_random,11,1000,1000,outside_bm25_top1000,795,62,733,0.795,0.0779874213836
retrieval_random,12,1000,1000,in_bm25_top1000,201,73,128,0.201,0.363184079602
retrieval_random,12,1000,1000,outside_bm25_top1000,799,83,716,0.799,0.103879849812
retrieval_random,13,1000,1000,in_bm25_top1000,170,67,103,0.17,0.394117647059
retrieval_random,13,1000,1000,outside_bm25_top1000,830,91,739,0.83,0.109638554217
retrieval_random,14,1000,1000,in_bm25_top1000,122,47,75,0.122,0.385245901639
retrieval_random,14,1000,1000,outside_bm25_top1000,878,41,837,0.878,0.0466970387244
retrieval_random,15,1000,1000,in_bm25_top1000,112,32,80,0.112,0.285714285714
retrieval_random,15,1000,1000,outside_bm25_top1000,888,81,807,0.888,0.0912162162162
retrieval_random,16,1000,1000,in_bm25_top1000,139,39,100,0.139,0.280575539568
retrieval_random,16,1000,1000,outside_bm25_top1000,861,81,780,0.861,0.0940766550523
retrieval_random,17,1000,1000,in_bm25_top1000,177,78,99,0.177,0.440677966102
retrieval_random,17,1000,1000,outside_bm25_top1000,823,80,743,0.823,0.097205346294
retrieval_random,18,1000,1000,in_bm25_top1000,205,102,103,0.205,0.49756097561
retrieval_random,18,1000,1000,outside_bm25_top1000,795,70,725,0.795,0.0880503144654
retrieval_random,19,1000,1000,in_bm25_top1000,151,53,98,0.151,0.350993377483
retrieval_random,19,1000,1000,outside_bm25_top1000,849,41,808,0.849,0.0482921083628
retrieval_random,20,1000,1000,in_bm25_top1000,195,99,96,0.195,0.507692307692
retrieval_random,20,1000,1000,outside_bm25_top1000,805,36,769,0.805,0.0447204968944
retrieval_random,21,1000,1000,in_bm25_top1000,205,78,127,0.205,0.380487804878
retrieval_random,21,1000,1000,outside_bm25_top1000,795,81,714,0.795,0.101886792453
retrieval_random,22,1000,1000,in_bm25_top1000,178,52,126,0.178,0.292134831461
retrieval_random,22,1000,1000,outside_bm25_top1000,822,56,766,0.822,0.0681265206813
retrieval_random,23,1000,1000,in_bm25_top1000,194,53,141,0.194,0.273195876289
retrieval_random,23,1000,1000,outside_bm25_top1000,806,65,741,0.806,0.0806451612903
retrieval_random,24,1000,1000,in_bm25_top1000,199,75,124,0.199,0.376884422111
retrieval_random,24,1000,1000,outside_bm25_top1000,801,55,746,0.801,0.0686641697878
retrieval_random,25,1000,1000,in_bm25_top1000,202,60,142,0.202,0.29702970297
retrieval_random,25,1000,1000,outside_bm25_top1000,798,90,708,0.798,0.112781954887
retrieval_random,26,1000,1000,in_bm25_top1000,188,70,118,0.188,0.372340425532
retrieval_random,26,1000,1000,outside_bm25_top1000,812,106,706,0.812,0.130541871921
retrieval_random,27,1000,1000,in_bm25_top1000,189,88,101,0.189,0.465608465608
retrieval_random,27,1000,1000,outside_bm25_top1000,811,50,761,0.811,0.0616522811344
retrieval_random,28,1000,1000,in_bm25_top1000,205,82,123,0.205,0.4
retrieval_random,28,1000,1000,outside_bm25_top1000,795,37,758,0.795,0.0465408805031
retrieval_random,29,1000,1000,in_bm25_top1000,196,93,103,0.196,0.474489795918
retrieval_random,29,1000,1000,outside_bm25_top1000,804,79,725,0.804,0.0982587064677
retrieval_random,30,1000,1000,in_bm25_top1000,177,57,120,0.177,0.322033898305
retrieval_random,30,1000,1000,outside_bm25_top1000,823,30,793,0.823,0.0364520048603
retrieval_random,31,1000,1000,in_bm25_top1000,178,82,96,0.178,0.460674157303
retrieval_random,31,1000,1000,outside_bm25_top1000,822,61,761,0.822,0.0742092457421
retrieval_random,32,1000,1000,in_bm25_top1000,188,40,148,0.188,0.212765957447
retrieval_random,32,1000,1000,outside_bm25_top1000,812,58,754,0.812,0.0714285714286
retrieval_random,33,1000,1000,in_bm25_top1000,213,104,109,0.213,0.488262910798
retrieval_random,33,1000,1000,outside_bm25_top1000,787,86,701,0.787,0.109275730623
retrieval_random,34,1000,1000,in_bm25_top1000,137,42,95,0.137,0.306569343066
retrieval_random,34,1000,1000,outside_bm25_top1000,863,77,786,0.863,0.0892236384705
retrieval_random,35,1000,1000,in_bm25_top1000,187,82,105,0.187,0.438502673797
retrieval_random,35,1000,1000,outside_bm25_top1000,813,62,751,0.813,0.0762607626076
retrieval_random,36,1000,1000,in_bm25_top1000,206,123,83,0.206,0.597087378641
retrieval_random,36,1000,1000,outside_bm25_top1000,794,71,723,0.794,0.0894206549118
retrieval_random,37,1000,1000,in_bm25_top1000,215,128,87,0.215,0.595348837209
retrieval_random,37,1000,1000,outside_bm25_top1000,785,66,719,0.785,0.084076433121
retrieval_random,38,1000,1000,in_bm25_top1000,180,92,88,0.18,0.511111111111
retrieval_random,38,1000,1000,outside_bm25_top1000,820,152,668,0.82,0.185365853659
retrieval_random,39,1000,1000,in_bm25_top1000,191,111,80,0.191,0.581151832461
retrieval_random,39,1000,1000,outside_bm25_top1000,809,32,777,0.809,0.0395550061805
retrieval_random,40,1000,1000,in_bm25_top1000,190,111,79,0.19,0.584210526316
retrieval_random,40,1000,1000,outside_bm25_top1000,810,67,743,0.81,0.0827160493827
retrieval_random,41,1000,1000,in_bm25_top1000,192,64,128,0.192,0.333333333333
retrieval_random,41,1000,1000,outside_bm25_top1000,808,63,745,0.808,0.0779702970297
retrieval_random,42,1000,1000,in_bm25_top1000,197,71,126,0.197,0.360406091371
retrieval_random,42,1000,1000,outside_bm25_top1000,803,23,780,0.803,0.0286425902864
retrieval_random,43,1000,1000,in_bm25_top1000,145,64,81,0.145,0.441379310345
retrieval_random,43,1000,1000,outside_bm25_top1000,855,33,822,0.855,0.0385964912281
retrieval_random,44,1000,1000,in_bm25_top1000,205,89,116,0.205,0.434146341463
retrieval_random,44,1000,1000,outside_bm25_top1000,795,59,736,0.795,0.074213836478
retrieval_random,45,1000,1000,in_bm25_top1000,193,115,78,0.193,0.59585492228
retrieval_random,45,1000,1000,outside_bm25_top1000,807,61,746,0.807,0.0755885997522
retrieval_random,46,1000,1000,in_bm25_top1000,176,37,139,0.176,0.210227272727
retrieval_random,46,1000,1000,outside_bm25_top1000,824,30,794,0.824,0.0364077669903
retrieval_random,47,1000,1000,in_bm25_top1000,203,70,133,0.203,0.344827586207
retrieval_random,47,1000,1000,outside_bm25_top1000,797,74,723,0.797,0.0928481806775
retrieval_random,48,1000,1000,in_bm25_top1000,201,64,137,0.201,0.318407960199
retrieval_random,48,1000,1000,outside_bm25_top1000,799,34,765,0.799,0.0425531914894
retrieval_random,49,1000,1000,in_bm25_top1000,180,57,123,0.18,0.316666666667
retrieval_random,49,1000,1000,outside_bm25_top1000,820,66,754,0.82,0.080487804878
retrieval_random,50,1000,1000,in_bm25_top1000,216,85,131,0.216,0.393518518519
retrieval_random,50,1000,1000,outside_bm25_top1000,784,45,739,0.784,0.0573979591837
splade,1,20,1000,in_bm25_top1000,19,15,4,0.95,0.789473684211
splade,1,20,1000,outside_bm25_top1000,1,1,0,0.05,1
splade,2,20,1000,in_bm25_top1000,12,7,5,0.6,0.583333333333
splade,2,20,1000,outside_bm25_top1000,8,4,4,0.4,0.5
splade,3,20,1000,in_bm25_top1000,18,16,2,0.9,0.888888888889
splade,3,20,1000,outside_bm25_top1000,2,1,1,0.1,0.5
splade,4,20,1000,in_bm25_top1000,10,4,6,0.5,0.4
splade,4,20,1000,outside_bm25_top1000,10,4,6,0.5,0.4
splade,5,20,1000,in_bm25_top1000,20,15,5,1,0.75
splade,5,20,1000,outside_bm25_top1000,0,0,0,0,
splade,6,20,1000,in_bm25_top1000,19,18,1,0.95,0.947368421053
splade,6,20,1000,outside_bm25_top1000,1,1,0,0.05,1
splade,7,20,1000,in_bm25_top1000,19,19,0,0.95,1
splade,7,20,1000,outside_bm25_top1000,1,1,0,0.05,1
splade,8,20,1000,in_bm25_top1000,12,9,3,0.6,0.75
splade,8,20,1000,outside_bm25_top1000,8,3,5,0.4,0.375
splade,9,20,1000,in_bm25_top1000,9,9,0,0.45,1
splade,9,20,1000,outside_bm25_top1000,11,10,1,0.55,0.909090909091
splade,10,20,1000,in_bm25_top1000,19,19,0,0.95,1
splade,10,20,1000,outside_bm25_top1000,1,1,0,0.05,1
splade,11,20,1000,in_bm25_top1000,20,14,6,1,0.7
splade,11,20,1000,outside_bm25_top1000,0,0,0,0,
splade,12,20,1000,in_bm25_top1000,18,16,2,0.9,0.888888888889
splade,12,20,1000,outside_bm25_top1000,2,1,1,0.1,0.5
splade,13,20,1000,in_bm25_top1000,20,18,2,1,0.9
splade,13,20,1000,outside_bm25_top1000,0,0,0,0,
splade,14,20,1000,in_bm25_top1000,19,14,5,0.95,0.736842105263
splade,14,20,1000,outside_bm25_top1000,1,1,0,0.05,1
splade,15,20,1000,in_bm25_top1000,11,8,3,0.55,0.727272727273
splade,15,20,1000,outside_bm25_top1000,9,5,4,0.45,0.555555555556
splade,16,20,1000,in_bm25_top1000,15,14,1,0.75,0.933333333333
splade,16,20,1000,outside_bm25_top1000,5,5,0,0.25,1
splade,17,20,1000,in_bm25_top1000,19,18,1,0.95,0.947368421053
splade,17,20,1000,outside_bm25_top1000,1,1,0,0.05,1
splade,18,20,1000,in_bm25_top1000,20,19,1,1,0.95
splade,18,20,1000,outside_bm25_top1000,0,0,0,0,
splade,19,20,1000,in_bm25_top1000,19,19,0,0.95,1
splade,19,20,1000,outside_bm25_top1000,1,0,1,0.05,0
splade,20,20,1000,in_bm25_top1000,20,20,0,1,1
splade,20,20,1000,outside_bm25_top1000,0,0,0,0,
splade,21,20,1000,in_bm25_top1000,20,17,3,1,0.85
splade,21,20,1000,outside_bm25_top1000,0,0,0,0,
splade,22,20,1000,in_bm25_top1000,18,17,1,0.9,0.944444444444
splade,22,20,1000,outside_bm25_top1000,2,2,0,0.1,1
splade,23,20,1000,in_bm25_top1000,20,17,3,1,0.85
splade,23,20,1000,outside_bm25_top1000,0,0,0,0,
splade,24,20,1000,in_bm25_top1000,20,20,0,1,1
splade,24,20,1000,outside_bm25_top1000,0,0,0,0,
splade,25,20,1000,in_bm25_top1000,18,17,1,0.9,0.944444444444
splade,25,20,1000,outside_bm25_top1000,2,2,0,0.1,1
splade,26,20,1000,in_bm25_top1000,14,10,4,0.7,0.714285714286
splade,26,20,1000,outside_bm25_top1000,6,0,6,0.3,0
splade,27,20,1000,in_bm25_top1000,20,20,0,1,1
splade,27,20,1000,outside_bm25_top1000,0,0,0,0,
splade,28,20,1000,in_bm25_top1000,20,20,0,1,1
splade,28,20,1000,outside_bm25_top1000,0,0,0,0,
splade,29,20,1000,in_bm25_top1000,20,20,0,1,1
splade,29,20,1000,outside_bm25_top1000,0,0,0,0,
splade,30,20,1000,in_bm25_top1000,20,20,0,1,1
splade,30,20,1000,outside_bm25_top1000,0,0,0,0,
splade,31,20,1000,in_bm25_top1000,17,17,0,0.85,1
splade,31,20,1000,outside_bm25_top1000,3,3,0,0.15,1
splade,32,20,1000,in_bm25_top1000,11,10,1,0.55,0.909090909091
splade,32,20,1000,outside_bm25_top1000,9,5,4,0.45,0.555555555556
splade,33,20,1000,in_bm25_top1000,19,19,0,0.95,1
splade,33,20,1000,outside_bm25_top1000,1,0,1,0.05,0
splade,34,20,1000,in_bm25_top1000,17,17,0,0.85,1
splade,34,20,1000,outside_bm25_top1000,3,3,0,0.15,1
splade,35,20,1000,in_bm25_top1000,20,20,0,1,1
splade,35,20,1000,outside_bm25_top1000,0,0,0,0,
splade,36,20,1000,in_bm25_top1000,19,18,1,0.95,0.947368421053
splade,36,20,1000,outside_bm25_top1000,1,0,1,0.05,0
splade,37,20,1000,in_bm25_top1000,20,20,0,1,1
splade,37,20,1000,outside_bm25_top1000,0,0,0,0,
splade,38,20,1000,in_bm25_top1000,17,17,0,0.85,1
splade,38,20,1000,outside_bm25_top1000,3,1,2,0.15,0.333333333333
splade,39,20,1000,in_bm25_top1000,20,20,0,1,1
splade,39,20,1000,outside_bm25_top1000,0,0,0,0,
splade,40,20,1000,in_bm25_top1000,20,20,0,1,1
splade,40,20,1000,outside_bm25_top1000,0,0,0,0,
splade,41,20,1000,in_bm25_top1000,18,18,0,0.9,1
splade,41,20,1000,outside_bm25_top1000,2,0,2,0.1,0
splade,42,20,1000,in_bm25_top1000,20,20,0,1,1
splade,42,20,1000,outside_bm25_top1000,0,0,0,0,
splade,43,20,1000,in_bm25_top1000,16,15,1,0.8,0.9375
splade,43,20,1000,outside_bm25_top1000,4,2,2,0.2,0.5
splade,44,20,1000,in_bm25_top1000,19,19,0,0.95,1
splade,44,20,1000,outside_bm25_top1000,1,1,0,0.05,1
splade,45,20,1000,in_bm25_top1000,20,20,0,1,1
splade,45,20,1000,outside_bm25_top1000,0,0,0,0,
splade,46,20,1000,in_bm25_top1000,20,20,0,1,1
splade,46,20,1000,outside_bm25_top1000,0,0,0,0,
splade,47,20,1000,in_bm25_top1000,18,18,0,0.9,1
splade,47,20,1000,outside_bm25_top1000,2,2,0,0.1,1
splade,48,20,1000,in_bm25_top1000,19,18,1,0.95,0.947368421053
splade,48,20,1000,outside_bm25_top1000,1,1,0,0.05,1
splade,49,20,1000,in_bm25_top1000,17,17,0,0.85,1
splade,49,20,1000,outside_bm25_top1000,3,3,0,0.15,1
splade,50,20,1000,in_bm25_top1000,20,16,4,1,0.8
splade,50,20,1000,outside_bm25_top1000,0,0,0,0,
splade,1,50,1000,in_bm25_top1000,45,27,18,0.9,0.6
splade,1,50,1000,outside_bm25_top1000,5,3,2,0.1,0.6
splade,2,50,1000,in_bm25_top1000,24,17,7,0.48,0.708333333333
splade,2,50,1000,outside_bm25_top1000,26,16,10,0.52,0.615384615385
splade,3,50,1000,in_bm25_top1000,47,42,5,0.94,0.893617021277
splade,3,50,1000,outside_bm25_top1000,3,1,2,0.06,0.333333333333
splade,4,50,1000,in_bm25_top1000,34,12,22,0.68,0.352941176471
splade,4,50,1000,outside_bm25_top1000,16,4,12,0.32,0.25
splade,5,50,1000,in_bm25_top1000,47,34,13,0.94,0.723404255319
splade,5,50,1000,outside_bm25_top1000,3,0,3,0.06,0
splade,6,50,1000,in_bm25_top1000,48,45,3,0.96,0.9375
splade,6,50,1000,outside_bm25_top1000,2,2,0,0.04,1
splade,7,50,1000,in_bm25_top1000,49,49,0,0.98,1
splade,7,50,1000,outside_bm25_top1000,1,1,0,0.02,1
splade,8,50,1000,in_bm25_top1000,29,22,7,0.58,0.758620689655
splade,8,50,1000,outside_bm25_top1000,21,8,13,0.42,0.380952380952
splade,9,50,1000,in_bm25_top1000,31,27,4,0.62,0.870967741935
splade,9,50,1000,outside_bm25_top1000,19,13,6,0.38,0.684210526316
splade,10,50,1000,in_bm25_top1000,49,43,6,0.98,0.877551020408
splade,10,50,1000,outside_bm25_top1000,1,1,0,0.02,1
splade,11,50,1000,in_bm25_top1000,47,38,9,0.94,0.808510638298
splade,11,50,1000,outside_bm25_top1000,3,0,3,0.06,0
splade,12,50,1000,in_bm25_top1000,43,36,7,0.86,0.837209302326
splade,12,50,1000,outside_bm25_top1000,7,3,4,0.14,0.428571428571
splade,13,50,1000,in_bm25_top1000,50,47,3,1,0.94
splade,13,50,1000,outside_bm25_top1000,0,0,0,0,
splade,14,50,1000,in_bm25_top1000,35,27,8,0.7,0.771428571429
splade,14,50,1000,outside_bm25_top1000,15,6,9,0.3,0.4
splade,15,50,1000,in_bm25_top1000,16,13,3,0.32,0.8125
splade,15,50,1000,outside_bm25_top1000,34,13,21,0.68,0.382352941176
splade,16,50,1000,in_bm25_top1000,35,32,3,0.7,0.914285714286
splade,16,50,1000,outside_bm25_top1000,15,9,6,0.3,0.6
splade,17,50,1000,in_bm25_top1000,48,40,8,0.96,0.833333333333
splade,17,50,1000,outside_bm25_top1000,2,2,0,0.04,1
splade,18,50,1000,in_bm25_top1000,50,43,7,1,0.86
splade,18,50,1000,outside_bm25_top1000,0,0,0,0,
splade,19,50,1000,in_bm25_top1000,44,41,3,0.88,0.931818181818
splade,19,50,1000,outside_bm25_top1000,6,5,1,0.12,0.833333333333
splade,20,50,1000,in_bm25_top1000,50,47,3,1,0.94
splade,20,50,1000,outside_bm25_top1000,0,0,0,0,
splade,21,50,1000,in_bm25_top1000,45,41,4,0.9,0.911111111111
splade,21,50,1000,outside_bm25_top1000,5,2,3,0.1,0.4
splade,22,50,1000,in_bm25_top1000,33,32,1,0.66,0.969696969697
splade,22,50,1000,outside_bm25_top1000,17,12,5,0.34,0.705882352941
splade,23,50,1000,in_bm25_top1000,42,33,9,0.84,0.785714285714
splade,23,50,1000,outside_bm25_top1000,8,2,6,0.16,0.25
splade,24,50,1000,in_bm25_top1000,50,45,5,1,0.9
splade,24,50,1000,outside_bm25_top1000,0,0,0,0,
splade,25,50,1000,in_bm25_top1000,43,36,7,0.86,0.837209302326
splade,25,50,1000,outside_bm25_top1000,7,3,4,0.14,0.428571428571
splade,26,50,1000,in_bm25_top1000,29,22,7,0.58,0.758620689655
splade,26,50,1000,outside_bm25_top1000,21,6,15,0.42,0.285714285714
splade,27,50,1000,in_bm25_top1000,50,44,6,1,0.88
splade,27,50,1000,outside_bm25_top1000,0,0,0,0,
splade,28,50,1000,in_bm25_top1000,49,45,4,0.98,0.918367346939
splade,28,50,1000,outside_bm25_top1000,1,1,0,0.02,1
splade,29,50,1000,in_bm25_top1000,50,49,1,1,0.98
splade,29,50,1000,outside_bm25_top1000,0,0,0,0,
splade,30,50,1000,in_bm25_top1000,50,50,0,1,1
splade,30,50,1000,outside_bm25_top1000,0,0,0,0,
splade,31,50,1000,in_bm25_top1000,41,38,3,0.82,0.926829268293
splade,31,50,1000,outside_bm25_top1000,9,6,3,0.18,0.666666666667
splade,32,50,1000,in_bm25_top1000,20,15,5,0.4,0.75
splade,32,50,1000,outside_bm25_top1000,30,13,17,0.6,0.433333333333
splade,33,50,1000,in_bm25_top1000,44,41,3,0.88,0.931818181818
splade,33,50,1000,outside_bm25_top1000,6,0,6,0.12,0
splade,34,50,1000,in_bm25_top1000,33,27,6,0.66,0.818181818182
splade,34,50,1000,outside_bm25_top1000,17,10,7,0.34,0.588235294118
splade,35,50,1000,in_bm25_top1000,48,48,0,0.96,1
splade,35,50,1000,outside_bm25_top1000,2,1,1,0.04,0.5
splade,36,50,1000,in_bm25_top1000,49,45,4,0.98,0.918367346939
splade,36,50,1000,outside_bm25_top1000,1,0,1,0.02,0
splade,37,50,1000,in_bm25_top1000,48,48,0,0.96,1
splade,37,50,1000,outside_bm25_top1000,2,2,0,0.04,1
splade,38,50,1000,in_bm25_top1000,40,40,0,0.8,1
splade,38,50,1000,outside_bm25_top1000,10,7,3,0.2,0.7
splade,39,50,1000,in_bm25_top1000,50,49,1,1,0.98
splade,39,50,1000,outside_bm25_top1000,0,0,0,0,
splade,40,50,1000,in_bm25_top1000,50,50,0,1,1
splade,40,50,1000,outside_bm25_top1000,0,0,0,0,
splade,41,50,1000,in_bm25_top1000,37,34,3,0.74,0.918918918919
splade,41,50,1000,outside_bm25_top1000,13,6,7,0.26,0.461538461538
splade,42,50,1000,in_bm25_top1000,50,50,0,1,1
splade,42,50,1000,outside_bm25_top1000,0,0,0,0,
splade,43,50,1000,in_bm25_top1000,35,26,9,0.7,0.742857142857
splade,43,50,1000,outside_bm25_top1000,15,3,12,0.3,0.2
splade,44,50,1000,in_bm25_top1000,49,47,2,0.98,0.959183673469
splade,44,50,1000,outside_bm25_top1000,1,1,0,0.02,1
splade,45,50,1000,in_bm25_top1000,48,48,0,0.96,1
splade,45,50,1000,outside_bm25_top1000,2,2,0,0.04,1
splade,46,50,1000,in_bm25_top1000,48,38,10,0.96,0.791666666667
splade,46,50,1000,outside_bm25_top1000,2,1,1,0.04,0.5
splade,47,50,1000,in_bm25_top1000,43,40,3,0.86,0.93023255814
splade,47,50,1000,outside_bm25_top1000,7,6,1,0.14,0.857142857143
splade,48,50,1000,in_bm25_top1000,43,39,4,0.86,0.906976744186
splade,48,50,1000,outside_bm25_top1000,7,6,1,0.14,0.857142857143
splade,49,50,1000,in_bm25_top1000,44,44,0,0.88,1
splade,49,50,1000,outside_bm25_top1000,6,6,0,0.12,1
splade,50,50,1000,in_bm25_top1000,45,38,7,0.9,0.844444444444
splade,50,50,1000,outside_bm25_top1000,5,3,2,0.1,0.6
splade,1,100,1000,in_bm25_top1000,82,45,37,0.82,0.548780487805
splade,1,100,1000,outside_bm25_top1000,18,11,7,0.18,0.611111111111
splade,2,100,1000,in_bm25_top1000,35,24,11,0.35,0.685714285714
splade,2,100,1000,outside_bm25_top1000,65,26,39,0.65,0.4
splade,3,100,1000,in_bm25_top1000,85,73,12,0.85,0.858823529412
splade,3,100,1000,outside_bm25_top1000,15,4,11,0.15,0.266666666667
splade,4,100,1000,in_bm25_top1000,61,25,36,0.61,0.409836065574
splade,4,100,1000,outside_bm25_top1000,39,9,30,0.39,0.230769230769
splade,5,100,1000,in_bm25_top1000,78,54,24,0.78,0.692307692308
splade,5,100,1000,outside_bm25_top1000,22,8,14,0.22,0.363636363636
splade,6,100,1000,in_bm25_top1000,88,79,9,0.88,0.897727272727
splade,6,100,1000,outside_bm25_top1000,12,6,6,0.12,0.5
splade,7,100,1000,in_bm25_top1000,92,88,4,0.92,0.95652173913
splade,7,100,1000,outside_bm25_top1000,8,5,3,0.08,0.625
splade,8,100,1000,in_bm25_top1000,47,32,15,0.47,0.68085106383
splade,8,100,1000,outside_bm25_top1000,53,18,35,0.53,0.339622641509
splade,9,100,1000,in_bm25_top1000,67,60,7,0.67,0.89552238806
splade,9,100,1000,outside_bm25_top1000,33,23,10,0.33,0.69696969697
splade,10,100,1000,in_bm25_top1000,98,79,19,0.98,0.80612244898
splade,10,100,1000,outside_bm25_top1000,2,2,0,0.02,1
splade,11,100,1000,in_bm25_top1000,88,63,25,0.88,0.715909090909
splade,11,100,1000,outside_bm25_top1000,12,2,10,0.12,0.166666666667
splade,12,100,1000,in_bm25_top1000,79,61,18,0.79,0.772151898734
splade,12,100,1000,outside_bm25_top1000,21,10,11,0.21,0.47619047619
splade,13,100,1000,in_bm25_top1000,94,79,15,0.94,0.840425531915
splade,13,100,1000,outside_bm25_top1000,6,1,5,0.06,0.166666666667
splade,14,100,1000,in_bm25_top1000,54,34,20,0.54,0.62962962963
splade,14,100,1000,outside_bm25_top1000,46,11,35,0.46,0.239130434783
splade,15,100,1000,in_bm25_top1000,20,16,4,0.2,0.8
splade,15,100,1000,outside_bm25_top1000,80,17,63,0.8,0.2125
splade,16,100,1000,in_bm25_top1000,52,44,8,0.52,0.846153846154
splade,16,100,1000,outside_bm25_top1000,48,18,30,0.48,0.375
splade,17,100,1000,in_bm25_top1000,90,74,16,0.9,0.822222222222
splade,17,100,1000,outside_bm25_top1000,10,7,3,0.1,0.7
splade,18,100,1000,in_bm25_top1000,99,88,11,0.99,0.888888888889
splade,18,100,1000,outside_bm25_top1000,1,1,0,0.01,1
splade,19,100,1000,in_bm25_top1000,71,59,12,0.71,0.830985915493
splade,19,100,1000,outside_bm25_top1000,29,6,23,0.29,0.206896551724
splade,20,100,1000,in_bm25_top1000,99,90,9,0.99,0.909090909091
splade,20,100,1000,outside_bm25_top1000,1,1,0,0.01,1
splade,21,100,1000,in_bm25_top1000,79,65,14,0.79,0.822784810127
splade,21,100,1000,outside_bm25_top1000,21,9,12,0.21,0.428571428571
splade,22,100,1000,in_bm25_top1000,69,62,7,0.69,0.898550724638
splade,22,100,1000,outside_bm25_top1000,31,17,14,0.31,0.548387096774
splade,23,100,1000,in_bm25_top1000,76,47,29,0.76,0.618421052632
splade,23,100,1000,outside_bm25_top1000,24,6,18,0.24,0.25
splade,24,100,1000,in_bm25_top1000,92,79,13,0.92,0.858695652174
splade,24,100,1000,outside_bm25_top1000,8,0,8,0.08,0
splade,25,100,1000,in_bm25_top1000,83,60,23,0.83,0.722891566265
splade,25,100,1000,outside_bm25_top1000,17,10,7,0.17,0.588235294118
splade,26,100,1000,in_bm25_top1000,61,43,18,0.61,0.704918032787
splade,26,100,1000,outside_bm25_top1000,39,15,24,0.39,0.384615384615
splade,27,100,1000,in_bm25_top1000,94,79,15,0.94,0.840425531915
splade,27,100,1000,outside_bm25_top1000,6,1,5,0.06,0.166666666667
splade,28,100,1000,in_bm25_top1000,94,83,11,0.94,0.882978723404
splade,28,100,1000,outside_bm25_top1000,6,4,2,0.06,0.666666666667
splade,29,100,1000,in_bm25_top1000,98,90,8,0.98,0.918367346939
splade,29,100,1000,outside_bm25_top1000,2,2,0,0.02,1
splade,30,100,1000,in_bm25_top1000,100,86,14,1,0.86
splade,30,100,1000,outside_bm25_top1000,0,0,0,0,
splade,31,100,1000,in_bm25_top1000,68,60,8,0.68,0.882352941176
splade,31,100,1000,outside_bm25_top1000,32,15,17,0.32,0.46875
splade,32,100,1000,in_bm25_top1000,36,25,11,0.36,0.694444444444
splade,32,100,1000,outside_bm25_top1000,64,21,43,0.64,0.328125
splade,33,100,1000,in_bm25_top1000,81,62,19,0.81,0.765432098765
splade,33,100,1000,outside_bm25_top1000,19,3,16,0.19,0.157894736842
splade,34,100,1000,in_bm25_top1000,57,46,11,0.57,0.80701754386
splade,34,100,1000,outside_bm25_top1000,43,26,17,0.43,0.604651162791
splade,35,100,1000,in_bm25_top1000,86,79,7,0.86,0.918604651163
splade,35,100,1000,outside_bm25_top1000,14,4,10,0.14,0.285714285714
splade,36,100,1000,in_bm25_top1000,99,93,6,0.99,0.939393939394
splade,36,100,1000,outside_bm25_top1000,1,0,1,0.01,0
splade,37,100,1000,in_bm25_top1000,98,97,1,0.98,0.989795918367
splade,37,100,1000,outside_bm25_top1000,2,2,0,0.02,1
splade,38,100,1000,in_bm25_top1000,77,73,4,0.77,0.948051948052
splade,38,100,1000,outside_bm25_top1000,23,19,4,0.23,0.826086956522
splade,39,100,1000,in_bm25_top1000,99,91,8,0.99,0.919191919192
splade,39,100,1000,outside_bm25_top1000,1,0,1,0.01,0
splade,40,100,1000,in_bm25_top1000,100,99,1,1,0.99
splade,40,100,1000,outside_bm25_top1000,0,0,0,0,
splade,41,100,1000,in_bm25_top1000,64,55,9,0.64,0.859375
splade,41,100,1000,outside_bm25_top1000,36,14,22,0.36,0.388888888889
splade,42,100,1000,in_bm25_top1000,99,97,2,0.99,0.979797979798
splade,42,100,1000,outside_bm25_top1000,1,0,1,0.01,0
splade,43,100,1000,in_bm25_top1000,60,38,22,0.6,0.633333333333
splade,43,100,1000,outside_bm25_top1000,40,5,35,0.4,0.125
splade,44,100,1000,in_bm25_top1000,98,89,9,0.98,0.908163265306
splade,44,100,1000,outside_bm25_top1000,2,2,0,0.02,1
splade,45,100,1000,in_bm25_top1000,94,92,2,0.94,0.978723404255
splade,45,100,1000,outside_bm25_top1000,6,5,1,0.06,0.833333333333
splade,46,100,1000,in_bm25_top1000,90,57,33,0.9,0.633333333333
splade,46,100,1000,outside_bm25_top1000,10,2,8,0.1,0.2
splade,47,100,1000,in_bm25_top1000,80,67,13,0.8,0.8375
splade,47,100,1000,outside_bm25_top1000,20,15,5,0.2,0.75
splade,48,100,1000,in_bm25_top1000,87,66,21,0.87,0.758620689655
splade,48,100,1000,outside_bm25_top1000,13,7,6,0.13,0.538461538462
splade,49,100,1000,in_bm25_top1000,73,69,4,0.73,0.945205479452
splade,49,100,1000,outside_bm25_top1000,27,15,12,0.27,0.555555555556
splade,50,100,1000,in_bm25_top1000,79,56,23,0.79,0.708860759494
splade,50,100,1000,outside_bm25_top1000,21,5,16,0.21,0.238095238095
splade,1,1000,1000,in_bm25_top1000,309,170,139,0.309,0.550161812298
splade,1,1000,1000,outside_bm25_top1000,691,85,606,0.691,0.123010130246
splade,2,1000,1000,in_bm25_top1000,133,68,65,0.133,0.511278195489
splade,2,1000,1000,outside_bm25_top1000,867,131,736,0.867,0.151095732411
splade,3,1000,1000,in_bm25_top1000,333,215,118,0.333,0.645645645646
splade,3,1000,1000,outside_bm25_top1000,667,147,520,0.667,0.220389805097
splade,4,1000,1000,in_bm25_top1000,353,129,224,0.353,0.365439093484
splade,4,1000,1000,outside_bm25_top1000,647,108,539,0.647,0.166924265842
splade,5,1000,1000,in_bm25_top1000,444,244,200,0.444,0.54954954955
splade,5,1000,1000,outside_bm25_top1000,556,100,456,0.556,0.179856115108
splade,6,1000,1000,in_bm25_top1000,364,245,119,0.364,0.673076923077
splade,6,1000,1000,outside_bm25_top1000,636,167,469,0.636,0.262578616352
splade,7,1000,1000,in_bm25_top1000,583,379,204,0.583,0.650085763293
splade,7,1000,1000,outside_bm25_top1000,417,86,331,0.417,0.20623501199
splade,8,1000,1000,in_bm25_top1000,235,113,122,0.235,0.48085106383
splade,8,1000,1000,outside_bm25_top1000,765,106,659,0.765,0.138562091503
splade,9,1000,1000,in_bm25_top1000,276,151,125,0.276,0.547101449275
splade,9,1000,1000,outside_bm25_top1000,724,74,650,0.724,0.102209944751
splade,10,1000,1000,in_bm25_top1000,600,326,274,0.6,0.543333333333
splade,10,1000,1000,outside_bm25_top1000,400,81,319,0.4,0.2025
splade,11,1000,1000,in_bm25_top1000,410,202,208,0.41,0.492682926829
splade,11,1000,1000,outside_bm25_top1000,590,70,520,0.59,0.118644067797
splade,12,1000,1000,in_bm25_top1000,417,220,197,0.417,0.52757793765
splade,12,1000,1000,outside_bm25_top1000,583,149,434,0.583,0.255574614065
splade,13,1000,1000,in_bm25_top1000,361,227,134,0.361,0.628808864266
splade,13,1000,1000,outside_bm25_top1000,639,155,484,0.639,0.242566510172
splade,14,1000,1000,in_bm25_top1000,207,76,131,0.207,0.367149758454
splade,14,1000,1000,outside_bm25_top1000,793,80,713,0.793,0.100882723834
splade,15,1000,1000,in_bm25_top1000,49,30,19,0.049,0.612244897959
splade,15,1000,1000,outside_bm25_top1000,951,77,874,0.951,0.080967402734
splade,16,1000,1000,in_bm25_top1000,125,90,35,0.125,0.72
splade,16,1000,1000,outside_bm25_top1000,875,72,803,0.875,0.0822857142857
splade,17,1000,1000,in_bm25_top1000,456,276,180,0.456,0.605263157895
splade,17,1000,1000,outside_bm25_top1000,544,125,419,0.544,0.229779411765
splade,18,1000,1000,in_bm25_top1000,535,313,222,0.535,0.585046728972
splade,18,1000,1000,outside_bm25_top1000,465,63,402,0.465,0.135483870968
splade,19,1000,1000,in_bm25_top1000,143,100,43,0.143,0.699300699301
splade,19,1000,1000,outside_bm25_top1000,857,63,794,0.857,0.073512252042
splade,20,1000,1000,in_bm25_top1000,523,291,232,0.523,0.556405353728
splade,20,1000,1000,outside_bm25_top1000,477,44,433,0.477,0.0922431865828
splade,21,1000,1000,in_bm25_top1000,374,228,146,0.374,0.609625668449
splade,21,1000,1000,outside_bm25_top1000,626,178,448,0.626,0.284345047923
splade,22,1000,1000,in_bm25_top1000,386,213,173,0.386,0.551813471503
splade,22,1000,1000,outside_bm25_top1000,614,116,498,0.614,0.188925081433
splade,23,1000,1000,in_bm25_top1000,379,171,208,0.379,0.451187335092
splade,23,1000,1000,outside_bm25_top1000,621,72,549,0.621,0.115942028986
splade,24,1000,1000,in_bm25_top1000,488,245,243,0.488,0.502049180328
splade,24,1000,1000,outside_bm25_top1000,512,57,455,0.512,0.111328125
splade,25,1000,1000,in_bm25_top1000,523,229,294,0.523,0.437858508604
splade,25,1000,1000,outside_bm25_top1000,477,145,332,0.477,0.303983228512
splade,26,1000,1000,in_bm25_top1000,271,155,116,0.271,0.571955719557
splade,26,1000,1000,outside_bm25_top1000,729,144,585,0.729,0.197530864198
splade,27,1000,1000,in_bm25_top1000,543,287,256,0.543,0.528545119705
splade,27,1000,1000,outside_bm25_top1000,457,52,405,0.457,0.113785557987
splade,28,1000,1000,in_bm25_top1000,643,350,293,0.643,0.54432348367
splade,28,1000,1000,outside_bm25_top1000,357,72,285,0.357,0.201680672269
splade,29,1000,1000,in_bm25_top1000,544,315,229,0.544,0.579044117647
splade,29,1000,1000,outside_bm25_top1000,456,65,391,0.456,0.142543859649
splade,30,1000,1000,in_bm25_top1000,581,270,311,0.581,0.464716006885
splade,30,1000,1000,outside_bm25_top1000,419,33,386,0.419,0.0787589498807
splade,31,1000,1000,in_bm25_top1000,273,187,86,0.273,0.684981684982
splade,31,1000,1000,outside_bm25_top1000,727,152,575,0.727,0.209078404402
splade,32,1000,1000,in_bm25_top1000,252,82,170,0.252,0.325396825397
splade,32,1000,1000,outside_bm25_top1000,748,117,631,0.748,0.156417112299
splade,33,1000,1000,in_bm25_top1000,224,146,78,0.224,0.651785714286
splade,33,1000,1000,outside_bm25_top1000,776,53,723,0.776,0.0682989690722
splade,34,1000,1000,in_bm25_top1000,188,102,86,0.188,0.542553191489
splade,34,1000,1000,outside_bm25_top1000,812,176,636,0.812,0.216748768473
splade,35,1000,1000,in_bm25_top1000,292,201,91,0.292,0.688356164384
splade,35,1000,1000,outside_bm25_top1000,708,114,594,0.708,0.161016949153
splade,36,1000,1000,in_bm25_top1000,715,462,253,0.715,0.646153846154
splade,36,1000,1000,outside_bm25_top1000,285,60,225,0.285,0.210526315789
splade,37,1000,1000,in_bm25_top1000,618,456,162,0.618,0.73786407767
splade,37,1000,1000,outside_bm25_top1000,382,82,300,0.382,0.214659685864
splade,38,1000,1000,in_bm25_top1000,357,281,76,0.357,0.787114845938
splade,38,1000,1000,outside_bm25_top1000,643,239,404,0.643,0.371695178849
splade,39,1000,1000,in_bm25_top1000,681,462,219,0.681,0.678414096916
splade,39,1000,1000,outside_bm25_top1000,319,45,274,0.319,0.141065830721
splade,40,1000,1000,in_bm25_top1000,458,358,100,0.458,0.781659388646
splade,40,1000,1000,outside_bm25_top1000,542,85,457,0.542,0.156826568266
splade,41,1000,1000,in_bm25_top1000,267,152,115,0.267,0.569288389513
splade,41,1000,1000,outside_bm25_top1000,733,96,637,0.733,0.130968622101
splade,42,1000,1000,in_bm25_top1000,342,210,132,0.342,0.614035087719
splade,42,1000,1000,outside_bm25_top1000,658,36,622,0.658,0.0547112462006
splade,43,1000,1000,in_bm25_top1000,295,128,167,0.295,0.433898305085
splade,43,1000,1000,outside_bm25_top1000,705,47,658,0.705,0.0666666666667
splade,44,1000,1000,in_bm25_top1000,443,277,166,0.443,0.625282167043
splade,44,1000,1000,outside_bm25_top1000,557,72,485,0.557,0.129263913824
splade,45,1000,1000,in_bm25_top1000,563,419,144,0.563,0.744227353464
splade,45,1000,1000,outside_bm25_top1000,437,81,356,0.437,0.185354691076
splade,46,1000,1000,in_bm25_top1000,431,137,294,0.431,0.317865429234
splade,46,1000,1000,outside_bm25_top1000,569,50,519,0.569,0.0878734622144
splade,47,1000,1000,in_bm25_top1000,373,222,151,0.373,0.595174262735
splade,47,1000,1000,outside_bm25_top1000,627,124,503,0.627,0.197767145136
splade,48,1000,1000,in_bm25_top1000,330,148,182,0.33,0.448484848485
splade,48,1000,1000,outside_bm25_top1000,670,46,624,0.67,0.0686567164179
splade,49,1000,1000,in_bm25_top1000,222,163,59,0.222,0.734234234234
splade,49,1000,1000,outside_bm25_top1000,778,175,603,0.778,0.224935732648
splade,50,1000,1000,in_bm25_top1000,420,207,213,0.42,0.492857142857
splade,50,1000,1000,outside_bm25_top1000,580,38,542,0.58,0.0655172413793
bge,1,20,1000,in_bm25_top1000,20,16,4,1,0.8
bge,1,20,1000,outside_bm25_top1000,0,0,0,0,
bge,2,20,1000,in_bm25_top1000,10,9,1,0.5,0.9
bge,2,20,1000,outside_bm25_top1000,10,9,1,0.5,0.9
bge,3,20,1000,in_bm25_top1000,15,15,0,0.75,1
bge,3,20,1000,outside_bm25_top1000,5,3,2,0.25,0.6
bge,4,20,1000,in_bm25_top1000,16,13,3,0.8,0.8125
bge,4,20,1000,outside_bm25_top1000,4,3,1,0.2,0.75
bge,5,20,1000,in_bm25_top1000,15,13,2,0.75,0.866666666667
bge,5,20,1000,outside_bm25_top1000,5,1,4,0.25,0.2
bge,6,20,1000,in_bm25_top1000,19,18,1,0.95,0.947368421053
bge,6,20,1000,outside_bm25_top1000,1,0,1,0.05,0
bge,7,20,1000,in_bm25_top1000,17,15,2,0.85,0.882352941176
bge,7,20,1000,outside_bm25_top1000,3,1,2,0.15,0.333333333333
bge,8,20,1000,in_bm25_top1000,13,9,4,0.65,0.692307692308
bge,8,20,1000,outside_bm25_top1000,7,7,0,0.35,1
bge,9,20,1000,in_bm25_top1000,12,12,0,0.6,1
bge,9,20,1000,outside_bm25_top1000,8,7,1,0.4,0.875
bge,10,20,1000,in_bm25_top1000,20,20,0,1,1
bge,10,20,1000,outside_bm25_top1000,0,0,0,0,
bge,11,20,1000,in_bm25_top1000,19,14,5,0.95,0.736842105263
bge,11,20,1000,outside_bm25_top1000,1,1,0,0.05,1
bge,12,20,1000,in_bm25_top1000,10,5,5,0.5,0.5
bge,12,20,1000,outside_bm25_top1000,10,4,6,0.5,0.4
bge,13,20,1000,in_bm25_top1000,18,18,0,0.9,1
bge,13,20,1000,outside_bm25_top1000,2,1,1,0.1,0.5
bge,14,20,1000,in_bm25_top1000,15,14,1,0.75,0.933333333333
bge,14,20,1000,outside_bm25_top1000,5,3,2,0.25,0.6
bge,15,20,1000,in_bm25_top1000,4,3,1,0.2,0.75
bge,15,20,1000,outside_bm25_top1000,16,15,1,0.8,0.9375
bge,16,20,1000,in_bm25_top1000,17,16,1,0.85,0.941176470588
bge,16,20,1000,outside_bm25_top1000,3,2,1,0.15,0.666666666667
bge,17,20,1000,in_bm25_top1000,19,19,0,0.95,1
bge,17,20,1000,outside_bm25_top1000,1,1,0,0.05,1
bge,18,20,1000,in_bm25_top1000,19,19,0,0.95,1
bge,18,20,1000,outside_bm25_top1000,1,0,1,0.05,0
bge,19,20,1000,in_bm25_top1000,17,17,0,0.85,1
bge,19,20,1000,outside_bm25_top1000,3,0,3,0.15,0
bge,20,20,1000,in_bm25_top1000,20,20,0,1,1
bge,20,20,1000,outside_bm25_top1000,0,0,0,0,
bge,21,20,1000,in_bm25_top1000,13,11,2,0.65,0.846153846154
bge,21,20,1000,outside_bm25_top1000,7,1,6,0.35,0.142857142857
bge,22,20,1000,in_bm25_top1000,13,13,0,0.65,1
bge,22,20,1000,outside_bm25_top1000,7,5,2,0.35,0.714285714286
bge,23,20,1000,in_bm25_top1000,19,17,2,0.95,0.894736842105
bge,23,20,1000,outside_bm25_top1000,1,1,0,0.05,1
bge,24,20,1000,in_bm25_top1000,20,20,0,1,1
bge,24,20,1000,outside_bm25_top1000,0,0,0,0,
bge,25,20,1000,in_bm25_top1000,15,15,0,0.75,1
bge,25,20,1000,outside_bm25_top1000,5,5,0,0.25,1
bge,26,20,1000,in_bm25_top1000,16,10,6,0.8,0.625
bge,26,20,1000,outside_bm25_top1000,4,3,1,0.2,0.75
bge,27,20,1000,in_bm25_top1000,20,20,0,1,1
bge,27,20,1000,outside_bm25_top1000,0,0,0,0,
bge,28,20,1000,in_bm25_top1000,20,16,4,1,0.8
bge,28,20,1000,outside_bm25_top1000,0,0,0,0,
bge,29,20,1000,in_bm25_top1000,18,18,0,0.9,1
bge,29,20,1000,outside_bm25_top1000,2,0,2,0.1,0
bge,30,20,1000,in_bm25_top1000,20,20,0,1,1
bge,30,20,1000,outside_bm25_top1000,0,0,0,0,
bge,31,20,1000,in_bm25_top1000,10,10,0,0.5,1
bge,31,20,1000,outside_bm25_top1000,10,5,5,0.5,0.5
bge,32,20,1000,in_bm25_top1000,7,5,2,0.35,0.714285714286
bge,32,20,1000,outside_bm25_top1000,13,9,4,0.65,0.692307692308
bge,33,20,1000,in_bm25_top1000,11,11,0,0.55,1
bge,33,20,1000,outside_bm25_top1000,9,2,7,0.45,0.222222222222
bge,34,20,1000,in_bm25_top1000,10,10,0,0.5,1
bge,34,20,1000,outside_bm25_top1000,10,7,3,0.5,0.7
bge,35,20,1000,in_bm25_top1000,16,16,0,0.8,1
bge,35,20,1000,outside_bm25_top1000,4,4,0,0.2,1
bge,36,20,1000,in_bm25_top1000,20,20,0,1,1
bge,36,20,1000,outside_bm25_top1000,0,0,0,0,
bge,37,20,1000,in_bm25_top1000,20,17,3,1,0.85
bge,37,20,1000,outside_bm25_top1000,0,0,0,0,
bge,38,20,1000,in_bm25_top1000,19,16,3,0.95,0.842105263158
bge,38,20,1000,outside_bm25_top1000,1,1,0,0.05,1
bge,39,20,1000,in_bm25_top1000,20,20,0,1,1
bge,39,20,1000,outside_bm25_top1000,0,0,0,0,
bge,40,20,1000,in_bm25_top1000,20,20,0,1,1
bge,40,20,1000,outside_bm25_top1000,0,0,0,0,
bge,41,20,1000,in_bm25_top1000,16,16,0,0.8,1
bge,41,20,1000,outside_bm25_top1000,4,4,0,0.2,1
bge,42,20,1000,in_bm25_top1000,20,20,0,1,1
bge,42,20,1000,outside_bm25_top1000,0,0,0,0,
bge,43,20,1000,in_bm25_top1000,19,19,0,0.95,1
bge,43,20,1000,outside_bm25_top1000,1,1,0,0.05,1
bge,44,20,1000,in_bm25_top1000,18,18,0,0.9,1
bge,44,20,1000,outside_bm25_top1000,2,2,0,0.1,1
bge,45,20,1000,in_bm25_top1000,20,20,0,1,1
bge,45,20,1000,outside_bm25_top1000,0,0,0,0,
bge,46,20,1000,in_bm25_top1000,19,19,0,0.95,1
bge,46,20,1000,outside_bm25_top1000,1,1,0,0.05,1
bge,47,20,1000,in_bm25_top1000,20,20,0,1,1
bge,47,20,1000,outside_bm25_top1000,0,0,0,0,
bge,48,20,1000,in_bm25_top1000,20,20,0,1,1
bge,48,20,1000,outside_bm25_top1000,0,0,0,0,
bge,49,20,1000,in_bm25_top1000,7,7,0,0.35,1
bge,49,20,1000,outside_bm25_top1000,13,6,7,0.65,0.461538461538
bge,50,20,1000,in_bm25_top1000,18,18,0,0.9,1
bge,50,20,1000,outside_bm25_top1000,2,0,2,0.1,0
bge,1,50,1000,in_bm25_top1000,40,26,14,0.8,0.65
bge,1,50,1000,outside_bm25_top1000,10,1,9,0.2,0.1
bge,2,50,1000,in_bm25_top1000,17,16,1,0.34,0.941176470588
bge,2,50,1000,outside_bm25_top1000,33,26,7,0.66,0.787878787879
bge,3,50,1000,in_bm25_top1000,39,34,5,0.78,0.871794871795
bge,3,50,1000,outside_bm25_top1000,11,6,5,0.22,0.545454545455
bge,4,50,1000,in_bm25_top1000,27,21,6,0.54,0.777777777778
bge,4,50,1000,outside_bm25_top1000,23,11,12,0.46,0.478260869565
bge,5,50,1000,in_bm25_top1000,41,32,9,0.82,0.780487804878
bge,5,50,1000,outside_bm25_top1000,9,2,7,0.18,0.222222222222
bge,6,50,1000,in_bm25_top1000,40,36,4,0.8,0.9
bge,6,50,1000,outside_bm25_top1000,10,6,4,0.2,0.6
bge,7,50,1000,in_bm25_top1000,38,33,5,0.76,0.868421052632
bge,7,50,1000,outside_bm25_top1000,12,7,5,0.24,0.583333333333
bge,8,50,1000,in_bm25_top1000,26,19,7,0.52,0.730769230769
bge,8,50,1000,outside_bm25_top1000,24,15,9,0.48,0.625
bge,9,50,1000,in_bm25_top1000,31,29,2,0.62,0.935483870968
bge,9,50,1000,outside_bm25_top1000,19,12,7,0.38,0.631578947368
bge,10,50,1000,in_bm25_top1000,48,48,0,0.96,1
bge,10,50,1000,outside_bm25_top1000,2,0,2,0.04,0
bge,11,50,1000,in_bm25_top1000,44,27,17,0.88,0.613636363636
bge,11,50,1000,outside_bm25_top1000,6,1,5,0.12,0.166666666667
bge,12,50,1000,in_bm25_top1000,25,16,9,0.5,0.64
bge,12,50,1000,outside_bm25_top1000,25,7,18,0.5,0.28
bge,13,50,1000,in_bm25_top1000,39,34,5,0.78,0.871794871795
bge,13,50,1000,outside_bm25_top1000,11,5,6,0.22,0.454545454545
bge,14,50,1000,in_bm25_top1000,29,22,7,0.58,0.758620689655
bge,14,50,1000,outside_bm25_top1000,21,4,17,0.42,0.190476190476
bge,15,50,1000,in_bm25_top1000,12,6,6,0.24,0.5
bge,15,50,1000,outside_bm25_top1000,38,29,9,0.76,0.763157894737
bge,16,50,1000,in_bm25_top1000,32,31,1,0.64,0.96875
bge,16,50,1000,outside_bm25_top1000,18,13,5,0.36,0.722222222222
bge,17,50,1000,in_bm25_top1000,44,38,6,0.88,0.863636363636
bge,17,50,1000,outside_bm25_top1000,6,4,2,0.12,0.666666666667
bge,18,50,1000,in_bm25_top1000,46,44,2,0.92,0.95652173913
bge,18,50,1000,outside_bm25_top1000,4,3,1,0.08,0.75
bge,19,50,1000,in_bm25_top1000,30,29,1,0.6,0.966666666667
bge,19,50,1000,outside_bm25_top1000,20,9,11,0.4,0.45
bge,20,50,1000,in_bm25_top1000,50,49,1,1,0.98
bge,20,50,1000,outside_bm25_top1000,0,0,0,0,
bge,21,50,1000,in_bm25_top1000,35,30,5,0.7,0.857142857143
bge,21,50,1000,outside_bm25_top1000,15,4,11,0.3,0.266666666667
bge,22,50,1000,in_bm25_top1000,37,35,2,0.74,0.945945945946
bge,22,50,1000,outside_bm25_top1000,13,7,6,0.26,0.538461538462
bge,23,50,1000,in_bm25_top1000,47,38,9,0.94,0.808510638298
bge,23,50,1000,outside_bm25_top1000,3,3,0,0.06,1
bge,24,50,1000,in_bm25_top1000,50,47,3,1,0.94
bge,24,50,1000,outside_bm25_top1000,0,0,0,0,
bge,25,50,1000,in_bm25_top1000,22,22,0,0.44,1
bge,25,50,1000,outside_bm25_top1000,28,22,6,0.56,0.785714285714
bge,26,50,1000,in_bm25_top1000,39,27,12,0.78,0.692307692308
bge,26,50,1000,outside_bm25_top1000,11,6,5,0.22,0.545454545455
bge,27,50,1000,in_bm25_top1000,50,45,5,1,0.9
bge,27,50,1000,outside_bm25_top1000,0,0,0,0,
bge,28,50,1000,in_bm25_top1000,46,38,8,0.92,0.826086956522
bge,28,50,1000,outside_bm25_top1000,4,4,0,0.08,1
bge,29,50,1000,in_bm25_top1000,48,40,8,0.96,0.833333333333
bge,29,50,1000,outside_bm25_top1000,2,0,2,0.04,0
bge,30,50,1000,in_bm25_top1000,50,47,3,1,0.94
bge,30,50,1000,outside_bm25_top1000,0,0,0,0,
bge,31,50,1000,in_bm25_top1000,21,20,1,0.42,0.952380952381
bge,31,50,1000,outside_bm25_top1000,29,13,16,0.58,0.448275862069
bge,32,50,1000,in_bm25_top1000,18,10,8,0.36,0.555555555556
bge,32,50,1000,outside_bm25_top1000,32,19,13,0.64,0.59375
bge,33,50,1000,in_bm25_top1000,25,23,2,0.5,0.92
bge,33,50,1000,outside_bm25_top1000,25,5,20,0.5,0.2
bge,34,50,1000,in_bm25_top1000,19,18,1,0.38,0.947368421053
bge,34,50,1000,outside_bm25_top1000,31,18,13,0.62,0.58064516129
bge,35,50,1000,in_bm25_top1000,45,43,2,0.9,0.955555555556
bge,35,50,1000,outside_bm25_top1000,5,5,0,0.1,1
bge,36,50,1000,in_bm25_top1000,48,47,1,0.96,0.979166666667
bge,36,50,1000,outside_bm25_top1000,2,2,0,0.04,1
bge,37,50,1000,in_bm25_top1000,50,45,5,1,0.9
bge,37,50,1000,outside_bm25_top1000,0,0,0,0,
bge,38,50,1000,in_bm25_top1000,40,36,4,0.8,0.9
bge,38,50,1000,outside_bm25_top1000,10,7,3,0.2,0.7
bge,39,50,1000,in_bm25_top1000,50,50,0,1,1
bge,39,50,1000,outside_bm25_top1000,0,0,0,0,
bge,40,50,1000,in_bm25_top1000,43,43,0,0.86,1
bge,40,50,1000,outside_bm25_top1000,7,4,3,0.14,0.571428571429
bge,41,50,1000,in_bm25_top1000,31,31,0,0.62,1
bge,41,50,1000,outside_bm25_top1000,19,18,1,0.38,0.947368421053
bge,42,50,1000,in_bm25_top1000,50,50,0,1,1
bge,42,50,1000,outside_bm25_top1000,0,0,0,0,
bge,43,50,1000,in_bm25_top1000,42,38,4,0.84,0.904761904762
bge,43,50,1000,outside_bm25_top1000,8,4,4,0.16,0.5
bge,44,50,1000,in_bm25_top1000,45,43,2,0.9,0.955555555556
bge,44,50,1000,outside_bm25_top1000,5,3,2,0.1,0.6
bge,45,50,1000,in_bm25_top1000,47,44,3,0.94,0.936170212766
bge,45,50,1000,outside_bm25_top1000,3,1,2,0.06,0.333333333333
bge,46,50,1000,in_bm25_top1000,41,35,6,0.82,0.853658536585
bge,46,50,1000,outside_bm25_top1000,9,8,1,0.18,0.888888888889
bge,47,50,1000,in_bm25_top1000,44,41,3,0.88,0.931818181818
bge,47,50,1000,outside_bm25_top1000,6,1,5,0.12,0.166666666667
bge,48,50,1000,in_bm25_top1000,43,40,3,0.86,0.93023255814
bge,48,50,1000,outside_bm25_top1000,7,3,4,0.14,0.428571428571
bge,49,50,1000,in_bm25_top1000,19,18,1,0.38,0.947368421053
bge,49,50,1000,outside_bm25_top1000,31,16,15,0.62,0.516129032258
bge,50,50,1000,in_bm25_top1000,41,41,0,0.82,1
bge,50,50,1000,outside_bm25_top1000,9,2,7,0.18,0.222222222222
bge,1,100,1000,in_bm25_top1000,73,47,26,0.73,0.643835616438
bge,1,100,1000,outside_bm25_top1000,27,6,21,0.27,0.222222222222
bge,2,100,1000,in_bm25_top1000,38,35,3,0.38,0.921052631579
bge,2,100,1000,outside_bm25_top1000,62,43,19,0.62,0.693548387097
bge,3,100,1000,in_bm25_top1000,60,52,8,0.6,0.866666666667
bge,3,100,1000,outside_bm25_top1000,40,16,24,0.4,0.4
bge,4,100,1000,in_bm25_top1000,47,40,7,0.47,0.851063829787
bge,4,100,1000,outside_bm25_top1000,53,24,29,0.53,0.452830188679
bge,5,100,1000,in_bm25_top1000,75,55,20,0.75,0.733333333333
bge,5,100,1000,outside_bm25_top1000,25,12,13,0.25,0.48
bge,6,100,1000,in_bm25_top1000,81,69,12,0.81,0.851851851852
bge,6,100,1000,outside_bm25_top1000,19,11,8,0.19,0.578947368421
bge,7,100,1000,in_bm25_top1000,78,69,9,0.78,0.884615384615
bge,7,100,1000,outside_bm25_top1000,22,13,9,0.22,0.590909090909
bge,8,100,1000,in_bm25_top1000,40,28,12,0.4,0.7
bge,8,100,1000,outside_bm25_top1000,60,29,31,0.6,0.483333333333
bge,9,100,1000,in_bm25_top1000,46,41,5,0.46,0.891304347826
bge,9,100,1000,outside_bm25_top1000,54,14,40,0.54,0.259259259259
bge,10,100,1000,in_bm25_top1000,91,85,6,0.91,0.934065934066
bge,10,100,1000,outside_bm25_top1000,9,7,2,0.09,0.777777777778
bge,11,100,1000,in_bm25_top1000,75,50,25,0.75,0.666666666667
bge,11,100,1000,outside_bm25_top1000,25,5,20,0.25,0.2
bge,12,100,1000,in_bm25_top1000,41,26,15,0.41,0.634146341463
bge,12,100,1000,outside_bm25_top1000,59,16,43,0.59,0.271186440678
bge,13,100,1000,in_bm25_top1000,68,58,10,0.68,0.852941176471
bge,13,100,1000,outside_bm25_top1000,32,10,22,0.32,0.3125
bge,14,100,1000,in_bm25_top1000,46,31,15,0.46,0.673913043478
bge,14,100,1000,outside_bm25_top1000,54,10,44,0.54,0.185185185185
bge,15,100,1000,in_bm25_top1000,25,12,13,0.25,0.48
bge,15,100,1000,outside_bm25_top1000,75,45,30,0.75,0.6
bge,16,100,1000,in_bm25_top1000,51,49,2,0.51,0.960784313725
bge,16,100,1000,outside_bm25_top1000,49,32,17,0.49,0.65306122449
bge,17,100,1000,in_bm25_top1000,83,69,14,0.83,0.831325301205
bge,17,100,1000,outside_bm25_top1000,17,7,10,0.17,0.411764705882
bge,18,100,1000,in_bm25_top1000,92,79,13,0.92,0.858695652174
bge,18,100,1000,outside_bm25_top1000,8,5,3,0.08,0.625
bge,19,100,1000,in_bm25_top1000,49,45,4,0.49,0.918367346939
bge,19,100,1000,outside_bm25_top1000,51,16,35,0.51,0.313725490196
bge,20,100,1000,in_bm25_top1000,95,87,8,0.95,0.915789473684
bge,20,100,1000,outside_bm25_top1000,5,4,1,0.05,0.8
bge,21,100,1000,in_bm25_top1000,62,54,8,0.62,0.870967741935
bge,21,100,1000,outside_bm25_top1000,38,12,26,0.38,0.315789473684
bge,22,100,1000,in_bm25_top1000,65,60,5,0.65,0.923076923077
bge,22,100,1000,outside_bm25_top1000,35,13,22,0.35,0.371428571429
bge,23,100,1000,in_bm25_top1000,82,63,19,0.82,0.768292682927
bge,23,100,1000,outside_bm25_top1000,18,8,10,0.18,0.444444444444
bge,24,100,1000,in_bm25_top1000,97,85,12,0.97,0.876288659794
bge,24,100,1000,outside_bm25_top1000,3,1,2,0.03,0.333333333333
bge,25,100,1000,in_bm25_top1000,36,33,3,0.36,0.916666666667
bge,25,100,1000,outside_bm25_top1000,64,44,20,0.64,0.6875
bge,26,100,1000,in_bm25_top1000,59,37,22,0.59,0.627118644068
bge,26,100,1000,outside_bm25_top1000,41,17,24,0.41,0.414634146341
bge,27,100,1000,in_bm25_top1000,100,87,13,1,0.87
bge,27,100,1000,outside_bm25_top1000,0,0,0,0,
bge,28,100,1000,in_bm25_top1000,93,76,17,0.93,0.817204301075
bge,28,100,1000,outside_bm25_top1000,7,7,0,0.07,1
bge,29,100,1000,in_bm25_top1000,88,64,24,0.88,0.727272727273
bge,29,100,1000,outside_bm25_top1000,12,6,6,0.12,0.5
bge,30,100,1000,in_bm25_top1000,97,81,16,0.97,0.835051546392
bge,30,100,1000,outside_bm25_top1000,3,1,2,0.03,0.333333333333
bge,31,100,1000,in_bm25_top1000,38,34,4,0.38,0.894736842105
bge,31,100,1000,outside_bm25_top1000,62,26,36,0.62,0.41935483871
bge,32,100,1000,in_bm25_top1000,38,13,25,0.38,0.342105263158
bge,32,100,1000,outside_bm25_top1000,62,35,27,0.62,0.564516129032
bge,33,100,1000,in_bm25_top1000,36,31,5,0.36,0.861111111111
bge,33,100,1000,outside_bm25_top1000,64,15,49,0.64,0.234375
bge,34,100,1000,in_bm25_top1000,34,28,6,0.34,0.823529411765
bge,34,100,1000,outside_bm25_top1000,66,23,43,0.66,0.348484848485
bge,35,100,1000,in_bm25_top1000,65,61,4,0.65,0.938461538462
bge,35,100,1000,outside_bm25_top1000,35,17,18,0.35,0.485714285714
bge,36,100,1000,in_bm25_top1000,92,88,4,0.92,0.95652173913
bge,36,100,1000,outside_bm25_top1000,8,7,1,0.08,0.875
bge,37,100,1000,in_bm25_top1000,96,86,10,0.96,0.895833333333
bge,37,100,1000,outside_bm25_top1000,4,1,3,0.04,0.25
bge,38,100,1000,in_bm25_top1000,67,54,13,0.67,0.805970149254
bge,38,100,1000,outside_bm25_top1000,33,19,14,0.33,0.575757575758
bge,39,100,1000,in_bm25_top1000,95,93,2,0.95,0.978947368421
bge,39,100,1000,outside_bm25_top1000,5,1,4,0.05,0.2
bge,40,100,1000,in_bm25_top1000,85,83,2,0.85,0.976470588235
bge,40,100,1000,outside_bm25_top1000,15,11,4,0.15,0.733333333333
bge,41,100,1000,in_bm25_top1000,54,54,0,0.54,1
bge,41,100,1000,outside_bm25_top1000,46,39,7,0.46,0.847826086957
bge,42,100,1000,in_bm25_top1000,99,99,0,0.99,1
bge,42,100,1000,outside_bm25_top1000,1,0,1,0.01,0
bge,43,100,1000,in_bm25_top1000,64,59,5,0.64,0.921875
bge,43,100,1000,outside_bm25_top1000,36,11,25,0.36,0.305555555556
bge,44,100,1000,in_bm25_top1000,80,76,4,0.8,0.95
bge,44,100,1000,outside_bm25_top1000,20,13,7,0.2,0.65
bge,45,100,1000,in_bm25_top1000,92,87,5,0.92,0.945652173913
bge,45,100,1000,outside_bm25_top1000,8,2,6,0.08,0.25
bge,46,100,1000,in_bm25_top1000,63,45,18,0.63,0.714285714286
bge,46,100,1000,outside_bm25_top1000,37,17,20,0.37,0.459459459459
bge,47,100,1000,in_bm25_top1000,72,62,10,0.72,0.861111111111
bge,47,100,1000,outside_bm25_top1000,28,13,15,0.28,0.464285714286
bge,48,100,1000,in_bm25_top1000,69,58,11,0.69,0.840579710145
bge,48,100,1000,outside_bm25_top1000,31,6,25,0.31,0.193548387097
bge,49,100,1000,in_bm25_top1000,40,39,1,0.4,0.975
bge,49,100,1000,outside_bm25_top1000,60,28,32,0.6,0.466666666667
bge,50,100,1000,in_bm25_top1000,68,58,10,0.68,0.852941176471
bge,50,100,1000,outside_bm25_top1000,32,13,19,0.32,0.40625
bge,1,1000,1000,in_bm25_top1000,203,120,83,0.203,0.591133004926
bge,1,1000,1000,outside_bm25_top1000,797,68,729,0.797,0.0853199498118
bge,2,1000,1000,in_bm25_top1000,148,90,58,0.148,0.608108108108
bge,2,1000,1000,outside_bm25_top1000,852,166,686,0.852,0.194835680751
bge,3,1000,1000,in_bm25_top1000,212,159,53,0.212,0.75
bge,3,1000,1000,outside_bm25_top1000,788,130,658,0.788,0.164974619289
bge,4,1000,1000,in_bm25_top1000,203,112,91,0.203,0.551724137931
bge,4,1000,1000,outside_bm25_top1000,797,137,660,0.797,0.171894604768
bge,5,1000,1000,in_bm25_top1000,439,263,176,0.439,0.599088838269
bge,5,1000,1000,outside_bm25_top1000,561,122,439,0.561,0.217468805704
bge,6,1000,1000,in_bm25_top1000,315,230,85,0.315,0.730158730159
bge,6,1000,1000,outside_bm25_top1000,685,149,536,0.685,0.217518248175
bge,7,1000,1000,in_bm25_top1000,492,347,145,0.492,0.705284552846
bge,7,1000,1000,outside_bm25_top1000,508,120,388,0.508,0.236220472441
bge,8,1000,1000,in_bm25_top1000,145,91,54,0.145,0.627586206897
bge,8,1000,1000,outside_bm25_top1000,855,140,715,0.855,0.163742690058
bge,9,1000,1000,in_bm25_top1000,205,109,96,0.205,0.531707317073
bge,9,1000,1000,outside_bm25_top1000,795,41,754,0.795,0.051572327044
bge,10,1000,1000,in_bm25_top1000,512,321,191,0.512,0.626953125
bge,10,1000,1000,outside_bm25_top1000,488,86,402,0.488,0.176229508197
bge,11,1000,1000,in_bm25_top1000,370,196,174,0.37,0.52972972973
bge,11,1000,1000,outside_bm25_top1000,630,68,562,0.63,0.107936507937
bge,12,1000,1000,in_bm25_top1000,184,96,88,0.184,0.521739130435
bge,12,1000,1000,outside_bm25_top1000,816,108,708,0.816,0.132352941176
bge,13,1000,1000,in_bm25_top1000,248,167,81,0.248,0.673387096774
bge,13,1000,1000,outside_bm25_top1000,752,166,586,0.752,0.220744680851
bge,14,1000,1000,in_bm25_top1000,153,62,91,0.153,0.40522875817
bge,14,1000,1000,outside_bm25_top1000,847,66,781,0.847,0.0779220779221
bge,15,1000,1000,in_bm25_top1000,104,53,51,0.104,0.509615384615
bge,15,1000,1000,outside_bm25_top1000,896,161,735,0.896,0.1796875
bge,16,1000,1000,in_bm25_top1000,134,106,28,0.134,0.791044776119
bge,16,1000,1000,outside_bm25_top1000,866,150,716,0.866,0.173210161663
bge,17,1000,1000,in_bm25_top1000,408,260,148,0.408,0.637254901961
bge,17,1000,1000,outside_bm25_top1000,592,115,477,0.592,0.194256756757
bge,18,1000,1000,in_bm25_top1000,453,282,171,0.453,0.622516556291
bge,18,1000,1000,outside_bm25_top1000,547,68,479,0.547,0.124314442413
bge,19,1000,1000,in_bm25_top1000,167,106,61,0.167,0.634730538922
bge,19,1000,1000,outside_bm25_top1000,833,83,750,0.833,0.0996398559424
bge,20,1000,1000,in_bm25_top1000,455,296,159,0.455,0.650549450549
bge,20,1000,1000,outside_bm25_top1000,545,55,490,0.545,0.100917431193
bge,21,1000,1000,in_bm25_top1000,254,178,76,0.254,0.700787401575
bge,21,1000,1000,outside_bm25_top1000,746,160,586,0.746,0.214477211796
bge,22,1000,1000,in_bm25_top1000,309,202,107,0.309,0.653721682848
bge,22,1000,1000,outside_bm25_top1000,691,113,578,0.691,0.163531114327
bge,23,1000,1000,in_bm25_top1000,340,194,146,0.34,0.570588235294
bge,23,1000,1000,outside_bm25_top1000,660,94,566,0.66,0.142424242424
bge,24,1000,1000,in_bm25_top1000,522,286,236,0.522,0.547892720307
bge,24,1000,1000,outside_bm25_top1000,478,66,412,0.478,0.138075313808
bge,25,1000,1000,in_bm25_top1000,248,158,90,0.248,0.637096774194
bge,25,1000,1000,outside_bm25_top1000,752,237,515,0.752,0.315159574468
bge,26,1000,1000,in_bm25_top1000,298,157,141,0.298,0.526845637584
bge,26,1000,1000,outside_bm25_top1000,702,140,562,0.702,0.19943019943
bge,27,1000,1000,in_bm25_top1000,473,285,188,0.473,0.602536997886
bge,27,1000,1000,outside_bm25_top1000,527,44,483,0.527,0.0834914611006
bge,28,1000,1000,in_bm25_top1000,627,358,269,0.627,0.570972886762
bge,28,1000,1000,outside_bm25_top1000,373,67,306,0.373,0.179624664879
bge,29,1000,1000,in_bm25_top1000,528,311,217,0.528,0.589015151515
bge,29,1000,1000,outside_bm25_top1000,472,64,408,0.472,0.135593220339
bge,30,1000,1000,in_bm25_top1000,446,208,238,0.446,0.466367713004
bge,30,1000,1000,outside_bm25_top1000,554,52,502,0.554,0.0938628158845
bge,31,1000,1000,in_bm25_top1000,129,104,25,0.129,0.806201550388
bge,31,1000,1000,outside_bm25_top1000,871,114,757,0.871,0.130884041332
bge,32,1000,1000,in_bm25_top1000,306,84,222,0.306,0.274509803922
bge,32,1000,1000,outside_bm25_top1000,694,149,545,0.694,0.21469740634
bge,33,1000,1000,in_bm25_top1000,128,101,27,0.128,0.7890625
bge,33,1000,1000,outside_bm25_top1000,872,75,797,0.872,0.0860091743119
bge,34,1000,1000,in_bm25_top1000,131,86,45,0.131,0.656488549618
bge,34,1000,1000,outside_bm25_top1000,869,124,745,0.869,0.142692750288
bge,35,1000,1000,in_bm25_top1000,224,168,56,0.224,0.75
bge,35,1000,1000,outside_bm25_top1000,776,152,624,0.776,0.19587628866
bge,36,1000,1000,in_bm25_top1000,579,433,146,0.579,0.747841105354
bge,36,1000,1000,outside_bm25_top1000,421,95,326,0.421,0.225653206651
bge,37,1000,1000,in_bm25_top1000,519,381,138,0.519,0.734104046243
bge,37,1000,1000,outside_bm25_top1000,481,89,392,0.481,0.185031185031
bge,38,1000,1000,in_bm25_top1000,279,227,52,0.279,0.813620071685
bge,38,1000,1000,outside_bm25_top1000,721,232,489,0.721,0.321775312067
bge,39,1000,1000,in_bm25_top1000,516,411,105,0.516,0.796511627907
bge,39,1000,1000,outside_bm25_top1000,484,63,421,0.484,0.130165289256
bge,40,1000,1000,in_bm25_top1000,380,327,53,0.38,0.860526315789
bge,40,1000,1000,outside_bm25_top1000,620,82,538,0.62,0.132258064516
bge,41,1000,1000,in_bm25_top1000,245,167,78,0.245,0.681632653061
bge,41,1000,1000,outside_bm25_top1000,755,201,554,0.755,0.266225165563
bge,42,1000,1000,in_bm25_top1000,281,206,75,0.281,0.733096085409
bge,42,1000,1000,outside_bm25_top1000,719,45,674,0.719,0.0625869262865
bge,43,1000,1000,in_bm25_top1000,259,165,94,0.259,0.637065637066
bge,43,1000,1000,outside_bm25_top1000,741,73,668,0.741,0.0985155195682
bge,44,1000,1000,in_bm25_top1000,323,246,77,0.323,0.761609907121
bge,44,1000,1000,outside_bm25_top1000,677,117,560,0.677,0.17282127031
bge,45,1000,1000,in_bm25_top1000,588,416,172,0.588,0.707482993197
bge,45,1000,1000,outside_bm25_top1000,412,68,344,0.412,0.165048543689
bge,46,1000,1000,in_bm25_top1000,286,108,178,0.286,0.377622377622
bge,46,1000,1000,outside_bm25_top1000,714,62,652,0.714,0.0868347338936
bge,47,1000,1000,in_bm25_top1000,279,201,78,0.279,0.720430107527
bge,47,1000,1000,outside_bm25_top1000,721,126,595,0.721,0.174757281553
bge,48,1000,1000,in_bm25_top1000,206,126,80,0.206,0.611650485437
bge,48,1000,1000,outside_bm25_top1000,794,40,754,0.794,0.0503778337531
bge,49,1000,1000,in_bm25_top1000,165,138,27,0.165,0.836363636364
bge,49,1000,1000,outside_bm25_top1000,835,179,656,0.835,0.214371257485
bge,50,1000,1000,in_bm25_top1000,357,210,147,0.357,0.588235294118
bge,50,1000,1000,outside_bm25_top1000,643,60,583,0.643,0.0933125972006
bm25_ce,1,20,1000,in_bm25_top1000,20,16,4,1,0.8
bm25_ce,1,20,1000,outside_bm25_top1000,0,0,0,0,
bm25_ce,2,20,1000,in_bm25_top1000,20,17,3,1,0.85
bm25_ce,2,20,1000,outside_bm25_top1000,0,0,0,0,
bm25_ce,3,20,1000,in_bm25_top1000,20,19,1,1,0.95
bm25_ce,3,20,1000,outside_bm25_top1000,0,0,0,0,
bm25_ce,4,20,1000,in_bm25_top1000,20,16,4,1,0.8
bm25_ce,4,20,1000,outside_bm25_top1000,0,0,0,0,
bm25_ce,5,20,1000,in_bm25_top1000,20,16,4,1,0.8
bm25_ce,5,20,1000,outside_bm25_top1000,0,0,0,0,
bm25_ce,6,20,1000,in_bm25_top1000,20,19,1,1,0.95
bm25_ce,6,20,1000,outside_bm25_top1000,0,0,0,0,
bm25_ce,7,20,1000,in_bm25_top1000,20,20,0,1,1
bm25_ce,7,20,1000,outside_bm25_top1000,0,0,0,0,
bm25_ce,8,20,1000,in_bm25_top1000,20,18,2,1,0.9
bm25_ce,8,20,1000,outside_bm25_top1000,0,0,0,0,
bm25_ce,9,20,1000,in_bm25_top1000,20,19,1,1,0.95
bm25_ce,9,20,1000,outside_bm25_top1000,0,0,0,0,
bm25_ce,10,20,1000,in_bm25_top1000,20,19,1,1,0.95
bm25_ce,10,20,1000,outside_bm25_top1000,0,0,0,0,
bm25_ce,11,20,1000,in_bm25_top1000,20,18,2,1,0.9
bm25_ce,11,20,1000,outside_bm25_top1000,0,0,0,0,
bm25_ce,12,20,1000,in_bm25_top1000,20,18,2,1,0.9
bm25_ce,12,20,1000,outside_bm25_top1000,0,0,0,0,
bm25_ce,13,20,1000,in_bm25_top1000,20,19,1,1,0.95
bm25_ce,13,20,1000,outside_bm25_top1000,0,0,0,0,
bm25_ce,14,20,1000,in_bm25_top1000,20,9,11,1,0.45
bm25_ce,14,20,1000,outside_bm25_top1000,0,0,0,0,
bm25_ce,15,20,1000,in_bm25_top1000,20,14,6,1,0.7
bm25_ce,15,20,1000,outside_bm25_top1000,0,0,0,0,
bm25_ce,16,20,1000,in_bm25_top1000,20,19,1,1,0.95
bm25_ce,16,20,1000,outside_bm25_top1000,0,0,0,0,
bm25_ce,17,20,1000,in_bm25_top1000,20,20,0,1,1
bm25_ce,17,20,1000,outside_bm25_top1000,0,0,0,0,
bm25_ce,18,20,1000,in_bm25_top1000,20,19,1,1,0.95
bm25_ce,18,20,1000,outside_bm25_top1000,0,0,0,0,
bm25_ce,19,20,1000,in_bm25_top1000,20,20,0,1,1
bm25_ce,19,20,1000,outside_bm25_top1000,0,0,0,0,
bm25_ce,20,20,1000,in_bm25_top1000,20,20,0,1,1
bm25_ce,20,20,1000,outside_bm25_top1000,0,0,0,0,
bm25_ce,21,20,1000,in_bm25_top1000,20,19,1,1,0.95
bm25_ce,21,20,1000,outside_bm25_top1000,0,0,0,0,
bm25_ce,22,20,1000,in_bm25_top1000,20,20,0,1,1
bm25_ce,22,20,1000,outside_bm25_top1000,0,0,0,0,
bm25_ce,23,20,1000,in_bm25_top1000,20,11,9,1,0.55
bm25_ce,23,20,1000,outside_bm25_top1000,0,0,0,0,
bm25_ce,24,20,1000,in_bm25_top1000,20,18,2,1,0.9
bm25_ce,24,20,1000,outside_bm25_top1000,0,0,0,0,
bm25_ce,25,20,1000,in_bm25_top1000,20,17,3,1,0.85
bm25_ce,25,20,1000,outside_bm25_top1000,0,0,0,0,
bm25_ce,26,20,1000,in_bm25_top1000,20,17,3,1,0.85
bm25_ce,26,20,1000,outside_bm25_top1000,0,0,0,0,
bm25_ce,27,20,1000,in_bm25_top1000,20,13,7,1,0.65
bm25_ce,27,20,1000,outside_bm25_top1000,0,0,0,0,
bm25_ce,28,20,1000,in_bm25_top1000,20,20,0,1,1
bm25_ce,28,20,1000,outside_bm25_top1000,0,0,0,0,
bm25_ce,29,20,1000,in_bm25_top1000,20,20,0,1,1
bm25_ce,29,20,1000,outside_bm25_top1000,0,0,0,0,
bm25_ce,30,20,1000,in_bm25_top1000,20,20,0,1,1
bm25_ce,30,20,1000,outside_bm25_top1000,0,0,0,0,
bm25_ce,31,20,1000,in_bm25_top1000,20,20,0,1,1
bm25_ce,31,20,1000,outside_bm25_top1000,0,0,0,0,
bm25_ce,32,20,1000,in_bm25_top1000,20,16,4,1,0.8
bm25_ce,32,20,1000,outside_bm25_top1000,0,0,0,0,
bm25_ce,33,20,1000,in_bm25_top1000,20,20,0,1,1
bm25_ce,33,20,1000,outside_bm25_top1000,0,0,0,0,
bm25_ce,34,20,1000,in_bm25_top1000,20,18,2,1,0.9
bm25_ce,34,20,1000,outside_bm25_top1000,0,0,0,0,
bm25_ce,35,20,1000,in_bm25_top1000,20,20,0,1,1
bm25_ce,35,20,1000,outside_bm25_top1000,0,0,0,0,
bm25_ce,36,20,1000,in_bm25_top1000,20,20,0,1,1
bm25_ce,36,20,1000,outside_bm25_top1000,0,0,0,0,
bm25_ce,37,20,1000,in_bm25_top1000,20,20,0,1,1
bm25_ce,37,20,1000,outside_bm25_top1000,0,0,0,0,
bm25_ce,38,20,1000,in_bm25_top1000,20,19,1,1,0.95
bm25_ce,38,20,1000,outside_bm25_top1000,0,0,0,0,
bm25_ce,39,20,1000,in_bm25_top1000,20,20,0,1,1
bm25_ce,39,20,1000,outside_bm25_top1000,0,0,0,0,
bm25_ce,40,20,1000,in_bm25_top1000,20,20,0,1,1
bm25_ce,40,20,1000,outside_bm25_top1000,0,0,0,0,
bm25_ce,41,20,1000,in_bm25_top1000,20,20,0,1,1
bm25_ce,41,20,1000,outside_bm25_top1000,0,0,0,0,
bm25_ce,42,20,1000,in_bm25_top1000,20,20,0,1,1
bm25_ce,42,20,1000,outside_bm25_top1000,0,0,0,0,
bm25_ce,43,20,1000,in_bm25_top1000,20,20,0,1,1
bm25_ce,43,20,1000,outside_bm25_top1000,0,0,0,0,
bm25_ce,44,20,1000,in_bm25_top1000,20,20,0,1,1
bm25_ce,44,20,1000,outside_bm25_top1000,0,0,0,0,
bm25_ce,45,20,1000,in_bm25_top1000,20,19,1,1,0.95
bm25_ce,45,20,1000,outside_bm25_top1000,0,0,0,0,
bm25_ce,46,20,1000,in_bm25_top1000,20,16,4,1,0.8
bm25_ce,46,20,1000,outside_bm25_top1000,0,0,0,0,
bm25_ce,47,20,1000,in_bm25_top1000,20,19,1,1,0.95
bm25_ce,47,20,1000,outside_bm25_top1000,0,0,0,0,
bm25_ce,48,20,1000,in_bm25_top1000,20,20,0,1,1
bm25_ce,48,20,1000,outside_bm25_top1000,0,0,0,0,
bm25_ce,49,20,1000,in_bm25_top1000,20,20,0,1,1
bm25_ce,49,20,1000,outside_bm25_top1000,0,0,0,0,
bm25_ce,50,20,1000,in_bm25_top1000,20,15,5,1,0.75
bm25_ce,50,20,1000,outside_bm25_top1000,0,0,0,0,
bm25_ce,1,50,1000,in_bm25_top1000,50,33,17,1,0.66
bm25_ce,1,50,1000,outside_bm25_top1000,0,0,0,0,
bm25_ce,2,50,1000,in_bm25_top1000,50,37,13,1,0.74
bm25_ce,2,50,1000,outside_bm25_top1000,0,0,0,0,
bm25_ce,3,50,1000,in_bm25_top1000,50,47,3,1,0.94
bm25_ce,3,50,1000,outside_bm25_top1000,0,0,0,0,
bm25_ce,4,50,1000,in_bm25_top1000,50,24,26,1,0.48
bm25_ce,4,50,1000,outside_bm25_top1000,0,0,0,0,
bm25_ce,5,50,1000,in_bm25_top1000,50,38,12,1,0.76
bm25_ce,5,50,1000,outside_bm25_top1000,0,0,0,0,
bm25_ce,6,50,1000,in_bm25_top1000,50,45,5,1,0.9
bm25_ce,6,50,1000,outside_bm25_top1000,0,0,0,0,
bm25_ce,7,50,1000,in_bm25_top1000,50,48,2,1,0.96
bm25_ce,7,50,1000,outside_bm25_top1000,0,0,0,0,
bm25_ce,8,50,1000,in_bm25_top1000,50,36,14,1,0.72
bm25_ce,8,50,1000,outside_bm25_top1000,0,0,0,0,
bm25_ce,9,50,1000,in_bm25_top1000,50,42,8,1,0.84
bm25_ce,9,50,1000,outside_bm25_top1000,0,0,0,0,
bm25_ce,10,50,1000,in_bm25_top1000,50,40,10,1,0.8
bm25_ce,10,50,1000,outside_bm25_top1000,0,0,0,0,
bm25_ce,11,50,1000,in_bm25_top1000,50,37,13,1,0.74
bm25_ce,11,50,1000,outside_bm25_top1000,0,0,0,0,
bm25_ce,12,50,1000,in_bm25_top1000,50,40,10,1,0.8
bm25_ce,12,50,1000,outside_bm25_top1000,0,0,0,0,
bm25_ce,13,50,1000,in_bm25_top1000,50,46,4,1,0.92
bm25_ce,13,50,1000,outside_bm25_top1000,0,0,0,0,
bm25_ce,14,50,1000,in_bm25_top1000,50,24,26,1,0.48
bm25_ce,14,50,1000,outside_bm25_top1000,0,0,0,0,
bm25_ce,15,50,1000,in_bm25_top1000,50,29,21,1,0.58
bm25_ce,15,50,1000,outside_bm25_top1000,0,0,0,0,
bm25_ce,16,50,1000,in_bm25_top1000,50,44,6,1,0.88
bm25_ce,16,50,1000,outside_bm25_top1000,0,0,0,0,
bm25_ce,17,50,1000,in_bm25_top1000,50,41,9,1,0.82
bm25_ce,17,50,1000,outside_bm25_top1000,0,0,0,0,
bm25_ce,18,50,1000,in_bm25_top1000,50,45,5,1,0.9
bm25_ce,18,50,1000,outside_bm25_top1000,0,0,0,0,
bm25_ce,19,50,1000,in_bm25_top1000,50,45,5,1,0.9
bm25_ce,19,50,1000,outside_bm25_top1000,0,0,0,0,
bm25_ce,20,50,1000,in_bm25_top1000,50,47,3,1,0.94
bm25_ce,20,50,1000,outside_bm25_top1000,0,0,0,0,
bm25_ce,21,50,1000,in_bm25_top1000,50,44,6,1,0.88
bm25_ce,21,50,1000,outside_bm25_top1000,0,0,0,0,
bm25_ce,22,50,1000,in_bm25_top1000,50,46,4,1,0.92
bm25_ce,22,50,1000,outside_bm25_top1000,0,0,0,0,
bm25_ce,23,50,1000,in_bm25_top1000,50,29,21,1,0.58
bm25_ce,23,50,1000,outside_bm25_top1000,0,0,0,0,
bm25_ce,24,50,1000,in_bm25_top1000,50,41,9,1,0.82
bm25_ce,24,50,1000,outside_bm25_top1000,0,0,0,0,
bm25_ce,25,50,1000,in_bm25_top1000,50,39,11,1,0.78
bm25_ce,25,50,1000,outside_bm25_top1000,0,0,0,0,
bm25_ce,26,50,1000,in_bm25_top1000,50,36,14,1,0.72
bm25_ce,26,50,1000,outside_bm25_top1000,0,0,0,0,
bm25_ce,27,50,1000,in_bm25_top1000,50,37,13,1,0.74
bm25_ce,27,50,1000,outside_bm25_top1000,0,0,0,0,
bm25_ce,28,50,1000,in_bm25_top1000,50,47,3,1,0.94
bm25_ce,28,50,1000,outside_bm25_top1000,0,0,0,0,
bm25_ce,29,50,1000,in_bm25_top1000,50,48,2,1,0.96
bm25_ce,29,50,1000,outside_bm25_top1000,0,0,0,0,
bm25_ce,30,50,1000,in_bm25_top1000,50,46,4,1,0.92
bm25_ce,30,50,1000,outside_bm25_top1000,0,0,0,0,
bm25_ce,31,50,1000,in_bm25_top1000,50,46,4,1,0.92
bm25_ce,31,50,1000,outside_bm25_top1000,0,0,0,0,
bm25_ce,32,50,1000,in_bm25_top1000,50,28,22,1,0.56
bm25_ce,32,50,1000,outside_bm25_top1000,0,0,0,0,
bm25_ce,33,50,1000,in_bm25_top1000,50,48,2,1,0.96
bm25_ce,33,50,1000,outside_bm25_top1000,0,0,0,0,
bm25_ce,34,50,1000,in_bm25_top1000,50,40,10,1,0.8
bm25_ce,34,50,1000,outside_bm25_top1000,0,0,0,0,
bm25_ce,35,50,1000,in_bm25_top1000,50,48,2,1,0.96
bm25_ce,35,50,1000,outside_bm25_top1000,0,0,0,0,
bm25_ce,36,50,1000,in_bm25_top1000,50,50,0,1,1
bm25_ce,36,50,1000,outside_bm25_top1000,0,0,0,0,
bm25_ce,37,50,1000,in_bm25_top1000,50,50,0,1,1
bm25_ce,37,50,1000,outside_bm25_top1000,0,0,0,0,
bm25_ce,38,50,1000,in_bm25_top1000,50,46,4,1,0.92
bm25_ce,38,50,1000,outside_bm25_top1000,0,0,0,0,
bm25_ce,39,50,1000,in_bm25_top1000,50,49,1,1,0.98
bm25_ce,39,50,1000,outside_bm25_top1000,0,0,0,0,
bm25_ce,40,50,1000,in_bm25_top1000,50,50,0,1,1
bm25_ce,40,50,1000,outside_bm25_top1000,0,0,0,0,
bm25_ce,41,50,1000,in_bm25_top1000,50,47,3,1,0.94
bm25_ce,41,50,1000,outside_bm25_top1000,0,0,0,0,
bm25_ce,42,50,1000,in_bm25_top1000,50,47,3,1,0.94
bm25_ce,42,50,1000,outside_bm25_top1000,0,0,0,0,
bm25_ce,43,50,1000,in_bm25_top1000,50,47,3,1,0.94
bm25_ce,43,50,1000,outside_bm25_top1000,0,0,0,0,
bm25_ce,44,50,1000,in_bm25_top1000,50,48,2,1,0.96
bm25_ce,44,50,1000,outside_bm25_top1000,0,0,0,0,
bm25_ce,45,50,1000,in_bm25_top1000,50,46,4,1,0.92
bm25_ce,45,50,1000,outside_bm25_top1000,0,0,0,0,
bm25_ce,46,50,1000,in_bm25_top1000,50,33,17,1,0.66
bm25_ce,46,50,1000,outside_bm25_top1000,0,0,0,0,
bm25_ce,47,50,1000,in_bm25_top1000,50,43,7,1,0.86
bm25_ce,47,50,1000,outside_bm25_top1000,0,0,0,0,
bm25_ce,48,50,1000,in_bm25_top1000,50,44,6,1,0.88
bm25_ce,48,50,1000,outside_bm25_top1000,0,0,0,0,
bm25_ce,49,50,1000,in_bm25_top1000,50,48,2,1,0.96
bm25_ce,49,50,1000,outside_bm25_top1000,0,0,0,0,
bm25_ce,50,50,1000,in_bm25_top1000,50,38,12,1,0.76
bm25_ce,50,50,1000,outside_bm25_top1000,0,0,0,0,
bm25_ce,1,100,1000,in_bm25_top1000,100,54,46,1,0.54
bm25_ce,1,100,1000,outside_bm25_top1000,0,0,0,0,
bm25_ce,2,100,1000,in_bm25_top1000,100,60,40,1,0.6
bm25_ce,2,100,1000,outside_bm25_top1000,0,0,0,0,
bm25_ce,3,100,1000,in_bm25_top1000,100,83,17,1,0.83
bm25_ce,3,100,1000,outside_bm25_top1000,0,0,0,0,
bm25_ce,4,100,1000,in_bm25_top1000,100,49,51,1,0.49
bm25_ce,4,100,1000,outside_bm25_top1000,0,0,0,0,
bm25_ce,5,100,1000,in_bm25_top1000,100,71,29,1,0.71
bm25_ce,5,100,1000,outside_bm25_top1000,0,0,0,0,
bm25_ce,6,100,1000,in_bm25_top1000,100,87,13,1,0.87
bm25_ce,6,100,1000,outside_bm25_top1000,0,0,0,0,
bm25_ce,7,100,1000,in_bm25_top1000,100,93,7,1,0.93
bm25_ce,7,100,1000,outside_bm25_top1000,0,0,0,0,
bm25_ce,8,100,1000,in_bm25_top1000,100,60,40,1,0.6
bm25_ce,8,100,1000,outside_bm25_top1000,0,0,0,0,
bm25_ce,9,100,1000,in_bm25_top1000,100,84,16,1,0.84
bm25_ce,9,100,1000,outside_bm25_top1000,0,0,0,0,
bm25_ce,10,100,1000,in_bm25_top1000,100,77,23,1,0.77
bm25_ce,10,100,1000,outside_bm25_top1000,0,0,0,0,
bm25_ce,11,100,1000,in_bm25_top1000,100,61,39,1,0.61
bm25_ce,11,100,1000,outside_bm25_top1000,0,0,0,0,
bm25_ce,12,100,1000,in_bm25_top1000,100,75,25,1,0.75
bm25_ce,12,100,1000,outside_bm25_top1000,0,0,0,0,
bm25_ce,13,100,1000,in_bm25_top1000,100,81,19,1,0.81
bm25_ce,13,100,1000,outside_bm25_top1000,0,0,0,0,
bm25_ce,14,100,1000,in_bm25_top1000,100,37,63,1,0.37
bm25_ce,14,100,1000,outside_bm25_top1000,0,0,0,0,
bm25_ce,15,100,1000,in_bm25_top1000,100,46,54,1,0.46
bm25_ce,15,100,1000,outside_bm25_top1000,0,0,0,0,
bm25_ce,16,100,1000,in_bm25_top1000,100,68,32,1,0.68
bm25_ce,16,100,1000,outside_bm25_top1000,0,0,0,0,
bm25_ce,17,100,1000,in_bm25_top1000,100,77,23,1,0.77
bm25_ce,17,100,1000,outside_bm25_top1000,0,0,0,0,
bm25_ce,18,100,1000,in_bm25_top1000,100,84,16,1,0.84
bm25_ce,18,100,1000,outside_bm25_top1000,0,0,0,0,
bm25_ce,19,100,1000,in_bm25_top1000,100,65,35,1,0.65
bm25_ce,19,100,1000,outside_bm25_top1000,0,0,0,0,
bm25_ce,20,100,1000,in_bm25_top1000,100,87,13,1,0.87
bm25_ce,20,100,1000,outside_bm25_top1000,0,0,0,0,
bm25_ce,21,100,1000,in_bm25_top1000,100,82,18,1,0.82
bm25_ce,21,100,1000,outside_bm25_top1000,0,0,0,0,
bm25_ce,22,100,1000,in_bm25_top1000,100,87,13,1,0.87
bm25_ce,22,100,1000,outside_bm25_top1000,0,0,0,0,
bm25_ce,23,100,1000,in_bm25_top1000,100,56,44,1,0.56
bm25_ce,23,100,1000,outside_bm25_top1000,0,0,0,0,
bm25_ce,24,100,1000,in_bm25_top1000,100,71,29,1,0.71
bm25_ce,24,100,1000,outside_bm25_top1000,0,0,0,0,
bm25_ce,25,100,1000,in_bm25_top1000,100,73,27,1,0.73
bm25_ce,25,100,1000,outside_bm25_top1000,0,0,0,0,
bm25_ce,26,100,1000,in_bm25_top1000,100,64,36,1,0.64
bm25_ce,26,100,1000,outside_bm25_top1000,0,0,0,0,
bm25_ce,27,100,1000,in_bm25_top1000,100,70,30,1,0.7
bm25_ce,27,100,1000,outside_bm25_top1000,0,0,0,0,
bm25_ce,28,100,1000,in_bm25_top1000,100,89,11,1,0.89
bm25_ce,28,100,1000,outside_bm25_top1000,0,0,0,0,
bm25_ce,29,100,1000,in_bm25_top1000,100,93,7,1,0.93
bm25_ce,29,100,1000,outside_bm25_top1000,0,0,0,0,
bm25_ce,30,100,1000,in_bm25_top1000,100,82,18,1,0.82
bm25_ce,30,100,1000,outside_bm25_top1000,0,0,0,0,
bm25_ce,31,100,1000,in_bm25_top1000,100,78,22,1,0.78
bm25_ce,31,100,1000,outside_bm25_top1000,0,0,0,0,
bm25_ce,32,100,1000,in_bm25_top1000,100,43,57,1,0.43
bm25_ce,32,100,1000,outside_bm25_top1000,0,0,0,0,
bm25_ce,33,100,1000,in_bm25_top1000,100,78,22,1,0.78
bm25_ce,33,100,1000,outside_bm25_top1000,0,0,0,0,
bm25_ce,34,100,1000,in_bm25_top1000,100,73,27,1,0.73
bm25_ce,34,100,1000,outside_bm25_top1000,0,0,0,0,
bm25_ce,35,100,1000,in_bm25_top1000,100,83,17,1,0.83
bm25_ce,35,100,1000,outside_bm25_top1000,0,0,0,0,
bm25_ce,36,100,1000,in_bm25_top1000,100,98,2,1,0.98
bm25_ce,36,100,1000,outside_bm25_top1000,0,0,0,0,
bm25_ce,37,100,1000,in_bm25_top1000,100,100,0,1,1
bm25_ce,37,100,1000,outside_bm25_top1000,0,0,0,0,
bm25_ce,38,100,1000,in_bm25_top1000,100,89,11,1,0.89
bm25_ce,38,100,1000,outside_bm25_top1000,0,0,0,0,
bm25_ce,39,100,1000,in_bm25_top1000,100,92,8,1,0.92
bm25_ce,39,100,1000,outside_bm25_top1000,0,0,0,0,
bm25_ce,40,100,1000,in_bm25_top1000,100,100,0,1,1
bm25_ce,40,100,1000,outside_bm25_top1000,0,0,0,0,
bm25_ce,41,100,1000,in_bm25_top1000,100,79,21,1,0.79
bm25_ce,41,100,1000,outside_bm25_top1000,0,0,0,0,
bm25_ce,42,100,1000,in_bm25_top1000,100,85,15,1,0.85
bm25_ce,42,100,1000,outside_bm25_top1000,0,0,0,0,
bm25_ce,43,100,1000,in_bm25_top1000,100,84,16,1,0.84
bm25_ce,43,100,1000,outside_bm25_top1000,0,0,0,0,
bm25_ce,44,100,1000,in_bm25_top1000,100,84,16,1,0.84
bm25_ce,44,100,1000,outside_bm25_top1000,0,0,0,0,
bm25_ce,45,100,1000,in_bm25_top1000,100,92,8,1,0.92
bm25_ce,45,100,1000,outside_bm25_top1000,0,0,0,0,
bm25_ce,46,100,1000,in_bm25_top1000,100,54,46,1,0.54
bm25_ce,46,100,1000,outside_bm25_top1000,0,0,0,0,
bm25_ce,47,100,1000,in_bm25_top1000,100,80,20,1,0.8
bm25_ce,47,100,1000,outside_bm25_top1000,0,0,0,0,
bm25_ce,48,100,1000,in_bm25_top1000,100,70,30,1,0.7
bm25_ce,48,100,1000,outside_bm25_top1000,0,0,0,0,
bm25_ce,49,100,1000,in_bm25_top1000,100,91,9,1,0.91
bm25_ce,49,100,1000,outside_bm25_top1000,0,0,0,0,
bm25_ce,50,100,1000,in_bm25_top1000,100,73,27,1,0.73
bm25_ce,50,100,1000,outside_bm25_top1000,0,0,0,0,
bm25_ce,1,1000,1000,in_bm25_top1000,1000,327,673,1,0.327
bm25_ce,1,1000,1000,outside_bm25_top1000,0,0,0,0,
bm25_ce,2,1000,1000,in_bm25_top1000,1000,203,797,1,0.203
bm25_ce,2,1000,1000,outside_bm25_top1000,0,0,0,0,
bm25_ce,3,1000,1000,in_bm25_top1000,1000,402,598,1,0.402
bm25_ce,3,1000,1000,outside_bm25_top1000,0,0,0,0,
bm25_ce,4,1000,1000,in_bm25_top1000,1000,294,706,1,0.294
bm25_ce,4,1000,1000,outside_bm25_top1000,0,0,0,0,
bm25_ce,5,1000,1000,in_bm25_top1000,1000,421,579,1,0.421
bm25_ce,5,1000,1000,outside_bm25_top1000,0,0,0,0,
bm25_ce,6,1000,1000,in_bm25_top1000,1000,378,622,1,0.378
bm25_ce,6,1000,1000,outside_bm25_top1000,0,0,0,0,
bm25_ce,7,1000,1000,in_bm25_top1000,1000,503,497,1,0.503
bm25_ce,7,1000,1000,outside_bm25_top1000,0,0,0,0,
bm25_ce,8,1000,1000,in_bm25_top1000,1000,264,736,1,0.264
bm25_ce,8,1000,1000,outside_bm25_top1000,0,0,0,0,
bm25_ce,9,1000,1000,in_bm25_top1000,1000,292,708,1,0.292
bm25_ce,9,1000,1000,outside_bm25_top1000,0,0,0,0,
bm25_ce,10,1000,1000,in_bm25_top1000,1000,430,570,1,0.43
bm25_ce,10,1000,1000,outside_bm25_top1000,0,0,0,0,
bm25_ce,11,1000,1000,in_bm25_top1000,1000,367,633,1,0.367
bm25_ce,11,1000,1000,outside_bm25_top1000,0,0,0,0,
bm25_ce,12,1000,1000,in_bm25_top1000,1000,327,673,1,0.327
bm25_ce,12,1000,1000,outside_bm25_top1000,0,0,0,0,
bm25_ce,13,1000,1000,in_bm25_top1000,1000,361,639,1,0.361
bm25_ce,13,1000,1000,outside_bm25_top1000,0,0,0,0,
bm25_ce,14,1000,1000,in_bm25_top1000,1000,243,757,1,0.243
bm25_ce,14,1000,1000,outside_bm25_top1000,0,0,0,0,
bm25_ce,15,1000,1000,in_bm25_top1000,1000,229,771,1,0.229
bm25_ce,15,1000,1000,outside_bm25_top1000,0,0,0,0,
bm25_ce,16,1000,1000,in_bm25_top1000,1000,272,728,1,0.272
bm25_ce,16,1000,1000,outside_bm25_top1000,0,0,0,0,
bm25_ce,17,1000,1000,in_bm25_top1000,1000,411,589,1,0.411
bm25_ce,17,1000,1000,outside_bm25_top1000,0,0,0,0,
bm25_ce,18,1000,1000,in_bm25_top1000,1000,457,543,1,0.457
bm25_ce,18,1000,1000,outside_bm25_top1000,0,0,0,0,
bm25_ce,19,1000,1000,in_bm25_top1000,1000,287,713,1,0.287
bm25_ce,19,1000,1000,outside_bm25_top1000,0,0,0,0,
bm25_ce,20,1000,1000,in_bm25_top1000,1000,506,494,1,0.506
bm25_ce,20,1000,1000,outside_bm25_top1000,0,0,0,0,
bm25_ce,21,1000,1000,in_bm25_top1000,1000,332,668,1,0.332
bm25_ce,21,1000,1000,outside_bm25_top1000,0,0,0,0,
bm25_ce,22,1000,1000,in_bm25_top1000,1000,307,693,1,0.307
bm25_ce,22,1000,1000,outside_bm25_top1000,0,0,0,0,
bm25_ce,23,1000,1000,in_bm25_top1000,1000,298,702,1,0.298
bm25_ce,23,1000,1000,outside_bm25_top1000,0,0,0,0,
bm25_ce,24,1000,1000,in_bm25_top1000,1000,345,655,1,0.345
bm25_ce,24,1000,1000,outside_bm25_top1000,0,0,0,0,
bm25_ce,25,1000,1000,in_bm25_top1000,1000,343,657,1,0.343
bm25_ce,25,1000,1000,outside_bm25_top1000,0,0,0,0,
bm25_ce,26,1000,1000,in_bm25_top1000,1000,324,676,1,0.324
bm25_ce,26,1000,1000,outside_bm25_top1000,0,0,0,0,
bm25_ce,27,1000,1000,in_bm25_top1000,1000,437,563,1,0.437
bm25_ce,27,1000,1000,outside_bm25_top1000,0,0,0,0,
bm25_ce,28,1000,1000,in_bm25_top1000,1000,423,577,1,0.423
bm25_ce,28,1000,1000,outside_bm25_top1000,0,0,0,0,
bm25_ce,29,1000,1000,in_bm25_top1000,1000,477,523,1,0.477
bm25_ce,29,1000,1000,outside_bm25_top1000,0,0,0,0,
bm25_ce,30,1000,1000,in_bm25_top1000,1000,337,663,1,0.337
bm25_ce,30,1000,1000,outside_bm25_top1000,0,0,0,0,
bm25_ce,31,1000,1000,in_bm25_top1000,1000,421,579,1,0.421
bm25_ce,31,1000,1000,outside_bm25_top1000,0,0,0,0,
bm25_ce,32,1000,1000,in_bm25_top1000,1000,238,762,1,0.238
bm25_ce,32,1000,1000,outside_bm25_top1000,0,0,0,0,
bm25_ce,33,1000,1000,in_bm25_top1000,1000,430,570,1,0.43
bm25_ce,33,1000,1000,outside_bm25_top1000,0,0,0,0,
bm25_ce,34,1000,1000,in_bm25_top1000,1000,231,769,1,0.231
bm25_ce,34,1000,1000,outside_bm25_top1000,0,0,0,0,
bm25_ce,35,1000,1000,in_bm25_top1000,1000,342,658,1,0.342
bm25_ce,35,1000,1000,outside_bm25_top1000,0,0,0,0,
bm25_ce,36,1000,1000,in_bm25_top1000,1000,568,432,1,0.568
bm25_ce,36,1000,1000,outside_bm25_top1000,0,0,0,0,
bm25_ce,37,1000,1000,in_bm25_top1000,1000,569,431,1,0.569
bm25_ce,37,1000,1000,outside_bm25_top1000,0,0,0,0,
bm25_ce,38,1000,1000,in_bm25_top1000,1000,521,479,1,0.521
bm25_ce,38,1000,1000,outside_bm25_top1000,0,0,0,0,
bm25_ce,39,1000,1000,in_bm25_top1000,1000,630,370,1,0.63
bm25_ce,39,1000,1000,outside_bm25_top1000,0,0,0,0,
bm25_ce,40,1000,1000,in_bm25_top1000,1000,556,444,1,0.556
bm25_ce,40,1000,1000,outside_bm25_top1000,0,0,0,0,
bm25_ce,41,1000,1000,in_bm25_top1000,1000,298,702,1,0.298
bm25_ce,41,1000,1000,outside_bm25_top1000,0,0,0,0,
bm25_ce,42,1000,1000,in_bm25_top1000,1000,335,665,1,0.335
bm25_ce,42,1000,1000,outside_bm25_top1000,0,0,0,0,
bm25_ce,43,1000,1000,in_bm25_top1000,1000,325,675,1,0.325
bm25_ce,43,1000,1000,outside_bm25_top1000,0,0,0,0,
bm25_ce,44,1000,1000,in_bm25_top1000,1000,431,569,1,0.431
bm25_ce,44,1000,1000,outside_bm25_top1000,0,0,0,0,
bm25_ce,45,1000,1000,in_bm25_top1000,1000,569,431,1,0.569
bm25_ce,45,1000,1000,outside_bm25_top1000,0,0,0,0,
bm25_ce,46,1000,1000,in_bm25_top1000,1000,232,768,1,0.232
bm25_ce,46,1000,1000,outside_bm25_top1000,0,0,0,0,
bm25_ce,47,1000,1000,in_bm25_top1000,1000,351,649,1,0.351
bm25_ce,47,1000,1000,outside_bm25_top1000,0,0,0,0,
bm25_ce,48,1000,1000,in_bm25_top1000,1000,280,720,1,0.28
bm25_ce,48,1000,1000,outside_bm25_top1000,0,0,0,0,
bm25_ce,49,1000,1000,in_bm25_top1000,1000,322,678,1,0.322
bm25_ce,49,1000,1000,outside_bm25_top1000,0,0,0,0,
bm25_ce,50,1000,1000,in_bm25_top1000,1000,364,636,1,0.364
bm25_ce,50,1000,1000,outside_bm25_top1000,0,0,0,0,
