method,baseline,query_id,k,stratum,n_pairs,n_judged,n_unjudged,n_explicit_minus1,n_relevant_strict,n_relevant_relaxed,judged_fraction,hole_fraction,observed_precision_strict,observed_precision_relaxed
mpnet,bm25,1,20,shared,2,2,0,0,0,2,1,0,0,1
mpnet,bm25,1,20,method_only,18,0,18,0,0,0,0,1,0,0
mpnet,bm25,1,20,bm25_only,18,15,3,0,3,9,0.833333333333,0.166666666667,0.166666666667,0.5
mpnet,bm25,2,20,shared,0,0,0,0,0,0,,,,
mpnet,bm25,2,20,method_only,20,2,18,0,1,1,0.1,0.9,0.05,0.05
mpnet,bm25,2,20,bm25_only,20,19,1,0,7,7,0.95,0.05,0.35,0.35
mpnet,bm25,3,20,shared,0,0,0,0,0,0,,,,
mpnet,bm25,3,20,method_only,20,5,15,0,4,5,0.25,0.75,0.2,0.25
mpnet,bm25,3,20,bm25_only,20,18,2,0,4,7,0.9,0.1,0.2,0.35
mpnet,bm25,4,20,shared,1,1,0,0,1,1,1,0,1,1
mpnet,bm25,4,20,method_only,19,9,10,0,3,6,0.473684210526,0.526315789474,0.157894736842,0.315789473684
mpnet,bm25,4,20,bm25_only,19,19,0,0,1,2,1,0,0.0526315789474,0.105263157895
mpnet,bm25,5,20,shared,1,1,0,0,1,1,1,0,1,1
mpnet,bm25,5,20,method_only,19,7,12,0,4,5,0.368421052632,0.631578947368,0.210526315789,0.263157894737
mpnet,bm25,5,20,bm25_only,19,17,2,0,6,15,0.894736842105,0.105263157895,0.315789473684,0.789473684211
mpnet,bm25,6,20,shared,1,1,0,0,1,1,1,0,1,1
mpnet,bm25,6,20,method_only,19,10,9,0,6,9,0.526315789474,0.473684210526,0.315789473684,0.473684210526
mpnet,bm25,6,20,bm25_only,19,18,1,0,14,16,0.947368421053,0.0526315789474,0.736842105263,0.842105263158
mpnet,bm25,7,20,shared,1,1,0,0,0,0,1,0,0,0
mpnet,bm25,7,20,method_only,19,9,10,0,7,7,0.473684210526,0.526315789474,0.368421052632,0.368421052632
mpnet,bm25,7,20,bm25_only,19,19,0,0,13,14,1,0,0.684210526316,0.736842105263
mpnet,bm25,8,20,shared,2,2,0,0,2,2,1,0,1,1
mpnet,bm25,8,20,method_only,18,7,11,0,7,7,0.388888888889,0.611111111111,0.388888888889,0.388888888889
mpnet,bm25,8,20,bm25_only,18,13,5,0,7,10,0.722222222222,0.277777777778,0.388888888889,0.555555555556
mpnet,bm25,9,20,shared,1,1,0,0,0,0,1,0,0,0
mpnet,bm25,9,20,method_only,19,12,7,0,4,6,0.631578947368,0.368421052632,0.210526315789,0.315789473684
mpnet,bm25,9,20,bm25_only,19,19,0,0,2,4,1,0,0.105263157895,0.210526315789
mpnet,bm25,10,20,shared,1,1,0,0,1,1,1,0,1,1
mpnet,bm25,10,20,method_only,19,12,7,0,8,8,0.631578947368,0.368421052632,0.421052631579,0.421052631579
mpnet,bm25,10,20,bm25_only,19,19,0,0,13,17,1,0,0.684210526316,0.894736842105
mpnet,bm25,11,20,shared,0,0,0,0,0,0,,,,
mpnet,bm25,11,20,method_only,20,8,12,0,2,3,0.4,0.6,0.1,0.15
mpnet,bm25,11,20,bm25_only,20,18,2,0,8,10,0.9,0.1,0.4,0.5
mpnet,bm25,12,20,shared,0,0,0,0,0,0,,,,
mpnet,bm25,12,20,method_only,20,5,15,0,2,3,0.25,0.75,0.1,0.15
mpnet,bm25,12,20,bm25_only,20,16,4,0,3,10,0.8,0.2,0.15,0.5
mpnet,bm25,13,20,shared,1,1,0,0,0,1,1,0,0,1
mpnet,bm25,13,20,method_only,19,3,16,0,0,3,0.157894736842,0.842105263158,0,0.157894736842
mpnet,bm25,13,20,bm25_only,19,18,1,0,7,15,0.947368421053,0.0526315789474,0.368421052632,0.789473684211
mpnet,bm25,14,20,shared,6,6,0,0,5,6,1,0,0.833333333333,1
mpnet,bm25,14,20,method_only,14,6,8,0,4,6,0.428571428571,0.571428571429,0.285714285714,0.428571428571
mpnet,bm25,14,20,bm25_only,14,14,0,0,6,10,1,0,0.428571428571,0.714285714286
mpnet,bm25,15,20,shared,1,1,0,0,1,1,1,0,1,1
mpnet,bm25,15,20,method_only,19,1,18,0,1,1,0.0526315789474,0.947368421053,0.0526315789474,0.0526315789474
mpnet,bm25,15,20,bm25_only,19,13,6,0,1,3,0.684210526316,0.315789473684,0.0526315789474,0.157894736842
mpnet,bm25,16,20,shared,2,2,0,0,2,2,1,0,1,1
mpnet,bm25,16,20,method_only,18,17,1,0,15,17,0.944444444444,0.0555555555556,0.833333333333,0.944444444444
mpnet,bm25,16,20,bm25_only,18,15,3,0,2,4,0.833333333333,0.166666666667,0.111111111111,0.222222222222
mpnet,bm25,17,20,shared,2,2,0,0,1,2,1,0,0.5,1
mpnet,bm25,17,20,method_only,18,8,10,0,5,8,0.444444444444,0.555555555556,0.277777777778,0.444444444444
mpnet,bm25,17,20,bm25_only,18,16,2,0,6,10,0.888888888889,0.111111111111,0.333333333333,0.555555555556
mpnet,bm25,18,20,shared,2,2,0,0,2,2,1,0,1,1
mpnet,bm25,18,20,method_only,18,13,5,0,9,12,0.722222222222,0.277777777778,0.5,0.666666666667
mpnet,bm25,18,20,bm25_only,18,18,0,0,8,13,1,0,0.444444444444,0.722222222222
mpnet,bm25,19,20,shared,3,3,0,0,2,3,1,0,0.666666666667,1
mpnet,bm25,19,20,method_only,17,14,3,0,4,8,0.823529411765,0.176470588235,0.235294117647,0.470588235294
mpnet,bm25,19,20,bm25_only,17,17,0,0,3,11,1,0,0.176470588235,0.647058823529
mpnet,bm25,20,20,shared,4,3,1,0,3,3,0.75,0.25,0.75,0.75
mpnet,bm25,20,20,method_only,16,16,0,0,16,16,1,0,1,1
mpnet,bm25,20,20,bm25_only,16,15,1,0,14,14,0.9375,0.0625,0.875,0.875
mpnet,bm25,21,20,shared,1,1,0,0,1,1,1,0,1,1
mpnet,bm25,21,20,method_only,19,5,14,0,3,5,0.263157894737,0.736842105263,0.157894736842,0.263157894737
mpnet,bm25,21,20,bm25_only,19,17,2,0,6,8,0.894736842105,0.105263157895,0.315789473684,0.421052631579
mpnet,bm25,22,20,shared,4,4,0,0,4,4,1,0,1,1
mpnet,bm25,22,20,method_only,16,10,6,0,9,10,0.625,0.375,0.5625,0.625
mpnet,bm25,22,20,bm25_only,16,12,4,0,10,12,0.75,0.25,0.625,0.75
mpnet,bm25,23,20,shared,3,3,0,0,3,3,1,0,1,1
mpnet,bm25,23,20,method_only,17,14,3,0,10,14,0.823529411765,0.176470588235,0.588235294118,0.823529411765
mpnet,bm25,23,20,bm25_only,17,16,1,0,12,13,0.941176470588,0.0588235294118,0.705882352941,0.764705882353
mpnet,bm25,24,20,shared,0,0,0,0,0,0,,,,
mpnet,bm25,24,20,method_only,20,13,7,0,8,12,0.65,0.35,0.4,0.6
mpnet,bm25,24,20,bm25_only,20,18,2,0,13,15,0.9,0.1,0.65,0.75
mpnet,bm25,25,20,shared,3,3,0,0,3,3,1,0,1,1
mpnet,bm25,25,20,method_only,17,7,10,0,6,7,0.411764705882,0.588235294118,0.352941176471,0.411764705882
mpnet,bm25,25,20,bm25_only,17,12,5,0,0,0,0.705882352941,0.294117647059,0,0
mpnet,bm25,26,20,shared,0,0,0,0,0,0,,,,
mpnet,bm25,26,20,method_only,20,3,17,0,3,3,0.15,0.85,0.15,0.15
mpnet,bm25,26,20,bm25_only,20,17,3,0,12,12,0.85,0.15,0.6,0.6
mpnet,bm25,27,20,shared,4,4,0,0,4,4,1,0,1,1
mpnet,bm25,27,20,method_only,16,12,4,0,11,12,0.75,0.25,0.6875,0.75
mpnet,bm25,27,20,bm25_only,16,14,2,0,12,13,0.875,0.125,0.75,0.8125
mpnet,bm25,28,20,shared,0,0,0,0,0,0,,,,
mpnet,bm25,28,20,method_only,20,10,10,0,10,10,0.5,0.5,0.5,0.5
mpnet,bm25,28,20,bm25_only,20,20,0,0,17,18,1,0,0.85,0.9
mpnet,bm25,29,20,shared,4,4,0,0,3,4,1,0,0.75,1
mpnet,bm25,29,20,method_only,16,9,7,0,8,8,0.5625,0.4375,0.5,0.5
mpnet,bm25,29,20,bm25_only,16,16,0,0,10,13,1,0,0.625,0.8125
mpnet,bm25,30,20,shared,2,2,0,0,2,2,1,0,1,1
mpnet,bm25,30,20,method_only,18,13,5,0,12,13,0.722222222222,0.277777777778,0.666666666667,0.722222222222
mpnet,bm25,30,20,bm25_only,18,18,0,0,17,18,1,0,0.944444444444,1
mpnet,bm25,31,20,shared,0,0,0,0,0,0,,,,
mpnet,bm25,31,20,method_only,20,2,18,0,0,1,0.1,0.9,0,0.05
mpnet,bm25,31,20,bm25_only,20,19,1,0,2,4,0.95,0.05,0.1,0.2
mpnet,bm25,32,20,shared,0,0,0,0,0,0,,,,
mpnet,bm25,32,20,method_only,20,3,17,0,0,0,0.15,0.85,0,0
mpnet,bm25,32,20,bm25_only,20,20,0,0,6,9,1,0,0.3,0.45
mpnet,bm25,33,20,shared,2,2,0,0,2,2,1,0,1,1
mpnet,bm25,33,20,method_only,18,9,9,0,3,5,0.5,0.5,0.166666666667,0.277777777778
mpnet,bm25,33,20,bm25_only,18,18,0,0,6,12,1,0,0.333333333333,0.666666666667
mpnet,bm25,34,20,shared,0,0,0,0,0,0,,,,
mpnet,bm25,34,20,method_only,20,7,13,0,2,3,0.35,0.65,0.1,0.15
mpnet,bm25,34,20,bm25_only,20,14,6,0,5,7,0.7,0.3,0.25,0.35
mpnet,bm25,35,20,shared,0,0,0,0,0,0,,,,
mpnet,bm25,35,20,method_only,20,4,16,0,2,4,0.2,0.8,0.1,0.2
mpnet,bm25,35,20,bm25_only,20,20,0,0,9,9,1,0,0.45,0.45
mpnet,bm25,36,20,shared,4,4,0,0,3,3,1,0,0.75,0.75
mpnet,bm25,36,20,method_only,16,13,3,0,12,13,0.8125,0.1875,0.75,0.8125
mpnet,bm25,36,20,bm25_only,16,16,0,0,15,16,1,0,0.9375,1
mpnet,bm25,37,20,shared,4,4,0,0,1,3,1,0,0.25,0.75
mpnet,bm25,37,20,method_only,16,16,0,0,8,8,1,0,0.5,0.5
mpnet,bm25,37,20,bm25_only,16,16,0,0,8,13,1,0,0.5,0.8125
mpnet,bm25,38,20,shared,0,0,0,0,0,0,,,,
mpnet,bm25,38,20,method_only,20,12,8,0,6,10,0.6,0.4,0.3,0.5
mpnet,bm25,38,20,bm25_only,20,20,0,0,11,12,1,0,0.55,0.6
mpnet,bm25,39,20,shared,9,9,0,0,7,9,1,0,0.777777777778,1
mpnet,bm25,39,20,method_only,11,11,0,0,9,11,1,0,0.818181818182,1
mpnet,bm25,39,20,bm25_only,11,11,0,0,10,11,1,0,0.909090909091,1
mpnet,bm25,40,20,shared,6,6,0,0,6,6,1,0,1,1
mpnet,bm25,40,20,method_only,14,14,0,0,12,14,1,0,0.857142857143,1
mpnet,bm25,40,20,bm25_only,14,14,0,0,14,14,1,0,1,1
mpnet,bm25,41,20,shared,3,3,0,0,3,3,1,0,1,1
mpnet,bm25,41,20,method_only,17,16,1,0,15,16,0.941176470588,0.0588235294118,0.882352941176,0.941176470588
mpnet,bm25,41,20,bm25_only,17,17,0,0,12,12,1,0,0.705882352941,0.705882352941
mpnet,bm25,42,20,shared,0,0,0,0,0,0,,,,
mpnet,bm25,42,20,method_only,20,20,0,0,19,20,1,0,0.95,1
mpnet,bm25,42,20,bm25_only,20,20,0,0,12,15,1,0,0.6,0.75
mpnet,bm25,43,20,shared,3,3,0,0,2,3,1,0,0.666666666667,1
mpnet,bm25,43,20,method_only,17,17,0,0,17,17,1,0,1,1
mpnet,bm25,43,20,bm25_only,17,17,0,0,11,13,1,0,0.647058823529,0.764705882353
mpnet,bm25,44,20,shared,1,1,0,0,1,1,1,0,1,1
mpnet,bm25,44,20,method_only,19,18,1,0,16,18,0.947368421053,0.0526315789474,0.842105263158,0.947368421053
mpnet,bm25,44,20,bm25_only,19,18,1,0,13,17,0.947368421053,0.0526315789474,0.684210526316,0.894736842105
mpnet,bm25,45,20,shared,0,0,0,0,0,0,,,,
mpnet,bm25,45,20,method_only,20,19,1,0,4,19,0.95,0.05,0.2,0.95
mpnet,bm25,45,20,bm25_only,20,19,1,0,11,18,0.95,0.05,0.55,0.9
mpnet,bm25,46,20,shared,9,9,0,0,7,9,1,0,0.777777777778,1
mpnet,bm25,46,20,method_only,11,11,0,0,10,11,1,0,0.909090909091,1
mpnet,bm25,46,20,bm25_only,11,11,0,0,2,5,1,0,0.181818181818,0.454545454545
mpnet,bm25,47,20,shared,0,0,0,0,0,0,,,,
mpnet,bm25,47,20,method_only,20,9,11,0,6,6,0.45,0.55,0.3,0.3
mpnet,bm25,47,20,bm25_only,20,14,6,0,4,6,0.7,0.3,0.2,0.3
mpnet,bm25,48,20,shared,0,0,0,0,0,0,,,,
mpnet,bm25,48,20,method_only,20,18,2,0,15,18,0.9,0.1,0.75,0.9
mpnet,bm25,48,20,bm25_only,20,17,3,0,15,16,0.85,0.15,0.75,0.8
mpnet,bm25,49,20,shared,0,0,0,0,0,0,,,,
mpnet,bm25,49,20,method_only,20,12,8,0,10,11,0.6,0.4,0.5,0.55
mpnet,bm25,49,20,bm25_only,20,19,1,0,3,7,0.95,0.05,0.15,0.35
mpnet,bm25,50,20,shared,6,6,0,0,4,6,1,0,0.666666666667,1
mpnet,bm25,50,20,method_only,14,8,6,0,0,2,0.571428571429,0.428571428571,0,0.142857142857
mpnet,bm25,50,20,bm25_only,14,14,0,0,3,9,1,0,0.214285714286,0.642857142857
mpnet,bm25,1,50,shared,4,2,2,0,0,2,0.5,0.5,0,0.5
mpnet,bm25,1,50,method_only,46,3,43,0,0,2,0.0652173913043,0.934782608696,0,0.0434782608696
mpnet,bm25,1,50,bm25_only,46,30,16,0,6,14,0.652173913043,0.347826086957,0.130434782609,0.304347826087
mpnet,bm25,2,50,shared,0,0,0,0,0,0,,,,
mpnet,bm25,2,50,method_only,50,3,47,0,1,1,0.06,0.94,0.02,0.02
mpnet,bm25,2,50,bm25_only,50,49,1,0,23,28,0.98,0.02,0.46,0.56
mpnet,bm25,3,50,shared,1,1,0,0,1,1,1,0,1,1
mpnet,bm25,3,50,method_only,49,9,40,0,4,7,0.183673469388,0.816326530612,0.0816326530612,0.142857142857
mpnet,bm25,3,50,bm25_only,49,42,7,0,11,23,0.857142857143,0.142857142857,0.224489795918,0.469387755102
mpnet,bm25,4,50,shared,4,2,2,0,1,1,0.5,0.5,0.25,0.25
mpnet,bm25,4,50,method_only,46,14,32,0,6,10,0.304347826087,0.695652173913,0.130434782609,0.217391304348
mpnet,bm25,4,50,bm25_only,46,37,9,0,8,11,0.804347826087,0.195652173913,0.173913043478,0.239130434783
mpnet,bm25,5,50,shared,4,4,0,0,2,3,1,0,0.5,0.75
mpnet,bm25,5,50,method_only,46,13,33,0,6,9,0.282608695652,0.717391304348,0.130434782609,0.195652173913
mpnet,bm25,5,50,bm25_only,46,37,9,0,11,29,0.804347826087,0.195652173913,0.239130434783,0.630434782609
mpnet,bm25,6,50,shared,7,7,0,0,6,6,1,0,0.857142857143,0.857142857143
mpnet,bm25,6,50,method_only,43,18,25,0,13,17,0.418604651163,0.581395348837,0.302325581395,0.395348837209
mpnet,bm25,6,50,bm25_only,43,32,11,0,22,27,0.744186046512,0.255813953488,0.511627906977,0.627906976744
mpnet,bm25,7,50,shared,8,8,0,0,6,6,1,0,0.75,0.75
mpnet,bm25,7,50,method_only,42,22,20,0,20,20,0.52380952381,0.47619047619,0.47619047619,0.47619047619
mpnet,bm25,7,50,bm25_only,42,38,4,0,25,28,0.904761904762,0.0952380952381,0.595238095238,0.666666666667
mpnet,bm25,8,50,shared,3,2,1,0,2,2,0.666666666667,0.333333333333,0.666666666667,0.666666666667
mpnet,bm25,8,50,method_only,47,15,32,0,11,14,0.31914893617,0.68085106383,0.234042553191,0.297872340426
mpnet,bm25,8,50,bm25_only,47,31,16,0,14,21,0.659574468085,0.340425531915,0.297872340426,0.446808510638
mpnet,bm25,9,50,shared,11,11,0,0,1,2,1,0,0.0909090909091,0.181818181818
mpnet,bm25,9,50,method_only,39,22,17,0,8,12,0.564102564103,0.435897435897,0.205128205128,0.307692307692
mpnet,bm25,9,50,bm25_only,39,37,2,0,8,15,0.948717948718,0.0512820512821,0.205128205128,0.384615384615
mpnet,bm25,10,50,shared,5,5,0,0,4,4,1,0,0.8,0.8
mpnet,bm25,10,50,method_only,45,34,11,0,21,26,0.755555555556,0.244444444444,0.466666666667,0.577777777778
mpnet,bm25,10,50,bm25_only,45,40,5,0,23,34,0.888888888889,0.111111111111,0.511111111111,0.755555555556
mpnet,bm25,11,50,shared,1,0,1,0,0,0,0,1,0,0
mpnet,bm25,11,50,method_only,49,20,29,0,6,9,0.408163265306,0.591836734694,0.122448979592,0.183673469388
mpnet,bm25,11,50,bm25_only,49,43,6,0,12,19,0.877551020408,0.122448979592,0.244897959184,0.387755102041
mpnet,bm25,12,50,shared,1,1,0,0,0,1,1,0,0,1
mpnet,bm25,12,50,method_only,49,16,33,0,7,12,0.326530612245,0.673469387755,0.142857142857,0.244897959184
mpnet,bm25,12,50,bm25_only,49,38,11,0,5,20,0.775510204082,0.224489795918,0.102040816327,0.408163265306
mpnet,bm25,13,50,shared,4,4,0,0,2,4,1,0,0.5,1
mpnet,bm25,13,50,method_only,46,5,41,0,0,5,0.108695652174,0.891304347826,0,0.108695652174
mpnet,bm25,13,50,bm25_only,46,42,4,0,14,30,0.913043478261,0.0869565217391,0.304347826087,0.652173913043
mpnet,bm25,14,50,shared,9,9,0,0,6,8,1,0,0.666666666667,0.888888888889
mpnet,bm25,14,50,method_only,41,10,31,0,5,8,0.243902439024,0.756097560976,0.121951219512,0.19512195122
mpnet,bm25,14,50,bm25_only,41,41,0,0,17,32,1,0,0.414634146341,0.780487804878
mpnet,bm25,15,50,shared,1,1,0,0,1,1,1,0,1,1
mpnet,bm25,15,50,method_only,49,5,44,0,1,2,0.102040816327,0.897959183673,0.0204081632653,0.0408163265306
mpnet,bm25,15,50,bm25_only,49,31,18,0,2,5,0.632653061224,0.367346938776,0.0408163265306,0.102040816327
mpnet,bm25,16,50,shared,4,4,0,0,4,4,1,0,1,1
mpnet,bm25,16,50,method_only,46,37,9,0,26,36,0.804347826087,0.195652173913,0.565217391304,0.782608695652
mpnet,bm25,16,50,bm25_only,46,32,14,0,3,8,0.695652173913,0.304347826087,0.0652173913043,0.173913043478
mpnet,bm25,17,50,shared,5,5,0,0,4,5,1,0,0.8,1
mpnet,bm25,17,50,method_only,45,21,24,0,9,16,0.466666666667,0.533333333333,0.2,0.355555555556
mpnet,bm25,17,50,bm25_only,45,38,7,0,13,29,0.844444444444,0.155555555556,0.288888888889,0.644444444444
mpnet,bm25,18,50,shared,10,10,0,0,9,10,1,0,0.9,1
mpnet,bm25,18,50,method_only,40,25,15,0,15,23,0.625,0.375,0.375,0.575
mpnet,bm25,18,50,bm25_only,40,39,1,0,18,31,0.975,0.025,0.45,0.775
mpnet,bm25,19,50,shared,14,14,0,0,5,10,1,0,0.357142857143,0.714285714286
mpnet,bm25,19,50,method_only,36,26,10,0,4,10,0.722222222222,0.277777777778,0.111111111111,0.277777777778
mpnet,bm25,19,50,bm25_only,36,34,2,0,3,10,0.944444444444,0.0555555555556,0.0833333333333,0.277777777778
mpnet,bm25,20,50,shared,8,7,1,0,7,7,0.875,0.125,0.875,0.875
mpnet,bm25,20,50,method_only,42,37,5,0,37,37,0.880952380952,0.119047619048,0.880952380952,0.880952380952
mpnet,bm25,20,50,bm25_only,42,38,4,0,22,27,0.904761904762,0.0952380952381,0.52380952381,0.642857142857
mpnet,bm25,21,50,shared,5,5,0,0,4,5,1,0,0.8,1
mpnet,bm25,21,50,method_only,45,16,29,0,10,13,0.355555555556,0.644444444444,0.222222222222,0.288888888889
mpnet,bm25,21,50,bm25_only,45,41,4,0,20,21,0.911111111111,0.0888888888889,0.444444444444,0.466666666667
mpnet,bm25,22,50,shared,7,6,1,0,6,6,0.857142857143,0.142857142857,0.857142857143,0.857142857143
mpnet,bm25,22,50,method_only,43,18,25,0,14,16,0.418604651163,0.581395348837,0.325581395349,0.372093023256
mpnet,bm25,22,50,bm25_only,43,31,12,0,21,27,0.720930232558,0.279069767442,0.488372093023,0.627906976744
mpnet,bm25,23,50,shared,12,12,0,0,10,12,1,0,0.833333333333,1
mpnet,bm25,23,50,method_only,38,30,8,0,19,23,0.789473684211,0.210526315789,0.5,0.605263157895
mpnet,bm25,23,50,bm25_only,38,30,8,0,16,22,0.789473684211,0.210526315789,0.421052631579,0.578947368421
mpnet,bm25,24,50,shared,1,1,0,0,1,1,1,0,1,1
mpnet,bm25,24,50,method_only,49,26,23,0,21,25,0.530612244898,0.469387755102,0.428571428571,0.510204081633
mpnet,bm25,24,50,bm25_only,49,45,4,0,33,39,0.918367346939,0.0816326530612,0.673469387755,0.795918367347
mpnet,bm25,25,50,shared,3,3,0,0,3,3,1,0,1,1
mpnet,bm25,25,50,method_only,47,25,22,0,18,23,0.531914893617,0.468085106383,0.382978723404,0.489361702128
mpnet,bm25,25,50,bm25_only,47,28,19,0,3,5,0.595744680851,0.404255319149,0.063829787234,0.106382978723
mpnet,bm25,26,50,shared,0,0,0,0,0,0,,,,
mpnet,bm25,26,50,method_only,50,15,35,0,15,15,0.3,0.7,0.3,0.3
mpnet,bm25,26,50,bm25_only,50,35,15,0,24,26,0.7,0.3,0.48,0.52
mpnet,bm25,27,50,shared,8,8,0,0,7,8,1,0,0.875,1
mpnet,bm25,27,50,method_only,42,22,20,0,19,22,0.52380952381,0.47619047619,0.452380952381,0.52380952381
mpnet,bm25,27,50,bm25_only,42,38,4,0,28,36,0.904761904762,0.0952380952381,0.666666666667,0.857142857143
mpnet,bm25,28,50,shared,4,4,0,0,4,4,1,0,1,1
mpnet,bm25,28,50,method_only,46,24,22,0,24,24,0.521739130435,0.478260869565,0.521739130435,0.521739130435
mpnet,bm25,28,50,bm25_only,46,42,4,0,35,36,0.913043478261,0.0869565217391,0.760869565217,0.782608695652
mpnet,bm25,29,50,shared,10,10,0,0,8,10,1,0,0.8,1
mpnet,bm25,29,50,method_only,40,17,23,0,14,15,0.425,0.575,0.35,0.375
mpnet,bm25,29,50,bm25_only,40,40,0,0,19,30,1,0,0.475,0.75
mpnet,bm25,30,50,shared,16,16,0,0,16,16,1,0,1,1
mpnet,bm25,30,50,method_only,34,22,12,0,19,22,0.647058823529,0.352941176471,0.558823529412,0.647058823529
mpnet,bm25,30,50,bm25_only,34,32,2,0,22,32,0.941176470588,0.0588235294118,0.647058823529,0.941176470588
mpnet,bm25,31,50,shared,0,0,0,0,0,0,,,,
mpnet,bm25,31,50,method_only,50,7,43,0,3,4,0.14,0.86,0.06,0.08
mpnet,bm25,31,50,bm25_only,50,49,1,0,4,10,0.98,0.02,0.08,0.2
mpnet,bm25,32,50,shared,0,0,0,0,0,0,,,,
mpnet,bm25,32,50,method_only,50,4,46,0,0,0,0.08,0.92,0,0
mpnet,bm25,32,50,bm25_only,50,50,0,0,12,16,1,0,0.24,0.32
mpnet,bm25,33,50,shared,4,4,0,0,4,4,1,0,1,1
mpnet,bm25,33,50,method_only,46,20,26,0,8,14,0.434782608696,0.565217391304,0.173913043478,0.304347826087
mpnet,bm25,33,50,bm25_only,46,43,3,0,17,27,0.934782608696,0.0652173913043,0.369565217391,0.586956521739
mpnet,bm25,34,50,shared,0,0,0,0,0,0,,,,
mpnet,bm25,34,50,method_only,50,18,32,0,4,8,0.36,0.64,0.08,0.16
mpnet,bm25,34,50,bm25_only,50,23,27,0,6,9,0.46,0.54,0.12,0.18
mpnet,bm25,35,50,shared,0,0,0,0,0,0,,,,
mpnet,bm25,35,50,method_only,50,10,40,0,4,7,0.2,0.8,0.08,0.14
mpnet,bm25,35,50,bm25_only,50,46,4,0,23,25,0.92,0.08,0.46,0.5
mpnet,bm25,36,50,shared,12,12,0,0,11,11,1,0,0.916666666667,0.916666666667
mpnet,bm25,36,50,method_only,38,26,12,0,21,22,0.684210526316,0.315789473684,0.552631578947,0.578947368421
mpnet,bm25,36,50,bm25_only,38,38,0,0,31,34,1,0,0.815789473684,0.894736842105
mpnet,bm25,37,50,shared,20,20,0,0,10,16,1,0,0.5,0.8
mpnet,bm25,37,50,method_only,30,29,1,0,14,17,0.966666666667,0.0333333333333,0.466666666667,0.566666666667
mpnet,bm25,37,50,bm25_only,30,30,0,0,15,26,1,0,0.5,0.866666666667
mpnet,bm25,38,50,shared,0,0,0,0,0,0,,,,
mpnet,bm25,38,50,method_only,50,31,19,0,22,29,0.62,0.38,0.44,0.58
mpnet,bm25,38,50,bm25_only,50,45,5,0,18,27,0.9,0.1,0.36,0.54
mpnet,bm25,39,50,shared,16,16,0,0,14,16,1,0,0.875,1
mpnet,bm25,39,50,method_only,34,33,1,0,27,33,0.970588235294,0.0294117647059,0.794117647059,0.970588235294
mpnet,bm25,39,50,bm25_only,34,34,0,0,24,33,1,0,0.705882352941,0.970588235294
mpnet,bm25,40,50,shared,17,17,0,0,16,17,1,0,0.941176470588,1
mpnet,bm25,40,50,method_only,33,33,0,0,27,31,1,0,0.818181818182,0.939393939394
mpnet,bm25,40,50,bm25_only,33,33,0,0,30,33,1,0,0.909090909091,1
mpnet,bm25,41,50,shared,9,9,0,0,8,9,1,0,0.888888888889,1
mpnet,bm25,41,50,method_only,41,36,5,0,33,33,0.878048780488,0.121951219512,0.80487804878,0.80487804878
mpnet,bm25,41,50,bm25_only,41,39,2,0,23,26,0.951219512195,0.0487804878049,0.560975609756,0.634146341463
mpnet,bm25,42,50,shared,8,8,0,0,8,8,1,0,1,1
mpnet,bm25,42,50,method_only,42,42,0,0,39,42,1,0,0.928571428571,1
mpnet,bm25,42,50,bm25_only,42,42,0,0,26,30,1,0,0.619047619048,0.714285714286
mpnet,bm25,43,50,shared,12,12,0,0,9,10,1,0,0.75,0.833333333333
mpnet,bm25,43,50,method_only,38,28,10,0,25,27,0.736842105263,0.263157894737,0.657894736842,0.710526315789
mpnet,bm25,43,50,bm25_only,38,38,0,0,28,31,1,0,0.736842105263,0.815789473684
mpnet,bm25,44,50,shared,5,5,0,0,5,5,1,0,1,1
mpnet,bm25,44,50,method_only,45,40,5,0,37,40,0.888888888889,0.111111111111,0.822222222222,0.888888888889
mpnet,bm25,44,50,bm25_only,45,40,5,0,24,30,0.888888888889,0.111111111111,0.533333333333,0.666666666667
mpnet,bm25,45,50,shared,8,7,1,0,3,7,0.875,0.125,0.375,0.875
mpnet,bm25,45,50,method_only,42,33,9,0,12,32,0.785714285714,0.214285714286,0.285714285714,0.761904761905
mpnet,bm25,45,50,bm25_only,42,39,3,0,16,33,0.928571428571,0.0714285714286,0.380952380952,0.785714285714
mpnet,bm25,46,50,shared,21,21,0,0,19,21,1,0,0.904761904762,1
mpnet,bm25,46,50,method_only,29,14,15,0,5,11,0.48275862069,0.51724137931,0.172413793103,0.379310344828
mpnet,bm25,46,50,bm25_only,29,29,0,0,3,9,1,0,0.103448275862,0.310344827586
mpnet,bm25,47,50,shared,0,0,0,0,0,0,,,,
mpnet,bm25,47,50,method_only,50,20,30,0,16,16,0.4,0.6,0.32,0.32
mpnet,bm25,47,50,bm25_only,50,30,20,0,13,17,0.6,0.4,0.26,0.34
mpnet,bm25,48,50,shared,7,7,0,0,6,7,1,0,0.857142857143,1
mpnet,bm25,48,50,method_only,43,35,8,0,30,33,0.813953488372,0.186046511628,0.697674418605,0.767441860465
mpnet,bm25,48,50,bm25_only,43,21,22,0,14,19,0.488372093023,0.511627906977,0.325581395349,0.441860465116
mpnet,bm25,49,50,shared,1,1,0,0,1,1,1,0,1,1
mpnet,bm25,49,50,method_only,49,24,25,0,16,21,0.489795918367,0.510204081633,0.326530612245,0.428571428571
mpnet,bm25,49,50,bm25_only,49,45,4,0,4,12,0.918367346939,0.0816326530612,0.0816326530612,0.244897959184
mpnet,bm25,50,50,shared,10,10,0,0,5,8,1,0,0.5,0.8
mpnet,bm25,50,50,method_only,40,26,14,0,3,12,0.65,0.35,0.075,0.3
mpnet,bm25,50,50,bm25_only,40,30,10,0,3,9,0.75,0.25,0.075,0.225
mpnet,bm25,1,100,shared,9,7,2,0,3,7,0.777777777778,0.222222222222,0.333333333333,0.777777777778
mpnet,bm25,1,100,method_only,91,7,84,0,0,2,0.0769230769231,0.923076923077,0,0.021978021978
mpnet,bm25,1,100,bm25_only,91,47,44,0,11,24,0.516483516484,0.483516483516,0.120879120879,0.263736263736
mpnet,bm25,2,100,shared,3,3,0,0,3,3,1,0,1,1
mpnet,bm25,2,100,method_only,97,10,87,0,8,8,0.103092783505,0.896907216495,0.0824742268041,0.0824742268041
mpnet,bm25,2,100,bm25_only,97,75,22,0,34,40,0.773195876289,0.226804123711,0.350515463918,0.412371134021
mpnet,bm25,3,100,shared,6,6,0,0,5,6,1,0,0.833333333333,1
mpnet,bm25,3,100,method_only,94,19,75,0,11,16,0.202127659574,0.797872340426,0.117021276596,0.170212765957
mpnet,bm25,3,100,bm25_only,94,72,22,0,23,42,0.765957446809,0.234042553191,0.244680851064,0.446808510638
mpnet,bm25,4,100,shared,9,7,2,0,3,4,0.777777777778,0.222222222222,0.333333333333,0.444444444444
mpnet,bm25,4,100,method_only,91,21,70,0,11,15,0.230769230769,0.769230769231,0.120879120879,0.164835164835
mpnet,bm25,4,100,bm25_only,91,62,29,0,15,22,0.681318681319,0.318681318681,0.164835164835,0.241758241758
mpnet,bm25,5,100,shared,8,7,1,0,4,6,0.875,0.125,0.5,0.75
mpnet,bm25,5,100,method_only,92,29,63,0,15,21,0.315217391304,0.684782608696,0.163043478261,0.228260869565
mpnet,bm25,5,100,bm25_only,92,64,28,0,23,50,0.695652173913,0.304347826087,0.25,0.54347826087
mpnet,bm25,6,100,shared,16,16,0,0,15,15,1,0,0.9375,0.9375
mpnet,bm25,6,100,method_only,84,26,58,0,20,25,0.309523809524,0.690476190476,0.238095238095,0.297619047619
mpnet,bm25,6,100,bm25_only,84,51,33,0,37,45,0.607142857143,0.392857142857,0.440476190476,0.535714285714
mpnet,bm25,7,100,shared,21,19,2,0,15,16,0.904761904762,0.0952380952381,0.714285714286,0.761904761905
mpnet,bm25,7,100,method_only,79,40,39,0,31,31,0.506329113924,0.493670886076,0.392405063291,0.392405063291
mpnet,bm25,7,100,bm25_only,79,69,10,0,37,41,0.873417721519,0.126582278481,0.46835443038,0.518987341772
mpnet,bm25,8,100,shared,12,9,3,0,6,8,0.75,0.25,0.5,0.666666666667
mpnet,bm25,8,100,method_only,88,23,65,0,19,22,0.261363636364,0.738636363636,0.215909090909,0.25
mpnet,bm25,8,100,bm25_only,88,52,36,0,23,35,0.590909090909,0.409090909091,0.261363636364,0.397727272727
mpnet,bm25,9,100,shared,28,27,1,0,7,12,0.964285714286,0.0357142857143,0.25,0.428571428571
mpnet,bm25,9,100,method_only,72,22,50,0,8,12,0.305555555556,0.694444444444,0.111111111111,0.166666666667
mpnet,bm25,9,100,bm25_only,72,61,11,0,10,18,0.847222222222,0.152777777778,0.138888888889,0.25
mpnet,bm25,10,100,shared,23,23,0,0,18,22,1,0,0.782608695652,0.95652173913
mpnet,bm25,10,100,method_only,77,56,21,0,28,38,0.727272727273,0.272727272727,0.363636363636,0.493506493506
mpnet,bm25,10,100,bm25_only,77,66,11,0,24,48,0.857142857143,0.142857142857,0.311688311688,0.623376623377
mpnet,bm25,11,100,shared,7,6,1,0,6,6,0.857142857143,0.142857142857,0.857142857143,0.857142857143
mpnet,bm25,11,100,method_only,93,20,73,0,3,6,0.215053763441,0.784946236559,0.0322580645161,0.0645161290323
mpnet,bm25,11,100,bm25_only,93,79,14,0,14,28,0.849462365591,0.150537634409,0.150537634409,0.301075268817
mpnet,bm25,12,100,shared,6,6,0,0,3,5,1,0,0.5,0.833333333333
mpnet,bm25,12,100,method_only,94,25,69,0,9,16,0.265957446809,0.734042553191,0.0957446808511,0.170212765957
mpnet,bm25,12,100,bm25_only,94,72,22,0,10,38,0.765957446809,0.234042553191,0.106382978723,0.404255319149
mpnet,bm25,13,100,shared,4,4,0,0,2,4,1,0,0.5,1
mpnet,bm25,13,100,method_only,96,9,87,0,0,7,0.09375,0.90625,0,0.0729166666667
mpnet,bm25,13,100,bm25_only,96,73,23,0,26,54,0.760416666667,0.239583333333,0.270833333333,0.5625
mpnet,bm25,14,100,shared,15,15,0,0,11,13,1,0,0.733333333333,0.866666666667
mpnet,bm25,14,100,method_only,85,9,76,0,2,5,0.105882352941,0.894117647059,0.0235294117647,0.0588235294118
mpnet,bm25,14,100,bm25_only,85,81,4,0,24,52,0.952941176471,0.0470588235294,0.282352941176,0.611764705882
mpnet,bm25,15,100,shared,1,1,0,0,1,1,1,0,1,1
mpnet,bm25,15,100,method_only,99,9,90,0,3,4,0.0909090909091,0.909090909091,0.030303030303,0.040404040404
mpnet,bm25,15,100,bm25_only,99,48,51,0,3,6,0.484848484848,0.515151515152,0.030303030303,0.0606060606061
mpnet,bm25,16,100,shared,10,9,1,0,6,9,0.9,0.1,0.6,0.9
mpnet,bm25,16,100,method_only,90,58,32,0,36,50,0.644444444444,0.355555555556,0.4,0.555555555556
mpnet,bm25,16,100,bm25_only,90,53,37,0,4,9,0.588888888889,0.411111111111,0.0444444444444,0.1
mpnet,bm25,17,100,shared,12,12,0,0,10,12,1,0,0.833333333333,1
mpnet,bm25,17,100,method_only,88,41,47,0,19,35,0.465909090909,0.534090909091,0.215909090909,0.397727272727
mpnet,bm25,17,100,bm25_only,88,66,22,0,17,45,0.75,0.25,0.193181818182,0.511363636364
mpnet,bm25,18,100,shared,20,20,0,0,15,20,1,0,0.75,1
mpnet,bm25,18,100,method_only,80,55,25,0,38,50,0.6875,0.3125,0.475,0.625
mpnet,bm25,18,100,bm25_only,80,68,12,0,32,55,0.85,0.15,0.4,0.6875
mpnet,bm25,19,100,shared,25,25,0,0,7,15,1,0,0.28,0.6
mpnet,bm25,19,100,method_only,75,35,40,0,6,11,0.466666666667,0.533333333333,0.08,0.146666666667
mpnet,bm25,19,100,bm25_only,75,58,17,0,3,11,0.773333333333,0.226666666667,0.04,0.146666666667
mpnet,bm25,20,100,shared,18,17,1,0,17,17,0.944444444444,0.0555555555556,0.944444444444,0.944444444444
mpnet,bm25,20,100,method_only,82,70,12,0,69,69,0.853658536585,0.146341463415,0.841463414634,0.841463414634
mpnet,bm25,20,100,bm25_only,82,73,9,0,43,53,0.890243902439,0.109756097561,0.524390243902,0.646341463415
mpnet,bm25,21,100,shared,7,6,1,0,5,6,0.857142857143,0.142857142857,0.714285714286,0.857142857143
mpnet,bm25,21,100,method_only,93,30,63,0,21,26,0.322580645161,0.677419354839,0.225806451613,0.279569892473
mpnet,bm25,21,100,bm25_only,93,73,20,0,37,39,0.784946236559,0.215053763441,0.397849462366,0.41935483871
mpnet,bm25,22,100,shared,16,15,1,0,11,14,0.9375,0.0625,0.6875,0.875
mpnet,bm25,22,100,method_only,84,27,57,0,22,26,0.321428571429,0.678571428571,0.261904761905,0.309523809524
mpnet,bm25,22,100,bm25_only,84,58,26,0,38,48,0.690476190476,0.309523809524,0.452380952381,0.571428571429
mpnet,bm25,23,100,shared,29,28,1,0,24,28,0.965517241379,0.0344827586207,0.827586206897,0.965517241379
mpnet,bm25,23,100,method_only,71,43,28,0,29,32,0.605633802817,0.394366197183,0.408450704225,0.450704225352
mpnet,bm25,23,100,bm25_only,71,40,31,0,16,24,0.56338028169,0.43661971831,0.225352112676,0.338028169014
mpnet,bm25,24,100,shared,8,8,0,0,7,8,1,0,0.875,1
mpnet,bm25,24,100,method_only,92,45,47,0,38,43,0.489130434783,0.510869565217,0.413043478261,0.467391304348
mpnet,bm25,24,100,bm25_only,92,76,16,0,52,62,0.826086956522,0.173913043478,0.565217391304,0.673913043478
mpnet,bm25,25,100,shared,13,13,0,0,9,9,1,0,0.692307692308,0.692307692308
mpnet,bm25,25,100,method_only,87,43,44,0,31,41,0.494252873563,0.505747126437,0.35632183908,0.471264367816
mpnet,bm25,25,100,bm25_only,87,53,34,0,5,8,0.609195402299,0.390804597701,0.0574712643678,0.0919540229885
mpnet,bm25,26,100,shared,0,0,0,0,0,0,,,,
mpnet,bm25,26,100,method_only,100,23,77,0,21,22,0.23,0.77,0.21,0.22
mpnet,bm25,26,100,bm25_only,100,62,38,0,40,44,0.62,0.38,0.4,0.44
mpnet,bm25,27,100,shared,19,19,0,0,15,19,1,0,0.789473684211,1
mpnet,bm25,27,100,method_only,81,23,58,0,20,23,0.283950617284,0.716049382716,0.246913580247,0.283950617284
mpnet,bm25,27,100,bm25_only,81,71,10,0,47,68,0.876543209877,0.123456790123,0.58024691358,0.83950617284
mpnet,bm25,28,100,shared,18,15,3,0,15,15,0.833333333333,0.166666666667,0.833333333333,0.833333333333
mpnet,bm25,28,100,method_only,82,45,37,0,44,45,0.548780487805,0.451219512195,0.536585365854,0.548780487805
mpnet,bm25,28,100,bm25_only,82,69,13,0,56,59,0.841463414634,0.158536585366,0.682926829268,0.719512195122
mpnet,bm25,29,100,shared,20,19,1,0,14,17,0.95,0.05,0.7,0.85
mpnet,bm25,29,100,method_only,80,25,55,0,21,23,0.3125,0.6875,0.2625,0.2875
mpnet,bm25,29,100,bm25_only,80,77,3,0,32,47,0.9625,0.0375,0.4,0.5875
mpnet,bm25,30,100,shared,45,43,2,0,41,43,0.955555555556,0.0444444444444,0.911111111111,0.955555555556
mpnet,bm25,30,100,method_only,55,37,18,0,26,35,0.672727272727,0.327272727273,0.472727272727,0.636363636364
mpnet,bm25,30,100,bm25_only,55,51,4,0,27,44,0.927272727273,0.0727272727273,0.490909090909,0.8
mpnet,bm25,31,100,shared,1,1,0,0,1,1,1,0,1,1
mpnet,bm25,31,100,method_only,99,18,81,0,5,8,0.181818181818,0.818181818182,0.0505050505051,0.0808080808081
mpnet,bm25,31,100,bm25_only,99,97,2,0,11,20,0.979797979798,0.020202020202,0.111111111111,0.20202020202
mpnet,bm25,32,100,shared,0,0,0,0,0,0,,,,
mpnet,bm25,32,100,method_only,100,11,89,0,1,1,0.11,0.89,0.01,0.01
mpnet,bm25,32,100,bm25_only,100,78,22,0,13,17,0.78,0.22,0.13,0.17
mpnet,bm25,33,100,shared,5,5,0,0,4,5,1,0,0.8,1
mpnet,bm25,33,100,method_only,95,36,59,0,13,24,0.378947368421,0.621052631579,0.136842105263,0.252631578947
mpnet,bm25,33,100,bm25_only,95,79,16,0,26,39,0.831578947368,0.168421052632,0.273684210526,0.410526315789
mpnet,bm25,34,100,shared,2,2,0,0,0,1,1,0,0,0.5
mpnet,bm25,34,100,method_only,98,23,75,0,8,12,0.234693877551,0.765306122449,0.0816326530612,0.122448979592
mpnet,bm25,34,100,bm25_only,98,47,51,0,9,15,0.479591836735,0.520408163265,0.0918367346939,0.15306122449
mpnet,bm25,35,100,shared,3,3,0,0,3,3,1,0,1,1
mpnet,bm25,35,100,method_only,97,21,76,0,7,12,0.216494845361,0.783505154639,0.0721649484536,0.123711340206
mpnet,bm25,35,100,bm25_only,97,81,16,0,40,42,0.835051546392,0.164948453608,0.412371134021,0.432989690722
mpnet,bm25,36,100,shared,33,33,0,0,28,29,1,0,0.848484848485,0.878787878788
mpnet,bm25,36,100,method_only,67,42,25,0,28,32,0.626865671642,0.373134328358,0.417910447761,0.477611940299
mpnet,bm25,36,100,bm25_only,67,65,2,0,50,56,0.970149253731,0.0298507462687,0.746268656716,0.835820895522
mpnet,bm25,37,100,shared,33,33,0,0,18,26,1,0,0.545454545455,0.787878787879
mpnet,bm25,37,100,method_only,67,54,13,0,22,29,0.805970149254,0.194029850746,0.328358208955,0.432835820896
mpnet,bm25,37,100,bm25_only,67,66,1,0,31,47,0.985074626866,0.0149253731343,0.462686567164,0.701492537313
mpnet,bm25,38,100,shared,5,4,1,0,3,4,0.8,0.2,0.6,0.8
mpnet,bm25,38,100,method_only,95,61,34,0,49,59,0.642105263158,0.357894736842,0.515789473684,0.621052631579
mpnet,bm25,38,100,bm25_only,95,81,14,0,33,51,0.852631578947,0.147368421053,0.347368421053,0.536842105263
mpnet,bm25,39,100,shared,39,39,0,0,34,39,1,0,0.871794871795,1
mpnet,bm25,39,100,method_only,61,55,6,0,37,53,0.901639344262,0.0983606557377,0.606557377049,0.868852459016
mpnet,bm25,39,100,bm25_only,61,61,0,0,30,58,1,0,0.491803278689,0.950819672131
mpnet,bm25,40,100,shared,54,54,0,0,49,54,1,0,0.907407407407,1
mpnet,bm25,40,100,method_only,46,38,8,0,30,34,0.826086956522,0.173913043478,0.652173913043,0.739130434783
mpnet,bm25,40,100,bm25_only,46,45,1,0,37,43,0.978260869565,0.0217391304348,0.804347826087,0.934782608696
mpnet,bm25,41,100,shared,36,36,0,0,28,32,1,0,0.777777777778,0.888888888889
mpnet,bm25,41,100,method_only,64,53,11,0,46,47,0.828125,0.171875,0.71875,0.734375
mpnet,bm25,41,100,bm25_only,64,61,3,0,27,30,0.953125,0.046875,0.421875,0.46875
mpnet,bm25,42,100,shared,38,38,0,0,37,38,1,0,0.973684210526,1
mpnet,bm25,42,100,method_only,62,62,0,0,58,61,1,0,0.935483870968,0.983870967742
mpnet,bm25,42,100,bm25_only,62,57,5,0,24,31,0.91935483871,0.0806451612903,0.387096774194,0.5
mpnet,bm25,43,100,shared,37,37,0,0,33,35,1,0,0.891891891892,0.945945945946
mpnet,bm25,43,100,method_only,63,23,40,0,20,22,0.365079365079,0.634920634921,0.31746031746,0.349206349206
mpnet,bm25,43,100,bm25_only,63,62,1,0,36,43,0.984126984127,0.015873015873,0.571428571429,0.68253968254
mpnet,bm25,44,100,shared,16,16,0,0,16,16,1,0,1,1
mpnet,bm25,44,100,method_only,84,64,20,0,59,63,0.761904761905,0.238095238095,0.702380952381,0.75
mpnet,bm25,44,100,bm25_only,84,72,12,0,36,51,0.857142857143,0.142857142857,0.428571428571,0.607142857143
mpnet,bm25,45,100,shared,19,18,1,0,7,18,0.947368421053,0.0526315789474,0.368421052632,0.947368421053
mpnet,bm25,45,100,method_only,81,54,27,0,20,53,0.666666666667,0.333333333333,0.246913580247,0.654320987654
mpnet,bm25,45,100,bm25_only,81,72,9,0,25,63,0.888888888889,0.111111111111,0.308641975309,0.777777777778
mpnet,bm25,46,100,shared,24,24,0,0,21,24,1,0,0.875,1
mpnet,bm25,46,100,method_only,76,23,53,0,9,18,0.302631578947,0.697368421053,0.118421052632,0.236842105263
mpnet,bm25,46,100,bm25_only,76,63,13,0,9,16,0.828947368421,0.171052631579,0.118421052632,0.210526315789
mpnet,bm25,47,100,shared,4,4,0,0,4,4,1,0,1,1
mpnet,bm25,47,100,method_only,96,35,61,0,29,30,0.364583333333,0.635416666667,0.302083333333,0.3125
mpnet,bm25,47,100,bm25_only,96,56,40,0,21,27,0.583333333333,0.416666666667,0.21875,0.28125
mpnet,bm25,48,100,shared,17,17,0,0,15,17,1,0,0.882352941176,1
mpnet,bm25,48,100,method_only,83,61,22,0,49,58,0.734939759036,0.265060240964,0.590361445783,0.698795180723
mpnet,bm25,48,100,bm25_only,83,35,48,0,17,29,0.421686746988,0.578313253012,0.204819277108,0.349397590361
mpnet,bm25,49,100,shared,6,6,0,0,3,4,1,0,0.5,0.666666666667
mpnet,bm25,49,100,method_only,94,41,53,0,28,35,0.436170212766,0.563829787234,0.297872340426,0.372340425532
mpnet,bm25,49,100,bm25_only,94,71,23,0,4,16,0.755319148936,0.244680851064,0.0425531914894,0.170212765957
mpnet,bm25,50,100,shared,20,20,0,0,7,13,1,0,0.35,0.65
mpnet,bm25,50,100,method_only,80,46,34,0,6,20,0.575,0.425,0.075,0.25
mpnet,bm25,50,100,bm25_only,80,56,24,0,5,18,0.7,0.3,0.0625,0.225
mpnet,bm25,1,1000,shared,82,59,23,0,15,39,0.719512195122,0.280487804878,0.182926829268,0.475609756098
mpnet,bm25,1,1000,method_only,918,69,849,0,12,41,0.0751633986928,0.924836601307,0.0130718954248,0.0446623093682
mpnet,bm25,1,1000,bm25_only,918,268,650,0,62,126,0.291938997821,0.708061002179,0.0675381263617,0.137254901961
mpnet,bm25,2,1000,shared,56,45,11,0,33,37,0.803571428571,0.196428571429,0.589285714286,0.660714285714
mpnet,bm25,2,1000,method_only,944,113,831,0,64,69,0.119703389831,0.880296610169,0.0677966101695,0.073093220339
mpnet,bm25,2,1000,bm25_only,944,158,786,0,40,57,0.167372881356,0.832627118644,0.0423728813559,0.0603813559322
mpnet,bm25,3,1000,shared,121,85,36,0,44,72,0.702479338843,0.297520661157,0.363636363636,0.595041322314
mpnet,bm25,3,1000,method_only,879,79,800,0,26,66,0.0898748577929,0.910125142207,0.0295790671217,0.0750853242321
mpnet,bm25,3,1000,bm25_only,879,317,562,0,48,144,0.3606370876,0.6393629124,0.0546075085324,0.163822525597
mpnet,bm25,4,1000,shared,126,76,50,0,31,53,0.603174603175,0.396825396825,0.246031746032,0.420634920635
mpnet,bm25,4,1000,method_only,874,94,780,0,40,66,0.107551487414,0.892448512586,0.045766590389,0.0755148741419
mpnet,bm25,4,1000,bm25_only,874,218,656,0,33,80,0.24942791762,0.75057208238,0.0377574370709,0.091533180778
mpnet,bm25,5,1000,shared,231,138,93,0,64,109,0.597402597403,0.402597402597,0.277056277056,0.471861471861
mpnet,bm25,5,1000,method_only,769,102,667,0,31,58,0.132639791938,0.867360208062,0.0403120936281,0.075422626788
mpnet,bm25,5,1000,bm25_only,769,283,486,0,74,162,0.368010403121,0.631989596879,0.0962288686606,0.21066319896
mpnet,bm25,6,1000,shared,217,153,64,0,138,146,0.705069124424,0.294930875576,0.635944700461,0.672811059908
mpnet,bm25,6,1000,method_only,783,149,634,0,106,138,0.190293742018,0.809706257982,0.135376756066,0.176245210728
mpnet,bm25,6,1000,bm25_only,783,225,558,0,111,163,0.287356321839,0.712643678161,0.141762452107,0.208173690932
mpnet,bm25,7,1000,shared,394,307,87,0,237,246,0.779187817259,0.220812182741,0.60152284264,0.624365482234
mpnet,bm25,7,1000,method_only,606,127,479,0,79,86,0.209570957096,0.790429042904,0.130363036304,0.141914191419
mpnet,bm25,7,1000,bm25_only,606,196,410,0,59,67,0.323432343234,0.676567656766,0.0973597359736,0.110561056106
mpnet,bm25,8,1000,shared,100,62,38,0,44,59,0.62,0.38,0.44,0.59
mpnet,bm25,8,1000,method_only,900,120,780,0,60,102,0.133333333333,0.866666666667,0.0666666666667,0.113333333333
mpnet,bm25,8,1000,bm25_only,900,202,698,0,37,97,0.224444444444,0.775555555556,0.0411111111111,0.107777777778
mpnet,bm25,9,1000,shared,119,93,26,0,28,41,0.781512605042,0.218487394958,0.235294117647,0.344537815126
mpnet,bm25,9,1000,method_only,881,42,839,0,6,10,0.0476730987514,0.952326901249,0.00681044267877,0.011350737798
mpnet,bm25,9,1000,bm25_only,881,199,682,0,31,69,0.225879682179,0.774120317821,0.0351872871737,0.0783200908059
mpnet,bm25,10,1000,shared,476,311,165,0,141,222,0.653361344538,0.346638655462,0.296218487395,0.466386554622
mpnet,bm25,10,1000,method_only,524,96,428,0,45,73,0.18320610687,0.81679389313,0.0858778625954,0.139312977099
mpnet,bm25,10,1000,bm25_only,524,119,405,0,21,49,0.227099236641,0.772900763359,0.0400763358779,0.0935114503817
mpnet,bm25,11,1000,shared,182,99,83,0,28,47,0.543956043956,0.456043956044,0.153846153846,0.258241758242
mpnet,bm25,11,1000,method_only,818,55,763,0,0,7,0.0672371638142,0.932762836186,0,0.00855745721271
mpnet,bm25,11,1000,bm25_only,818,268,550,0,50,96,0.327628361858,0.672371638142,0.0611246943765,0.117359413203
mpnet,bm25,12,1000,shared,90,49,41,0,15,31,0.544444444444,0.455555555556,0.166666666667,0.344444444444
mpnet,bm25,12,1000,method_only,910,93,817,0,38,60,0.102197802198,0.897802197802,0.0417582417582,0.0659340659341
mpnet,bm25,12,1000,bm25_only,910,278,632,0,53,135,0.305494505495,0.694505494505,0.0582417582418,0.148351648352
mpnet,bm25,13,1000,shared,117,75,42,0,31,66,0.641025641026,0.358974358974,0.264957264957,0.564102564103
mpnet,bm25,13,1000,method_only,883,126,757,0,23,91,0.142695356738,0.857304643262,0.0260475651189,0.103057757644
mpnet,bm25,13,1000,bm25_only,883,286,597,0,67,180,0.32389580974,0.67610419026,0.0758776896942,0.203850509626
mpnet,bm25,14,1000,shared,44,40,4,0,23,32,0.909090909091,0.0909090909091,0.522727272727,0.727272727273
mpnet,bm25,14,1000,method_only,956,54,902,0,4,10,0.0564853556485,0.943514644351,0.00418410041841,0.010460251046
mpnet,bm25,14,1000,bm25_only,956,203,753,0,24,58,0.212343096234,0.787656903766,0.0251046025105,0.0606694560669
mpnet,bm25,15,1000,shared,38,15,23,0,3,4,0.394736842105,0.605263157895,0.0789473684211,0.105263157895
mpnet,bm25,15,1000,method_only,962,101,861,0,25,56,0.10498960499,0.89501039501,0.0259875259875,0.0582120582121
mpnet,bm25,15,1000,bm25_only,962,214,748,0,4,13,0.222453222453,0.777546777547,0.004158004158,0.0135135135135
mpnet,bm25,16,1000,shared,97,85,12,0,51,75,0.876288659794,0.123711340206,0.525773195876,0.773195876289
mpnet,bm25,16,1000,method_only,903,163,740,0,54,92,0.180509413068,0.819490586932,0.0598006644518,0.101882613511
mpnet,bm25,16,1000,bm25_only,903,187,716,0,2,20,0.207087486157,0.792912513843,0.00221483942414,0.0221483942414
mpnet,bm25,17,1000,shared,249,176,73,0,67,143,0.706827309237,0.293172690763,0.269076305221,0.574297188755
mpnet,bm25,17,1000,method_only,751,58,693,0,20,45,0.0772303595206,0.922769640479,0.0266311584554,0.0599201065246
mpnet,bm25,17,1000,bm25_only,751,235,516,0,77,164,0.312916111851,0.687083888149,0.102529960053,0.218375499334
mpnet,bm25,18,1000,shared,489,323,166,0,165,286,0.660531697342,0.339468302658,0.337423312883,0.584867075665
mpnet,bm25,18,1000,method_only,511,97,414,0,38,70,0.189823874755,0.810176125245,0.0743639921722,0.13698630137
mpnet,bm25,18,1000,bm25_only,511,134,377,0,25,59,0.262230919765,0.737769080235,0.0489236790607,0.115459882583
mpnet,bm25,19,1000,shared,158,121,37,0,19,42,0.76582278481,0.23417721519,0.120253164557,0.26582278481
mpnet,bm25,19,1000,method_only,842,109,733,0,12,19,0.12945368171,0.87054631829,0.0142517814727,0.0225653206651
mpnet,bm25,19,1000,bm25_only,842,166,676,0,4,20,0.197149643705,0.802850356295,0.00475059382423,0.0237529691211
mpnet,bm25,20,1000,shared,516,334,182,0,292,324,0.647286821705,0.352713178295,0.565891472868,0.627906976744
mpnet,bm25,20,1000,method_only,484,78,406,0,62,73,0.161157024793,0.838842975207,0.128099173554,0.150826446281
mpnet,bm25,20,1000,bm25_only,484,172,312,0,21,91,0.355371900826,0.644628099174,0.0433884297521,0.188016528926
mpnet,bm25,21,1000,shared,151,118,33,0,81,87,0.781456953642,0.218543046358,0.53642384106,0.576158940397
mpnet,bm25,21,1000,method_only,849,157,692,0,110,125,0.18492343934,0.81507656066,0.129564193168,0.147232037691
mpnet,bm25,21,1000,bm25_only,849,214,635,0,91,103,0.252061248528,0.747938751472,0.107184923439,0.121319199058
mpnet,bm25,22,1000,shared,369,201,168,0,159,193,0.544715447154,0.455284552846,0.430894308943,0.523035230352
mpnet,bm25,22,1000,method_only,631,136,495,0,94,128,0.215530903328,0.784469096672,0.148969889065,0.202852614897
mpnet,bm25,22,1000,bm25_only,631,106,525,0,27,61,0.167987321712,0.832012678288,0.0427892234548,0.0966719492868
mpnet,bm25,23,1000,shared,282,202,80,0,113,156,0.716312056738,0.283687943262,0.400709219858,0.553191489362
mpnet,bm25,23,1000,method_only,718,114,604,0,28,75,0.158774373259,0.841225626741,0.0389972144847,0.104456824513
mpnet,bm25,23,1000,bm25_only,718,96,622,0,5,27,0.133704735376,0.866295264624,0.00696378830084,0.0376044568245
mpnet,bm25,24,1000,shared,438,265,173,0,200,243,0.60502283105,0.39497716895,0.456621004566,0.554794520548
mpnet,bm25,24,1000,method_only,562,86,476,0,36,63,0.153024911032,0.846975088968,0.0640569395018,0.112099644128
mpnet,bm25,24,1000,bm25_only,562,80,482,0,16,29,0.142348754448,0.857651245552,0.0284697508897,0.0516014234875
mpnet,bm25,25,1000,shared,152,90,62,0,51,58,0.592105263158,0.407894736842,0.335526315789,0.381578947368
mpnet,bm25,25,1000,method_only,848,187,661,0,133,169,0.220518867925,0.779481132075,0.156839622642,0.19929245283
mpnet,bm25,25,1000,bm25_only,848,253,595,0,36,59,0.298349056604,0.701650943396,0.0424528301887,0.0695754716981
mpnet,bm25,26,1000,shared,135,70,65,0,60,66,0.518518518519,0.481481481481,0.444444444444,0.488888888889
mpnet,bm25,26,1000,method_only,865,132,733,0,98,114,0.152601156069,0.847398843931,0.113294797688,0.131791907514
mpnet,bm25,26,1000,bm25_only,865,254,611,0,149,177,0.293641618497,0.706358381503,0.17225433526,0.204624277457
mpnet,bm25,27,1000,shared,139,102,37,0,79,100,0.73381294964,0.26618705036,0.568345323741,0.719424460432
mpnet,bm25,27,1000,method_only,861,23,838,0,5,17,0.0267131242741,0.973286875726,0.00580720092915,0.0197444831591
mpnet,bm25,27,1000,bm25_only,861,335,526,0,148,288,0.389082462253,0.610917537747,0.171893147503,0.334494773519
mpnet,bm25,28,1000,shared,643,368,275,0,327,342,0.57231726283,0.42768273717,0.508553654743,0.531881804044
mpnet,bm25,28,1000,method_only,357,92,265,0,66,81,0.257703081232,0.742296918768,0.18487394958,0.226890756303
mpnet,bm25,28,1000,bm25_only,357,55,302,0,36,41,0.15406162465,0.84593837535,0.100840336134,0.114845938375
mpnet,bm25,29,1000,shared,314,203,111,0,114,154,0.646496815287,0.353503184713,0.363057324841,0.490445859873
mpnet,bm25,29,1000,method_only,686,103,583,0,43,80,0.150145772595,0.849854227405,0.0626822157434,0.116618075802
mpnet,bm25,29,1000,bm25_only,686,274,412,0,85,152,0.399416909621,0.600583090379,0.123906705539,0.221574344023
mpnet,bm25,30,1000,shared,348,214,134,0,126,187,0.614942528736,0.385057471264,0.362068965517,0.537356321839
mpnet,bm25,30,1000,method_only,652,51,601,0,7,29,0.0782208588957,0.921779141104,0.010736196319,0.0444785276074
mpnet,bm25,30,1000,bm25_only,652,123,529,0,24,65,0.188650306748,0.811349693252,0.0368098159509,0.0996932515337
mpnet,bm25,31,1000,shared,97,72,25,0,16,36,0.742268041237,0.257731958763,0.164948453608,0.371134020619
mpnet,bm25,31,1000,method_only,903,73,830,0,15,32,0.0808416389812,0.919158361019,0.0166112956811,0.0354374307863
mpnet,bm25,31,1000,bm25_only,903,349,554,0,18,63,0.386489479513,0.613510520487,0.0199335548173,0.0697674418605
mpnet,bm25,32,1000,shared,79,25,54,0,6,11,0.316455696203,0.683544303797,0.0759493670886,0.139240506329
mpnet,bm25,32,1000,method_only,921,68,853,0,15,18,0.0738327904452,0.926167209555,0.0162866449511,0.0195439739414
mpnet,bm25,32,1000,bm25_only,921,213,708,0,22,36,0.231270358306,0.768729641694,0.0238870792617,0.0390879478827
mpnet,bm25,33,1000,shared,122,104,18,0,42,65,0.852459016393,0.147540983607,0.344262295082,0.532786885246
mpnet,bm25,33,1000,method_only,878,114,764,0,26,54,0.129840546697,0.870159453303,0.0296127562642,0.0615034168565
mpnet,bm25,33,1000,bm25_only,878,326,552,0,52,75,0.371298405467,0.628701594533,0.0592255125285,0.0854214123007
mpnet,bm25,34,1000,shared,43,28,15,0,5,8,0.651162790698,0.348837209302,0.116279069767,0.186046511628
mpnet,bm25,34,1000,method_only,957,72,885,0,14,24,0.0752351097179,0.924764890282,0.0146290491118,0.025078369906
mpnet,bm25,34,1000,bm25_only,957,203,754,0,31,49,0.212121212121,0.787878787879,0.0323928944619,0.0512016718913
mpnet,bm25,35,1000,shared,58,40,18,0,23,25,0.689655172414,0.310344827586,0.396551724138,0.431034482759
mpnet,bm25,35,1000,method_only,942,70,872,0,19,26,0.0743099787686,0.925690021231,0.02016985138,0.0276008492569
mpnet,bm25,35,1000,bm25_only,942,302,640,0,88,93,0.32059447983,0.67940552017,0.0934182590234,0.0987261146497
mpnet,bm25,36,1000,shared,564,382,182,0,280,304,0.677304964539,0.322695035461,0.496453900709,0.539007092199
mpnet,bm25,36,1000,method_only,436,63,373,0,33,37,0.144495412844,0.855504587156,0.0756880733945,0.0848623853211
mpnet,bm25,36,1000,bm25_only,436,186,250,0,99,126,0.426605504587,0.573394495413,0.227064220183,0.288990825688
mpnet,bm25,37,1000,shared,552,417,135,0,188,253,0.755434782609,0.244565217391,0.340579710145,0.458333333333
mpnet,bm25,37,1000,method_only,448,117,331,0,37,64,0.261160714286,0.738839285714,0.0825892857143,0.142857142857
mpnet,bm25,37,1000,bm25_only,448,152,296,0,43,54,0.339285714286,0.660714285714,0.0959821428571,0.120535714286
mpnet,bm25,38,1000,shared,171,152,19,0,113,150,0.888888888889,0.111111111111,0.66081871345,0.877192982456
mpnet,bm25,38,1000,method_only,829,261,568,0,202,248,0.314837153197,0.685162846803,0.243667068758,0.299155609168
mpnet,bm25,38,1000,bm25_only,829,369,460,0,101,242,0.445114595899,0.554885404101,0.121833534379,0.291917973462
mpnet,bm25,39,1000,shared,451,358,93,0,234,348,0.793791574279,0.206208425721,0.518847006652,0.771618625277
mpnet,bm25,39,1000,method_only,549,53,496,0,28,51,0.0965391621129,0.903460837887,0.0510018214936,0.0928961748634
mpnet,bm25,39,1000,bm25_only,549,272,277,0,115,246,0.495446265938,0.504553734062,0.209471766849,0.448087431694
mpnet,bm25,40,1000,shared,390,331,59,0,236,298,0.848717948718,0.151282051282,0.605128205128,0.764102564103
mpnet,bm25,40,1000,method_only,610,106,504,0,44,84,0.173770491803,0.826229508197,0.072131147541,0.137704918033
mpnet,bm25,40,1000,bm25_only,610,225,385,0,42,76,0.368852459016,0.631147540984,0.0688524590164,0.124590163934
mpnet,bm25,41,1000,shared,162,133,29,0,73,86,0.820987654321,0.179012345679,0.450617283951,0.530864197531
mpnet,bm25,41,1000,method_only,838,213,625,0,114,146,0.254176610979,0.745823389021,0.136038186158,0.174224343675
mpnet,bm25,41,1000,bm25_only,838,165,673,0,24,35,0.196897374702,0.803102625298,0.0286396181384,0.0417661097852
mpnet,bm25,42,1000,shared,290,245,45,0,157,174,0.844827586207,0.155172413793,0.541379310345,0.6
mpnet,bm25,42,1000,method_only,710,39,671,0,14,15,0.0549295774648,0.945070422535,0.0197183098592,0.0211267605634
mpnet,bm25,42,1000,bm25_only,710,90,620,0,13,14,0.12676056338,0.87323943662,0.0183098591549,0.0197183098592
mpnet,bm25,43,1000,shared,127,117,10,0,91,102,0.92125984252,0.0787401574803,0.716535433071,0.803149606299
mpnet,bm25,43,1000,method_only,873,44,829,0,10,21,0.0504009163803,0.94959908362,0.0114547537228,0.0240549828179
mpnet,bm25,43,1000,bm25_only,873,208,665,0,36,60,0.238258877434,0.761741122566,0.0412371134021,0.0687285223368
mpnet,bm25,44,1000,shared,383,304,79,0,202,262,0.793733681462,0.206266318538,0.527415143603,0.68407310705
mpnet,bm25,44,1000,method_only,617,150,467,0,81,118,0.243111831442,0.756888168558,0.131280388979,0.191247974068
mpnet,bm25,44,1000,bm25_only,617,127,490,0,14,36,0.205834683955,0.794165316045,0.0226904376013,0.0583468395462
mpnet,bm25,45,1000,shared,473,328,145,0,162,309,0.693446088795,0.306553911205,0.342494714588,0.653276955603
mpnet,bm25,45,1000,method_only,527,99,428,0,48,92,0.187855787476,0.812144212524,0.0910815939279,0.174573055028
mpnet,bm25,45,1000,bm25_only,527,241,286,0,119,196,0.457305502846,0.542694497154,0.225806451613,0.371916508539
mpnet,bm25,46,1000,shared,159,76,83,0,32,57,0.477987421384,0.522012578616,0.201257861635,0.358490566038
mpnet,bm25,46,1000,method_only,841,53,788,0,22,40,0.0630202140309,0.936979785969,0.026159334126,0.0475624256837
mpnet,bm25,46,1000,bm25_only,841,156,685,0,17,31,0.185493460166,0.814506539834,0.0202140309156,0.0368608799049
mpnet,bm25,47,1000,shared,236,168,68,0,108,134,0.71186440678,0.28813559322,0.457627118644,0.567796610169
mpnet,bm25,47,1000,method_only,764,137,627,0,86,98,0.179319371728,0.820680628272,0.112565445026,0.128272251309
mpnet,bm25,47,1000,bm25_only,764,183,581,0,35,54,0.239528795812,0.760471204188,0.0458115183246,0.0706806282723
mpnet,bm25,48,1000,shared,208,141,67,0,103,136,0.677884615385,0.322115384615,0.495192307692,0.653846153846
mpnet,bm25,48,1000,method_only,792,65,727,0,33,54,0.0820707070707,0.917929292929,0.0416666666667,0.0681818181818
mpnet,bm25,48,1000,bm25_only,792,139,653,0,39,86,0.175505050505,0.824494949495,0.0492424242424,0.108585858586
mpnet,bm25,49,1000,shared,118,101,17,0,39,67,0.85593220339,0.14406779661,0.330508474576,0.567796610169
mpnet,bm25,49,1000,method_only,882,147,735,0,50,81,0.166666666667,0.833333333333,0.0566893424036,0.0918367346939
mpnet,bm25,49,1000,bm25_only,882,221,661,0,7,26,0.250566893424,0.749433106576,0.00793650793651,0.0294784580499
mpnet,bm25,50,1000,shared,359,194,165,0,23,58,0.540389972145,0.459610027855,0.0640668523677,0.161559888579
mpnet,bm25,50,1000,method_only,641,80,561,0,4,21,0.1248049922,0.8751950078,0.00624024960998,0.0327613104524
mpnet,bm25,50,1000,bm25_only,641,170,471,0,6,18,0.265210608424,0.734789391576,0.00936037441498,0.0280811232449
direct,bm25,1,20,shared,13,11,2,0,2,8,0.846153846154,0.153846153846,0.153846153846,0.615384615385
direct,bm25,1,20,method_only,7,6,1,0,3,6,0.857142857143,0.142857142857,0.428571428571,0.857142857143
direct,bm25,1,20,bm25_only,7,6,1,0,1,3,0.857142857143,0.142857142857,0.142857142857,0.428571428571
direct,bm25,2,20,shared,8,7,1,0,4,4,0.875,0.125,0.5,0.5
direct,bm25,2,20,method_only,12,12,0,0,10,12,1,0,0.833333333333,1
direct,bm25,2,20,bm25_only,12,12,0,0,3,3,1,0,0.25,0.25
direct,bm25,3,20,shared,10,9,1,0,4,7,0.9,0.1,0.4,0.7
direct,bm25,3,20,method_only,10,10,0,0,8,10,1,0,0.8,1
direct,bm25,3,20,bm25_only,10,9,1,0,0,0,0.9,0.1,0,0
direct,bm25,4,20,shared,11,11,0,0,2,3,1,0,0.181818181818,0.272727272727
direct,bm25,4,20,method_only,9,6,3,0,2,5,0.666666666667,0.333333333333,0.222222222222,0.555555555556
direct,bm25,4,20,bm25_only,9,9,0,0,0,0,1,0,0,0
direct,bm25,5,20,shared,11,10,1,0,6,10,0.909090909091,0.0909090909091,0.545454545455,0.909090909091
direct,bm25,5,20,method_only,9,6,3,0,3,5,0.666666666667,0.333333333333,0.333333333333,0.555555555556
direct,bm25,5,20,bm25_only,9,8,1,0,1,6,0.888888888889,0.111111111111,0.111111111111,0.666666666667
direct,bm25,6,20,shared,11,11,0,0,9,10,1,0,0.818181818182,0.909090909091
direct,bm25,6,20,method_only,9,9,0,0,9,9,1,0,1,1
direct,bm25,6,20,bm25_only,9,8,1,0,6,7,0.888888888889,0.111111111111,0.666666666667,0.777777777778
direct,bm25,7,20,shared,14,14,0,0,10,11,1,0,0.714285714286,0.785714285714
direct,bm25,7,20,method_only,6,6,0,0,6,6,1,0,1,1
direct,bm25,7,20,bm25_only,6,6,0,0,3,3,1,0,0.5,0.5
direct,bm25,8,20,shared,15,11,4,0,7,9,0.733333333333,0.266666666667,0.466666666667,0.6
direct,bm25,8,20,method_only,5,5,0,0,4,5,1,0,0.8,1
direct,bm25,8,20,bm25_only,5,4,1,0,2,3,0.8,0.2,0.4,0.6
direct,bm25,9,20,shared,9,9,0,0,2,3,1,0,0.222222222222,0.333333333333
direct,bm25,9,20,method_only,11,11,0,0,3,6,1,0,0.272727272727,0.545454545455
direct,bm25,9,20,bm25_only,11,11,0,0,0,1,1,0,0,0.0909090909091
direct,bm25,10,20,shared,14,14,0,0,13,13,1,0,0.928571428571,0.928571428571
direct,bm25,10,20,method_only,6,6,0,0,5,6,1,0,0.833333333333,1
direct,bm25,10,20,bm25_only,6,6,0,0,1,5,1,0,0.166666666667,0.833333333333
direct,bm25,11,20,shared,10,10,0,0,7,9,1,0,0.7,0.9
direct,bm25,11,20,method_only,10,9,1,0,8,9,0.9,0.1,0.8,0.9
direct,bm25,11,20,bm25_only,10,8,2,0,1,1,0.8,0.2,0.1,0.1
direct,bm25,12,20,shared,8,6,2,0,1,5,0.75,0.25,0.125,0.625
direct,bm25,12,20,method_only,12,12,0,0,3,7,1,0,0.25,0.583333333333
direct,bm25,12,20,bm25_only,12,10,2,0,2,5,0.833333333333,0.166666666667,0.166666666667,0.416666666667
direct,bm25,13,20,shared,15,14,1,0,6,12,0.933333333333,0.0666666666667,0.4,0.8
direct,bm25,13,20,method_only,5,4,1,0,3,4,0.8,0.2,0.6,0.8
direct,bm25,13,20,bm25_only,5,5,0,0,1,4,1,0,0.2,0.8
direct,bm25,14,20,shared,18,18,0,0,11,15,1,0,0.611111111111,0.833333333333
direct,bm25,14,20,method_only,2,2,0,0,1,2,1,0,0.5,1
direct,bm25,14,20,bm25_only,2,2,0,0,0,1,1,0,0,0.5
direct,bm25,15,20,shared,9,8,1,0,2,4,0.888888888889,0.111111111111,0.222222222222,0.444444444444
direct,bm25,15,20,method_only,11,6,5,0,2,2,0.545454545455,0.454545454545,0.181818181818,0.181818181818
direct,bm25,15,20,bm25_only,11,6,5,0,0,0,0.545454545455,0.454545454545,0,0
direct,bm25,16,20,shared,6,6,0,0,4,6,1,0,0.666666666667,1
direct,bm25,16,20,method_only,14,13,1,0,7,13,0.928571428571,0.0714285714286,0.5,0.928571428571
direct,bm25,16,20,bm25_only,14,11,3,0,0,0,0.785714285714,0.214285714286,0,0
direct,bm25,17,20,shared,10,10,0,0,4,8,1,0,0.4,0.8
direct,bm25,17,20,method_only,10,8,2,0,6,8,0.8,0.2,0.6,0.8
direct,bm25,17,20,bm25_only,10,8,2,0,3,4,0.8,0.2,0.3,0.4
direct,bm25,18,20,shared,11,11,0,0,8,10,1,0,0.727272727273,0.909090909091
direct,bm25,18,20,method_only,9,9,0,0,6,9,1,0,0.666666666667,1
direct,bm25,18,20,bm25_only,9,9,0,0,2,5,1,0,0.222222222222,0.555555555556
direct,bm25,19,20,shared,13,13,0,0,5,10,1,0,0.384615384615,0.769230769231
direct,bm25,19,20,method_only,7,7,0,0,2,2,1,0,0.285714285714,0.285714285714
direct,bm25,19,20,bm25_only,7,7,0,0,0,4,1,0,0,0.571428571429
direct,bm25,20,20,shared,15,14,1,0,14,14,0.933333333333,0.0666666666667,0.933333333333,0.933333333333
direct,bm25,20,20,method_only,5,5,0,0,5,5,1,0,1,1
direct,bm25,20,20,bm25_only,5,4,1,0,3,3,0.8,0.2,0.6,0.6
direct,bm25,21,20,shared,13,12,1,0,6,8,0.923076923077,0.0769230769231,0.461538461538,0.615384615385
direct,bm25,21,20,method_only,7,6,1,0,6,6,0.857142857143,0.142857142857,0.857142857143,0.857142857143
direct,bm25,21,20,bm25_only,7,6,1,0,1,1,0.857142857143,0.142857142857,0.142857142857,0.142857142857
direct,bm25,22,20,shared,17,14,3,0,12,14,0.823529411765,0.176470588235,0.705882352941,0.823529411765
direct,bm25,22,20,method_only,3,3,0,0,1,3,1,0,0.333333333333,1
direct,bm25,22,20,bm25_only,3,2,1,0,2,2,0.666666666667,0.333333333333,0.666666666667,0.666666666667
direct,bm25,23,20,shared,14,14,0,0,14,14,1,0,1,1
direct,bm25,23,20,method_only,6,6,0,0,3,6,1,0,0.5,1
direct,bm25,23,20,bm25_only,6,5,1,0,1,2,0.833333333333,0.166666666667,0.166666666667,0.333333333333
direct,bm25,24,20,shared,9,9,0,0,9,9,1,0,1,1
direct,bm25,24,20,method_only,11,11,0,0,10,11,1,0,0.909090909091,1
direct,bm25,24,20,bm25_only,11,9,2,0,4,6,0.818181818182,0.181818181818,0.363636363636,0.545454545455
direct,bm25,25,20,shared,6,6,0,0,3,3,1,0,0.5,0.5
direct,bm25,25,20,method_only,14,11,3,0,6,7,0.785714285714,0.214285714286,0.428571428571,0.5
direct,bm25,25,20,bm25_only,14,9,5,0,0,0,0.642857142857,0.357142857143,0,0
direct,bm25,26,20,shared,15,14,1,0,9,9,0.933333333333,0.0666666666667,0.6,0.6
direct,bm25,26,20,method_only,5,4,1,0,3,4,0.8,0.2,0.6,0.8
direct,bm25,26,20,bm25_only,5,3,2,0,3,3,0.6,0.4,0.6,0.6
direct,bm25,27,20,shared,6,6,0,0,6,6,1,0,1,1
direct,bm25,27,20,method_only,14,14,0,0,11,14,1,0,0.785714285714,1
direct,bm25,27,20,bm25_only,14,12,2,0,10,11,0.857142857143,0.142857142857,0.714285714286,0.785714285714
direct,bm25,28,20,shared,9,9,0,0,9,9,1,0,1,1
direct,bm25,28,20,method_only,11,8,3,0,8,8,0.727272727273,0.272727272727,0.727272727273,0.727272727273
direct,bm25,28,20,bm25_only,11,11,0,0,8,9,1,0,0.727272727273,0.818181818182
direct,bm25,29,20,shared,14,14,0,0,10,13,1,0,0.714285714286,0.928571428571
direct,bm25,29,20,method_only,6,5,1,0,4,5,0.833333333333,0.166666666667,0.666666666667,0.833333333333
direct,bm25,29,20,bm25_only,6,6,0,0,3,4,1,0,0.5,0.666666666667
direct,bm25,30,20,shared,14,14,0,0,14,14,1,0,1,1
direct,bm25,30,20,method_only,6,6,0,0,6,6,1,0,1,1
direct,bm25,30,20,bm25_only,6,6,0,0,5,6,1,0,0.833333333333,1
direct,bm25,31,20,shared,15,14,1,0,2,4,0.933333333333,0.0666666666667,0.133333333333,0.266666666667
direct,bm25,31,20,method_only,5,5,0,0,1,3,1,0,0.2,0.6
direct,bm25,31,20,bm25_only,5,5,0,0,0,0,1,0,0,0
direct,bm25,32,20,shared,14,14,0,0,6,8,1,0,0.428571428571,0.571428571429
direct,bm25,32,20,method_only,6,2,4,0,1,1,0.333333333333,0.666666666667,0.166666666667,0.166666666667
direct,bm25,32,20,bm25_only,6,6,0,0,0,1,1,0,0,0.166666666667
direct,bm25,33,20,shared,11,11,0,0,6,10,1,0,0.545454545455,0.909090909091
direct,bm25,33,20,method_only,9,9,0,0,3,7,1,0,0.333333333333,0.777777777778
direct,bm25,33,20,bm25_only,9,9,0,0,2,4,1,0,0.222222222222,0.444444444444
direct,bm25,34,20,shared,8,7,1,0,3,5,0.875,0.125,0.375,0.625
direct,bm25,34,20,method_only,12,11,1,0,2,3,0.916666666667,0.0833333333333,0.166666666667,0.25
direct,bm25,34,20,bm25_only,12,7,5,0,2,2,0.583333333333,0.416666666667,0.166666666667,0.166666666667
direct,bm25,35,20,shared,10,10,0,0,4,4,1,0,0.4,0.4
direct,bm25,35,20,method_only,10,10,0,0,9,10,1,0,0.9,1
direct,bm25,35,20,bm25_only,10,10,0,0,5,5,1,0,0.5,0.5
direct,bm25,36,20,shared,14,14,0,0,13,13,1,0,0.928571428571,0.928571428571
direct,bm25,36,20,method_only,6,6,0,0,6,6,1,0,1,1
direct,bm25,36,20,bm25_only,6,6,0,0,5,6,1,0,0.833333333333,1
direct,bm25,37,20,shared,15,15,0,0,7,13,1,0,0.466666666667,0.866666666667
direct,bm25,37,20,method_only,5,5,0,0,3,4,1,0,0.6,0.8
direct,bm25,37,20,bm25_only,5,5,0,0,2,3,1,0,0.4,0.6
direct,bm25,38,20,shared,10,10,0,0,9,9,1,0,0.9,0.9
direct,bm25,38,20,method_only,10,9,1,0,7,9,0.9,0.1,0.7,0.9
direct,bm25,38,20,bm25_only,10,10,0,0,2,3,1,0,0.2,0.3
direct,bm25,39,20,shared,14,14,0,0,12,14,1,0,0.857142857143,1
direct,bm25,39,20,method_only,6,6,0,0,6,6,1,0,1,1
direct,bm25,39,20,bm25_only,6,6,0,0,5,6,1,0,0.833333333333,1
direct,bm25,40,20,shared,14,14,0,0,14,14,1,0,1,1
direct,bm25,40,20,method_only,6,6,0,0,5,6,1,0,0.833333333333,1
direct,bm25,40,20,bm25_only,6,6,0,0,6,6,1,0,1,1
direct,bm25,41,20,shared,11,11,0,0,9,9,1,0,0.818181818182,0.818181818182
direct,bm25,41,20,method_only,9,9,0,0,8,9,1,0,0.888888888889,1
direct,bm25,41,20,bm25_only,9,9,0,0,6,6,1,0,0.666666666667,0.666666666667
direct,bm25,42,20,shared,12,12,0,0,9,12,1,0,0.75,1
direct,bm25,42,20,method_only,8,8,0,0,8,8,1,0,1,1
direct,bm25,42,20,bm25_only,8,8,0,0,3,3,1,0,0.375,0.375
direct,bm25,43,20,shared,13,13,0,0,8,9,1,0,0.615384615385,0.692307692308
direct,bm25,43,20,method_only,7,7,0,0,7,7,1,0,1,1
direct,bm25,43,20,bm25_only,7,7,0,0,5,7,1,0,0.714285714286,1
direct,bm25,44,20,shared,12,12,0,0,11,12,1,0,0.916666666667,1
direct,bm25,44,20,method_only,8,8,0,0,8,8,1,0,1,1
direct,bm25,44,20,bm25_only,8,7,1,0,3,6,0.875,0.125,0.375,0.75
direct,bm25,45,20,shared,10,10,0,0,6,10,1,0,0.6,1
direct,bm25,45,20,method_only,10,9,1,0,3,9,0.9,0.1,0.3,0.9
direct,bm25,45,20,bm25_only,10,9,1,0,5,8,0.9,0.1,0.5,0.8
direct,bm25,46,20,shared,11,11,0,0,8,10,1,0,0.727272727273,0.909090909091
direct,bm25,46,20,method_only,9,9,0,0,9,9,1,0,1,1
direct,bm25,46,20,bm25_only,9,9,0,0,1,4,1,0,0.111111111111,0.444444444444
direct,bm25,47,20,shared,6,6,0,0,4,4,1,0,0.666666666667,0.666666666667
direct,bm25,47,20,method_only,14,14,0,0,12,12,1,0,0.857142857143,0.857142857143
direct,bm25,47,20,bm25_only,14,8,6,0,0,2,0.571428571429,0.428571428571,0,0.142857142857
direct,bm25,48,20,shared,11,11,0,0,11,11,1,0,1,1
direct,bm25,48,20,method_only,9,9,0,0,8,9,1,0,0.888888888889,1
direct,bm25,48,20,bm25_only,9,6,3,0,4,5,0.666666666667,0.333333333333,0.444444444444,0.555555555556
direct,bm25,49,20,shared,9,9,0,0,3,7,1,0,0.333333333333,0.777777777778
direct,bm25,49,20,method_only,11,11,0,0,5,8,1,0,0.454545454545,0.727272727273
direct,bm25,49,20,bm25_only,11,10,1,0,0,0,0.909090909091,0.0909090909091,0,0
direct,bm25,50,20,shared,14,14,0,0,6,12,1,0,0.428571428571,0.857142857143
direct,bm25,50,20,method_only,6,6,0,0,1,2,1,0,0.166666666667,0.333333333333
direct,bm25,50,20,bm25_only,6,6,0,0,1,3,1,0,0.166666666667,0.5
direct,bm25,1,50,shared,26,20,6,0,6,16,0.769230769231,0.230769230769,0.230769230769,0.615384615385
direct,bm25,1,50,method_only,24,21,3,0,5,15,0.875,0.125,0.208333333333,0.625
direct,bm25,1,50,bm25_only,24,12,12,0,0,0,0.5,0.5,0,0
direct,bm25,2,50,shared,34,33,1,0,22,27,0.970588235294,0.0294117647059,0.647058823529,0.794117647059
direct,bm25,2,50,method_only,16,14,2,0,11,12,0.875,0.125,0.6875,0.75
direct,bm25,2,50,bm25_only,16,16,0,0,1,1,1,0,0.0625,0.0625
direct,bm25,3,50,shared,29,27,2,0,11,19,0.931034482759,0.0689655172414,0.379310344828,0.655172413793
direct,bm25,3,50,method_only,21,19,2,0,9,16,0.904761904762,0.0952380952381,0.428571428571,0.761904761905
direct,bm25,3,50,bm25_only,21,16,5,0,1,5,0.761904761905,0.238095238095,0.047619047619,0.238095238095
direct,bm25,4,50,shared,33,28,5,0,8,11,0.848484848485,0.151515151515,0.242424242424,0.333333333333
direct,bm25,4,50,method_only,17,15,2,0,8,12,0.882352941176,0.117647058824,0.470588235294,0.705882352941
direct,bm25,4,50,bm25_only,17,11,6,0,1,1,0.647058823529,0.352941176471,0.0588235294118,0.0588235294118
direct,bm25,5,50,shared,24,19,5,0,7,16,0.791666666667,0.208333333333,0.291666666667,0.666666666667
direct,bm25,5,50,method_only,26,23,3,0,15,21,0.884615384615,0.115384615385,0.576923076923,0.807692307692
direct,bm25,5,50,bm25_only,26,22,4,0,6,16,0.846153846154,0.153846153846,0.230769230769,0.615384615385
direct,bm25,6,50,shared,26,26,0,0,23,25,1,0,0.884615384615,0.961538461538
direct,bm25,6,50,method_only,24,21,3,0,21,21,0.875,0.125,0.875,0.875
direct,bm25,6,50,bm25_only,24,13,11,0,5,8,0.541666666667,0.458333333333,0.208333333333,0.333333333333
direct,bm25,7,50,shared,34,32,2,0,26,28,0.941176470588,0.0588235294118,0.764705882353,0.823529411765
direct,bm25,7,50,method_only,16,15,1,0,12,12,0.9375,0.0625,0.75,0.75
direct,bm25,7,50,bm25_only,16,14,2,0,5,6,0.875,0.125,0.3125,0.375
direct,bm25,8,50,shared,28,22,6,0,16,20,0.785714285714,0.214285714286,0.571428571429,0.714285714286
direct,bm25,8,50,method_only,22,16,6,0,11,15,0.727272727273,0.272727272727,0.5,0.681818181818
direct,bm25,8,50,bm25_only,22,11,11,0,0,3,0.5,0.5,0,0.136363636364
direct,bm25,9,50,shared,34,34,0,0,7,11,1,0,0.205882352941,0.323529411765
direct,bm25,9,50,method_only,16,14,2,0,5,8,0.875,0.125,0.3125,0.5
direct,bm25,9,50,bm25_only,16,14,2,0,2,6,0.875,0.125,0.125,0.375
direct,bm25,10,50,shared,29,28,1,0,22,27,0.965517241379,0.0344827586207,0.758620689655,0.931034482759
direct,bm25,10,50,method_only,21,21,0,0,14,20,1,0,0.666666666667,0.952380952381
direct,bm25,10,50,bm25_only,21,17,4,0,5,11,0.809523809524,0.190476190476,0.238095238095,0.52380952381
direct,bm25,11,50,shared,33,28,5,0,12,17,0.848484848485,0.151515151515,0.363636363636,0.515151515152
direct,bm25,11,50,method_only,17,14,3,0,8,9,0.823529411765,0.176470588235,0.470588235294,0.529411764706
direct,bm25,11,50,bm25_only,17,15,2,0,0,2,0.882352941176,0.117647058824,0,0.117647058824
direct,bm25,12,50,shared,28,24,4,0,1,11,0.857142857143,0.142857142857,0.0357142857143,0.392857142857
direct,bm25,12,50,method_only,22,19,3,0,7,12,0.863636363636,0.136363636364,0.318181818182,0.545454545455
direct,bm25,12,50,bm25_only,22,15,7,0,4,10,0.681818181818,0.318181818182,0.181818181818,0.454545454545
direct,bm25,13,50,shared,38,36,2,0,15,30,0.947368421053,0.0526315789474,0.394736842105,0.789473684211
direct,bm25,13,50,method_only,12,12,0,0,7,11,1,0,0.583333333333,0.916666666667
direct,bm25,13,50,bm25_only,12,10,2,0,1,4,0.833333333333,0.166666666667,0.0833333333333,0.333333333333
direct,bm25,14,50,shared,43,43,0,0,23,37,1,0,0.53488372093,0.860465116279
direct,bm25,14,50,method_only,7,7,0,0,6,7,1,0,0.857142857143,1
direct,bm25,14,50,bm25_only,7,7,0,0,0,3,1,0,0,0.428571428571
direct,bm25,15,50,shared,16,13,3,0,2,4,0.8125,0.1875,0.125,0.25
direct,bm25,15,50,method_only,34,11,23,0,2,3,0.323529411765,0.676470588235,0.0588235294118,0.0882352941176
direct,bm25,15,50,bm25_only,34,19,15,0,1,2,0.558823529412,0.441176470588,0.0294117647059,0.0588235294118
direct,bm25,16,50,shared,15,15,0,0,7,12,1,0,0.466666666667,0.8
direct,bm25,16,50,method_only,35,34,1,0,25,32,0.971428571429,0.0285714285714,0.714285714286,0.914285714286
direct,bm25,16,50,bm25_only,35,21,14,0,0,0,0.6,0.4,0,0
direct,bm25,17,50,shared,21,21,0,0,10,19,1,0,0.47619047619,0.904761904762
direct,bm25,17,50,method_only,29,24,5,0,14,20,0.827586206897,0.172413793103,0.48275862069,0.689655172414
direct,bm25,17,50,bm25_only,29,22,7,0,7,15,0.758620689655,0.241379310345,0.241379310345,0.51724137931
direct,bm25,18,50,shared,32,32,0,0,18,27,1,0,0.5625,0.84375
direct,bm25,18,50,method_only,18,18,0,0,12,16,1,0,0.666666666667,0.888888888889
direct,bm25,18,50,bm25_only,18,17,1,0,9,14,0.944444444444,0.0555555555556,0.5,0.777777777778
direct,bm25,19,50,shared,41,39,2,0,7,19,0.951219512195,0.0487804878049,0.170731707317,0.463414634146
direct,bm25,19,50,method_only,9,9,0,0,2,4,1,0,0.222222222222,0.444444444444
direct,bm25,19,50,bm25_only,9,9,0,0,1,1,1,0,0.111111111111,0.111111111111
direct,bm25,20,50,shared,29,28,1,0,28,28,0.965517241379,0.0344827586207,0.965517241379,0.965517241379
direct,bm25,20,50,method_only,21,20,1,0,20,20,0.952380952381,0.047619047619,0.952380952381,0.952380952381
direct,bm25,20,50,bm25_only,21,17,4,0,1,6,0.809523809524,0.190476190476,0.047619047619,0.285714285714
direct,bm25,21,50,shared,34,33,1,0,19,21,0.970588235294,0.0294117647059,0.558823529412,0.617647058824
direct,bm25,21,50,method_only,16,10,6,0,8,9,0.625,0.375,0.5,0.5625
direct,bm25,21,50,bm25_only,16,13,3,0,5,5,0.8125,0.1875,0.3125,0.3125
direct,bm25,22,50,shared,34,29,5,0,25,29,0.852941176471,0.147058823529,0.735294117647,0.852941176471
direct,bm25,22,50,method_only,16,15,1,0,11,13,0.9375,0.0625,0.6875,0.8125
direct,bm25,22,50,bm25_only,16,8,8,0,2,4,0.5,0.5,0.125,0.25
direct,bm25,23,50,shared,30,29,1,0,24,29,0.966666666667,0.0333333333333,0.8,0.966666666667
direct,bm25,23,50,method_only,20,19,1,0,17,19,0.95,0.05,0.85,0.95
direct,bm25,23,50,bm25_only,20,13,7,0,2,5,0.65,0.35,0.1,0.25
direct,bm25,24,50,shared,33,33,0,0,29,33,1,0,0.878787878788,1
direct,bm25,24,50,method_only,17,16,1,0,15,16,0.941176470588,0.0588235294118,0.882352941176,0.941176470588
direct,bm25,24,50,bm25_only,17,13,4,0,5,7,0.764705882353,0.235294117647,0.294117647059,0.411764705882
direct,bm25,25,50,shared,16,12,4,0,5,5,0.75,0.25,0.3125,0.3125
direct,bm25,25,50,method_only,34,23,11,0,15,18,0.676470588235,0.323529411765,0.441176470588,0.529411764706
direct,bm25,25,50,bm25_only,34,19,15,0,1,3,0.558823529412,0.441176470588,0.0294117647059,0.0882352941176
direct,bm25,26,50,shared,34,27,7,0,20,22,0.794117647059,0.205882352941,0.588235294118,0.647058823529
direct,bm25,26,50,method_only,16,11,5,0,10,11,0.6875,0.3125,0.625,0.6875
direct,bm25,26,50,bm25_only,16,8,8,0,4,4,0.5,0.5,0.25,0.25
direct,bm25,27,50,shared,19,19,0,0,18,19,1,0,0.947368421053,1
direct,bm25,27,50,method_only,31,29,2,0,25,29,0.935483870968,0.0645161290323,0.806451612903,0.935483870968
direct,bm25,27,50,bm25_only,31,27,4,0,17,25,0.870967741935,0.129032258065,0.548387096774,0.806451612903
direct,bm25,28,50,shared,30,28,2,0,25,26,0.933333333333,0.0666666666667,0.833333333333,0.866666666667
direct,bm25,28,50,method_only,20,17,3,0,16,16,0.85,0.15,0.8,0.8
direct,bm25,28,50,bm25_only,20,18,2,0,14,14,0.9,0.1,0.7,0.7
direct,bm25,29,50,shared,39,39,0,0,25,31,1,0,0.641025641026,0.794871794872
direct,bm25,29,50,method_only,11,9,2,0,5,6,0.818181818182,0.181818181818,0.454545454545,0.545454545455
direct,bm25,29,50,bm25_only,11,11,0,0,2,9,1,0,0.181818181818,0.818181818182
direct,bm25,30,50,shared,34,34,0,0,32,34,1,0,0.941176470588,1
direct,bm25,30,50,method_only,16,15,1,0,14,15,0.9375,0.0625,0.875,0.9375
direct,bm25,30,50,bm25_only,16,14,2,0,6,14,0.875,0.125,0.375,0.875
direct,bm25,31,50,shared,28,27,1,0,4,7,0.964285714286,0.0357142857143,0.142857142857,0.25
direct,bm25,31,50,method_only,22,22,0,0,6,12,1,0,0.272727272727,0.545454545455
direct,bm25,31,50,bm25_only,22,22,0,0,0,3,1,0,0,0.136363636364
direct,bm25,32,50,shared,27,27,0,0,9,13,1,0,0.333333333333,0.481481481481
direct,bm25,32,50,method_only,23,3,20,0,0,0,0.130434782609,0.869565217391,0,0
direct,bm25,32,50,bm25_only,23,23,0,0,3,3,1,0,0.130434782609,0.130434782609
direct,bm25,33,50,shared,32,32,0,0,17,27,1,0,0.53125,0.84375
direct,bm25,33,50,method_only,18,18,0,0,3,10,1,0,0.166666666667,0.555555555556
direct,bm25,33,50,bm25_only,18,15,3,0,4,4,0.833333333333,0.166666666667,0.222222222222,0.222222222222
direct,bm25,34,50,shared,20,14,6,0,6,9,0.7,0.3,0.3,0.45
direct,bm25,34,50,method_only,30,25,5,0,5,7,0.833333333333,0.166666666667,0.166666666667,0.233333333333
direct,bm25,34,50,bm25_only,30,9,21,0,0,0,0.3,0.7,0,0
direct,bm25,35,50,shared,33,32,1,0,17,19,0.969696969697,0.030303030303,0.515151515152,0.575757575758
direct,bm25,35,50,method_only,17,16,1,0,13,13,0.941176470588,0.0588235294118,0.764705882353,0.764705882353
direct,bm25,35,50,bm25_only,17,14,3,0,6,6,0.823529411765,0.176470588235,0.352941176471,0.352941176471
direct,bm25,36,50,shared,37,37,0,0,34,34,1,0,0.918918918919,0.918918918919
direct,bm25,36,50,method_only,13,12,1,0,11,12,0.923076923077,0.0769230769231,0.846153846154,0.923076923077
direct,bm25,36,50,bm25_only,13,13,0,0,8,11,1,0,0.615384615385,0.846153846154
direct,bm25,37,50,shared,41,41,0,0,19,33,1,0,0.463414634146,0.80487804878
direct,bm25,37,50,method_only,9,9,0,0,5,5,1,0,0.555555555556,0.555555555556
direct,bm25,37,50,bm25_only,9,9,0,0,6,9,1,0,0.666666666667,1
direct,bm25,38,50,shared,24,23,1,0,13,17,0.958333333333,0.0416666666667,0.541666666667,0.708333333333
direct,bm25,38,50,method_only,26,26,0,0,16,26,1,0,0.615384615385,1
direct,bm25,38,50,bm25_only,26,22,4,0,5,10,0.846153846154,0.153846153846,0.192307692308,0.384615384615
direct,bm25,39,50,shared,36,36,0,0,30,36,1,0,0.833333333333,1
direct,bm25,39,50,method_only,14,14,0,0,13,14,1,0,0.928571428571,1
direct,bm25,39,50,bm25_only,14,14,0,0,8,13,1,0,0.571428571429,0.928571428571
direct,bm25,40,50,shared,40,40,0,0,38,40,1,0,0.95,1
direct,bm25,40,50,method_only,10,10,0,0,8,10,1,0,0.8,1
direct,bm25,40,50,bm25_only,10,10,0,0,8,10,1,0,0.8,1
direct,bm25,41,50,shared,34,34,0,0,26,29,1,0,0.764705882353,0.852941176471
direct,bm25,41,50,method_only,16,16,0,0,12,13,1,0,0.75,0.8125
direct,bm25,41,50,bm25_only,16,14,2,0,5,6,0.875,0.125,0.3125,0.375
direct,bm25,42,50,shared,31,31,0,0,27,30,1,0,0.870967741935,0.967741935484
direct,bm25,42,50,method_only,19,19,0,0,17,19,1,0,0.894736842105,1
direct,bm25,42,50,bm25_only,19,19,0,0,7,8,1,0,0.368421052632,0.421052631579
direct,bm25,43,50,shared,34,34,0,0,26,30,1,0,0.764705882353,0.882352941176
direct,bm25,43,50,method_only,16,16,0,0,16,16,1,0,1,1
direct,bm25,43,50,bm25_only,16,16,0,0,11,11,1,0,0.6875,0.6875
direct,bm25,44,50,shared,32,32,0,0,27,30,1,0,0.84375,0.9375
direct,bm25,44,50,method_only,18,18,0,0,17,18,1,0,0.944444444444,1
direct,bm25,44,50,bm25_only,18,13,5,0,2,5,0.722222222222,0.277777777778,0.111111111111,0.277777777778
direct,bm25,45,50,shared,25,24,1,0,11,21,0.96,0.04,0.44,0.84
direct,bm25,45,50,method_only,25,24,1,0,7,24,0.96,0.04,0.28,0.96
direct,bm25,45,50,bm25_only,25,22,3,0,8,19,0.88,0.12,0.32,0.76
direct,bm25,46,50,shared,38,38,0,0,22,30,1,0,0.578947368421,0.789473684211
direct,bm25,46,50,method_only,12,11,1,0,3,8,0.916666666667,0.0833333333333,0.25,0.666666666667
direct,bm25,46,50,bm25_only,12,12,0,0,0,0,1,0,0,0
direct,bm25,47,50,shared,21,20,1,0,13,17,0.952380952381,0.047619047619,0.619047619048,0.809523809524
direct,bm25,47,50,method_only,29,27,2,0,19,20,0.931034482759,0.0689655172414,0.655172413793,0.689655172414
direct,bm25,47,50,bm25_only,29,10,19,0,0,0,0.344827586207,0.655172413793,0,0
direct,bm25,48,50,shared,21,17,4,0,16,17,0.809523809524,0.190476190476,0.761904761905,0.809523809524
direct,bm25,48,50,method_only,29,29,0,0,27,29,1,0,0.931034482759,1
direct,bm25,48,50,bm25_only,29,11,18,0,4,9,0.379310344828,0.620689655172,0.137931034483,0.310344827586
direct,bm25,49,50,shared,17,17,0,0,5,12,1,0,0.294117647059,0.705882352941
direct,bm25,49,50,method_only,33,32,1,0,13,22,0.969696969697,0.030303030303,0.393939393939,0.666666666667
direct,bm25,49,50,bm25_only,33,29,4,0,0,1,0.878787878788,0.121212121212,0,0.030303030303
direct,bm25,50,50,shared,21,21,0,0,7,14,1,0,0.333333333333,0.666666666667
direct,bm25,50,50,method_only,29,25,4,0,4,12,0.862068965517,0.137931034483,0.137931034483,0.413793103448
direct,bm25,50,50,bm25_only,29,19,10,0,1,3,0.655172413793,0.344827586207,0.0344827586207,0.103448275862
direct,bm25,1,100,shared,51,35,16,0,12,28,0.686274509804,0.313725490196,0.235294117647,0.549019607843
direct,bm25,1,100,method_only,49,38,11,0,8,28,0.775510204082,0.224489795918,0.163265306122,0.571428571429
direct,bm25,1,100,bm25_only,49,19,30,0,2,3,0.387755102041,0.612244897959,0.0408163265306,0.0612244897959
direct,bm25,2,100,shared,68,63,5,0,37,43,0.926470588235,0.0735294117647,0.544117647059,0.632352941176
direct,bm25,2,100,method_only,32,25,7,0,14,18,0.78125,0.21875,0.4375,0.5625
direct,bm25,2,100,bm25_only,32,15,17,0,0,0,0.46875,0.53125,0,0
direct,bm25,3,100,shared,66,56,10,0,22,38,0.848484848485,0.151515151515,0.333333333333,0.575757575758
direct,bm25,3,100,method_only,34,26,8,0,13,20,0.764705882353,0.235294117647,0.382352941176,0.588235294118
direct,bm25,3,100,bm25_only,34,22,12,0,6,10,0.647058823529,0.352941176471,0.176470588235,0.294117647059
direct,bm25,4,100,shared,72,52,20,0,17,24,0.722222222222,0.277777777778,0.236111111111,0.333333333333
direct,bm25,4,100,method_only,28,20,8,0,9,15,0.714285714286,0.285714285714,0.321428571429,0.535714285714
direct,bm25,4,100,bm25_only,28,17,11,0,1,2,0.607142857143,0.392857142857,0.0357142857143,0.0714285714286
direct,bm25,5,100,shared,47,38,9,0,16,32,0.808510638298,0.191489361702,0.340425531915,0.68085106383
direct,bm25,5,100,method_only,53,34,19,0,19,26,0.641509433962,0.358490566038,0.358490566038,0.490566037736
direct,bm25,5,100,bm25_only,53,33,20,0,11,24,0.622641509434,0.377358490566,0.207547169811,0.452830188679
direct,bm25,6,100,shared,47,46,1,0,43,45,0.978723404255,0.0212765957447,0.914893617021,0.957446808511
direct,bm25,6,100,method_only,53,34,19,0,30,31,0.641509433962,0.358490566038,0.566037735849,0.584905660377
direct,bm25,6,100,bm25_only,53,21,32,0,9,15,0.396226415094,0.603773584906,0.169811320755,0.283018867925
direct,bm25,7,100,shared,68,66,2,0,49,52,0.970588235294,0.0294117647059,0.720588235294,0.764705882353
direct,bm25,7,100,method_only,32,28,4,0,24,25,0.875,0.125,0.75,0.78125
direct,bm25,7,100,bm25_only,32,22,10,0,3,5,0.6875,0.3125,0.09375,0.15625
direct,bm25,8,100,shared,55,42,13,0,27,36,0.763636363636,0.236363636364,0.490909090909,0.654545454545
direct,bm25,8,100,method_only,45,27,18,0,20,26,0.6,0.4,0.444444444444,0.577777777778
direct,bm25,8,100,bm25_only,45,19,26,0,2,7,0.422222222222,0.577777777778,0.0444444444444,0.155555555556
direct,bm25,9,100,shared,69,63,6,0,12,21,0.913043478261,0.0869565217391,0.173913043478,0.304347826087
direct,bm25,9,100,method_only,31,23,8,0,8,14,0.741935483871,0.258064516129,0.258064516129,0.451612903226
direct,bm25,9,100,bm25_only,31,25,6,0,5,9,0.806451612903,0.193548387097,0.161290322581,0.290322580645
direct,bm25,10,100,shared,66,62,4,0,34,52,0.939393939394,0.0606060606061,0.515151515152,0.787878787879
direct,bm25,10,100,method_only,34,31,3,0,19,24,0.911764705882,0.0882352941176,0.558823529412,0.705882352941
direct,bm25,10,100,bm25_only,34,27,7,0,8,18,0.794117647059,0.205882352941,0.235294117647,0.529411764706
direct,bm25,11,100,shared,74,64,10,0,19,29,0.864864864865,0.135135135135,0.256756756757,0.391891891892
direct,bm25,11,100,method_only,26,15,11,0,4,9,0.576923076923,0.423076923077,0.153846153846,0.346153846154
direct,bm25,11,100,bm25_only,26,21,5,0,1,5,0.807692307692,0.192307692308,0.0384615384615,0.192307692308
direct,bm25,12,100,shared,58,49,9,0,10,28,0.844827586207,0.155172413793,0.172413793103,0.48275862069
direct,bm25,12,100,method_only,42,28,14,0,8,16,0.666666666667,0.333333333333,0.190476190476,0.380952380952
direct,bm25,12,100,bm25_only,42,29,13,0,3,15,0.690476190476,0.309523809524,0.0714285714286,0.357142857143
direct,bm25,13,100,shared,66,56,10,0,26,47,0.848484848485,0.151515151515,0.393939393939,0.712121212121
direct,bm25,13,100,method_only,34,26,8,0,10,20,0.764705882353,0.235294117647,0.294117647059,0.588235294118
direct,bm25,13,100,bm25_only,34,21,13,0,2,11,0.617647058824,0.382352941176,0.0588235294118,0.323529411765
direct,bm25,14,100,shared,76,76,0,0,34,60,1,0,0.447368421053,0.789473684211
direct,bm25,14,100,method_only,24,16,8,0,5,10,0.666666666667,0.333333333333,0.208333333333,0.416666666667
direct,bm25,14,100,bm25_only,24,20,4,0,1,5,0.833333333333,0.166666666667,0.0416666666667,0.208333333333
direct,bm25,15,100,shared,30,23,7,0,4,7,0.766666666667,0.233333333333,0.133333333333,0.233333333333
direct,bm25,15,100,method_only,70,28,42,0,4,5,0.4,0.6,0.0571428571429,0.0714285714286
direct,bm25,15,100,bm25_only,70,26,44,0,0,0,0.371428571429,0.628571428571,0,0
direct,bm25,16,100,shared,31,29,2,0,10,18,0.935483870968,0.0645161290323,0.322580645161,0.58064516129
direct,bm25,16,100,method_only,69,60,9,0,40,54,0.869565217391,0.130434782609,0.579710144928,0.782608695652
direct,bm25,16,100,bm25_only,69,33,36,0,0,0,0.478260869565,0.521739130435,0,0
direct,bm25,17,100,shared,51,45,6,0,20,36,0.882352941176,0.117647058824,0.392156862745,0.705882352941
direct,bm25,17,100,method_only,49,36,13,0,15,29,0.734693877551,0.265306122449,0.30612244898,0.591836734694
direct,bm25,17,100,bm25_only,49,33,16,0,7,21,0.673469387755,0.326530612245,0.142857142857,0.428571428571
direct,bm25,18,100,shared,65,63,2,0,35,56,0.969230769231,0.0307692307692,0.538461538462,0.861538461538
direct,bm25,18,100,method_only,35,32,3,0,20,27,0.914285714286,0.0857142857143,0.571428571429,0.771428571429
direct,bm25,18,100,bm25_only,35,25,10,0,12,19,0.714285714286,0.285714285714,0.342857142857,0.542857142857
direct,bm25,19,100,shared,71,66,5,0,9,23,0.929577464789,0.0704225352113,0.12676056338,0.323943661972
direct,bm25,19,100,method_only,29,27,2,0,4,7,0.931034482759,0.0689655172414,0.137931034483,0.241379310345
direct,bm25,19,100,bm25_only,29,17,12,0,1,3,0.586206896552,0.413793103448,0.0344827586207,0.103448275862
direct,bm25,20,100,shared,59,54,5,0,52,53,0.915254237288,0.0847457627119,0.881355932203,0.898305084746
direct,bm25,20,100,method_only,41,36,5,0,34,35,0.878048780488,0.121951219512,0.829268292683,0.853658536585
direct,bm25,20,100,bm25_only,41,36,5,0,8,17,0.878048780488,0.121951219512,0.19512195122,0.414634146341
direct,bm25,21,100,shared,67,62,5,0,40,42,0.925373134328,0.0746268656716,0.597014925373,0.626865671642
direct,bm25,21,100,method_only,33,25,8,0,13,17,0.757575757576,0.242424242424,0.393939393939,0.515151515152
direct,bm25,21,100,bm25_only,33,17,16,0,2,3,0.515151515152,0.484848484848,0.0606060606061,0.0909090909091
direct,bm25,22,100,shared,68,57,11,0,46,55,0.838235294118,0.161764705882,0.676470588235,0.808823529412
direct,bm25,22,100,method_only,32,27,5,0,24,27,0.84375,0.15625,0.75,0.84375
direct,bm25,22,100,bm25_only,32,16,16,0,3,7,0.5,0.5,0.09375,0.21875
direct,bm25,23,100,shared,58,53,5,0,40,49,0.913793103448,0.0862068965517,0.689655172414,0.844827586207
direct,bm25,23,100,method_only,42,36,6,0,26,33,0.857142857143,0.142857142857,0.619047619048,0.785714285714
direct,bm25,23,100,bm25_only,42,15,27,0,0,3,0.357142857143,0.642857142857,0,0.0714285714286
direct,bm25,24,100,shared,65,63,2,0,53,61,0.969230769231,0.0307692307692,0.815384615385,0.938461538462
direct,bm25,24,100,method_only,35,32,3,0,28,32,0.914285714286,0.0857142857143,0.8,0.914285714286
direct,bm25,24,100,bm25_only,35,21,14,0,6,9,0.6,0.4,0.171428571429,0.257142857143
direct,bm25,25,100,shared,44,34,10,0,12,14,0.772727272727,0.227272727273,0.272727272727,0.318181818182
direct,bm25,25,100,method_only,56,32,24,0,21,25,0.571428571429,0.428571428571,0.375,0.446428571429
direct,bm25,25,100,bm25_only,56,32,24,0,2,3,0.571428571429,0.428571428571,0.0357142857143,0.0535714285714
direct,bm25,26,100,shared,73,47,26,0,37,40,0.643835616438,0.356164383562,0.506849315068,0.547945205479
direct,bm25,26,100,method_only,27,18,9,0,17,18,0.666666666667,0.333333333333,0.62962962963,0.666666666667
direct,bm25,26,100,bm25_only,27,15,12,0,3,4,0.555555555556,0.444444444444,0.111111111111,0.148148148148
direct,bm25,27,100,shared,57,54,3,0,45,53,0.947368421053,0.0526315789474,0.789473684211,0.929824561404
direct,bm25,27,100,method_only,43,33,10,0,29,33,0.767441860465,0.232558139535,0.674418604651,0.767441860465
direct,bm25,27,100,bm25_only,43,36,7,0,17,34,0.837209302326,0.162790697674,0.395348837209,0.790697674419
direct,bm25,28,100,shared,75,66,9,0,58,59,0.88,0.12,0.773333333333,0.786666666667
direct,bm25,28,100,method_only,25,22,3,0,22,22,0.88,0.12,0.88,0.88
direct,bm25,28,100,bm25_only,25,18,7,0,13,15,0.72,0.28,0.52,0.6
direct,bm25,29,100,shared,80,79,1,0,38,55,0.9875,0.0125,0.475,0.6875
direct,bm25,29,100,method_only,20,16,4,0,9,12,0.8,0.2,0.45,0.6
direct,bm25,29,100,bm25_only,20,17,3,0,8,9,0.85,0.15,0.4,0.45
direct,bm25,30,100,shared,67,64,3,0,55,62,0.955223880597,0.044776119403,0.820895522388,0.925373134328
direct,bm25,30,100,method_only,33,22,11,0,18,22,0.666666666667,0.333333333333,0.545454545455,0.666666666667
direct,bm25,30,100,bm25_only,33,30,3,0,13,25,0.909090909091,0.0909090909091,0.393939393939,0.757575757576
direct,bm25,31,100,shared,56,55,1,0,11,18,0.982142857143,0.0178571428571,0.196428571429,0.321428571429
direct,bm25,31,100,method_only,44,37,7,0,9,17,0.840909090909,0.159090909091,0.204545454545,0.386363636364
direct,bm25,31,100,bm25_only,44,43,1,0,1,3,0.977272727273,0.0227272727273,0.0227272727273,0.0681818181818
direct,bm25,32,100,shared,33,32,1,0,9,13,0.969696969697,0.030303030303,0.272727272727,0.393939393939
direct,bm25,32,100,method_only,67,10,57,0,1,2,0.149253731343,0.850746268657,0.0149253731343,0.0298507462687
direct,bm25,32,100,bm25_only,67,46,21,0,4,4,0.686567164179,0.313432835821,0.0597014925373,0.0597014925373
direct,bm25,33,100,shared,65,63,2,0,28,41,0.969230769231,0.0307692307692,0.430769230769,0.630769230769
direct,bm25,33,100,method_only,35,33,2,0,13,18,0.942857142857,0.0571428571429,0.371428571429,0.514285714286
direct,bm25,33,100,bm25_only,35,21,14,0,2,3,0.6,0.4,0.0571428571429,0.0857142857143
direct,bm25,34,100,shared,40,31,9,0,7,13,0.775,0.225,0.175,0.325
direct,bm25,34,100,method_only,60,36,24,0,8,12,0.6,0.4,0.133333333333,0.2
direct,bm25,34,100,bm25_only,60,18,42,0,2,3,0.3,0.7,0.0333333333333,0.05
direct,bm25,35,100,shared,61,57,4,0,30,32,0.934426229508,0.0655737704918,0.491803278689,0.524590163934
direct,bm25,35,100,method_only,39,29,10,0,12,13,0.74358974359,0.25641025641,0.307692307692,0.333333333333
direct,bm25,35,100,bm25_only,39,27,12,0,13,13,0.692307692308,0.307692307692,0.333333333333,0.333333333333
direct,bm25,36,100,shared,71,70,1,0,59,62,0.985915492958,0.0140845070423,0.830985915493,0.87323943662
direct,bm25,36,100,method_only,29,26,3,0,21,23,0.896551724138,0.103448275862,0.724137931034,0.793103448276
direct,bm25,36,100,bm25_only,29,28,1,0,19,23,0.965517241379,0.0344827586207,0.655172413793,0.793103448276
direct,bm25,37,100,shared,78,77,1,0,41,62,0.987179487179,0.0128205128205,0.525641025641,0.794871794872
direct,bm25,37,100,method_only,22,22,0,0,6,9,1,0,0.272727272727,0.409090909091
direct,bm25,37,100,bm25_only,22,22,0,0,8,11,1,0,0.363636363636,0.5
direct,bm25,38,100,shared,55,53,2,0,31,45,0.963636363636,0.0363636363636,0.563636363636,0.818181818182
direct,bm25,38,100,method_only,45,42,3,0,29,41,0.933333333333,0.0666666666667,0.644444444444,0.911111111111
direct,bm25,38,100,bm25_only,45,32,13,0,5,10,0.711111111111,0.288888888889,0.111111111111,0.222222222222
direct,bm25,39,100,shared,70,70,0,0,53,70,1,0,0.757142857143,1
direct,bm25,39,100,method_only,30,29,1,0,21,29,0.966666666667,0.0333333333333,0.7,0.966666666667
direct,bm25,39,100,bm25_only,30,30,0,0,11,27,1,0,0.366666666667,0.9
direct,bm25,40,100,shared,85,84,1,0,75,84,0.988235294118,0.0117647058824,0.882352941176,0.988235294118
direct,bm25,40,100,method_only,15,15,0,0,12,14,1,0,0.8,0.933333333333
direct,bm25,40,100,bm25_only,15,15,0,0,11,13,1,0,0.733333333333,0.866666666667
direct,bm25,41,100,shared,72,70,2,0,49,55,0.972222222222,0.0277777777778,0.680555555556,0.763888888889
direct,bm25,41,100,method_only,28,26,2,0,14,17,0.928571428571,0.0714285714286,0.5,0.607142857143
direct,bm25,41,100,bm25_only,28,27,1,0,6,7,0.964285714286,0.0357142857143,0.214285714286,0.25
direct,bm25,42,100,shared,58,58,0,0,47,52,1,0,0.810344827586,0.896551724138
direct,bm25,42,100,method_only,42,42,0,0,40,42,1,0,0.952380952381,1
direct,bm25,42,100,bm25_only,42,37,5,0,14,17,0.880952380952,0.119047619048,0.333333333333,0.404761904762
direct,bm25,43,100,shared,70,70,0,0,57,63,1,0,0.814285714286,0.9
direct,bm25,43,100,method_only,30,27,3,0,26,27,0.9,0.1,0.866666666667,0.9
direct,bm25,43,100,bm25_only,30,29,1,0,12,15,0.966666666667,0.0333333333333,0.4,0.5
direct,bm25,44,100,shared,62,62,0,0,48,57,1,0,0.774193548387,0.91935483871
direct,bm25,44,100,method_only,38,38,0,0,31,37,1,0,0.815789473684,0.973684210526
direct,bm25,44,100,bm25_only,38,26,12,0,4,10,0.684210526316,0.315789473684,0.105263157895,0.263157894737
direct,bm25,45,100,shared,60,56,4,0,23,52,0.933333333333,0.0666666666667,0.383333333333,0.866666666667
direct,bm25,45,100,method_only,40,36,4,0,10,36,0.9,0.1,0.25,0.9
direct,bm25,45,100,bm25_only,40,34,6,0,9,29,0.85,0.15,0.225,0.725
direct,bm25,46,100,shared,60,59,1,0,25,34,0.983333333333,0.0166666666667,0.416666666667,0.566666666667
direct,bm25,46,100,method_only,40,19,21,0,4,15,0.475,0.525,0.1,0.375
direct,bm25,46,100,bm25_only,40,28,12,0,5,6,0.7,0.3,0.125,0.15
direct,bm25,47,100,shared,38,35,3,0,22,28,0.921052631579,0.0789473684211,0.578947368421,0.736842105263
direct,bm25,47,100,method_only,62,47,15,0,30,38,0.758064516129,0.241935483871,0.483870967742,0.612903225806
direct,bm25,47,100,bm25_only,62,25,37,0,3,3,0.403225806452,0.596774193548,0.0483870967742,0.0483870967742
direct,bm25,48,100,shared,44,36,8,0,29,36,0.818181818182,0.181818181818,0.659090909091,0.818181818182
direct,bm25,48,100,method_only,56,52,4,0,42,51,0.928571428571,0.0714285714286,0.75,0.910714285714
direct,bm25,48,100,bm25_only,56,16,40,0,3,10,0.285714285714,0.714285714286,0.0535714285714,0.178571428571
direct,bm25,49,100,shared,42,41,1,0,7,18,0.97619047619,0.0238095238095,0.166666666667,0.428571428571
direct,bm25,49,100,method_only,58,56,2,0,23,40,0.965517241379,0.0344827586207,0.396551724138,0.689655172414
direct,bm25,49,100,bm25_only,58,36,22,0,0,2,0.620689655172,0.379310344828,0,0.0344827586207
direct,bm25,50,100,shared,56,49,7,0,8,23,0.875,0.125,0.142857142857,0.410714285714
direct,bm25,50,100,method_only,44,38,6,0,6,15,0.863636363636,0.136363636364,0.136363636364,0.340909090909
direct,bm25,50,100,bm25_only,44,27,17,0,4,8,0.613636363636,0.386363636364,0.0909090909091,0.181818181818
direct,bm25,1,1000,shared,754,311,443,0,77,164,0.412466843501,0.587533156499,0.102122015915,0.2175066313
direct,bm25,1,1000,method_only,246,30,216,0,6,20,0.121951219512,0.878048780488,0.0243902439024,0.0813008130081
direct,bm25,1,1000,bm25_only,246,16,230,0,0,1,0.0650406504065,0.934959349593,0,0.00406504065041
direct,bm25,2,1000,shared,449,179,270,0,73,93,0.398663697105,0.601336302895,0.162583518931,0.207126948775
direct,bm25,2,1000,method_only,551,60,491,0,30,32,0.10889292196,0.89110707804,0.05444646098,0.0580762250454
direct,bm25,2,1000,bm25_only,551,24,527,0,0,1,0.043557168784,0.956442831216,0,0.00181488203267
direct,bm25,3,1000,shared,767,365,402,0,92,207,0.475880052151,0.524119947849,0.119947848761,0.269882659713
direct,bm25,3,1000,method_only,233,55,178,0,23,49,0.236051502146,0.763948497854,0.0987124463519,0.210300429185
direct,bm25,3,1000,bm25_only,233,37,196,0,0,9,0.158798283262,0.841201716738,0,0.0386266094421
direct,bm25,4,1000,shared,797,278,519,0,64,132,0.348808030113,0.651191969887,0.0803011292346,0.165621079046
direct,bm25,4,1000,method_only,203,49,154,0,27,38,0.241379310345,0.758620689655,0.133004926108,0.187192118227
direct,bm25,4,1000,bm25_only,203,16,187,0,0,1,0.0788177339901,0.92118226601,0,0.00492610837438
direct,bm25,5,1000,shared,765,374,391,0,133,252,0.488888888889,0.511111111111,0.17385620915,0.329411764706
direct,bm25,5,1000,method_only,235,51,184,0,16,31,0.217021276596,0.782978723404,0.068085106383,0.131914893617
direct,bm25,5,1000,bm25_only,235,47,188,0,5,19,0.2,0.8,0.0212765957447,0.0808510638298
direct,bm25,6,1000,shared,657,339,318,0,237,291,0.51598173516,0.48401826484,0.360730593607,0.442922374429
direct,bm25,6,1000,method_only,343,96,247,0,65,90,0.279883381924,0.720116618076,0.189504373178,0.262390670554
direct,bm25,6,1000,bm25_only,343,39,304,0,12,18,0.113702623907,0.886297376093,0.0349854227405,0.0524781341108
direct,bm25,7,1000,shared,775,465,310,0,294,309,0.6,0.4,0.37935483871,0.398709677419
direct,bm25,7,1000,method_only,225,80,145,0,51,55,0.355555555556,0.644444444444,0.226666666667,0.244444444444
direct,bm25,7,1000,bm25_only,225,38,187,0,2,4,0.168888888889,0.831111111111,0.00888888888889,0.0177777777778
direct,bm25,8,1000,shared,594,229,365,0,81,153,0.385521885522,0.614478114478,0.136363636364,0.257575757576
direct,bm25,8,1000,method_only,406,94,312,0,52,84,0.231527093596,0.768472906404,0.128078817734,0.206896551724
direct,bm25,8,1000,bm25_only,406,35,371,0,0,3,0.0862068965517,0.913793103448,0,0.00738916256158
direct,bm25,9,1000,shared,752,272,480,0,58,108,0.36170212766,0.63829787234,0.0771276595745,0.143617021277
direct,bm25,9,1000,method_only,248,24,224,0,5,9,0.0967741935484,0.903225806452,0.0201612903226,0.0362903225806
direct,bm25,9,1000,bm25_only,248,20,228,0,1,2,0.0806451612903,0.91935483871,0.00403225806452,0.00806451612903
direct,bm25,10,1000,shared,791,403,388,0,160,264,0.509481668774,0.490518331226,0.202275600506,0.333754740834
direct,bm25,10,1000,method_only,209,65,144,0,28,49,0.311004784689,0.688995215311,0.133971291866,0.234449760766
direct,bm25,10,1000,bm25_only,209,27,182,0,2,7,0.129186602871,0.870813397129,0.00956937799043,0.0334928229665
direct,bm25,11,1000,shared,800,336,464,0,72,133,0.42,0.58,0.09,0.16625
direct,bm25,11,1000,method_only,200,30,170,0,0,3,0.15,0.85,0,0.015
direct,bm25,11,1000,bm25_only,200,31,169,0,6,10,0.155,0.845,0.03,0.05
direct,bm25,12,1000,shared,729,295,434,0,62,152,0.404663923182,0.595336076818,0.0850480109739,0.208504801097
direct,bm25,12,1000,method_only,271,55,216,0,19,33,0.20295202952,0.79704797048,0.070110701107,0.121771217712
direct,bm25,12,1000,bm25_only,271,32,239,0,6,14,0.118081180812,0.881918819188,0.0221402214022,0.0516605166052
direct,bm25,13,1000,shared,744,339,405,0,98,239,0.45564516129,0.54435483871,0.131720430108,0.32123655914
direct,bm25,13,1000,method_only,256,71,185,0,15,57,0.27734375,0.72265625,0.05859375,0.22265625
direct,bm25,13,1000,bm25_only,256,22,234,0,0,7,0.0859375,0.9140625,0,0.02734375
direct,bm25,14,1000,shared,320,183,137,0,45,83,0.571875,0.428125,0.140625,0.259375
direct,bm25,14,1000,method_only,680,43,637,0,3,9,0.0632352941176,0.936764705882,0.00441176470588,0.0132352941176
direct,bm25,14,1000,bm25_only,680,60,620,0,2,7,0.0882352941176,0.911764705882,0.00294117647059,0.0102941176471
direct,bm25,15,1000,shared,418,144,274,0,7,14,0.344497607656,0.655502392344,0.0167464114833,0.0334928229665
direct,bm25,15,1000,method_only,582,65,517,0,18,38,0.111683848797,0.888316151203,0.0309278350515,0.0652920962199
direct,bm25,15,1000,bm25_only,582,85,497,0,0,3,0.146048109966,0.853951890034,0,0.00515463917526
direct,bm25,16,1000,shared,586,250,336,0,53,95,0.42662116041,0.57337883959,0.0904436860068,0.162116040956
direct,bm25,16,1000,method_only,414,117,297,0,39,72,0.282608695652,0.717391304348,0.0942028985507,0.173913043478
direct,bm25,16,1000,bm25_only,414,22,392,0,0,0,0.0531400966184,0.946859903382,0,0
direct,bm25,17,1000,shared,812,401,411,0,144,306,0.493842364532,0.506157635468,0.177339901478,0.37684729064
direct,bm25,17,1000,method_only,188,42,146,0,17,33,0.223404255319,0.776595744681,0.0904255319149,0.175531914894
direct,bm25,17,1000,bm25_only,188,10,178,0,0,1,0.0531914893617,0.946808510638,0,0.00531914893617
direct,bm25,18,1000,shared,819,435,384,0,190,342,0.531135531136,0.468864468864,0.23199023199,0.417582417582
direct,bm25,18,1000,method_only,181,60,121,0,26,47,0.331491712707,0.668508287293,0.14364640884,0.259668508287
direct,bm25,18,1000,bm25_only,181,22,159,0,0,3,0.121546961326,0.878453038674,0,0.0165745856354
direct,bm25,19,1000,shared,598,261,337,0,23,62,0.436454849498,0.563545150502,0.0384615384615,0.103678929766
direct,bm25,19,1000,method_only,402,66,336,0,9,13,0.164179104478,0.835820895522,0.0223880597015,0.0323383084577
direct,bm25,19,1000,bm25_only,402,26,376,0,0,0,0.0646766169154,0.935323383085,0,0
direct,bm25,20,1000,shared,840,475,365,0,312,399,0.565476190476,0.434523809524,0.371428571429,0.475
direct,bm25,20,1000,method_only,160,37,123,0,33,36,0.23125,0.76875,0.20625,0.225
direct,bm25,20,1000,bm25_only,160,31,129,0,1,16,0.19375,0.80625,0.00625,0.1
direct,bm25,21,1000,shared,688,314,374,0,169,186,0.456395348837,0.543604651163,0.245639534884,0.270348837209
direct,bm25,21,1000,method_only,312,119,193,0,86,98,0.38141025641,0.61858974359,0.275641025641,0.314102564103
direct,bm25,21,1000,bm25_only,312,18,294,0,3,4,0.0576923076923,0.942307692308,0.00961538461538,0.0128205128205
direct,bm25,22,1000,shared,785,292,493,0,186,254,0.371974522293,0.628025477707,0.236942675159,0.323566878981
direct,bm25,22,1000,method_only,215,71,144,0,55,69,0.33023255814,0.66976744186,0.255813953488,0.320930232558
direct,bm25,22,1000,bm25_only,215,15,200,0,0,0,0.0697674418605,0.93023255814,0,0
direct,bm25,23,1000,shared,735,292,443,0,118,182,0.397278911565,0.602721088435,0.160544217687,0.247619047619
direct,bm25,23,1000,method_only,265,72,193,0,17,47,0.271698113208,0.728301886792,0.0641509433962,0.177358490566
direct,bm25,23,1000,bm25_only,265,6,259,0,0,1,0.022641509434,0.977358490566,0,0.00377358490566
direct,bm25,24,1000,shared,709,326,383,0,215,269,0.459802538787,0.540197461213,0.303244005642,0.379407616361
direct,bm25,24,1000,method_only,291,71,220,0,33,54,0.243986254296,0.756013745704,0.113402061856,0.185567010309
direct,bm25,24,1000,bm25_only,291,19,272,0,1,3,0.0652920962199,0.93470790378,0.00343642611684,0.0103092783505
direct,bm25,25,1000,shared,746,288,458,0,85,113,0.386058981233,0.613941018767,0.113941018767,0.151474530831
direct,bm25,25,1000,method_only,254,115,139,0,85,104,0.452755905512,0.547244094488,0.334645669291,0.409448818898
direct,bm25,25,1000,bm25_only,254,55,199,0,2,4,0.216535433071,0.783464566929,0.00787401574803,0.0157480314961
direct,bm25,26,1000,shared,776,313,463,0,208,241,0.403350515464,0.596649484536,0.268041237113,0.310567010309
direct,bm25,26,1000,method_only,224,83,141,0,69,77,0.370535714286,0.629464285714,0.308035714286,0.34375
direct,bm25,26,1000,bm25_only,224,11,213,0,1,2,0.0491071428571,0.950892857143,0.00446428571429,0.00892857142857
direct,bm25,27,1000,shared,910,422,488,0,224,384,0.463736263736,0.536263736264,0.246153846154,0.421978021978
direct,bm25,27,1000,method_only,90,7,83,0,3,6,0.0777777777778,0.922222222222,0.0333333333333,0.0666666666667
direct,bm25,27,1000,bm25_only,90,15,75,0,3,4,0.166666666667,0.833333333333,0.0333333333333,0.0444444444444
direct,bm25,28,1000,shared,830,416,414,0,360,380,0.501204819277,0.498795180723,0.433734939759,0.457831325301
direct,bm25,28,1000,method_only,170,65,105,0,49,60,0.382352941176,0.617647058824,0.288235294118,0.352941176471
direct,bm25,28,1000,bm25_only,170,7,163,0,3,3,0.0411764705882,0.958823529412,0.0176470588235,0.0176470588235
direct,bm25,29,1000,shared,809,434,375,0,191,290,0.536464771323,0.463535228677,0.23609394314,0.358467243511
direct,bm25,29,1000,method_only,191,64,127,0,29,51,0.335078534031,0.664921465969,0.151832460733,0.267015706806
direct,bm25,29,1000,bm25_only,191,43,148,0,8,16,0.225130890052,0.774869109948,0.0418848167539,0.0837696335079
direct,bm25,30,1000,shared,759,316,443,0,149,245,0.416337285903,0.583662714097,0.196310935441,0.32279314888
direct,bm25,30,1000,method_only,241,36,205,0,5,21,0.149377593361,0.850622406639,0.0207468879668,0.0871369294606
direct,bm25,30,1000,bm25_only,241,21,220,0,1,7,0.0871369294606,0.912863070539,0.00414937759336,0.0290456431535
direct,bm25,31,1000,shared,744,376,368,0,33,94,0.505376344086,0.494623655914,0.0443548387097,0.126344086022
direct,bm25,31,1000,method_only,256,35,221,0,8,15,0.13671875,0.86328125,0.03125,0.05859375
direct,bm25,31,1000,bm25_only,256,45,211,0,1,5,0.17578125,0.82421875,0.00390625,0.01953125
direct,bm25,32,1000,shared,426,135,291,0,24,38,0.316901408451,0.683098591549,0.056338028169,0.0892018779343
direct,bm25,32,1000,method_only,574,51,523,0,13,16,0.088850174216,0.911149825784,0.0226480836237,0.0278745644599
direct,bm25,32,1000,bm25_only,574,103,471,0,4,9,0.179442508711,0.820557491289,0.00696864111498,0.0156794425087
direct,bm25,33,1000,shared,685,379,306,0,91,136,0.553284671533,0.446715328467,0.132846715328,0.198540145985
direct,bm25,33,1000,method_only,315,70,245,0,21,41,0.222222222222,0.777777777778,0.0666666666667,0.130158730159
direct,bm25,33,1000,bm25_only,315,51,264,0,3,4,0.161904761905,0.838095238095,0.00952380952381,0.0126984126984
direct,bm25,34,1000,shared,583,219,364,0,36,57,0.3756432247,0.6243567753,0.0617495711835,0.0977701543739
direct,bm25,34,1000,method_only,417,55,362,0,11,18,0.131894484412,0.868105515588,0.0263788968825,0.0431654676259
direct,bm25,34,1000,bm25_only,417,12,405,0,0,0,0.0287769784173,0.971223021583,0,0
direct,bm25,35,1000,shared,751,315,436,0,106,113,0.419440745672,0.580559254328,0.141145139814,0.150466045273
direct,bm25,35,1000,method_only,249,43,206,0,10,16,0.172690763052,0.827309236948,0.0401606425703,0.0642570281124
direct,bm25,35,1000,bm25_only,249,27,222,0,5,5,0.10843373494,0.89156626506,0.0200803212851,0.0200803212851
direct,bm25,36,1000,shared,861,528,333,0,368,411,0.613240418118,0.386759581882,0.427409988386,0.477351916376
direct,bm25,36,1000,method_only,139,37,102,0,22,24,0.26618705036,0.73381294964,0.158273381295,0.172661870504
direct,bm25,36,1000,bm25_only,139,40,99,0,11,19,0.287769784173,0.712230215827,0.0791366906475,0.136690647482
direct,bm25,37,1000,shared,840,539,301,0,226,301,0.641666666667,0.358333333333,0.269047619048,0.358333333333
direct,bm25,37,1000,method_only,160,67,93,0,25,41,0.41875,0.58125,0.15625,0.25625
direct,bm25,37,1000,bm25_only,160,30,130,0,5,6,0.1875,0.8125,0.03125,0.0375
direct,bm25,38,1000,shared,691,448,243,0,212,368,0.648335745297,0.351664254703,0.306801736614,0.532561505065
direct,bm25,38,1000,method_only,309,176,133,0,133,168,0.569579288026,0.430420711974,0.430420711974,0.543689320388
direct,bm25,38,1000,bm25_only,309,73,236,0,2,24,0.236245954693,0.763754045307,0.00647249190939,0.0776699029126
direct,bm25,39,1000,shared,889,603,286,0,342,571,0.678290213723,0.321709786277,0.384701912261,0.642294713161
direct,bm25,39,1000,method_only,111,27,84,0,14,27,0.243243243243,0.756756756757,0.126126126126,0.243243243243
direct,bm25,39,1000,bm25_only,111,27,84,0,7,23,0.243243243243,0.756756756757,0.0630630630631,0.207207207207
direct,bm25,40,1000,shared,717,497,220,0,276,367,0.693165969317,0.306834030683,0.384937238494,0.511854951185
direct,bm25,40,1000,method_only,283,80,203,0,36,64,0.282685512367,0.717314487633,0.127208480565,0.226148409894
direct,bm25,40,1000,bm25_only,283,59,224,0,2,7,0.208480565371,0.791519434629,0.00706713780919,0.0247349823322
direct,bm25,41,1000,shared,642,274,368,0,96,118,0.426791277259,0.573208722741,0.14953271028,0.183800623053
direct,bm25,41,1000,method_only,358,157,201,0,89,110,0.438547486034,0.561452513966,0.248603351955,0.307262569832
direct,bm25,41,1000,bm25_only,358,24,334,0,1,3,0.0670391061453,0.932960893855,0.00279329608939,0.00837988826816
direct,bm25,42,1000,shared,766,329,437,0,169,187,0.429503916449,0.570496083551,0.220626631854,0.244125326371
direct,bm25,42,1000,method_only,234,27,207,0,12,13,0.115384615385,0.884615384615,0.0512820512821,0.0555555555556
direct,bm25,42,1000,bm25_only,234,6,228,0,1,1,0.025641025641,0.974358974359,0.0042735042735,0.0042735042735
direct,bm25,43,1000,shared,453,261,192,0,123,152,0.576158940397,0.423841059603,0.271523178808,0.335540838852
direct,bm25,43,1000,method_only,547,37,510,0,9,18,0.0676416819013,0.932358318099,0.0164533820841,0.0329067641682
direct,bm25,43,1000,bm25_only,547,64,483,0,4,10,0.117001828154,0.882998171846,0.0073126142596,0.018281535649
direct,bm25,44,1000,shared,710,415,295,0,216,297,0.584507042254,0.415492957746,0.304225352113,0.418309859155
direct,bm25,44,1000,method_only,290,119,171,0,71,101,0.410344827586,0.589655172414,0.244827586207,0.348275862069
direct,bm25,44,1000,bm25_only,290,16,274,0,0,1,0.0551724137931,0.944827586207,0,0.00344827586207
direct,bm25,45,1000,shared,795,498,297,0,250,456,0.62641509434,0.37358490566,0.314465408805,0.57358490566
direct,bm25,45,1000,method_only,205,49,156,0,25,47,0.239024390244,0.760975609756,0.121951219512,0.229268292683
direct,bm25,45,1000,bm25_only,205,71,134,0,31,49,0.346341463415,0.653658536585,0.151219512195,0.239024390244
direct,bm25,46,1000,shared,687,203,484,0,48,86,0.295487627365,0.704512372635,0.0698689956332,0.125181950509
direct,bm25,46,1000,method_only,313,36,277,0,16,28,0.115015974441,0.884984025559,0.0511182108626,0.0894568690096
direct,bm25,46,1000,bm25_only,313,29,284,0,1,2,0.0926517571885,0.907348242812,0.00319488817891,0.00638977635783
direct,bm25,47,1000,shared,622,309,313,0,140,185,0.496784565916,0.503215434084,0.225080385852,0.297427652733
direct,bm25,47,1000,method_only,378,110,268,0,69,80,0.291005291005,0.708994708995,0.18253968254,0.21164021164
direct,bm25,47,1000,bm25_only,378,42,336,0,3,3,0.111111111111,0.888888888889,0.00793650793651,0.00793650793651
direct,bm25,48,1000,shared,781,264,517,0,141,219,0.338028169014,0.661971830986,0.180537772087,0.280409731114
direct,bm25,48,1000,method_only,219,43,176,0,25,38,0.196347031963,0.803652968037,0.114155251142,0.173515981735
direct,bm25,48,1000,bm25_only,219,16,203,0,1,3,0.0730593607306,0.926940639269,0.00456621004566,0.013698630137
direct,bm25,49,1000,shared,676,289,387,0,46,93,0.427514792899,0.572485207101,0.0680473372781,0.137573964497
direct,bm25,49,1000,method_only,324,111,213,0,38,58,0.342592592593,0.657407407407,0.117283950617,0.179012345679
direct,bm25,49,1000,bm25_only,324,33,291,0,0,0,0.101851851852,0.898148148148,0,0
direct,bm25,50,1000,shared,765,322,443,0,29,74,0.42091503268,0.57908496732,0.037908496732,0.0967320261438
direct,bm25,50,1000,method_only,235,45,190,0,3,13,0.191489361702,0.808510638298,0.0127659574468,0.0553191489362
direct,bm25,50,1000,bm25_only,235,42,193,0,0,2,0.178723404255,0.821276595745,0,0.00851063829787
direct_minmax,bm25,1,20,shared,13,11,2,0,2,8,0.846153846154,0.153846153846,0.153846153846,0.615384615385
direct_minmax,bm25,1,20,method_only,7,6,1,0,3,6,0.857142857143,0.142857142857,0.428571428571,0.857142857143
direct_minmax,bm25,1,20,bm25_only,7,6,1,0,1,3,0.857142857143,0.142857142857,0.142857142857,0.428571428571
direct_minmax,bm25,2,20,shared,8,7,1,0,4,4,0.875,0.125,0.5,0.5
direct_minmax,bm25,2,20,method_only,12,12,0,0,10,12,1,0,0.833333333333,1
direct_minmax,bm25,2,20,bm25_only,12,12,0,0,3,3,1,0,0.25,0.25
direct_minmax,bm25,3,20,shared,10,9,1,0,4,7,0.9,0.1,0.4,0.7
direct_minmax,bm25,3,20,method_only,10,10,0,0,8,10,1,0,0.8,1
direct_minmax,bm25,3,20,bm25_only,10,9,1,0,0,0,0.9,0.1,0,0
direct_minmax,bm25,4,20,shared,10,10,0,0,2,3,1,0,0.2,0.3
direct_minmax,bm25,4,20,method_only,10,7,3,0,2,5,0.7,0.3,0.2,0.5
direct_minmax,bm25,4,20,bm25_only,10,10,0,0,0,0,1,0,0,0
direct_minmax,bm25,5,20,shared,9,9,0,0,5,9,1,0,0.555555555556,1
direct_minmax,bm25,5,20,method_only,11,6,5,0,3,5,0.545454545455,0.454545454545,0.272727272727,0.454545454545
direct_minmax,bm25,5,20,bm25_only,11,9,2,0,2,7,0.818181818182,0.181818181818,0.181818181818,0.636363636364
direct_minmax,bm25,6,20,shared,12,12,0,0,10,11,1,0,0.833333333333,0.916666666667
direct_minmax,bm25,6,20,method_only,8,8,0,0,8,8,1,0,1,1
direct_minmax,bm25,6,20,bm25_only,8,7,1,0,5,6,0.875,0.125,0.625,0.75
direct_minmax,bm25,7,20,shared,13,13,0,0,9,10,1,0,0.692307692308,0.769230769231
direct_minmax,bm25,7,20,method_only,7,7,0,0,7,7,1,0,1,1
direct_minmax,bm25,7,20,bm25_only,7,7,0,0,4,4,1,0,0.571428571429,0.571428571429
direct_minmax,bm25,8,20,shared,16,12,4,0,8,10,0.75,0.25,0.5,0.625
direct_minmax,bm25,8,20,method_only,4,4,0,0,3,4,1,0,0.75,1
direct_minmax,bm25,8,20,bm25_only,4,3,1,0,1,2,0.75,0.25,0.25,0.5
direct_minmax,bm25,9,20,shared,9,9,0,0,2,3,1,0,0.222222222222,0.333333333333
direct_minmax,bm25,9,20,method_only,11,11,0,0,3,6,1,0,0.272727272727,0.545454545455
direct_minmax,bm25,9,20,bm25_only,11,11,0,0,0,1,1,0,0,0.0909090909091
direct_minmax,bm25,10,20,shared,13,13,0,0,12,12,1,0,0.923076923077,0.923076923077
direct_minmax,bm25,10,20,method_only,7,7,0,0,5,7,1,0,0.714285714286,1
direct_minmax,bm25,10,20,bm25_only,7,7,0,0,2,6,1,0,0.285714285714,0.857142857143
direct_minmax,bm25,11,20,shared,10,10,0,0,7,9,1,0,0.7,0.9
direct_minmax,bm25,11,20,method_only,10,9,1,0,8,9,0.9,0.1,0.8,0.9
direct_minmax,bm25,11,20,bm25_only,10,8,2,0,1,1,0.8,0.2,0.1,0.1
direct_minmax,bm25,12,20,shared,8,6,2,0,1,5,0.75,0.25,0.125,0.625
direct_minmax,bm25,12,20,method_only,12,12,0,0,3,7,1,0,0.25,0.583333333333
direct_minmax,bm25,12,20,bm25_only,12,10,2,0,2,5,0.833333333333,0.166666666667,0.166666666667,0.416666666667
direct_minmax,bm25,13,20,shared,15,14,1,0,6,12,0.933333333333,0.0666666666667,0.4,0.8
direct_minmax,bm25,13,20,method_only,5,4,1,0,3,4,0.8,0.2,0.6,0.8
direct_minmax,bm25,13,20,bm25_only,5,5,0,0,1,4,1,0,0.2,0.8
direct_minmax,bm25,14,20,shared,18,18,0,0,11,15,1,0,0.611111111111,0.833333333333
direct_minmax,bm25,14,20,method_only,2,2,0,0,1,2,1,0,0.5,1
direct_minmax,bm25,14,20,bm25_only,2,2,0,0,0,1,1,0,0,0.5
direct_minmax,bm25,15,20,shared,9,8,1,0,2,4,0.888888888889,0.111111111111,0.222222222222,0.444444444444
direct_minmax,bm25,15,20,method_only,11,7,4,0,2,2,0.636363636364,0.363636363636,0.181818181818,0.181818181818
direct_minmax,bm25,15,20,bm25_only,11,6,5,0,0,0,0.545454545455,0.454545454545,0,0
direct_minmax,bm25,16,20,shared,6,6,0,0,4,6,1,0,0.666666666667,1
direct_minmax,bm25,16,20,method_only,14,13,1,0,7,13,0.928571428571,0.0714285714286,0.5,0.928571428571
direct_minmax,bm25,16,20,bm25_only,14,11,3,0,0,0,0.785714285714,0.214285714286,0,0
direct_minmax,bm25,17,20,shared,9,9,0,0,4,7,1,0,0.444444444444,0.777777777778
direct_minmax,bm25,17,20,method_only,11,8,3,0,6,8,0.727272727273,0.272727272727,0.545454545455,0.727272727273
direct_minmax,bm25,17,20,bm25_only,11,9,2,0,3,5,0.818181818182,0.181818181818,0.272727272727,0.454545454545
direct_minmax,bm25,18,20,shared,11,11,0,0,8,10,1,0,0.727272727273,0.909090909091
direct_minmax,bm25,18,20,method_only,9,9,0,0,6,9,1,0,0.666666666667,1
direct_minmax,bm25,18,20,bm25_only,9,9,0,0,2,5,1,0,0.222222222222,0.555555555556
direct_minmax,bm25,19,20,shared,13,13,0,0,5,10,1,0,0.384615384615,0.769230769231
direct_minmax,bm25,19,20,method_only,7,7,0,0,2,2,1,0,0.285714285714,0.285714285714
direct_minmax,bm25,19,20,bm25_only,7,7,0,0,0,4,1,0,0,0.571428571429
direct_minmax,bm25,20,20,shared,15,14,1,0,14,14,0.933333333333,0.0666666666667,0.933333333333,0.933333333333
direct_minmax,bm25,20,20,method_only,5,5,0,0,5,5,1,0,1,1
direct_minmax,bm25,20,20,bm25_only,5,4,1,0,3,3,0.8,0.2,0.6,0.6
direct_minmax,bm25,21,20,shared,13,12,1,0,6,8,0.923076923077,0.0769230769231,0.461538461538,0.615384615385
direct_minmax,bm25,21,20,method_only,7,5,2,0,5,5,0.714285714286,0.285714285714,0.714285714286,0.714285714286
direct_minmax,bm25,21,20,bm25_only,7,6,1,0,1,1,0.857142857143,0.142857142857,0.142857142857,0.142857142857
direct_minmax,bm25,22,20,shared,17,14,3,0,12,14,0.823529411765,0.176470588235,0.705882352941,0.823529411765
direct_minmax,bm25,22,20,method_only,3,3,0,0,1,3,1,0,0.333333333333,1
direct_minmax,bm25,22,20,bm25_only,3,2,1,0,2,2,0.666666666667,0.333333333333,0.666666666667,0.666666666667
direct_minmax,bm25,23,20,shared,14,14,0,0,14,14,1,0,1,1
direct_minmax,bm25,23,20,method_only,6,6,0,0,3,6,1,0,0.5,1
direct_minmax,bm25,23,20,bm25_only,6,5,1,0,1,2,0.833333333333,0.166666666667,0.166666666667,0.333333333333
direct_minmax,bm25,24,20,shared,9,9,0,0,9,9,1,0,1,1
direct_minmax,bm25,24,20,method_only,11,11,0,0,10,11,1,0,0.909090909091,1
direct_minmax,bm25,24,20,bm25_only,11,9,2,0,4,6,0.818181818182,0.181818181818,0.363636363636,0.545454545455
direct_minmax,bm25,25,20,shared,6,6,0,0,3,3,1,0,0.5,0.5
direct_minmax,bm25,25,20,method_only,14,10,4,0,6,7,0.714285714286,0.285714285714,0.428571428571,0.5
direct_minmax,bm25,25,20,bm25_only,14,9,5,0,0,0,0.642857142857,0.357142857143,0,0
direct_minmax,bm25,26,20,shared,15,14,1,0,9,9,0.933333333333,0.0666666666667,0.6,0.6
direct_minmax,bm25,26,20,method_only,5,4,1,0,3,4,0.8,0.2,0.6,0.8
direct_minmax,bm25,26,20,bm25_only,5,3,2,0,3,3,0.6,0.4,0.6,0.6
direct_minmax,bm25,27,20,shared,6,6,0,0,6,6,1,0,1,1
direct_minmax,bm25,27,20,method_only,14,14,0,0,11,14,1,0,0.785714285714,1
direct_minmax,bm25,27,20,bm25_only,14,12,2,0,10,11,0.857142857143,0.142857142857,0.714285714286,0.785714285714
direct_minmax,bm25,28,20,shared,9,9,0,0,9,9,1,0,1,1
direct_minmax,bm25,28,20,method_only,11,9,2,0,9,9,0.818181818182,0.181818181818,0.818181818182,0.818181818182
direct_minmax,bm25,28,20,bm25_only,11,11,0,0,8,9,1,0,0.727272727273,0.818181818182
direct_minmax,bm25,29,20,shared,13,13,0,0,9,12,1,0,0.692307692308,0.923076923077
direct_minmax,bm25,29,20,method_only,7,6,1,0,5,6,0.857142857143,0.142857142857,0.714285714286,0.857142857143
direct_minmax,bm25,29,20,bm25_only,7,7,0,0,4,5,1,0,0.571428571429,0.714285714286
direct_minmax,bm25,30,20,shared,14,14,0,0,14,14,1,0,1,1
direct_minmax,bm25,30,20,method_only,6,6,0,0,6,6,1,0,1,1
direct_minmax,bm25,30,20,bm25_only,6,6,0,0,5,6,1,0,0.833333333333,1
direct_minmax,bm25,31,20,shared,15,14,1,0,2,4,0.933333333333,0.0666666666667,0.133333333333,0.266666666667
direct_minmax,bm25,31,20,method_only,5,5,0,0,1,3,1,0,0.2,0.6
direct_minmax,bm25,31,20,bm25_only,5,5,0,0,0,0,1,0,0,0
direct_minmax,bm25,32,20,shared,14,14,0,0,6,8,1,0,0.428571428571,0.571428571429
direct_minmax,bm25,32,20,method_only,6,2,4,0,1,1,0.333333333333,0.666666666667,0.166666666667,0.166666666667
direct_minmax,bm25,32,20,bm25_only,6,6,0,0,0,1,1,0,0,0.166666666667
direct_minmax,bm25,33,20,shared,11,11,0,0,6,10,1,0,0.545454545455,0.909090909091
direct_minmax,bm25,33,20,method_only,9,9,0,0,3,7,1,0,0.333333333333,0.777777777778
direct_minmax,bm25,33,20,bm25_only,9,9,0,0,2,4,1,0,0.222222222222,0.444444444444
direct_minmax,bm25,34,20,shared,8,7,1,0,3,5,0.875,0.125,0.375,0.625
direct_minmax,bm25,34,20,method_only,12,11,1,0,2,3,0.916666666667,0.0833333333333,0.166666666667,0.25
direct_minmax,bm25,34,20,bm25_only,12,7,5,0,2,2,0.583333333333,0.416666666667,0.166666666667,0.166666666667
direct_minmax,bm25,35,20,shared,11,11,0,0,5,5,1,0,0.454545454545,0.454545454545
direct_minmax,bm25,35,20,method_only,9,9,0,0,9,9,1,0,1,1
direct_minmax,bm25,35,20,bm25_only,9,9,0,0,4,4,1,0,0.444444444444,0.444444444444
direct_minmax,bm25,36,20,shared,13,13,0,0,12,12,1,0,0.923076923077,0.923076923077
direct_minmax,bm25,36,20,method_only,7,7,0,0,7,7,1,0,1,1
direct_minmax,bm25,36,20,bm25_only,7,7,0,0,6,7,1,0,0.857142857143,1
direct_minmax,bm25,37,20,shared,14,14,0,0,7,12,1,0,0.5,0.857142857143
direct_minmax,bm25,37,20,method_only,6,6,0,0,3,4,1,0,0.5,0.666666666667
direct_minmax,bm25,37,20,bm25_only,6,6,0,0,2,4,1,0,0.333333333333,0.666666666667
direct_minmax,bm25,38,20,shared,8,8,0,0,7,7,1,0,0.875,0.875
direct_minmax,bm25,38,20,method_only,12,11,1,0,8,11,0.916666666667,0.0833333333333,0.666666666667,0.916666666667
direct_minmax,bm25,38,20,bm25_only,12,12,0,0,4,5,1,0,0.333333333333,0.416666666667
direct_minmax,bm25,39,20,shared,13,13,0,0,11,13,1,0,0.846153846154,1
direct_minmax,bm25,39,20,method_only,7,7,0,0,7,7,1,0,1,1
direct_minmax,bm25,39,20,bm25_only,7,7,0,0,6,7,1,0,0.857142857143,1
direct_minmax,bm25,40,20,shared,14,14,0,0,14,14,1,0,1,1
direct_minmax,bm25,40,20,method_only,6,6,0,0,4,6,1,0,0.666666666667,1
direct_minmax,bm25,40,20,bm25_only,6,6,0,0,6,6,1,0,1,1
direct_minmax,bm25,41,20,shared,11,11,0,0,9,9,1,0,0.818181818182,0.818181818182
direct_minmax,bm25,41,20,method_only,9,9,0,0,8,9,1,0,0.888888888889,1
direct_minmax,bm25,41,20,bm25_only,9,9,0,0,6,6,1,0,0.666666666667,0.666666666667
direct_minmax,bm25,42,20,shared,12,12,0,0,9,12,1,0,0.75,1
direct_minmax,bm25,42,20,method_only,8,8,0,0,8,8,1,0,1,1
direct_minmax,bm25,42,20,bm25_only,8,8,0,0,3,3,1,0,0.375,0.375
direct_minmax,bm25,43,20,shared,13,13,0,0,9,10,1,0,0.692307692308,0.769230769231
direct_minmax,bm25,43,20,method_only,7,7,0,0,7,7,1,0,1,1
direct_minmax,bm25,43,20,bm25_only,7,7,0,0,4,6,1,0,0.571428571429,0.857142857143
direct_minmax,bm25,44,20,shared,12,12,0,0,11,12,1,0,0.916666666667,1
direct_minmax,bm25,44,20,method_only,8,8,0,0,8,8,1,0,1,1
direct_minmax,bm25,44,20,bm25_only,8,7,1,0,3,6,0.875,0.125,0.375,0.75
direct_minmax,bm25,45,20,shared,9,9,0,0,6,9,1,0,0.666666666667,1
direct_minmax,bm25,45,20,method_only,11,10,1,0,4,10,0.909090909091,0.0909090909091,0.363636363636,0.909090909091
direct_minmax,bm25,45,20,bm25_only,11,10,1,0,5,9,0.909090909091,0.0909090909091,0.454545454545,0.818181818182
direct_minmax,bm25,46,20,shared,11,11,0,0,8,10,1,0,0.727272727273,0.909090909091
direct_minmax,bm25,46,20,method_only,9,9,0,0,9,9,1,0,1,1
direct_minmax,bm25,46,20,bm25_only,9,9,0,0,1,4,1,0,0.111111111111,0.444444444444
direct_minmax,bm25,47,20,shared,7,6,1,0,4,4,0.857142857143,0.142857142857,0.571428571429,0.571428571429
direct_minmax,bm25,47,20,method_only,13,13,0,0,11,11,1,0,0.846153846154,0.846153846154
direct_minmax,bm25,47,20,bm25_only,13,8,5,0,0,2,0.615384615385,0.384615384615,0,0.153846153846
direct_minmax,bm25,48,20,shared,11,11,0,0,11,11,1,0,1,1
direct_minmax,bm25,48,20,method_only,9,9,0,0,8,9,1,0,0.888888888889,1
direct_minmax,bm25,48,20,bm25_only,9,6,3,0,4,5,0.666666666667,0.333333333333,0.444444444444,0.555555555556
direct_minmax,bm25,49,20,shared,9,9,0,0,3,7,1,0,0.333333333333,0.777777777778
direct_minmax,bm25,49,20,method_only,11,11,0,0,5,8,1,0,0.454545454545,0.727272727273
direct_minmax,bm25,49,20,bm25_only,11,10,1,0,0,0,0.909090909091,0.0909090909091,0,0
direct_minmax,bm25,50,20,shared,12,12,0,0,6,11,1,0,0.5,0.916666666667
direct_minmax,bm25,50,20,method_only,8,8,0,0,1,3,1,0,0.125,0.375
direct_minmax,bm25,50,20,bm25_only,8,8,0,0,1,4,1,0,0.125,0.5
direct_minmax,bm25,1,50,shared,26,20,6,0,6,16,0.769230769231,0.230769230769,0.230769230769,0.615384615385
direct_minmax,bm25,1,50,method_only,24,20,4,0,5,14,0.833333333333,0.166666666667,0.208333333333,0.583333333333
direct_minmax,bm25,1,50,bm25_only,24,12,12,0,0,0,0.5,0.5,0,0
direct_minmax,bm25,2,50,shared,35,34,1,0,22,27,0.971428571429,0.0285714285714,0.628571428571,0.771428571429
direct_minmax,bm25,2,50,method_only,15,13,2,0,10,11,0.866666666667,0.133333333333,0.666666666667,0.733333333333
direct_minmax,bm25,2,50,bm25_only,15,15,0,0,1,1,1,0,0.0666666666667,0.0666666666667
direct_minmax,bm25,3,50,shared,27,25,2,0,11,19,0.925925925926,0.0740740740741,0.407407407407,0.703703703704
direct_minmax,bm25,3,50,method_only,23,20,3,0,9,16,0.869565217391,0.130434782609,0.391304347826,0.695652173913
direct_minmax,bm25,3,50,bm25_only,23,18,5,0,1,5,0.782608695652,0.217391304348,0.0434782608696,0.217391304348
direct_minmax,bm25,4,50,shared,32,27,5,0,7,10,0.84375,0.15625,0.21875,0.3125
direct_minmax,bm25,4,50,method_only,18,16,2,0,9,13,0.888888888889,0.111111111111,0.5,0.722222222222
direct_minmax,bm25,4,50,bm25_only,18,12,6,0,2,2,0.666666666667,0.333333333333,0.111111111111,0.111111111111
direct_minmax,bm25,5,50,shared,17,13,4,0,6,12,0.764705882353,0.235294117647,0.352941176471,0.705882352941
direct_minmax,bm25,5,50,method_only,33,24,9,0,15,22,0.727272727273,0.272727272727,0.454545454545,0.666666666667
direct_minmax,bm25,5,50,bm25_only,33,28,5,0,7,20,0.848484848485,0.151515151515,0.212121212121,0.606060606061
direct_minmax,bm25,6,50,shared,26,26,0,0,23,25,1,0,0.884615384615,0.961538461538
direct_minmax,bm25,6,50,method_only,24,21,3,0,21,21,0.875,0.125,0.875,0.875
direct_minmax,bm25,6,50,bm25_only,24,13,11,0,5,8,0.541666666667,0.458333333333,0.208333333333,0.333333333333
direct_minmax,bm25,7,50,shared,34,32,2,0,26,28,0.941176470588,0.0588235294118,0.764705882353,0.823529411765
direct_minmax,bm25,7,50,method_only,16,15,1,0,13,13,0.9375,0.0625,0.8125,0.8125
direct_minmax,bm25,7,50,bm25_only,16,14,2,0,5,6,0.875,0.125,0.3125,0.375
direct_minmax,bm25,8,50,shared,28,22,6,0,16,20,0.785714285714,0.214285714286,0.571428571429,0.714285714286
direct_minmax,bm25,8,50,method_only,22,16,6,0,11,15,0.727272727273,0.272727272727,0.5,0.681818181818
direct_minmax,bm25,8,50,bm25_only,22,11,11,0,0,3,0.5,0.5,0,0.136363636364
direct_minmax,bm25,9,50,shared,34,34,0,0,7,11,1,0,0.205882352941,0.323529411765
direct_minmax,bm25,9,50,method_only,16,14,2,0,5,8,0.875,0.125,0.3125,0.5
direct_minmax,bm25,9,50,bm25_only,16,14,2,0,2,6,0.875,0.125,0.125,0.375
direct_minmax,bm25,10,50,shared,25,25,0,0,20,24,1,0,0.8,0.96
direct_minmax,bm25,10,50,method_only,25,25,0,0,17,23,1,0,0.68,0.92
direct_minmax,bm25,10,50,bm25_only,25,20,5,0,7,14,0.8,0.2,0.28,0.56
direct_minmax,bm25,11,50,shared,32,27,5,0,11,16,0.84375,0.15625,0.34375,0.5
direct_minmax,bm25,11,50,method_only,18,15,3,0,9,10,0.833333333333,0.166666666667,0.5,0.555555555556
direct_minmax,bm25,11,50,bm25_only,18,16,2,0,1,3,0.888888888889,0.111111111111,0.0555555555556,0.166666666667
direct_minmax,bm25,12,50,shared,29,25,4,0,2,12,0.862068965517,0.137931034483,0.0689655172414,0.413793103448
direct_minmax,bm25,12,50,method_only,21,19,2,0,7,12,0.904761904762,0.0952380952381,0.333333333333,0.571428571429
direct_minmax,bm25,12,50,bm25_only,21,14,7,0,3,9,0.666666666667,0.333333333333,0.142857142857,0.428571428571
direct_minmax,bm25,13,50,shared,38,36,2,0,15,30,0.947368421053,0.0526315789474,0.394736842105,0.789473684211
direct_minmax,bm25,13,50,method_only,12,12,0,0,7,11,1,0,0.583333333333,0.916666666667
direct_minmax,bm25,13,50,bm25_only,12,10,2,0,1,4,0.833333333333,0.166666666667,0.0833333333333,0.333333333333
direct_minmax,bm25,14,50,shared,44,44,0,0,23,37,1,0,0.522727272727,0.840909090909
direct_minmax,bm25,14,50,method_only,6,6,0,0,5,6,1,0,0.833333333333,1
direct_minmax,bm25,14,50,bm25_only,6,6,0,0,0,3,1,0,0,0.5
direct_minmax,bm25,15,50,shared,18,14,4,0,2,4,0.777777777778,0.222222222222,0.111111111111,0.222222222222
direct_minmax,bm25,15,50,method_only,32,10,22,0,2,3,0.3125,0.6875,0.0625,0.09375
direct_minmax,bm25,15,50,bm25_only,32,18,14,0,1,2,0.5625,0.4375,0.03125,0.0625
direct_minmax,bm25,16,50,shared,16,16,0,0,7,12,1,0,0.4375,0.75
direct_minmax,bm25,16,50,method_only,34,33,1,0,23,31,0.970588235294,0.0294117647059,0.676470588235,0.911764705882
direct_minmax,bm25,16,50,bm25_only,34,20,14,0,0,0,0.588235294118,0.411764705882,0,0
direct_minmax,bm25,17,50,shared,20,20,0,0,10,18,1,0,0.5,0.9
direct_minmax,bm25,17,50,method_only,30,24,6,0,14,20,0.8,0.2,0.466666666667,0.666666666667
direct_minmax,bm25,17,50,bm25_only,30,23,7,0,7,16,0.766666666667,0.233333333333,0.233333333333,0.533333333333
direct_minmax,bm25,18,50,shared,32,32,0,0,18,27,1,0,0.5625,0.84375
direct_minmax,bm25,18,50,method_only,18,18,0,0,13,17,1,0,0.722222222222,0.944444444444
direct_minmax,bm25,18,50,bm25_only,18,17,1,0,9,14,0.944444444444,0.0555555555556,0.5,0.777777777778
direct_minmax,bm25,19,50,shared,42,40,2,0,7,19,0.952380952381,0.047619047619,0.166666666667,0.452380952381
direct_minmax,bm25,19,50,method_only,8,8,0,0,2,4,1,0,0.25,0.5
direct_minmax,bm25,19,50,bm25_only,8,8,0,0,1,1,1,0,0.125,0.125
direct_minmax,bm25,20,50,shared,28,27,1,0,27,27,0.964285714286,0.0357142857143,0.964285714286,0.964285714286
direct_minmax,bm25,20,50,method_only,22,20,2,0,20,20,0.909090909091,0.0909090909091,0.909090909091,0.909090909091
direct_minmax,bm25,20,50,bm25_only,22,18,4,0,2,7,0.818181818182,0.181818181818,0.0909090909091,0.318181818182
direct_minmax,bm25,21,50,shared,33,32,1,0,18,20,0.969696969697,0.030303030303,0.545454545455,0.606060606061
direct_minmax,bm25,21,50,method_only,17,11,6,0,9,10,0.647058823529,0.352941176471,0.529411764706,0.588235294118
direct_minmax,bm25,21,50,bm25_only,17,14,3,0,6,6,0.823529411765,0.176470588235,0.352941176471,0.352941176471
direct_minmax,bm25,22,50,shared,35,30,5,0,26,30,0.857142857143,0.142857142857,0.742857142857,0.857142857143
direct_minmax,bm25,22,50,method_only,15,14,1,0,10,12,0.933333333333,0.0666666666667,0.666666666667,0.8
direct_minmax,bm25,22,50,bm25_only,15,7,8,0,1,3,0.466666666667,0.533333333333,0.0666666666667,0.2
direct_minmax,bm25,23,50,shared,31,30,1,0,24,29,0.967741935484,0.0322580645161,0.774193548387,0.935483870968
direct_minmax,bm25,23,50,method_only,19,18,1,0,16,18,0.947368421053,0.0526315789474,0.842105263158,0.947368421053
direct_minmax,bm25,23,50,bm25_only,19,12,7,0,2,5,0.631578947368,0.368421052632,0.105263157895,0.263157894737
direct_minmax,bm25,24,50,shared,34,34,0,0,30,34,1,0,0.882352941176,1
direct_minmax,bm25,24,50,method_only,16,15,1,0,14,15,0.9375,0.0625,0.875,0.9375
direct_minmax,bm25,24,50,bm25_only,16,12,4,0,4,6,0.75,0.25,0.25,0.375
direct_minmax,bm25,25,50,shared,16,12,4,0,5,5,0.75,0.25,0.3125,0.3125
direct_minmax,bm25,25,50,method_only,34,23,11,0,15,18,0.676470588235,0.323529411765,0.441176470588,0.529411764706
direct_minmax,bm25,25,50,bm25_only,34,19,15,0,1,3,0.558823529412,0.441176470588,0.0294117647059,0.0882352941176
direct_minmax,bm25,26,50,shared,34,27,7,0,20,22,0.794117647059,0.205882352941,0.588235294118,0.647058823529
direct_minmax,bm25,26,50,method_only,16,11,5,0,10,11,0.6875,0.3125,0.625,0.6875
direct_minmax,bm25,26,50,bm25_only,16,8,8,0,4,4,0.5,0.5,0.25,0.25
direct_minmax,bm25,27,50,shared,16,16,0,0,15,16,1,0,0.9375,1
direct_minmax,bm25,27,50,method_only,34,31,3,0,26,31,0.911764705882,0.0882352941176,0.764705882353,0.911764705882
direct_minmax,bm25,27,50,bm25_only,34,30,4,0,20,28,0.882352941176,0.117647058824,0.588235294118,0.823529411765
direct_minmax,bm25,28,50,shared,30,28,2,0,25,26,0.933333333333,0.0666666666667,0.833333333333,0.866666666667
direct_minmax,bm25,28,50,method_only,20,17,3,0,16,16,0.85,0.15,0.8,0.8
direct_minmax,bm25,28,50,bm25_only,20,18,2,0,14,14,0.9,0.1,0.7,0.7
direct_minmax,bm25,29,50,shared,35,35,0,0,22,28,1,0,0.628571428571,0.8
direct_minmax,bm25,29,50,method_only,15,13,2,0,8,10,0.866666666667,0.133333333333,0.533333333333,0.666666666667
direct_minmax,bm25,29,50,bm25_only,15,15,0,0,5,12,1,0,0.333333333333,0.8
direct_minmax,bm25,30,50,shared,32,32,0,0,30,32,1,0,0.9375,1
direct_minmax,bm25,30,50,method_only,18,16,2,0,15,16,0.888888888889,0.111111111111,0.833333333333,0.888888888889
direct_minmax,bm25,30,50,bm25_only,18,16,2,0,8,16,0.888888888889,0.111111111111,0.444444444444,0.888888888889
direct_minmax,bm25,31,50,shared,29,28,1,0,4,7,0.965517241379,0.0344827586207,0.137931034483,0.241379310345
direct_minmax,bm25,31,50,method_only,21,21,0,0,6,12,1,0,0.285714285714,0.571428571429
direct_minmax,bm25,31,50,bm25_only,21,21,0,0,0,3,1,0,0,0.142857142857
direct_minmax,bm25,32,50,shared,26,26,0,0,9,13,1,0,0.346153846154,0.5
direct_minmax,bm25,32,50,method_only,24,3,21,0,0,0,0.125,0.875,0,0
direct_minmax,bm25,32,50,bm25_only,24,24,0,0,3,3,1,0,0.125,0.125
direct_minmax,bm25,33,50,shared,32,32,0,0,17,27,1,0,0.53125,0.84375
direct_minmax,bm25,33,50,method_only,18,18,0,0,3,10,1,0,0.166666666667,0.555555555556
direct_minmax,bm25,33,50,bm25_only,18,15,3,0,4,4,0.833333333333,0.166666666667,0.222222222222,0.222222222222
direct_minmax,bm25,34,50,shared,21,15,6,0,6,9,0.714285714286,0.285714285714,0.285714285714,0.428571428571
direct_minmax,bm25,34,50,method_only,29,24,5,0,4,6,0.827586206897,0.172413793103,0.137931034483,0.206896551724
direct_minmax,bm25,34,50,bm25_only,29,8,21,0,0,0,0.275862068966,0.724137931034,0,0
direct_minmax,bm25,35,50,shared,33,32,1,0,17,19,0.969696969697,0.030303030303,0.515151515152,0.575757575758
direct_minmax,bm25,35,50,method_only,17,16,1,0,12,12,0.941176470588,0.0588235294118,0.705882352941,0.705882352941
direct_minmax,bm25,35,50,bm25_only,17,14,3,0,6,6,0.823529411765,0.176470588235,0.352941176471,0.352941176471
direct_minmax,bm25,36,50,shared,34,34,0,0,31,31,1,0,0.911764705882,0.911764705882
direct_minmax,bm25,36,50,method_only,16,15,1,0,13,14,0.9375,0.0625,0.8125,0.875
direct_minmax,bm25,36,50,bm25_only,16,16,0,0,11,14,1,0,0.6875,0.875
direct_minmax,bm25,37,50,shared,39,39,0,0,18,32,1,0,0.461538461538,0.820512820513
direct_minmax,bm25,37,50,method_only,11,11,0,0,7,7,1,0,0.636363636364,0.636363636364
direct_minmax,bm25,37,50,bm25_only,11,11,0,0,7,10,1,0,0.636363636364,0.909090909091
direct_minmax,bm25,38,50,shared,20,19,1,0,12,15,0.95,0.05,0.6,0.75
direct_minmax,bm25,38,50,method_only,30,28,2,0,18,28,0.933333333333,0.0666666666667,0.6,0.933333333333
direct_minmax,bm25,38,50,bm25_only,30,26,4,0,6,12,0.866666666667,0.133333333333,0.2,0.4
direct_minmax,bm25,39,50,shared,35,35,0,0,30,35,1,0,0.857142857143,1
direct_minmax,bm25,39,50,method_only,15,15,0,0,14,15,1,0,0.933333333333,1
direct_minmax,bm25,39,50,bm25_only,15,15,0,0,8,14,1,0,0.533333333333,0.933333333333
direct_minmax,bm25,40,50,shared,37,37,0,0,35,37,1,0,0.945945945946,1
direct_minmax,bm25,40,50,method_only,13,13,0,0,11,13,1,0,0.846153846154,1
direct_minmax,bm25,40,50,bm25_only,13,13,0,0,11,13,1,0,0.846153846154,1
direct_minmax,bm25,41,50,shared,34,34,0,0,26,29,1,0,0.764705882353,0.852941176471
direct_minmax,bm25,41,50,method_only,16,16,0,0,12,13,1,0,0.75,0.8125
direct_minmax,bm25,41,50,bm25_only,16,14,2,0,5,6,0.875,0.125,0.3125,0.375
direct_minmax,bm25,42,50,shared,31,31,0,0,27,30,1,0,0.870967741935,0.967741935484
direct_minmax,bm25,42,50,method_only,19,19,0,0,17,19,1,0,0.894736842105,1
direct_minmax,bm25,42,50,bm25_only,19,19,0,0,7,8,1,0,0.368421052632,0.421052631579
direct_minmax,bm25,43,50,shared,33,33,0,0,25,29,1,0,0.757575757576,0.878787878788
direct_minmax,bm25,43,50,method_only,17,17,0,0,17,17,1,0,1,1
direct_minmax,bm25,43,50,bm25_only,17,17,0,0,12,12,1,0,0.705882352941,0.705882352941
direct_minmax,bm25,44,50,shared,32,32,0,0,27,30,1,0,0.84375,0.9375
direct_minmax,bm25,44,50,method_only,18,18,0,0,17,18,1,0,0.944444444444,1
direct_minmax,bm25,44,50,bm25_only,18,13,5,0,2,5,0.722222222222,0.277777777778,0.111111111111,0.277777777778
direct_minmax,bm25,45,50,shared,22,21,1,0,8,18,0.954545454545,0.0454545454545,0.363636363636,0.818181818182
direct_minmax,bm25,45,50,method_only,28,26,2,0,7,26,0.928571428571,0.0714285714286,0.25,0.928571428571
direct_minmax,bm25,45,50,bm25_only,28,25,3,0,11,22,0.892857142857,0.107142857143,0.392857142857,0.785714285714
direct_minmax,bm25,46,50,shared,37,37,0,0,22,29,1,0,0.594594594595,0.783783783784
direct_minmax,bm25,46,50,method_only,13,11,2,0,3,8,0.846153846154,0.153846153846,0.230769230769,0.615384615385
direct_minmax,bm25,46,50,bm25_only,13,13,0,0,0,1,1,0,0,0.0769230769231
direct_minmax,bm25,47,50,shared,21,20,1,0,13,17,0.952380952381,0.047619047619,0.619047619048,0.809523809524
direct_minmax,bm25,47,50,method_only,29,27,2,0,19,20,0.931034482759,0.0689655172414,0.655172413793,0.689655172414
direct_minmax,bm25,47,50,bm25_only,29,10,19,0,0,0,0.344827586207,0.655172413793,0,0
direct_minmax,bm25,48,50,shared,22,18,4,0,17,18,0.818181818182,0.181818181818,0.772727272727,0.818181818182
direct_minmax,bm25,48,50,method_only,28,28,0,0,26,28,1,0,0.928571428571,1
direct_minmax,bm25,48,50,bm25_only,28,10,18,0,3,8,0.357142857143,0.642857142857,0.107142857143,0.285714285714
direct_minmax,bm25,49,50,shared,15,15,0,0,5,12,1,0,0.333333333333,0.8
direct_minmax,bm25,49,50,method_only,35,34,1,0,15,24,0.971428571429,0.0285714285714,0.428571428571,0.685714285714
direct_minmax,bm25,49,50,bm25_only,35,31,4,0,0,1,0.885714285714,0.114285714286,0,0.0285714285714
direct_minmax,bm25,50,50,shared,19,19,0,0,7,13,1,0,0.368421052632,0.684210526316
direct_minmax,bm25,50,50,method_only,31,27,4,0,4,12,0.870967741935,0.129032258065,0.129032258065,0.387096774194
direct_minmax,bm25,50,50,bm25_only,31,21,10,0,1,4,0.677419354839,0.322580645161,0.0322580645161,0.129032258065
direct_minmax,bm25,1,100,shared,57,38,19,0,12,28,0.666666666667,0.333333333333,0.210526315789,0.491228070175
direct_minmax,bm25,1,100,method_only,43,36,7,0,7,27,0.837209302326,0.162790697674,0.162790697674,0.627906976744
direct_minmax,bm25,1,100,bm25_only,43,16,27,0,2,3,0.372093023256,0.627906976744,0.046511627907,0.0697674418605
direct_minmax,bm25,2,100,shared,71,65,6,0,37,43,0.915492957746,0.0845070422535,0.521126760563,0.605633802817
direct_minmax,bm25,2,100,method_only,29,23,6,0,13,17,0.793103448276,0.206896551724,0.448275862069,0.586206896552
direct_minmax,bm25,2,100,bm25_only,29,13,16,0,0,0,0.448275862069,0.551724137931,0,0
direct_minmax,bm25,3,100,shared,64,54,10,0,21,37,0.84375,0.15625,0.328125,0.578125
direct_minmax,bm25,3,100,method_only,36,27,9,0,13,21,0.75,0.25,0.361111111111,0.583333333333
direct_minmax,bm25,3,100,bm25_only,36,24,12,0,7,11,0.666666666667,0.333333333333,0.194444444444,0.305555555556
direct_minmax,bm25,4,100,shared,69,50,19,0,17,23,0.724637681159,0.275362318841,0.246376811594,0.333333333333
direct_minmax,bm25,4,100,method_only,31,22,9,0,10,16,0.709677419355,0.290322580645,0.322580645161,0.516129032258
direct_minmax,bm25,4,100,bm25_only,31,19,12,0,1,3,0.612903225806,0.387096774194,0.0322580645161,0.0967741935484
direct_minmax,bm25,5,100,shared,41,33,8,0,15,29,0.80487804878,0.19512195122,0.365853658537,0.707317073171
direct_minmax,bm25,5,100,method_only,59,33,26,0,19,25,0.559322033898,0.440677966102,0.322033898305,0.423728813559
direct_minmax,bm25,5,100,bm25_only,59,38,21,0,12,27,0.64406779661,0.35593220339,0.203389830508,0.457627118644
direct_minmax,bm25,6,100,shared,48,47,1,0,44,46,0.979166666667,0.0208333333333,0.916666666667,0.958333333333
direct_minmax,bm25,6,100,method_only,52,33,19,0,29,30,0.634615384615,0.365384615385,0.557692307692,0.576923076923
direct_minmax,bm25,6,100,bm25_only,52,20,32,0,8,14,0.384615384615,0.615384615385,0.153846153846,0.269230769231
direct_minmax,bm25,7,100,shared,62,60,2,0,45,47,0.967741935484,0.0322580645161,0.725806451613,0.758064516129
direct_minmax,bm25,7,100,method_only,38,32,6,0,28,29,0.842105263158,0.157894736842,0.736842105263,0.763157894737
direct_minmax,bm25,7,100,bm25_only,38,28,10,0,7,10,0.736842105263,0.263157894737,0.184210526316,0.263157894737
direct_minmax,bm25,8,100,shared,56,42,14,0,27,36,0.75,0.25,0.482142857143,0.642857142857
direct_minmax,bm25,8,100,method_only,44,26,18,0,19,25,0.590909090909,0.409090909091,0.431818181818,0.568181818182
direct_minmax,bm25,8,100,bm25_only,44,19,25,0,2,7,0.431818181818,0.568181818182,0.0454545454545,0.159090909091
direct_minmax,bm25,9,100,shared,69,63,6,0,12,21,0.913043478261,0.0869565217391,0.173913043478,0.304347826087
direct_minmax,bm25,9,100,method_only,31,23,8,0,8,14,0.741935483871,0.258064516129,0.258064516129,0.451612903226
direct_minmax,bm25,9,100,bm25_only,31,25,6,0,5,9,0.806451612903,0.193548387097,0.161290322581,0.290322580645
direct_minmax,bm25,10,100,shared,55,52,3,0,33,48,0.945454545455,0.0545454545455,0.6,0.872727272727
direct_minmax,bm25,10,100,method_only,45,36,9,0,23,27,0.8,0.2,0.511111111111,0.6
direct_minmax,bm25,10,100,bm25_only,45,37,8,0,9,22,0.822222222222,0.177777777778,0.2,0.488888888889
direct_minmax,bm25,11,100,shared,72,62,10,0,19,29,0.861111111111,0.138888888889,0.263888888889,0.402777777778
direct_minmax,bm25,11,100,method_only,28,16,12,0,4,9,0.571428571429,0.428571428571,0.142857142857,0.321428571429
direct_minmax,bm25,11,100,bm25_only,28,23,5,0,1,5,0.821428571429,0.178571428571,0.0357142857143,0.178571428571
direct_minmax,bm25,12,100,shared,58,49,9,0,10,28,0.844827586207,0.155172413793,0.172413793103,0.48275862069
direct_minmax,bm25,12,100,method_only,42,28,14,0,8,16,0.666666666667,0.333333333333,0.190476190476,0.380952380952
direct_minmax,bm25,12,100,bm25_only,42,29,13,0,3,15,0.690476190476,0.309523809524,0.0714285714286,0.357142857143
direct_minmax,bm25,13,100,shared,67,56,11,0,26,47,0.835820895522,0.164179104478,0.388059701493,0.701492537313
direct_minmax,bm25,13,100,method_only,33,25,8,0,9,19,0.757575757576,0.242424242424,0.272727272727,0.575757575758
direct_minmax,bm25,13,100,bm25_only,33,21,12,0,2,11,0.636363636364,0.363636363636,0.0606060606061,0.333333333333
direct_minmax,bm25,14,100,shared,78,78,0,0,34,60,1,0,0.435897435897,0.769230769231
direct_minmax,bm25,14,100,method_only,22,17,5,0,5,10,0.772727272727,0.227272727273,0.227272727273,0.454545454545
direct_minmax,bm25,14,100,bm25_only,22,18,4,0,1,5,0.818181818182,0.181818181818,0.0454545454545,0.227272727273
direct_minmax,bm25,15,100,shared,36,26,10,0,4,7,0.722222222222,0.277777777778,0.111111111111,0.194444444444
direct_minmax,bm25,15,100,method_only,64,24,40,0,4,5,0.375,0.625,0.0625,0.078125
direct_minmax,bm25,15,100,bm25_only,64,23,41,0,0,0,0.359375,0.640625,0,0
direct_minmax,bm25,16,100,shared,35,32,3,0,10,18,0.914285714286,0.0857142857143,0.285714285714,0.514285714286
direct_minmax,bm25,16,100,method_only,65,57,8,0,39,52,0.876923076923,0.123076923077,0.6,0.8
direct_minmax,bm25,16,100,bm25_only,65,30,35,0,0,0,0.461538461538,0.538461538462,0,0
direct_minmax,bm25,17,100,shared,49,43,6,0,20,35,0.877551020408,0.122448979592,0.408163265306,0.714285714286
direct_minmax,bm25,17,100,method_only,51,36,15,0,15,29,0.705882352941,0.294117647059,0.294117647059,0.56862745098
direct_minmax,bm25,17,100,bm25_only,51,35,16,0,7,22,0.686274509804,0.313725490196,0.137254901961,0.43137254902
direct_minmax,bm25,18,100,shared,62,61,1,0,35,55,0.983870967742,0.0161290322581,0.564516129032,0.887096774194
direct_minmax,bm25,18,100,method_only,38,33,5,0,21,28,0.868421052632,0.131578947368,0.552631578947,0.736842105263
direct_minmax,bm25,18,100,bm25_only,38,27,11,0,12,20,0.710526315789,0.289473684211,0.315789473684,0.526315789474
direct_minmax,bm25,19,100,shared,71,66,5,0,9,23,0.929577464789,0.0704225352113,0.12676056338,0.323943661972
direct_minmax,bm25,19,100,method_only,29,27,2,0,4,6,0.931034482759,0.0689655172414,0.137931034483,0.206896551724
direct_minmax,bm25,19,100,bm25_only,29,17,12,0,1,3,0.586206896552,0.413793103448,0.0344827586207,0.103448275862
direct_minmax,bm25,20,100,shared,51,49,2,0,47,48,0.960784313725,0.0392156862745,0.921568627451,0.941176470588
direct_minmax,bm25,20,100,method_only,49,44,5,0,42,43,0.897959183673,0.102040816327,0.857142857143,0.877551020408
direct_minmax,bm25,20,100,bm25_only,49,41,8,0,13,22,0.836734693878,0.163265306122,0.265306122449,0.448979591837
direct_minmax,bm25,21,100,shared,64,59,5,0,38,40,0.921875,0.078125,0.59375,0.625
direct_minmax,bm25,21,100,method_only,36,27,9,0,14,18,0.75,0.25,0.388888888889,0.5
direct_minmax,bm25,21,100,bm25_only,36,20,16,0,4,5,0.555555555556,0.444444444444,0.111111111111,0.138888888889
direct_minmax,bm25,22,100,shared,70,59,11,0,47,57,0.842857142857,0.157142857143,0.671428571429,0.814285714286
direct_minmax,bm25,22,100,method_only,30,27,3,0,24,27,0.9,0.1,0.8,0.9
direct_minmax,bm25,22,100,bm25_only,30,14,16,0,2,5,0.466666666667,0.533333333333,0.0666666666667,0.166666666667
direct_minmax,bm25,23,100,shared,60,54,6,0,40,49,0.9,0.1,0.666666666667,0.816666666667
direct_minmax,bm25,23,100,method_only,40,34,6,0,24,31,0.85,0.15,0.6,0.775
direct_minmax,bm25,23,100,bm25_only,40,14,26,0,0,3,0.35,0.65,0,0.075
direct_minmax,bm25,24,100,shared,66,64,2,0,53,62,0.969696969697,0.030303030303,0.80303030303,0.939393939394
direct_minmax,bm25,24,100,method_only,34,31,3,0,28,31,0.911764705882,0.0882352941176,0.823529411765,0.911764705882
direct_minmax,bm25,24,100,bm25_only,34,20,14,0,6,8,0.588235294118,0.411764705882,0.176470588235,0.235294117647
direct_minmax,bm25,25,100,shared,44,34,10,0,12,14,0.772727272727,0.227272727273,0.272727272727,0.318181818182
direct_minmax,bm25,25,100,method_only,56,32,24,0,21,25,0.571428571429,0.428571428571,0.375,0.446428571429
direct_minmax,bm25,25,100,bm25_only,56,32,24,0,2,3,0.571428571429,0.428571428571,0.0357142857143,0.0535714285714
direct_minmax,bm25,26,100,shared,73,47,26,0,37,40,0.643835616438,0.356164383562,0.506849315068,0.547945205479
direct_minmax,bm25,26,100,method_only,27,17,10,0,16,17,0.62962962963,0.37037037037,0.592592592593,0.62962962963
direct_minmax,bm25,26,100,bm25_only,27,15,12,0,3,4,0.555555555556,0.444444444444,0.111111111111,0.148148148148
direct_minmax,bm25,27,100,shared,55,52,3,0,45,51,0.945454545455,0.0545454545455,0.818181818182,0.927272727273
direct_minmax,bm25,27,100,method_only,45,33,12,0,29,33,0.733333333333,0.266666666667,0.644444444444,0.733333333333
direct_minmax,bm25,27,100,bm25_only,45,38,7,0,17,36,0.844444444444,0.155555555556,0.377777777778,0.8
direct_minmax,bm25,28,100,shared,75,66,9,0,58,59,0.88,0.12,0.773333333333,0.786666666667
direct_minmax,bm25,28,100,method_only,25,22,3,0,22,22,0.88,0.12,0.88,0.88
direct_minmax,bm25,28,100,bm25_only,25,18,7,0,13,15,0.72,0.28,0.52,0.6
direct_minmax,bm25,29,100,shared,75,74,1,0,36,51,0.986666666667,0.0133333333333,0.48,0.68
direct_minmax,bm25,29,100,method_only,25,19,6,0,11,15,0.76,0.24,0.44,0.6
direct_minmax,bm25,29,100,bm25_only,25,22,3,0,10,13,0.88,0.12,0.4,0.52
direct_minmax,bm25,30,100,shared,65,62,3,0,53,60,0.953846153846,0.0461538461538,0.815384615385,0.923076923077
direct_minmax,bm25,30,100,method_only,35,23,12,0,19,23,0.657142857143,0.342857142857,0.542857142857,0.657142857143
direct_minmax,bm25,30,100,bm25_only,35,32,3,0,15,27,0.914285714286,0.0857142857143,0.428571428571,0.771428571429
direct_minmax,bm25,31,100,shared,57,56,1,0,11,19,0.982456140351,0.0175438596491,0.19298245614,0.333333333333
direct_minmax,bm25,31,100,method_only,43,36,7,0,8,16,0.837209302326,0.162790697674,0.186046511628,0.372093023256
direct_minmax,bm25,31,100,bm25_only,43,42,1,0,1,2,0.976744186047,0.0232558139535,0.0232558139535,0.046511627907
direct_minmax,bm25,32,100,shared,33,32,1,0,9,13,0.969696969697,0.030303030303,0.272727272727,0.393939393939
direct_minmax,bm25,32,100,method_only,67,10,57,0,1,2,0.149253731343,0.850746268657,0.0149253731343,0.0298507462687
direct_minmax,bm25,32,100,bm25_only,67,46,21,0,4,4,0.686567164179,0.313432835821,0.0597014925373,0.0597014925373
direct_minmax,bm25,33,100,shared,64,63,1,0,28,41,0.984375,0.015625,0.4375,0.640625
direct_minmax,bm25,33,100,method_only,36,34,2,0,13,18,0.944444444444,0.0555555555556,0.361111111111,0.5
direct_minmax,bm25,33,100,bm25_only,36,21,15,0,2,3,0.583333333333,0.416666666667,0.0555555555556,0.0833333333333
direct_minmax,bm25,34,100,shared,42,33,9,0,8,14,0.785714285714,0.214285714286,0.190476190476,0.333333333333
direct_minmax,bm25,34,100,method_only,58,34,24,0,8,12,0.586206896552,0.413793103448,0.137931034483,0.206896551724
direct_minmax,bm25,34,100,bm25_only,58,16,42,0,1,2,0.275862068966,0.724137931034,0.0172413793103,0.0344827586207
direct_minmax,bm25,35,100,shared,62,58,4,0,30,32,0.935483870968,0.0645161290323,0.483870967742,0.516129032258
direct_minmax,bm25,35,100,method_only,38,29,9,0,12,13,0.763157894737,0.236842105263,0.315789473684,0.342105263158
direct_minmax,bm25,35,100,bm25_only,38,26,12,0,13,13,0.684210526316,0.315789473684,0.342105263158,0.342105263158
direct_minmax,bm25,36,100,shared,65,64,1,0,56,57,0.984615384615,0.0153846153846,0.861538461538,0.876923076923
direct_minmax,bm25,36,100,method_only,35,32,3,0,25,27,0.914285714286,0.0857142857143,0.714285714286,0.771428571429
direct_minmax,bm25,36,100,bm25_only,35,34,1,0,22,28,0.971428571429,0.0285714285714,0.628571428571,0.8
direct_minmax,bm25,37,100,shared,71,70,1,0,37,56,0.985915492958,0.0140845070423,0.521126760563,0.788732394366
direct_minmax,bm25,37,100,method_only,29,29,0,0,9,14,1,0,0.310344827586,0.48275862069
direct_minmax,bm25,37,100,bm25_only,29,29,0,0,12,17,1,0,0.413793103448,0.586206896552
direct_minmax,bm25,38,100,shared,49,48,1,0,29,42,0.979591836735,0.0204081632653,0.591836734694,0.857142857143
direct_minmax,bm25,38,100,method_only,51,48,3,0,36,48,0.941176470588,0.0588235294118,0.705882352941,0.941176470588
direct_minmax,bm25,38,100,bm25_only,51,37,14,0,7,13,0.725490196078,0.274509803922,0.137254901961,0.254901960784
direct_minmax,bm25,39,100,shared,64,64,0,0,53,64,1,0,0.828125,1
direct_minmax,bm25,39,100,method_only,36,35,1,0,25,33,0.972222222222,0.0277777777778,0.694444444444,0.916666666667
direct_minmax,bm25,39,100,bm25_only,36,36,0,0,11,33,1,0,0.305555555556,0.916666666667
direct_minmax,bm25,40,100,shared,83,82,1,0,73,82,0.987951807229,0.0120481927711,0.879518072289,0.987951807229
direct_minmax,bm25,40,100,method_only,17,17,0,0,14,16,1,0,0.823529411765,0.941176470588
direct_minmax,bm25,40,100,bm25_only,17,17,0,0,13,15,1,0,0.764705882353,0.882352941176
direct_minmax,bm25,41,100,shared,72,70,2,0,49,55,0.972222222222,0.0277777777778,0.680555555556,0.763888888889
direct_minmax,bm25,41,100,method_only,28,26,2,0,14,17,0.928571428571,0.0714285714286,0.5,0.607142857143
direct_minmax,bm25,41,100,bm25_only,28,27,1,0,6,7,0.964285714286,0.0357142857143,0.214285714286,0.25
direct_minmax,bm25,42,100,shared,59,59,0,0,47,52,1,0,0.796610169492,0.881355932203
direct_minmax,bm25,42,100,method_only,41,41,0,0,39,41,1,0,0.951219512195,1
direct_minmax,bm25,42,100,bm25_only,41,36,5,0,14,17,0.878048780488,0.121951219512,0.341463414634,0.414634146341
direct_minmax,bm25,43,100,shared,70,70,0,0,57,63,1,0,0.814285714286,0.9
direct_minmax,bm25,43,100,method_only,30,27,3,0,26,27,0.9,0.1,0.866666666667,0.9
direct_minmax,bm25,43,100,bm25_only,30,29,1,0,12,15,0.966666666667,0.0333333333333,0.4,0.5
direct_minmax,bm25,44,100,shared,62,62,0,0,48,57,1,0,0.774193548387,0.91935483871
direct_minmax,bm25,44,100,method_only,38,38,0,0,31,37,1,0,0.815789473684,0.973684210526
direct_minmax,bm25,44,100,bm25_only,38,26,12,0,4,10,0.684210526316,0.315789473684,0.105263157895,0.263157894737
direct_minmax,bm25,45,100,shared,49,45,4,0,19,42,0.918367346939,0.0816326530612,0.387755102041,0.857142857143
direct_minmax,bm25,45,100,method_only,51,44,7,0,14,44,0.862745098039,0.137254901961,0.274509803922,0.862745098039
direct_minmax,bm25,45,100,bm25_only,51,45,6,0,13,39,0.882352941176,0.117647058824,0.254901960784,0.764705882353
direct_minmax,bm25,46,100,shared,58,57,1,0,25,34,0.98275862069,0.0172413793103,0.431034482759,0.586206896552
direct_minmax,bm25,46,100,method_only,42,21,21,0,5,17,0.5,0.5,0.119047619048,0.404761904762
direct_minmax,bm25,46,100,bm25_only,42,30,12,0,5,6,0.714285714286,0.285714285714,0.119047619048,0.142857142857
direct_minmax,bm25,47,100,shared,38,35,3,0,22,28,0.921052631579,0.0789473684211,0.578947368421,0.736842105263
direct_minmax,bm25,47,100,method_only,62,47,15,0,30,38,0.758064516129,0.241935483871,0.483870967742,0.612903225806
direct_minmax,bm25,47,100,bm25_only,62,25,37,0,3,3,0.403225806452,0.596774193548,0.0483870967742,0.0483870967742
direct_minmax,bm25,48,100,shared,45,37,8,0,30,37,0.822222222222,0.177777777778,0.666666666667,0.822222222222
direct_minmax,bm25,48,100,method_only,55,51,4,0,41,50,0.927272727273,0.0727272727273,0.745454545455,0.909090909091
direct_minmax,bm25,48,100,bm25_only,55,15,40,0,2,9,0.272727272727,0.727272727273,0.0363636363636,0.163636363636
direct_minmax,bm25,49,100,shared,38,37,1,0,7,18,0.973684210526,0.0263157894737,0.184210526316,0.473684210526
direct_minmax,bm25,49,100,method_only,62,59,3,0,25,42,0.951612903226,0.0483870967742,0.403225806452,0.677419354839
direct_minmax,bm25,49,100,bm25_only,62,40,22,0,0,2,0.645161290323,0.354838709677,0,0.0322580645161
direct_minmax,bm25,50,100,shared,42,38,4,0,8,21,0.904761904762,0.0952380952381,0.190476190476,0.5
direct_minmax,bm25,50,100,method_only,58,48,10,0,7,17,0.827586206897,0.172413793103,0.120689655172,0.293103448276
direct_minmax,bm25,50,100,bm25_only,58,38,20,0,4,10,0.655172413793,0.344827586207,0.0689655172414,0.172413793103
direct_minmax,bm25,1,1000,shared,800,318,482,0,77,165,0.3975,0.6025,0.09625,0.20625
direct_minmax,bm25,1,1000,method_only,200,27,173,0,5,18,0.135,0.865,0.025,0.09
direct_minmax,bm25,1,1000,bm25_only,200,9,191,0,0,0,0.045,0.955,0,0
direct_minmax,bm25,2,1000,shared,540,188,352,0,73,94,0.348148148148,0.651851851852,0.135185185185,0.174074074074
direct_minmax,bm25,2,1000,method_only,460,54,406,0,28,30,0.117391304348,0.882608695652,0.0608695652174,0.0652173913043
direct_minmax,bm25,2,1000,bm25_only,460,15,445,0,0,0,0.0326086956522,0.967391304348,0,0
direct_minmax,bm25,3,1000,shared,739,357,382,0,92,205,0.483085250338,0.516914749662,0.12449255751,0.277401894452
direct_minmax,bm25,3,1000,method_only,261,60,201,0,24,54,0.229885057471,0.770114942529,0.0919540229885,0.206896551724
direct_minmax,bm25,3,1000,bm25_only,261,45,216,0,0,11,0.172413793103,0.827586206897,0,0.0421455938697
direct_minmax,bm25,4,1000,shared,787,277,510,0,63,131,0.351969504447,0.648030495553,0.0800508259212,0.166454891995
direct_minmax,bm25,4,1000,method_only,213,50,163,0,27,38,0.234741784038,0.765258215962,0.12676056338,0.178403755869
direct_minmax,bm25,4,1000,bm25_only,213,17,196,0,1,2,0.0798122065728,0.920187793427,0.00469483568075,0.0093896713615
direct_minmax,bm25,5,1000,shared,643,325,318,0,124,227,0.505443234837,0.494556765163,0.192846034215,0.353032659409
direct_minmax,bm25,5,1000,method_only,357,67,290,0,21,41,0.187675070028,0.812324929972,0.0588235294118,0.114845938375
direct_minmax,bm25,5,1000,bm25_only,357,96,261,0,14,44,0.268907563025,0.731092436975,0.0392156862745,0.12324929972
direct_minmax,bm25,6,1000,shared,680,347,333,0,240,295,0.510294117647,0.489705882353,0.352941176471,0.433823529412
direct_minmax,bm25,6,1000,method_only,320,93,227,0,64,88,0.290625,0.709375,0.2,0.275
direct_minmax,bm25,6,1000,bm25_only,320,31,289,0,9,14,0.096875,0.903125,0.028125,0.04375
direct_minmax,bm25,7,1000,shared,748,458,290,0,294,309,0.612299465241,0.387700534759,0.393048128342,0.413101604278
direct_minmax,bm25,7,1000,method_only,252,88,164,0,56,60,0.349206349206,0.650793650794,0.222222222222,0.238095238095
direct_minmax,bm25,7,1000,bm25_only,252,45,207,0,2,4,0.178571428571,0.821428571429,0.00793650793651,0.015873015873
direct_minmax,bm25,8,1000,shared,601,230,371,0,81,153,0.382695507488,0.617304492512,0.134775374376,0.254575707155
direct_minmax,bm25,8,1000,method_only,399,94,305,0,52,84,0.235588972431,0.764411027569,0.130325814536,0.210526315789
direct_minmax,bm25,8,1000,bm25_only,399,34,365,0,0,3,0.0852130325815,0.914786967419,0,0.00751879699248
direct_minmax,bm25,9,1000,shared,746,271,475,0,58,108,0.36327077748,0.63672922252,0.0777479892761,0.144772117962
direct_minmax,bm25,9,1000,method_only,254,26,228,0,6,10,0.102362204724,0.897637795276,0.0236220472441,0.0393700787402
direct_minmax,bm25,9,1000,bm25_only,254,21,233,0,1,2,0.0826771653543,0.917322834646,0.00393700787402,0.00787401574803
direct_minmax,bm25,10,1000,shared,740,393,347,0,160,262,0.531081081081,0.468918918919,0.216216216216,0.354054054054
direct_minmax,bm25,10,1000,method_only,260,77,183,0,37,60,0.296153846154,0.703846153846,0.142307692308,0.230769230769
direct_minmax,bm25,10,1000,bm25_only,260,37,223,0,2,9,0.142307692308,0.857692307692,0.00769230769231,0.0346153846154
direct_minmax,bm25,11,1000,shared,774,331,443,0,70,131,0.427648578811,0.572351421189,0.0904392764858,0.169250645995
direct_minmax,bm25,11,1000,method_only,226,31,195,0,0,3,0.137168141593,0.862831858407,0,0.0132743362832
direct_minmax,bm25,11,1000,bm25_only,226,36,190,0,8,12,0.159292035398,0.840707964602,0.0353982300885,0.0530973451327
direct_minmax,bm25,12,1000,shared,731,295,436,0,62,152,0.403556771546,0.596443228454,0.0848153214774,0.207934336525
direct_minmax,bm25,12,1000,method_only,269,55,214,0,19,33,0.204460966543,0.795539033457,0.0706319702602,0.122676579926
direct_minmax,bm25,12,1000,bm25_only,269,32,237,0,6,14,0.118959107807,0.881040892193,0.0223048327138,0.0520446096654
direct_minmax,bm25,13,1000,shared,767,344,423,0,98,242,0.44850065189,0.55149934811,0.12777053455,0.315514993481
direct_minmax,bm25,13,1000,method_only,233,67,166,0,15,56,0.287553648069,0.712446351931,0.0643776824034,0.240343347639
direct_minmax,bm25,13,1000,bm25_only,233,17,216,0,0,4,0.0729613733906,0.927038626609,0,0.0171673819742
direct_minmax,bm25,14,1000,shared,368,194,174,0,45,83,0.527173913043,0.472826086957,0.122282608696,0.225543478261
direct_minmax,bm25,14,1000,method_only,632,39,593,0,3,9,0.0617088607595,0.938291139241,0.00474683544304,0.0142405063291
direct_minmax,bm25,14,1000,bm25_only,632,49,583,0,2,7,0.0775316455696,0.92246835443,0.00316455696203,0.0110759493671
direct_minmax,bm25,15,1000,shared,477,151,326,0,7,14,0.316561844864,0.683438155136,0.0146750524109,0.0293501048218
direct_minmax,bm25,15,1000,method_only,523,60,463,0,17,34,0.114722753346,0.885277246654,0.0325047801147,0.0650095602294
direct_minmax,bm25,15,1000,bm25_only,523,78,445,0,0,3,0.14913957935,0.85086042065,0,0.0057361376673
direct_minmax,bm25,16,1000,shared,632,258,374,0,53,95,0.408227848101,0.591772151899,0.0838607594937,0.150316455696
direct_minmax,bm25,16,1000,method_only,368,116,252,0,39,72,0.315217391304,0.684782608696,0.10597826087,0.195652173913
direct_minmax,bm25,16,1000,bm25_only,368,14,354,0,0,0,0.0380434782609,0.961956521739,0,0
direct_minmax,bm25,17,1000,shared,806,401,405,0,144,306,0.497518610422,0.502481389578,0.178660049628,0.379652605459
direct_minmax,bm25,17,1000,method_only,194,45,149,0,17,35,0.231958762887,0.768041237113,0.0876288659794,0.180412371134
direct_minmax,bm25,17,1000,bm25_only,194,10,184,0,0,1,0.0515463917526,0.948453608247,0,0.00515463917526
direct_minmax,bm25,18,1000,shared,815,435,380,0,190,342,0.533742331288,0.466257668712,0.233128834356,0.41963190184
direct_minmax,bm25,18,1000,method_only,185,60,125,0,26,47,0.324324324324,0.675675675676,0.140540540541,0.254054054054
direct_minmax,bm25,18,1000,bm25_only,185,22,163,0,0,3,0.118918918919,0.881081081081,0,0.0162162162162
direct_minmax,bm25,19,1000,shared,630,269,361,0,23,62,0.426984126984,0.573015873016,0.0365079365079,0.0984126984127
direct_minmax,bm25,19,1000,method_only,370,63,307,0,9,13,0.17027027027,0.82972972973,0.0243243243243,0.0351351351351
direct_minmax,bm25,19,1000,bm25_only,370,18,352,0,0,0,0.0486486486486,0.951351351351,0,0
direct_minmax,bm25,20,1000,shared,812,470,342,0,312,398,0.57881773399,0.42118226601,0.384236453202,0.490147783251
direct_minmax,bm25,20,1000,method_only,188,41,147,0,36,40,0.218085106383,0.781914893617,0.191489361702,0.212765957447
direct_minmax,bm25,20,1000,bm25_only,188,36,152,0,1,17,0.191489361702,0.808510638298,0.00531914893617,0.0904255319149
direct_minmax,bm25,21,1000,shared,655,310,345,0,169,186,0.473282442748,0.526717557252,0.258015267176,0.283969465649
direct_minmax,bm25,21,1000,method_only,345,123,222,0,89,102,0.35652173913,0.64347826087,0.257971014493,0.295652173913
direct_minmax,bm25,21,1000,bm25_only,345,22,323,0,3,4,0.063768115942,0.936231884058,0.00869565217391,0.0115942028986
direct_minmax,bm25,22,1000,shared,793,292,501,0,186,254,0.368221941992,0.631778058008,0.234552332913,0.320302648172
direct_minmax,bm25,22,1000,method_only,207,70,137,0,55,68,0.338164251208,0.661835748792,0.265700483092,0.328502415459
direct_minmax,bm25,22,1000,bm25_only,207,15,192,0,0,0,0.0724637681159,0.927536231884,0,0
direct_minmax,bm25,23,1000,shared,752,292,460,0,118,182,0.38829787234,0.61170212766,0.156914893617,0.242021276596
direct_minmax,bm25,23,1000,method_only,248,68,180,0,17,47,0.274193548387,0.725806451613,0.0685483870968,0.189516129032
direct_minmax,bm25,23,1000,bm25_only,248,6,242,0,0,1,0.0241935483871,0.975806451613,0,0.00403225806452
direct_minmax,bm25,24,1000,shared,719,326,393,0,215,269,0.453407510431,0.546592489569,0.299026425591,0.374130737135
direct_minmax,bm25,24,1000,method_only,281,69,212,0,33,53,0.245551601423,0.754448398577,0.11743772242,0.188612099644
direct_minmax,bm25,24,1000,bm25_only,281,19,262,0,1,3,0.067615658363,0.932384341637,0.00355871886121,0.0106761565836
direct_minmax,bm25,25,1000,shared,744,288,456,0,85,113,0.387096774194,0.612903225806,0.114247311828,0.15188172043
direct_minmax,bm25,25,1000,method_only,256,116,140,0,86,105,0.453125,0.546875,0.3359375,0.41015625
direct_minmax,bm25,25,1000,bm25_only,256,55,201,0,2,4,0.21484375,0.78515625,0.0078125,0.015625
direct_minmax,bm25,26,1000,shared,778,313,465,0,208,241,0.402313624679,0.597686375321,0.26735218509,0.309768637532
direct_minmax,bm25,26,1000,method_only,222,83,139,0,69,77,0.373873873874,0.626126126126,0.310810810811,0.346846846847
direct_minmax,bm25,26,1000,bm25_only,222,11,211,0,1,2,0.0495495495495,0.95045045045,0.0045045045045,0.00900900900901
direct_minmax,bm25,27,1000,shared,882,416,466,0,224,381,0.471655328798,0.528344671202,0.253968253968,0.431972789116
direct_minmax,bm25,27,1000,method_only,118,7,111,0,3,6,0.0593220338983,0.940677966102,0.0254237288136,0.0508474576271
direct_minmax,bm25,27,1000,bm25_only,118,21,97,0,3,7,0.177966101695,0.822033898305,0.0254237288136,0.0593220338983
direct_minmax,bm25,28,1000,shared,831,416,415,0,360,380,0.500601684717,0.499398315283,0.43321299639,0.457280385078
direct_minmax,bm25,28,1000,method_only,169,65,104,0,49,60,0.384615384615,0.615384615385,0.289940828402,0.355029585799
direct_minmax,bm25,28,1000,bm25_only,169,7,162,0,3,3,0.0414201183432,0.958579881657,0.0177514792899,0.0177514792899
direct_minmax,bm25,29,1000,shared,759,418,341,0,188,283,0.550724637681,0.449275362319,0.247694334651,0.372859025033
direct_minmax,bm25,29,1000,method_only,241,73,168,0,33,60,0.302904564315,0.697095435685,0.136929460581,0.248962655602
direct_minmax,bm25,29,1000,bm25_only,241,59,182,0,11,23,0.244813278008,0.755186721992,0.045643153527,0.0954356846473
direct_minmax,bm25,30,1000,shared,720,309,411,0,148,240,0.429166666667,0.570833333333,0.205555555556,0.333333333333
direct_minmax,bm25,30,1000,method_only,280,37,243,0,5,22,0.132142857143,0.867857142857,0.0178571428571,0.0785714285714
direct_minmax,bm25,30,1000,bm25_only,280,28,252,0,2,12,0.1,0.9,0.00714285714286,0.0428571428571
direct_minmax,bm25,31,1000,shared,758,383,375,0,33,96,0.505277044855,0.494722955145,0.0435356200528,0.126649076517
direct_minmax,bm25,31,1000,method_only,242,35,207,0,8,15,0.144628099174,0.855371900826,0.0330578512397,0.0619834710744
direct_minmax,bm25,31,1000,bm25_only,242,38,204,0,1,3,0.157024793388,0.842975206612,0.00413223140496,0.0123966942149
direct_minmax,bm25,32,1000,shared,425,134,291,0,24,38,0.315294117647,0.684705882353,0.0564705882353,0.0894117647059
direct_minmax,bm25,32,1000,method_only,575,51,524,0,13,16,0.0886956521739,0.911304347826,0.0226086956522,0.0278260869565
direct_minmax,bm25,32,1000,bm25_only,575,104,471,0,4,9,0.180869565217,0.819130434783,0.00695652173913,0.015652173913
direct_minmax,bm25,33,1000,shared,674,374,300,0,91,136,0.554896142433,0.445103857567,0.135014836795,0.20178041543
direct_minmax,bm25,33,1000,method_only,326,72,254,0,22,43,0.220858895706,0.779141104294,0.0674846625767,0.131901840491
direct_minmax,bm25,33,1000,bm25_only,326,56,270,0,3,4,0.171779141104,0.828220858896,0.00920245398773,0.0122699386503
direct_minmax,bm25,34,1000,shared,597,219,378,0,36,57,0.366834170854,0.633165829146,0.0603015075377,0.0954773869347
direct_minmax,bm25,34,1000,method_only,403,54,349,0,11,17,0.133995037221,0.866004962779,0.0272952853598,0.0421836228288
direct_minmax,bm25,34,1000,bm25_only,403,12,391,0,0,0,0.029776674938,0.970223325062,0,0
direct_minmax,bm25,35,1000,shared,770,320,450,0,107,114,0.415584415584,0.584415584416,0.138961038961,0.148051948052
direct_minmax,bm25,35,1000,method_only,230,41,189,0,10,16,0.178260869565,0.821739130435,0.0434782608696,0.0695652173913
direct_minmax,bm25,35,1000,bm25_only,230,22,208,0,4,4,0.095652173913,0.904347826087,0.0173913043478,0.0173913043478
direct_minmax,bm25,36,1000,shared,833,519,314,0,361,404,0.623049219688,0.376950780312,0.43337334934,0.484993997599
direct_minmax,bm25,36,1000,method_only,167,41,126,0,26,28,0.245508982036,0.754491017964,0.155688622754,0.167664670659
direct_minmax,bm25,36,1000,bm25_only,167,49,118,0,18,26,0.293413173653,0.706586826347,0.107784431138,0.155688622754
direct_minmax,bm25,37,1000,shared,795,530,265,0,223,298,0.666666666667,0.333333333333,0.280503144654,0.374842767296
direct_minmax,bm25,37,1000,method_only,205,80,125,0,28,47,0.390243902439,0.609756097561,0.136585365854,0.229268292683
direct_minmax,bm25,37,1000,bm25_only,205,39,166,0,8,9,0.190243902439,0.809756097561,0.0390243902439,0.0439024390244
direct_minmax,bm25,38,1000,shared,639,429,210,0,210,358,0.671361502347,0.328638497653,0.328638497653,0.560250391236
direct_minmax,bm25,38,1000,method_only,361,191,170,0,146,183,0.529085872576,0.470914127424,0.404432132964,0.506925207756
direct_minmax,bm25,38,1000,bm25_only,361,92,269,0,4,34,0.254847645429,0.745152354571,0.01108033241,0.0941828254848
direct_minmax,bm25,39,1000,shared,856,591,265,0,334,560,0.690420560748,0.309579439252,0.390186915888,0.654205607477
direct_minmax,bm25,39,1000,method_only,144,30,114,0,16,30,0.208333333333,0.791666666667,0.111111111111,0.208333333333
direct_minmax,bm25,39,1000,bm25_only,144,39,105,0,15,34,0.270833333333,0.729166666667,0.104166666667,0.236111111111
direct_minmax,bm25,40,1000,shared,696,487,209,0,276,366,0.699712643678,0.300287356322,0.396551724138,0.525862068966
direct_minmax,bm25,40,1000,method_only,304,84,220,0,38,68,0.276315789474,0.723684210526,0.125,0.223684210526
direct_minmax,bm25,40,1000,bm25_only,304,69,235,0,2,8,0.226973684211,0.773026315789,0.00657894736842,0.0263157894737
direct_minmax,bm25,41,1000,shared,647,275,372,0,96,118,0.425038639876,0.574961360124,0.148377125193,0.182380216383
direct_minmax,bm25,41,1000,method_only,353,156,197,0,89,109,0.441926345609,0.558073654391,0.252124645892,0.308781869688
direct_minmax,bm25,41,1000,bm25_only,353,23,330,0,1,3,0.0651558073654,0.934844192635,0.0028328611898,0.00849858356941
direct_minmax,bm25,42,1000,shared,771,329,442,0,169,187,0.426718547341,0.573281452659,0.219195849546,0.242542153048
direct_minmax,bm25,42,1000,method_only,229,27,202,0,12,13,0.117903930131,0.882096069869,0.0524017467249,0.056768558952
direct_minmax,bm25,42,1000,bm25_only,229,6,223,0,1,1,0.0262008733624,0.973799126638,0.00436681222707,0.00436681222707
direct_minmax,bm25,43,1000,shared,421,253,168,0,123,152,0.600950118765,0.399049881235,0.29216152019,0.361045130641
direct_minmax,bm25,43,1000,method_only,579,39,540,0,9,19,0.0673575129534,0.932642487047,0.0155440414508,0.0328151986183
direct_minmax,bm25,43,1000,bm25_only,579,72,507,0,4,10,0.124352331606,0.875647668394,0.00690846286701,0.0172711571675
direct_minmax,bm25,44,1000,shared,709,415,294,0,216,297,0.58533145275,0.41466854725,0.304654442877,0.418899858956
direct_minmax,bm25,44,1000,method_only,291,119,172,0,71,101,0.408934707904,0.591065292096,0.243986254296,0.347079037801
direct_minmax,bm25,44,1000,bm25_only,291,16,275,0,0,1,0.0549828178694,0.945017182131,0,0.00343642611684
direct_minmax,bm25,45,1000,shared,765,488,277,0,247,449,0.637908496732,0.362091503268,0.322875816993,0.586928104575
direct_minmax,bm25,45,1000,method_only,235,57,178,0,28,55,0.242553191489,0.757446808511,0.11914893617,0.234042553191
direct_minmax,bm25,45,1000,bm25_only,235,81,154,0,34,56,0.344680851064,0.655319148936,0.144680851064,0.23829787234
direct_minmax,bm25,46,1000,shared,667,202,465,0,48,86,0.302848575712,0.697151424288,0.071964017991,0.128935532234
direct_minmax,bm25,46,1000,method_only,333,37,296,0,17,29,0.111111111111,0.888888888889,0.0510510510511,0.0870870870871
direct_minmax,bm25,46,1000,bm25_only,333,30,303,0,1,2,0.0900900900901,0.90990990991,0.003003003003,0.00600600600601
direct_minmax,bm25,47,1000,shared,632,311,321,0,140,185,0.492088607595,0.507911392405,0.221518987342,0.292721518987
direct_minmax,bm25,47,1000,method_only,368,107,261,0,67,77,0.290760869565,0.709239130435,0.182065217391,0.209239130435
direct_minmax,bm25,47,1000,bm25_only,368,40,328,0,3,3,0.108695652174,0.891304347826,0.00815217391304,0.00815217391304
direct_minmax,bm25,48,1000,shared,783,264,519,0,141,219,0.337164750958,0.662835249042,0.180076628352,0.27969348659
direct_minmax,bm25,48,1000,method_only,217,43,174,0,25,38,0.198156682028,0.801843317972,0.115207373272,0.175115207373
direct_minmax,bm25,48,1000,bm25_only,217,16,201,0,1,3,0.073732718894,0.926267281106,0.00460829493088,0.0138248847926
direct_minmax,bm25,49,1000,shared,665,289,376,0,46,93,0.434586466165,0.565413533835,0.0691729323308,0.13984962406
direct_minmax,bm25,49,1000,method_only,335,112,223,0,39,59,0.334328358209,0.665671641791,0.116417910448,0.176119402985
direct_minmax,bm25,49,1000,bm25_only,335,33,302,0,0,0,0.0985074626866,0.901492537313,0,0
direct_minmax,bm25,50,1000,shared,714,310,404,0,29,72,0.434173669468,0.565826330532,0.0406162464986,0.100840336134
direct_minmax,bm25,50,1000,method_only,286,51,235,0,3,13,0.178321678322,0.821678321678,0.0104895104895,0.0454545454545
direct_minmax,bm25,50,1000,bm25_only,286,54,232,0,0,4,0.188811188811,0.811188811189,0,0.013986013986
uniform_random,bm25,1,20,shared,0,0,0,0,0,0,,,,
uniform_random,bm25,1,20,method_only,20,0,20,0,0,0,0,1,0,0
uniform_random,bm25,1,20,bm25_only,20,17,3,0,3,11,0.85,0.15,0.15,0.55
uniform_random,bm25,2,20,shared,0,0,0,0,0,0,,,,
uniform_random,bm25,2,20,method_only,20,0,20,0,0,0,0,1,0,0
uniform_random,bm25,2,20,bm25_only,20,19,1,0,7,7,0.95,0.05,0.35,0.35
uniform_random,bm25,3,20,shared,0,0,0,0,0,0,,,,
uniform_random,bm25,3,20,method_only,20,0,20,0,0,0,0,1,0,0
uniform_random,bm25,3,20,bm25_only,20,18,2,0,4,7,0.9,0.1,0.2,0.35
uniform_random,bm25,4,20,shared,0,0,0,0,0,0,,,,
uniform_random,bm25,4,20,method_only,20,0,20,0,0,0,0,1,0,0
uniform_random,bm25,4,20,bm25_only,20,20,0,0,2,3,1,0,0.1,0.15
uniform_random,bm25,5,20,shared,0,0,0,0,0,0,,,,
uniform_random,bm25,5,20,method_only,20,0,20,0,0,0,0,1,0,0
uniform_random,bm25,5,20,bm25_only,20,18,2,0,7,16,0.9,0.1,0.35,0.8
uniform_random,bm25,6,20,shared,0,0,0,0,0,0,,,,
uniform_random,bm25,6,20,method_only,20,0,20,0,0,0,0,1,0,0
uniform_random,bm25,6,20,bm25_only,20,19,1,0,15,17,0.95,0.05,0.75,0.85
uniform_random,bm25,7,20,shared,0,0,0,0,0,0,,,,
uniform_random,bm25,7,20,method_only,20,0,20,0,0,0,0,1,0,0
uniform_random,bm25,7,20,bm25_only,20,20,0,0,13,14,1,0,0.65,0.7
uniform_random,bm25,8,20,shared,0,0,0,0,0,0,,,,
uniform_random,bm25,8,20,method_only,20,0,20,0,0,0,0,1,0,0
uniform_random,bm25,8,20,bm25_only,20,15,5,0,9,12,0.75,0.25,0.45,0.6
uniform_random,bm25,9,20,shared,0,0,0,0,0,0,,,,
uniform_random,bm25,9,20,method_only,20,0,20,0,0,0,0,1,0,0
uniform_random,bm25,9,20,bm25_only,20,20,0,0,2,4,1,0,0.1,0.2
uniform_random,bm25,10,20,shared,0,0,0,0,0,0,,,,
uniform_random,bm25,10,20,method_only,20,0,20,0,0,0,0,1,0,0
uniform_random,bm25,10,20,bm25_only,20,20,0,0,14,18,1,0,0.7,0.9
uniform_random,bm25,11,20,shared,0,0,0,0,0,0,,,,
uniform_random,bm25,11,20,method_only,20,0,20,0,0,0,0,1,0,0
uniform_random,bm25,11,20,bm25_only,20,18,2,0,8,10,0.9,0.1,0.4,0.5
uniform_random,bm25,12,20,shared,0,0,0,0,0,0,,,,
uniform_random,bm25,12,20,method_only,20,1,19,0,0,0,0.05,0.95,0,0
uniform_random,bm25,12,20,bm25_only,20,16,4,0,3,10,0.8,0.2,0.15,0.5
uniform_random,bm25,13,20,shared,0,0,0,0,0,0,,,,
uniform_random,bm25,13,20,method_only,20,0,20,0,0,0,0,1,0,0
uniform_random,bm25,13,20,bm25_only,20,19,1,0,7,16,0.95,0.05,0.35,0.8
uniform_random,bm25,14,20,shared,0,0,0,0,0,0,,,,
uniform_random,bm25,14,20,method_only,20,0,20,0,0,0,0,1,0,0
uniform_random,bm25,14,20,bm25_only,20,20,0,0,11,16,1,0,0.55,0.8
uniform_random,bm25,15,20,shared,0,0,0,0,0,0,,,,
uniform_random,bm25,15,20,method_only,20,0,20,0,0,0,0,1,0,0
uniform_random,bm25,15,20,bm25_only,20,14,6,0,2,4,0.7,0.3,0.1,0.2
uniform_random,bm25,16,20,shared,0,0,0,0,0,0,,,,
uniform_random,bm25,16,20,method_only,20,0,20,0,0,0,0,1,0,0
uniform_random,bm25,16,20,bm25_only,20,17,3,0,4,6,0.85,0.15,0.2,0.3
uniform_random,bm25,17,20,shared,0,0,0,0,0,0,,,,
uniform_random,bm25,17,20,method_only,20,0,20,0,0,0,0,1,0,0
uniform_random,bm25,17,20,bm25_only,20,18,2,0,7,12,0.9,0.1,0.35,0.6
uniform_random,bm25,18,20,shared,0,0,0,0,0,0,,,,
uniform_random,bm25,18,20,method_only,20,0,20,0,0,0,0,1,0,0
uniform_random,bm25,18,20,bm25_only,20,20,0,0,10,15,1,0,0.5,0.75
uniform_random,bm25,19,20,shared,0,0,0,0,0,0,,,,
uniform_random,bm25,19,20,method_only,20,1,19,0,0,0,0.05,0.95,0,0
uniform_random,bm25,19,20,bm25_only,20,20,0,0,5,14,1,0,0.25,0.7
uniform_random,bm25,20,20,shared,0,0,0,0,0,0,,,,
uniform_random,bm25,20,20,method_only,20,0,20,0,0,0,0,1,0,0
uniform_random,bm25,20,20,bm25_only,20,18,2,0,17,17,0.9,0.1,0.85,0.85
uniform_random,bm25,21,20,shared,0,0,0,0,0,0,,,,
uniform_random,bm25,21,20,method_only,20,0,20,0,0,0,0,1,0,0
uniform_random,bm25,21,20,bm25_only,20,18,2,0,7,9,0.9,0.1,0.35,0.45
uniform_random,bm25,22,20,shared,0,0,0,0,0,0,,,,
uniform_random,bm25,22,20,method_only,20,0,20,0,0,0,0,1,0,0
uniform_random,bm25,22,20,bm25_only,20,16,4,0,14,16,0.8,0.2,0.7,0.8
uniform_random,bm25,23,20,shared,0,0,0,0,0,0,,,,
uniform_random,bm25,23,20,method_only,20,0,20,0,0,0,0,1,0,0
uniform_random,bm25,23,20,bm25_only,20,19,1,0,15,16,0.95,0.05,0.75,0.8
uniform_random,bm25,24,20,shared,0,0,0,0,0,0,,,,
uniform_random,bm25,24,20,method_only,20,0,20,0,0,0,0,1,0,0
uniform_random,bm25,24,20,bm25_only,20,18,2,0,13,15,0.9,0.1,0.65,0.75
uniform_random,bm25,25,20,shared,0,0,0,0,0,0,,,,
uniform_random,bm25,25,20,method_only,20,0,20,0,0,0,0,1,0,0
uniform_random,bm25,25,20,bm25_only,20,15,5,0,3,3,0.75,0.25,0.15,0.15
uniform_random,bm25,26,20,shared,0,0,0,0,0,0,,,,
uniform_random,bm25,26,20,method_only,20,0,20,0,0,0,0,1,0,0
uniform_random,bm25,26,20,bm25_only,20,17,3,0,12,12,0.85,0.15,0.6,0.6
uniform_random,bm25,27,20,shared,1,1,0,0,1,1,1,0,1,1
uniform_random,bm25,27,20,method_only,19,0,19,0,0,0,0,1,0,0
uniform_random,bm25,27,20,bm25_only,19,17,2,0,15,16,0.894736842105,0.105263157895,0.789473684211,0.842105263158
uniform_random,bm25,28,20,shared,0,0,0,0,0,0,,,,
uniform_random,bm25,28,20,method_only,20,0,20,0,0,0,0,1,0,0
uniform_random,bm25,28,20,bm25_only,20,20,0,0,17,18,1,0,0.85,0.9
uniform_random,bm25,29,20,shared,0,0,0,0,0,0,,,,
uniform_random,bm25,29,20,method_only,20,0,20,0,0,0,0,1,0,0
uniform_random,bm25,29,20,bm25_only,20,20,0,0,13,17,1,0,0.65,0.85
uniform_random,bm25,30,20,shared,0,0,0,0,0,0,,,,
uniform_random,bm25,30,20,method_only,20,0,20,0,0,0,0,1,0,0
uniform_random,bm25,30,20,bm25_only,20,20,0,0,19,20,1,0,0.95,1
uniform_random,bm25,31,20,shared,0,0,0,0,0,0,,,,
uniform_random,bm25,31,20,method_only,20,0,20,0,0,0,0,1,0,0
uniform_random,bm25,31,20,bm25_only,20,19,1,0,2,4,0.95,0.05,0.1,0.2
uniform_random,bm25,32,20,shared,0,0,0,0,0,0,,,,
uniform_random,bm25,32,20,method_only,20,0,20,0,0,0,0,1,0,0
uniform_random,bm25,32,20,bm25_only,20,20,0,0,6,9,1,0,0.3,0.45
uniform_random,bm25,33,20,shared,0,0,0,0,0,0,,,,
uniform_random,bm25,33,20,method_only,20,0,20,0,0,0,0,1,0,0
uniform_random,bm25,33,20,bm25_only,20,20,0,0,8,14,1,0,0.4,0.7
uniform_random,bm25,34,20,shared,0,0,0,0,0,0,,,,
uniform_random,bm25,34,20,method_only,20,0,20,0,0,0,0,1,0,0
uniform_random,bm25,34,20,bm25_only,20,14,6,0,5,7,0.7,0.3,0.25,0.35
uniform_random,bm25,35,20,shared,0,0,0,0,0,0,,,,
uniform_random,bm25,35,20,method_only,20,0,20,0,0,0,0,1,0,0
uniform_random,bm25,35,20,bm25_only,20,20,0,0,9,9,1,0,0.45,0.45
uniform_random,bm25,36,20,shared,0,0,0,0,0,0,,,,
uniform_random,bm25,36,20,method_only,20,0,20,0,0,0,0,1,0,0
uniform_random,bm25,36,20,bm25_only,20,20,0,0,18,19,1,0,0.9,0.95
uniform_random,bm25,37,20,shared,0,0,0,0,0,0,,,,
uniform_random,bm25,37,20,method_only,20,0,20,0,0,0,0,1,0,0
uniform_random,bm25,37,20,bm25_only,20,20,0,0,9,16,1,0,0.45,0.8
uniform_random,bm25,38,20,shared,0,0,0,0,0,0,,,,
uniform_random,bm25,38,20,method_only,20,0,20,0,0,0,0,1,0,0
uniform_random,bm25,38,20,bm25_only,20,20,0,0,11,12,1,0,0.55,0.6
uniform_random,bm25,39,20,shared,0,0,0,0,0,0,,,,
uniform_random,bm25,39,20,method_only,20,0,20,0,0,0,0,1,0,0
uniform_random,bm25,39,20,bm25_only,20,20,0,0,17,20,1,0,0.85,1
uniform_random,bm25,40,20,shared,0,0,0,0,0,0,,,,
uniform_random,bm25,40,20,method_only,20,0,20,0,0,0,0,1,0,0
uniform_random,bm25,40,20,bm25_only,20,20,0,0,20,20,1,0,1,1
uniform_random,bm25,41,20,shared,0,0,0,0,0,0,,,,
uniform_random,bm25,41,20,method_only,20,0,20,0,0,0,0,1,0,0
uniform_random,bm25,41,20,bm25_only,20,20,0,0,15,15,1,0,0.75,0.75
uniform_random,bm25,42,20,shared,0,0,0,0,0,0,,,,
uniform_random,bm25,42,20,method_only,20,0,20,0,0,0,0,1,0,0
uniform_random,bm25,42,20,bm25_only,20,20,0,0,12,15,1,0,0.6,0.75
uniform_random,bm25,43,20,shared,0,0,0,0,0,0,,,,
uniform_random,bm25,43,20,method_only,20,0,20,0,0,0,0,1,0,0
uniform_random,bm25,43,20,bm25_only,20,20,0,0,13,16,1,0,0.65,0.8
uniform_random,bm25,44,20,shared,0,0,0,0,0,0,,,,
uniform_random,bm25,44,20,method_only,20,0,20,0,0,0,0,1,0,0
uniform_random,bm25,44,20,bm25_only,20,19,1,0,14,18,0.95,0.05,0.7,0.9
uniform_random,bm25,45,20,shared,0,0,0,0,0,0,,,,
uniform_random,bm25,45,20,method_only,20,0,20,0,0,0,0,1,0,0
uniform_random,bm25,45,20,bm25_only,20,19,1,0,11,18,0.95,0.05,0.55,0.9
uniform_random,bm25,46,20,shared,0,0,0,0,0,0,,,,
uniform_random,bm25,46,20,method_only,20,0,20,0,0,0,0,1,0,0
uniform_random,bm25,46,20,bm25_only,20,20,0,0,9,14,1,0,0.45,0.7
uniform_random,bm25,47,20,shared,0,0,0,0,0,0,,,,
uniform_random,bm25,47,20,method_only,20,0,20,0,0,0,0,1,0,0
uniform_random,bm25,47,20,bm25_only,20,14,6,0,4,6,0.7,0.3,0.2,0.3
uniform_random,bm25,48,20,shared,0,0,0,0,0,0,,,,
uniform_random,bm25,48,20,method_only,20,0,20,0,0,0,0,1,0,0
uniform_random,bm25,48,20,bm25_only,20,17,3,0,15,16,0.85,0.15,0.75,0.8
uniform_random,bm25,49,20,shared,0,0,0,0,0,0,,,,
uniform_random,bm25,49,20,method_only,20,1,19,0,0,0,0.05,0.95,0,0
uniform_random,bm25,49,20,bm25_only,20,19,1,0,3,7,0.95,0.05,0.15,0.35
uniform_random,bm25,50,20,shared,0,0,0,0,0,0,,,,
uniform_random,bm25,50,20,method_only,20,0,20,0,0,0,0,1,0,0
uniform_random,bm25,50,20,bm25_only,20,20,0,0,7,15,1,0,0.35,0.75
uniform_random,bm25,1,50,shared,0,0,0,0,0,0,,,,
uniform_random,bm25,1,50,method_only,50,1,49,0,0,0,0.02,0.98,0,0
uniform_random,bm25,1,50,bm25_only,50,32,18,0,6,16,0.64,0.36,0.12,0.32
uniform_random,bm25,2,50,shared,0,0,0,0,0,0,,,,
uniform_random,bm25,2,50,method_only,50,0,50,0,0,0,0,1,0,0
uniform_random,bm25,2,50,bm25_only,50,49,1,0,23,28,0.98,0.02,0.46,0.56
uniform_random,bm25,3,50,shared,0,0,0,0,0,0,,,,
uniform_random,bm25,3,50,method_only,50,0,50,0,0,0,0,1,0,0
uniform_random,bm25,3,50,bm25_only,50,43,7,0,12,24,0.86,0.14,0.24,0.48
uniform_random,bm25,4,50,shared,0,0,0,0,0,0,,,,
uniform_random,bm25,4,50,method_only,50,0,50,0,0,0,0,1,0,0
uniform_random,bm25,4,50,bm25_only,50,39,11,0,9,12,0.78,0.22,0.18,0.24
uniform_random,bm25,5,50,shared,0,0,0,0,0,0,,,,
uniform_random,bm25,5,50,method_only,50,0,50,0,0,0,0,1,0,0
uniform_random,bm25,5,50,bm25_only,50,41,9,0,13,32,0.82,0.18,0.26,0.64
uniform_random,bm25,6,50,shared,0,0,0,0,0,0,,,,
uniform_random,bm25,6,50,method_only,50,0,50,0,0,0,0,1,0,0
uniform_random,bm25,6,50,bm25_only,50,39,11,0,28,33,0.78,0.22,0.56,0.66
uniform_random,bm25,7,50,shared,0,0,0,0,0,0,,,,
uniform_random,bm25,7,50,method_only,50,0,50,0,0,0,0,1,0,0
uniform_random,bm25,7,50,bm25_only,50,46,4,0,31,34,0.92,0.08,0.62,0.68
uniform_random,bm25,8,50,shared,0,0,0,0,0,0,,,,
uniform_random,bm25,8,50,method_only,50,0,50,0,0,0,0,1,0,0
uniform_random,bm25,8,50,bm25_only,50,33,17,0,16,23,0.66,0.34,0.32,0.46
uniform_random,bm25,9,50,shared,0,0,0,0,0,0,,,,
uniform_random,bm25,9,50,method_only,50,0,50,0,0,0,0,1,0,0
uniform_random,bm25,9,50,bm25_only,50,48,2,0,9,17,0.96,0.04,0.18,0.34
uniform_random,bm25,10,50,shared,0,0,0,0,0,0,,,,
uniform_random,bm25,10,50,method_only,50,1,49,0,1,1,0.02,0.98,0.02,0.02
uniform_random,bm25,10,50,bm25_only,50,45,5,0,27,38,0.9,0.1,0.54,0.76
uniform_random,bm25,11,50,shared,0,0,0,0,0,0,,,,
uniform_random,bm25,11,50,method_only,50,0,50,0,0,0,0,1,0,0
uniform_random,bm25,11,50,bm25_only,50,43,7,0,12,19,0.86,0.14,0.24,0.38
uniform_random,bm25,12,50,shared,0,0,0,0,0,0,,,,
uniform_random,bm25,12,50,method_only,50,1,49,0,0,0,0.02,0.98,0,0
uniform_random,bm25,12,50,bm25_only,50,39,11,0,5,21,0.78,0.22,0.1,0.42
uniform_random,bm25,13,50,shared,0,0,0,0,0,0,,,,
uniform_random,bm25,13,50,method_only,50,0,50,0,0,0,0,1,0,0
uniform_random,bm25,13,50,bm25_only,50,46,4,0,16,34,0.92,0.08,0.32,0.68
uniform_random,bm25,14,50,shared,0,0,0,0,0,0,,,,
uniform_random,bm25,14,50,method_only,50,1,49,0,0,1,0.02,0.98,0,0.02
uniform_random,bm25,14,50,bm25_only,50,50,0,0,23,40,1,0,0.46,0.8
uniform_random,bm25,15,50,shared,0,0,0,0,0,0,,,,
uniform_random,bm25,15,50,method_only,50,1,49,0,0,0,0.02,0.98,0,0
uniform_random,bm25,15,50,bm25_only,50,32,18,0,3,6,0.64,0.36,0.06,0.12
uniform_random,bm25,16,50,shared,0,0,0,0,0,0,,,,
uniform_random,bm25,16,50,method_only,50,0,50,0,0,0,0,1,0,0
uniform_random,bm25,16,50,bm25_only,50,36,14,0,7,12,0.72,0.28,0.14,0.24
uniform_random,bm25,17,50,shared,0,0,0,0,0,0,,,,
uniform_random,bm25,17,50,method_only,50,0,50,0,0,0,0,1,0,0
uniform_random,bm25,17,50,bm25_only,50,43,7,0,17,34,0.86,0.14,0.34,0.68
uniform_random,bm25,18,50,shared,0,0,0,0,0,0,,,,
uniform_random,bm25,18,50,method_only,50,0,50,0,0,0,0,1,0,0
uniform_random,bm25,18,50,bm25_only,50,49,1,0,27,41,0.98,0.02,0.54,0.82
uniform_random,bm25,19,50,shared,0,0,0,0,0,0,,,,
uniform_random,bm25,19,50,method_only,50,1,49,0,0,0,0.02,0.98,0,0
uniform_random,bm25,19,50,bm25_only,50,48,2,0,8,20,0.96,0.04,0.16,0.4
uniform_random,bm25,20,50,shared,0,0,0,0,0,0,,,,
uniform_random,bm25,20,50,method_only,50,0,50,0,0,0,0,1,0,0
uniform_random,bm25,20,50,bm25_only,50,45,5,0,29,34,0.9,0.1,0.58,0.68
uniform_random,bm25,21,50,shared,0,0,0,0,0,0,,,,
uniform_random,bm25,21,50,method_only,50,0,50,0,0,0,0,1,0,0
uniform_random,bm25,21,50,bm25_only,50,46,4,0,24,26,0.92,0.08,0.48,0.52
uniform_random,bm25,22,50,shared,0,0,0,0,0,0,,,,
uniform_random,bm25,22,50,method_only,50,0,50,0,0,0,0,1,0,0
uniform_random,bm25,22,50,bm25_only,50,37,13,0,27,33,0.74,0.26,0.54,0.66
uniform_random,bm25,23,50,shared,0,0,0,0,0,0,,,,
uniform_random,bm25,23,50,method_only,50,0,50,0,0,0,0,1,0,0
uniform_random,bm25,23,50,bm25_only,50,42,8,0,26,34,0.84,0.16,0.52,0.68
uniform_random,bm25,24,50,shared,0,0,0,0,0,0,,,,
uniform_random,bm25,24,50,method_only,50,0,50,0,0,0,0,1,0,0
uniform_random,bm25,24,50,bm25_only,50,46,4,0,34,40,0.92,0.08,0.68,0.8
uniform_random,bm25,25,50,shared,0,0,0,0,0,0,,,,
uniform_random,bm25,25,50,method_only,50,1,49,0,0,0,0.02,0.98,0,0
uniform_random,bm25,25,50,bm25_only,50,31,19,0,6,8,0.62,0.38,0.12,0.16
uniform_random,bm25,26,50,shared,0,0,0,0,0,0,,,,
uniform_random,bm25,26,50,method_only,50,0,50,0,0,0,0,1,0,0
uniform_random,bm25,26,50,bm25_only,50,35,15,0,24,26,0.7,0.3,0.48,0.52
uniform_random,bm25,27,50,shared,1,1,0,0,1,1,1,0,1,1
uniform_random,bm25,27,50,method_only,49,0,49,0,0,0,0,1,0,0
uniform_random,bm25,27,50,bm25_only,49,45,4,0,34,43,0.918367346939,0.0816326530612,0.69387755102,0.877551020408
uniform_random,bm25,28,50,shared,0,0,0,0,0,0,,,,
uniform_random,bm25,28,50,method_only,50,0,50,0,0,0,0,1,0,0
uniform_random,bm25,28,50,bm25_only,50,46,4,0,39,40,0.92,0.08,0.78,0.8
uniform_random,bm25,29,50,shared,0,0,0,0,0,0,,,,
uniform_random,bm25,29,50,method_only,50,0,50,0,0,0,0,1,0,0
uniform_random,bm25,29,50,bm25_only,50,50,0,0,27,40,1,0,0.54,0.8
uniform_random,bm25,30,50,shared,0,0,0,0,0,0,,,,
uniform_random,bm25,30,50,method_only,50,0,50,0,0,0,0,1,0,0
uniform_random,bm25,30,50,bm25_only,50,48,2,0,38,48,0.96,0.04,0.76,0.96
uniform_random,bm25,31,50,shared,0,0,0,0,0,0,,,,
uniform_random,bm25,31,50,method_only,50,1,49,0,0,1,0.02,0.98,0,0.02
uniform_random,bm25,31,50,bm25_only,50,49,1,0,4,10,0.98,0.02,0.08,0.2
uniform_random,bm25,32,50,shared,0,0,0,0,0,0,,,,
uniform_random,bm25,32,50,method_only,50,1,49,0,0,0,0.02,0.98,0,0
uniform_random,bm25,32,50,bm25_only,50,50,0,0,12,16,1,0,0.24,0.32
uniform_random,bm25,33,50,shared,0,0,0,0,0,0,,,,
uniform_random,bm25,33,50,method_only,50,0,50,0,0,0,0,1,0,0
uniform_random,bm25,33,50,bm25_only,50,47,3,0,21,31,0.94,0.06,0.42,0.62
uniform_random,bm25,34,50,shared,0,0,0,0,0,0,,,,
uniform_random,bm25,34,50,method_only,50,0,50,0,0,0,0,1,0,0
uniform_random,bm25,34,50,bm25_only,50,23,27,0,6,9,0.46,0.54,0.12,0.18
uniform_random,bm25,35,50,shared,0,0,0,0,0,0,,,,
uniform_random,bm25,35,50,method_only,50,0,50,0,0,0,0,1,0,0
uniform_random,bm25,35,50,bm25_only,50,46,4,0,23,25,0.92,0.08,0.46,0.5
uniform_random,bm25,36,50,shared,0,0,0,0,0,0,,,,
uniform_random,bm25,36,50,method_only,50,0,50,0,0,0,0,1,0,0
uniform_random,bm25,36,50,bm25_only,50,50,0,0,42,45,1,0,0.84,0.9
uniform_random,bm25,37,50,shared,0,0,0,0,0,0,,,,
uniform_random,bm25,37,50,method_only,50,0,50,0,0,0,0,1,0,0
uniform_random,bm25,37,50,bm25_only,50,50,0,0,25,42,1,0,0.5,0.84
uniform_random,bm25,38,50,shared,0,0,0,0,0,0,,,,
uniform_random,bm25,38,50,method_only,50,1,49,0,0,1,0.02,0.98,0,0.02
uniform_random,bm25,38,50,bm25_only,50,45,5,0,18,27,0.9,0.1,0.36,0.54
uniform_random,bm25,39,50,shared,0,0,0,0,0,0,,,,
uniform_random,bm25,39,50,method_only,50,0,50,0,0,0,0,1,0,0
uniform_random,bm25,39,50,bm25_only,50,50,0,0,38,49,1,0,0.76,0.98
uniform_random,bm25,40,50,shared,0,0,0,0,0,0,,,,
uniform_random,bm25,40,50,method_only,50,1,49,0,0,0,0.02,0.98,0,0
uniform_random,bm25,40,50,bm25_only,50,50,0,0,46,50,1,0,0.92,1
uniform_random,bm25,41,50,shared,0,0,0,0,0,0,,,,
uniform_random,bm25,41,50,method_only,50,0,50,0,0,0,0,1,0,0
uniform_random,bm25,41,50,bm25_only,50,48,2,0,31,35,0.96,0.04,0.62,0.7
uniform_random,bm25,42,50,shared,0,0,0,0,0,0,,,,
uniform_random,bm25,42,50,method_only,50,0,50,0,0,0,0,1,0,0
uniform_random,bm25,42,50,bm25_only,50,50,0,0,34,38,1,0,0.68,0.76
uniform_random,bm25,43,50,shared,0,0,0,0,0,0,,,,
uniform_random,bm25,43,50,method_only,50,0,50,0,0,0,0,1,0,0
uniform_random,bm25,43,50,bm25_only,50,50,0,0,37,41,1,0,0.74,0.82
uniform_random,bm25,44,50,shared,0,0,0,0,0,0,,,,
uniform_random,bm25,44,50,method_only,50,0,50,0,0,0,0,1,0,0
uniform_random,bm25,44,50,bm25_only,50,45,5,0,29,35,0.9,0.1,0.58,0.7
uniform_random,bm25,45,50,shared,0,0,0,0,0,0,,,,
uniform_random,bm25,45,50,method_only,50,0,50,0,0,0,0,1,0,0
uniform_random,bm25,45,50,bm25_only,50,46,4,0,19,40,0.92,0.08,0.38,0.8
uniform_random,bm25,46,50,shared,0,0,0,0,0,0,,,,
uniform_random,bm25,46,50,method_only,50,0,50,0,0,0,0,1,0,0
uniform_random,bm25,46,50,bm25_only,50,50,0,0,22,30,1,0,0.44,0.6
uniform_random,bm25,47,50,shared,0,0,0,0,0,0,,,,
uniform_random,bm25,47,50,method_only,50,0,50,0,0,0,0,1,0,0
uniform_random,bm25,47,50,bm25_only,50,30,20,0,13,17,0.6,0.4,0.26,0.34
uniform_random,bm25,48,50,shared,0,0,0,0,0,0,,,,
uniform_random,bm25,48,50,method_only,50,0,50,0,0,0,0,1,0,0
uniform_random,bm25,48,50,bm25_only,50,28,22,0,20,26,0.56,0.44,0.4,0.52
uniform_random,bm25,49,50,shared,0,0,0,0,0,0,,,,
uniform_random,bm25,49,50,method_only,50,1,49,0,0,0,0.02,0.98,0,0
uniform_random,bm25,49,50,bm25_only,50,46,4,0,5,13,0.92,0.08,0.1,0.26
uniform_random,bm25,50,50,shared,0,0,0,0,0,0,,,,
uniform_random,bm25,50,50,method_only,50,0,50,0,0,0,0,1,0,0
uniform_random,bm25,50,50,bm25_only,50,40,10,0,8,17,0.8,0.2,0.16,0.34
uniform_random,bm25,1,100,shared,0,0,0,0,0,0,,,,
uniform_random,bm25,1,100,method_only,100,1,99,0,0,0,0.01,0.99,0,0
uniform_random,bm25,1,100,bm25_only,100,54,46,0,14,31,0.54,0.46,0.14,0.31
uniform_random,bm25,2,100,shared,0,0,0,0,0,0,,,,
uniform_random,bm25,2,100,method_only,100,0,100,0,0,0,0,1,0,0
uniform_random,bm25,2,100,bm25_only,100,78,22,0,37,43,0.78,0.22,0.37,0.43
uniform_random,bm25,3,100,shared,0,0,0,0,0,0,,,,
uniform_random,bm25,3,100,method_only,100,0,100,0,0,0,0,1,0,0
uniform_random,bm25,3,100,bm25_only,100,78,22,0,28,48,0.78,0.22,0.28,0.48
uniform_random,bm25,4,100,shared,0,0,0,0,0,0,,,,
uniform_random,bm25,4,100,method_only,100,0,100,0,0,0,0,1,0,0
uniform_random,bm25,4,100,bm25_only,100,69,31,0,18,26,0.69,0.31,0.18,0.26
uniform_random,bm25,5,100,shared,0,0,0,0,0,0,,,,
uniform_random,bm25,5,100,method_only,100,0,100,0,0,0,0,1,0,0
uniform_random,bm25,5,100,bm25_only,100,71,29,0,27,56,0.71,0.29,0.27,0.56
uniform_random,bm25,6,100,shared,0,0,0,0,0,0,,,,
uniform_random,bm25,6,100,method_only,100,0,100,0,0,0,0,1,0,0
uniform_random,bm25,6,100,bm25_only,100,67,33,0,52,60,0.67,0.33,0.52,0.6
uniform_random,bm25,7,100,shared,0,0,0,0,0,0,,,,
uniform_random,bm25,7,100,method_only,100,0,100,0,0,0,0,1,0,0
uniform_random,bm25,7,100,bm25_only,100,88,12,0,52,57,0.88,0.12,0.52,0.57
uniform_random,bm25,8,100,shared,0,0,0,0,0,0,,,,
uniform_random,bm25,8,100,method_only,100,0,100,0,0,0,0,1,0,0
uniform_random,bm25,8,100,bm25_only,100,61,39,0,29,43,0.61,0.39,0.29,0.43
uniform_random,bm25,9,100,shared,0,0,0,0,0,0,,,,
uniform_random,bm25,9,100,method_only,100,0,100,0,0,0,0,1,0,0
uniform_random,bm25,9,100,bm25_only,100,88,12,0,17,30,0.88,0.12,0.17,0.3
uniform_random,bm25,10,100,shared,0,0,0,0,0,0,,,,
uniform_random,bm25,10,100,method_only,100,2,98,0,2,2,0.02,0.98,0.02,0.02
uniform_random,bm25,10,100,bm25_only,100,89,11,0,42,70,0.89,0.11,0.42,0.7
uniform_random,bm25,11,100,shared,1,1,0,0,0,0,1,0,0,0
uniform_random,bm25,11,100,method_only,99,1,98,0,0,0,0.010101010101,0.989898989899,0,0
uniform_random,bm25,11,100,bm25_only,99,84,15,0,20,34,0.848484848485,0.151515151515,0.20202020202,0.343434343434
uniform_random,bm25,12,100,shared,0,0,0,0,0,0,,,,
uniform_random,bm25,12,100,method_only,100,1,99,0,0,0,0.01,0.99,0,0
uniform_random,bm25,12,100,bm25_only,100,78,22,0,13,43,0.78,0.22,0.13,0.43
uniform_random,bm25,13,100,shared,0,0,0,0,0,0,,,,
uniform_random,bm25,13,100,method_only,100,2,98,0,0,2,0.02,0.98,0,0.02
uniform_random,bm25,13,100,bm25_only,100,77,23,0,28,58,0.77,0.23,0.28,0.58
uniform_random,bm25,14,100,shared,0,0,0,0,0,0,,,,
uniform_random,bm25,14,100,method_only,100,1,99,0,0,1,0.01,0.99,0,0.01
uniform_random,bm25,14,100,bm25_only,100,96,4,0,35,65,0.96,0.04,0.35,0.65
uniform_random,bm25,15,100,shared,0,0,0,0,0,0,,,,
uniform_random,bm25,15,100,method_only,100,2,98,0,0,0,0.02,0.98,0,0
uniform_random,bm25,15,100,bm25_only,100,49,51,0,4,7,0.49,0.51,0.04,0.07
uniform_random,bm25,16,100,shared,0,0,0,0,0,0,,,,
uniform_random,bm25,16,100,method_only,100,0,100,0,0,0,0,1,0,0
uniform_random,bm25,16,100,bm25_only,100,62,38,0,10,18,0.62,0.38,0.1,0.18
uniform_random,bm25,17,100,shared,0,0,0,0,0,0,,,,
uniform_random,bm25,17,100,method_only,100,0,100,0,0,0,0,1,0,0
uniform_random,bm25,17,100,bm25_only,100,78,22,0,27,57,0.78,0.22,0.27,0.57
uniform_random,bm25,18,100,shared,0,0,0,0,0,0,,,,
uniform_random,bm25,18,100,method_only,100,1,99,0,0,1,0.01,0.99,0,0.01
uniform_random,bm25,18,100,bm25_only,100,88,12,0,47,75,0.88,0.12,0.47,0.75
uniform_random,bm25,19,100,shared,0,0,0,0,0,0,,,,
uniform_random,bm25,19,100,method_only,100,1,99,0,0,0,0.01,0.99,0,0
uniform_random,bm25,19,100,bm25_only,100,83,17,0,10,26,0.83,0.17,0.1,0.26
uniform_random,bm25,20,100,shared,0,0,0,0,0,0,,,,
uniform_random,bm25,20,100,method_only,100,0,100,0,0,0,0,1,0,0
uniform_random,bm25,20,100,bm25_only,100,90,10,0,60,70,0.9,0.1,0.6,0.7
uniform_random,bm25,21,100,shared,0,0,0,0,0,0,,,,
uniform_random,bm25,21,100,method_only,100,0,100,0,0,0,0,1,0,0
uniform_random,bm25,21,100,bm25_only,100,79,21,0,42,45,0.79,0.21,0.42,0.45
uniform_random,bm25,22,100,shared,0,0,0,0,0,0,,,,
uniform_random,bm25,22,100,method_only,100,0,100,0,0,0,0,1,0,0
uniform_random,bm25,22,100,bm25_only,100,73,27,0,49,62,0.73,0.27,0.49,0.62
uniform_random,bm25,23,100,shared,0,0,0,0,0,0,,,,
uniform_random,bm25,23,100,method_only,100,0,100,0,0,0,0,1,0,0
uniform_random,bm25,23,100,bm25_only,100,68,32,0,40,52,0.68,0.32,0.4,0.52
uniform_random,bm25,24,100,shared,0,0,0,0,0,0,,,,
uniform_random,bm25,24,100,method_only,100,1,99,0,0,0,0.01,0.99,0,0
uniform_random,bm25,24,100,bm25_only,100,84,16,0,59,70,0.84,0.16,0.59,0.7
uniform_random,bm25,25,100,shared,0,0,0,0,0,0,,,,
uniform_random,bm25,25,100,method_only,100,1,99,0,0,0,0.01,0.99,0,0
uniform_random,bm25,25,100,bm25_only,100,66,34,0,14,17,0.66,0.34,0.14,0.17
uniform_random,bm25,26,100,shared,0,0,0,0,0,0,,,,
uniform_random,bm25,26,100,method_only,100,0,100,0,0,0,0,1,0,0
uniform_random,bm25,26,100,bm25_only,100,62,38,0,40,44,0.62,0.38,0.4,0.44
uniform_random,bm25,27,100,shared,1,1,0,0,1,1,1,0,1,1
uniform_random,bm25,27,100,method_only,99,0,99,0,0,0,0,1,0,0
uniform_random,bm25,27,100,bm25_only,99,89,10,0,61,86,0.89898989899,0.10101010101,0.616161616162,0.868686868687
uniform_random,bm25,28,100,shared,0,0,0,0,0,0,,,,
uniform_random,bm25,28,100,method_only,100,1,99,0,0,0,0.01,0.99,0,0
uniform_random,bm25,28,100,bm25_only,100,84,16,0,71,74,0.84,0.16,0.71,0.74
uniform_random,bm25,29,100,shared,0,0,0,0,0,0,,,,
uniform_random,bm25,29,100,method_only,100,0,100,0,0,0,0,1,0,0
uniform_random,bm25,29,100,bm25_only,100,96,4,0,46,64,0.96,0.04,0.46,0.64
uniform_random,bm25,30,100,shared,0,0,0,0,0,0,,,,
uniform_random,bm25,30,100,method_only,100,0,100,0,0,0,0,1,0,0
uniform_random,bm25,30,100,bm25_only,100,94,6,0,68,87,0.94,0.06,0.68,0.87
uniform_random,bm25,31,100,shared,0,0,0,0,0,0,,,,
uniform_random,bm25,31,100,method_only,100,2,98,0,0,1,0.02,0.98,0,0.01
uniform_random,bm25,31,100,bm25_only,100,98,2,0,12,21,0.98,0.02,0.12,0.21
uniform_random,bm25,32,100,shared,0,0,0,0,0,0,,,,
uniform_random,bm25,32,100,method_only,100,1,99,0,0,0,0.01,0.99,0,0
uniform_random,bm25,32,100,bm25_only,100,78,22,0,13,17,0.78,0.22,0.13,0.17
uniform_random,bm25,33,100,shared,0,0,0,0,0,0,,,,
uniform_random,bm25,33,100,method_only,100,0,100,0,0,0,0,1,0,0
uniform_random,bm25,33,100,bm25_only,100,84,16,0,30,44,0.84,0.16,0.3,0.44
uniform_random,bm25,34,100,shared,0,0,0,0,0,0,,,,
uniform_random,bm25,34,100,method_only,100,2,98,0,0,0,0.02,0.98,0,0
uniform_random,bm25,34,100,bm25_only,100,49,51,0,9,16,0.49,0.51,0.09,0.16
uniform_random,bm25,35,100,shared,0,0,0,0,0,0,,,,
uniform_random,bm25,35,100,method_only,100,2,98,0,0,0,0.02,0.98,0,0
uniform_random,bm25,35,100,bm25_only,100,84,16,0,43,45,0.84,0.16,0.43,0.45
uniform_random,bm25,36,100,shared,1,1,0,0,1,1,1,0,1,1
uniform_random,bm25,36,100,method_only,99,0,99,0,0,0,0,1,0,0
uniform_random,bm25,36,100,bm25_only,99,97,2,0,77,84,0.979797979798,0.020202020202,0.777777777778,0.848484848485
uniform_random,bm25,37,100,shared,0,0,0,0,0,0,,,,
uniform_random,bm25,37,100,method_only,100,1,99,0,0,0,0.01,0.99,0,0
uniform_random,bm25,37,100,bm25_only,100,99,1,0,49,73,0.99,0.01,0.49,0.73
uniform_random,bm25,38,100,shared,0,0,0,0,0,0,,,,
uniform_random,bm25,38,100,method_only,100,2,98,0,0,2,0.02,0.98,0,0.02
uniform_random,bm25,38,100,bm25_only,100,85,15,0,36,55,0.85,0.15,0.36,0.55
uniform_random,bm25,39,100,shared,0,0,0,0,0,0,,,,
uniform_random,bm25,39,100,method_only,100,0,100,0,0,0,0,1,0,0
uniform_random,bm25,39,100,bm25_only,100,100,0,0,64,97,1,0,0.64,0.97
uniform_random,bm25,40,100,shared,0,0,0,0,0,0,,,,
uniform_random,bm25,40,100,method_only,100,1,99,0,0,0,0.01,0.99,0,0
uniform_random,bm25,40,100,bm25_only,100,99,1,0,86,97,0.99,0.01,0.86,0.97
uniform_random,bm25,41,100,shared,0,0,0,0,0,0,,,,
uniform_random,bm25,41,100,method_only,100,0,100,0,0,0,0,1,0,0
uniform_random,bm25,41,100,bm25_only,100,97,3,0,55,62,0.97,0.03,0.55,0.62
uniform_random,bm25,42,100,shared,0,0,0,0,0,0,,,,
uniform_random,bm25,42,100,method_only,100,0,100,0,0,0,0,1,0,0
uniform_random,bm25,42,100,bm25_only,100,95,5,0,61,69,0.95,0.05,0.61,0.69
uniform_random,bm25,43,100,shared,0,0,0,0,0,0,,,,
uniform_random,bm25,43,100,method_only,100,0,100,0,0,0,0,1,0,0
uniform_random,bm25,43,100,bm25_only,100,99,1,0,69,78,0.99,0.01,0.69,0.78
uniform_random,bm25,44,100,shared,0,0,0,0,0,0,,,,
uniform_random,bm25,44,100,method_only,100,0,100,0,0,0,0,1,0,0
uniform_random,bm25,44,100,bm25_only,100,88,12,0,52,67,0.88,0.12,0.52,0.67
uniform_random,bm25,45,100,shared,0,0,0,0,0,0,,,,
uniform_random,bm25,45,100,method_only,100,0,100,0,0,0,0,1,0,0
uniform_random,bm25,45,100,bm25_only,100,90,10,0,32,81,0.9,0.1,0.32,0.81
uniform_random,bm25,46,100,shared,0,0,0,0,0,0,,,,
uniform_random,bm25,46,100,method_only,100,0,100,0,0,0,0,1,0,0
uniform_random,bm25,46,100,bm25_only,100,87,13,0,30,40,0.87,0.13,0.3,0.4
uniform_random,bm25,47,100,shared,0,0,0,0,0,0,,,,
uniform_random,bm25,47,100,method_only,100,2,98,0,0,0,0.02,0.98,0,0
uniform_random,bm25,47,100,bm25_only,100,60,40,0,25,31,0.6,0.4,0.25,0.31
uniform_random,bm25,48,100,shared,0,0,0,0,0,0,,,,
uniform_random,bm25,48,100,method_only,100,0,100,0,0,0,0,1,0,0
uniform_random,bm25,48,100,bm25_only,100,52,48,0,32,46,0.52,0.48,0.32,0.46
uniform_random,bm25,49,100,shared,0,0,0,0,0,0,,,,
uniform_random,bm25,49,100,method_only,100,1,99,0,0,0,0.01,0.99,0,0
uniform_random,bm25,49,100,bm25_only,100,77,23,0,7,20,0.77,0.23,0.07,0.2
uniform_random,bm25,50,100,shared,0,0,0,0,0,0,,,,
uniform_random,bm25,50,100,method_only,100,1,99,0,0,0,0.01,0.99,0,0
uniform_random,bm25,50,100,bm25_only,100,76,24,0,12,31,0.76,0.24,0.12,0.31
uniform_random,bm25,1,1000,shared,7,2,5,0,1,1,0.285714285714,0.714285714286,0.142857142857,0.142857142857
uniform_random,bm25,1,1000,method_only,993,7,986,0,1,2,0.00704934541793,0.992950654582,0.00100704934542,0.00201409869084
uniform_random,bm25,1,1000,bm25_only,993,325,668,0,76,164,0.327291037261,0.672708962739,0.0765357502518,0.165156092649
uniform_random,bm25,2,1000,shared,4,0,4,0,0,0,0,1,0,0
uniform_random,bm25,2,1000,method_only,996,6,990,0,1,1,0.00602409638554,0.993975903614,0.00100401606426,0.00100401606426
uniform_random,bm25,2,1000,bm25_only,996,203,793,0,73,94,0.203815261044,0.796184738956,0.0732931726908,0.0943775100402
uniform_random,bm25,3,1000,shared,3,1,2,0,0,0,0.333333333333,0.666666666667,0,0
uniform_random,bm25,3,1000,method_only,997,6,991,0,1,1,0.00601805416249,0.993981945838,0.00100300902708,0.00100300902708
uniform_random,bm25,3,1000,bm25_only,997,401,596,0,92,216,0.40220661986,0.59779338014,0.0922768304915,0.21664994985
uniform_random,bm25,4,1000,shared,5,0,5,0,0,0,0,1,0,0
uniform_random,bm25,4,1000,method_only,995,8,987,0,1,3,0.00804020100503,0.991959798995,0.00100502512563,0.00301507537688
uniform_random,bm25,4,1000,bm25_only,995,294,701,0,64,133,0.295477386935,0.704522613065,0.0643216080402,0.133668341709
uniform_random,bm25,5,1000,shared,9,4,5,0,2,4,0.444444444444,0.555555555556,0.222222222222,0.444444444444
uniform_random,bm25,5,1000,method_only,991,6,985,0,0,1,0.00605449041372,0.993945509586,0,0.00100908173562
uniform_random,bm25,5,1000,bm25_only,991,417,574,0,136,267,0.420787083754,0.579212916246,0.137235116044,0.269424823411
uniform_random,bm25,6,1000,shared,6,3,3,0,3,3,0.5,0.5,0.5,0.5
uniform_random,bm25,6,1000,method_only,994,7,987,0,1,2,0.00704225352113,0.992957746479,0.0010060362173,0.00201207243461
uniform_random,bm25,6,1000,bm25_only,994,375,619,0,246,306,0.377263581489,0.622736418511,0.247484909457,0.307847082495
uniform_random,bm25,7,1000,shared,3,2,1,0,1,1,0.666666666667,0.333333333333,0.333333333333,0.333333333333
uniform_random,bm25,7,1000,method_only,997,7,990,0,1,2,0.00702106318957,0.99297893681,0.00100300902708,0.00200601805416
uniform_random,bm25,7,1000,bm25_only,997,501,496,0,295,312,0.502507522568,0.497492477432,0.295887662989,0.312938816449
uniform_random,bm25,8,1000,shared,6,0,6,0,0,0,0,1,0,0
uniform_random,bm25,8,1000,method_only,994,9,985,0,0,1,0.00905432595573,0.990945674044,0,0.0010060362173
uniform_random,bm25,8,1000,bm25_only,994,264,730,0,81,156,0.265593561368,0.734406438632,0.0814889336016,0.156941649899
uniform_random,bm25,9,1000,shared,6,1,5,0,0,0,0.166666666667,0.833333333333,0,0
uniform_random,bm25,9,1000,method_only,994,10,984,0,0,0,0.010060362173,0.989939637827,0,0
uniform_random,bm25,9,1000,bm25_only,994,291,703,0,59,110,0.292756539235,0.707243460765,0.0593561368209,0.110663983903
uniform_random,bm25,10,1000,shared,6,4,2,0,1,1,0.666666666667,0.333333333333,0.166666666667,0.166666666667
uniform_random,bm25,10,1000,method_only,994,7,987,0,2,3,0.00704225352113,0.992957746479,0.00201207243461,0.00301810865191
uniform_random,bm25,10,1000,bm25_only,994,426,568,0,161,270,0.428571428571,0.571428571429,0.161971830986,0.271629778672
uniform_random,bm25,11,1000,shared,2,1,1,0,0,0,0.5,0.5,0,0
uniform_random,bm25,11,1000,method_only,998,10,988,0,0,1,0.0100200400802,0.98997995992,0,0.00100200400802
uniform_random,bm25,11,1000,bm25_only,998,366,632,0,78,143,0.366733466934,0.633266533066,0.0781563126253,0.143286573146
uniform_random,bm25,12,1000,shared,10,4,6,0,1,2,0.4,0.6,0.1,0.2
uniform_random,bm25,12,1000,method_only,990,5,985,0,1,2,0.00505050505051,0.994949494949,0.0010101010101,0.0020202020202
uniform_random,bm25,12,1000,bm25_only,990,323,667,0,67,164,0.326262626263,0.673737373737,0.0676767676768,0.165656565657
uniform_random,bm25,13,1000,shared,8,4,4,0,0,3,0.5,0.5,0,0.375
uniform_random,bm25,13,1000,method_only,992,12,980,0,1,4,0.0120967741935,0.987903225806,0.00100806451613,0.00403225806452
uniform_random,bm25,13,1000,bm25_only,992,357,635,0,98,243,0.359879032258,0.640120967742,0.0987903225806,0.244959677419
uniform_random,bm25,14,1000,shared,5,1,4,0,1,1,0.2,0.8,0.2,0.2
uniform_random,bm25,14,1000,method_only,995,8,987,0,0,4,0.00804020100503,0.991959798995,0,0.00402010050251
uniform_random,bm25,14,1000,bm25_only,995,242,753,0,46,89,0.243216080402,0.756783919598,0.0462311557789,0.0894472361809
uniform_random,bm25,15,1000,shared,6,3,3,0,0,0,0.5,0.5,0,0
uniform_random,bm25,15,1000,method_only,994,11,983,0,1,1,0.0110663983903,0.98893360161,0.0010060362173,0.0010060362173
uniform_random,bm25,15,1000,bm25_only,994,226,768,0,7,17,0.227364185111,0.772635814889,0.00704225352113,0.0171026156942
uniform_random,bm25,16,1000,shared,5,2,3,0,0,2,0.4,0.6,0,0.4
uniform_random,bm25,16,1000,method_only,995,6,989,0,3,4,0.00603015075377,0.993969849246,0.00301507537688,0.00402010050251
uniform_random,bm25,16,1000,bm25_only,995,270,725,0,53,93,0.27135678392,0.72864321608,0.0532663316583,0.0934673366834
uniform_random,bm25,17,1000,shared,7,3,4,0,3,3,0.428571428571,0.571428571429,0.428571428571,0.428571428571
uniform_random,bm25,17,1000,method_only,993,2,991,0,0,1,0.00201409869084,0.997985901309,0,0.00100704934542
uniform_random,bm25,17,1000,bm25_only,993,408,585,0,141,304,0.410876132931,0.589123867069,0.141993957704,0.306143001007
uniform_random,bm25,18,1000,shared,5,3,2,0,1,2,0.6,0.4,0.2,0.4
uniform_random,bm25,18,1000,method_only,995,6,989,0,0,3,0.00603015075377,0.993969849246,0,0.00301507537688
uniform_random,bm25,18,1000,bm25_only,995,454,541,0,189,343,0.456281407035,0.543718592965,0.189949748744,0.34472361809
uniform_random,bm25,19,1000,shared,6,4,2,0,1,2,0.666666666667,0.333333333333,0.166666666667,0.333333333333
uniform_random,bm25,19,1000,method_only,994,8,986,0,0,0,0.00804828973843,0.991951710262,0,0
uniform_random,bm25,19,1000,bm25_only,994,283,711,0,22,60,0.284708249497,0.715291750503,0.0221327967807,0.0603621730382
uniform_random,bm25,20,1000,shared,8,5,3,0,4,5,0.625,0.375,0.5,0.625
uniform_random,bm25,20,1000,method_only,992,5,987,0,1,2,0.00504032258065,0.994959677419,0.00100806451613,0.00201612903226
uniform_random,bm25,20,1000,bm25_only,992,501,491,0,309,410,0.505040322581,0.494959677419,0.311491935484,0.413306451613
uniform_random,bm25,21,1000,shared,5,1,4,0,1,1,0.2,0.8,0.2,0.2
uniform_random,bm25,21,1000,method_only,995,7,988,0,1,1,0.0070351758794,0.992964824121,0.00100502512563,0.00100502512563
uniform_random,bm25,21,1000,bm25_only,995,331,664,0,171,189,0.332663316583,0.667336683417,0.171859296482,0.189949748744
uniform_random,bm25,22,1000,shared,5,2,3,0,2,2,0.4,0.6,0.4,0.4
uniform_random,bm25,22,1000,method_only,995,10,985,0,1,3,0.0100502512563,0.989949748744,0.00100502512563,0.00301507537688
uniform_random,bm25,22,1000,bm25_only,995,305,690,0,184,252,0.306532663317,0.693467336683,0.184924623116,0.253266331658
uniform_random,bm25,23,1000,shared,2,1,1,0,0,0,0.5,0.5,0,0
uniform_random,bm25,23,1000,method_only,998,9,989,0,0,1,0.00901803607214,0.990981963928,0,0.00100200400802
uniform_random,bm25,23,1000,bm25_only,998,297,701,0,118,183,0.297595190381,0.702404809619,0.118236472946,0.183366733467
uniform_random,bm25,24,1000,shared,7,1,6,0,1,1,0.142857142857,0.857142857143,0.142857142857,0.142857142857
uniform_random,bm25,24,1000,method_only,993,8,985,0,1,1,0.00805639476334,0.991943605237,0.00100704934542,0.00100704934542
uniform_random,bm25,24,1000,bm25_only,993,344,649,0,215,271,0.346424974824,0.653575025176,0.216515609265,0.272910372608
uniform_random,bm25,25,1000,shared,3,1,2,0,0,0,0.333333333333,0.666666666667,0,0
uniform_random,bm25,25,1000,method_only,997,7,990,0,2,2,0.00702106318957,0.99297893681,0.00200601805416,0.00200601805416
uniform_random,bm25,25,1000,bm25_only,997,342,655,0,87,117,0.343029087262,0.656970912738,0.0872617853561,0.117352056169
uniform_random,bm25,26,1000,shared,3,3,0,0,1,1,1,0,0.333333333333,0.333333333333
uniform_random,bm25,26,1000,method_only,997,4,993,0,0,1,0.00401203610832,0.995987963892,0,0.00100300902708
uniform_random,bm25,26,1000,bm25_only,997,321,676,0,208,242,0.321965897693,0.678034102307,0.208625877633,0.242728184554
uniform_random,bm25,27,1000,shared,5,3,2,0,1,3,0.6,0.4,0.2,0.6
uniform_random,bm25,27,1000,method_only,995,4,991,0,1,3,0.00402010050251,0.995979899497,0.00100502512563,0.00301507537688
uniform_random,bm25,27,1000,bm25_only,995,434,561,0,226,385,0.436180904523,0.563819095477,0.227135678392,0.386934673367
uniform_random,bm25,28,1000,shared,5,3,2,0,3,3,0.6,0.4,0.6,0.6
uniform_random,bm25,28,1000,method_only,995,5,990,0,1,1,0.00502512562814,0.994974874372,0.00100502512563,0.00100502512563
uniform_random,bm25,28,1000,bm25_only,995,420,575,0,360,380,0.422110552764,0.577889447236,0.361809045226,0.381909547739
uniform_random,bm25,29,1000,shared,6,4,2,0,4,4,0.666666666667,0.333333333333,0.666666666667,0.666666666667
uniform_random,bm25,29,1000,method_only,994,3,991,0,1,2,0.00301810865191,0.996981891348,0.0010060362173,0.00201207243461
uniform_random,bm25,29,1000,bm25_only,994,473,521,0,195,302,0.475855130785,0.524144869215,0.196177062374,0.303822937626
uniform_random,bm25,30,1000,shared,5,0,5,0,0,0,0,1,0,0
uniform_random,bm25,30,1000,method_only,995,7,988,0,0,0,0.0070351758794,0.992964824121,0,0
uniform_random,bm25,30,1000,bm25_only,995,337,658,0,150,252,0.338693467337,0.661306532663,0.150753768844,0.253266331658
uniform_random,bm25,31,1000,shared,2,1,1,0,0,0,0.5,0.5,0,0
uniform_random,bm25,31,1000,method_only,998,11,987,0,1,4,0.0110220440882,0.988977955912,0.00100200400802,0.00400801603206
uniform_random,bm25,31,1000,bm25_only,998,420,578,0,34,99,0.420841683367,0.579158316633,0.0340681362725,0.0991983967936
uniform_random,bm25,32,1000,shared,6,1,5,0,0,1,0.166666666667,0.833333333333,0,0.166666666667
uniform_random,bm25,32,1000,method_only,994,4,990,0,0,0,0.00402414486922,0.995975855131,0,0
uniform_random,bm25,32,1000,bm25_only,994,237,757,0,28,46,0.238430583501,0.761569416499,0.0281690140845,0.046277665996
uniform_random,bm25,33,1000,shared,8,3,5,0,1,2,0.375,0.625,0.125,0.25
uniform_random,bm25,33,1000,method_only,992,5,987,0,0,1,0.00504032258065,0.994959677419,0,0.00100806451613
uniform_random,bm25,33,1000,bm25_only,992,427,565,0,93,138,0.430443548387,0.569556451613,0.09375,0.139112903226
uniform_random,bm25,34,1000,shared,13,3,10,0,1,1,0.230769230769,0.769230769231,0.0769230769231,0.0769230769231
uniform_random,bm25,34,1000,method_only,987,9,978,0,0,0,0.00911854103343,0.990881458967,0,0
uniform_random,bm25,34,1000,bm25_only,987,228,759,0,35,56,0.231003039514,0.768996960486,0.0354609929078,0.0567375886525
uniform_random,bm25,35,1000,shared,10,3,7,0,0,0,0.3,0.7,0,0
uniform_random,bm25,35,1000,method_only,990,2,988,0,0,0,0.0020202020202,0.99797979798,0,0
uniform_random,bm25,35,1000,bm25_only,990,339,651,0,111,118,0.342424242424,0.657575757576,0.112121212121,0.119191919192
uniform_random,bm25,36,1000,shared,5,4,1,0,3,3,0.8,0.2,0.6,0.6
uniform_random,bm25,36,1000,method_only,995,4,991,0,0,0,0.00402010050251,0.995979899497,0,0
uniform_random,bm25,36,1000,bm25_only,995,564,431,0,376,427,0.566834170854,0.433165829146,0.377889447236,0.429145728643
uniform_random,bm25,37,1000,shared,7,4,3,0,0,1,0.571428571429,0.428571428571,0,0.142857142857
uniform_random,bm25,37,1000,method_only,993,4,989,0,1,1,0.00402819738167,0.995971802618,0.00100704934542,0.00100704934542
uniform_random,bm25,37,1000,bm25_only,993,565,428,0,231,306,0.568982880161,0.431017119839,0.232628398792,0.308157099698
uniform_random,bm25,38,1000,shared,4,1,3,0,0,1,0.25,0.75,0,0.25
uniform_random,bm25,38,1000,method_only,996,11,985,0,3,7,0.0110441767068,0.988955823293,0.00301204819277,0.0070281124498
uniform_random,bm25,38,1000,bm25_only,996,520,476,0,214,391,0.522088353414,0.477911646586,0.214859437751,0.392570281124
uniform_random,bm25,39,1000,shared,5,5,0,0,4,5,1,0,0.8,1
uniform_random,bm25,39,1000,method_only,995,2,993,0,1,1,0.00201005025126,0.997989949749,0.00100502512563,0.00100502512563
uniform_random,bm25,39,1000,bm25_only,995,625,370,0,345,589,0.628140703518,0.371859296482,0.346733668342,0.591959798995
uniform_random,bm25,40,1000,shared,6,2,4,0,0,0,0.333333333333,0.666666666667,0,0
uniform_random,bm25,40,1000,method_only,994,3,991,0,0,0,0.00301810865191,0.996981891348,0,0
uniform_random,bm25,40,1000,bm25_only,994,554,440,0,278,374,0.557344064386,0.442655935614,0.27967806841,0.376257545272
uniform_random,bm25,41,1000,shared,8,2,6,0,0,0,0.25,0.75,0,0
uniform_random,bm25,41,1000,method_only,992,2,990,0,2,2,0.00201612903226,0.997983870968,0.00201612903226,0.00201612903226
uniform_random,bm25,41,1000,bm25_only,992,296,696,0,97,121,0.298387096774,0.701612903226,0.0977822580645,0.121975806452
uniform_random,bm25,42,1000,shared,7,3,4,0,2,3,0.428571428571,0.571428571429,0.285714285714,0.428571428571
uniform_random,bm25,42,1000,method_only,993,0,993,0,0,0,0,1,0,0
uniform_random,bm25,42,1000,bm25_only,993,332,661,0,168,185,0.334340382679,0.665659617321,0.16918429003,0.186304128902
uniform_random,bm25,43,1000,shared,2,0,2,0,0,0,0,1,0,0
uniform_random,bm25,43,1000,method_only,998,3,995,0,1,1,0.00300601202405,0.996993987976,0.00100200400802,0.00100200400802
uniform_random,bm25,43,1000,bm25_only,998,325,673,0,127,162,0.325651302605,0.674348697395,0.127254509018,0.162324649299
uniform_random,bm25,44,1000,shared,8,3,5,0,2,2,0.375,0.625,0.25,0.25
uniform_random,bm25,44,1000,method_only,992,4,988,0,0,1,0.00403225806452,0.995967741935,0,0.00100806451613
uniform_random,bm25,44,1000,bm25_only,992,428,564,0,214,296,0.431451612903,0.568548387097,0.215725806452,0.298387096774
uniform_random,bm25,45,1000,shared,11,7,4,0,3,7,0.636363636364,0.363636363636,0.272727272727,0.636363636364
uniform_random,bm25,45,1000,method_only,989,1,988,0,0,0,0.0010111223458,0.998988877654,0,0
uniform_random,bm25,45,1000,bm25_only,989,562,427,0,278,498,0.568250758342,0.431749241658,0.281092012133,0.50353892821
uniform_random,bm25,46,1000,shared,6,0,6,0,0,0,0,1,0,0
uniform_random,bm25,46,1000,method_only,994,1,993,0,1,1,0.0010060362173,0.998993963783,0.0010060362173,0.0010060362173
uniform_random,bm25,46,1000,bm25_only,994,232,762,0,49,88,0.233400402414,0.766599597586,0.0492957746479,0.0885311871227
uniform_random,bm25,47,1000,shared,6,0,6,0,0,0,0,1,0,0
uniform_random,bm25,47,1000,method_only,994,5,989,0,0,0,0.00503018108652,0.994969818913,0,0
uniform_random,bm25,47,1000,bm25_only,994,351,643,0,143,188,0.353118712274,0.646881287726,0.143863179074,0.189134808853
uniform_random,bm25,48,1000,shared,8,3,5,0,1,3,0.375,0.625,0.125,0.375
uniform_random,bm25,48,1000,method_only,992,1,991,0,0,1,0.00100806451613,0.998991935484,0,0.00100806451613
uniform_random,bm25,48,1000,bm25_only,992,277,715,0,141,219,0.279233870968,0.720766129032,0.142137096774,0.220766129032
uniform_random,bm25,49,1000,shared,8,2,6,0,1,1,0.25,0.75,0.125,0.125
uniform_random,bm25,49,1000,method_only,992,4,988,0,2,3,0.00403225806452,0.995967741935,0.00201612903226,0.00302419354839
uniform_random,bm25,49,1000,bm25_only,992,320,672,0,45,92,0.322580645161,0.677419354839,0.0453629032258,0.0927419354839
uniform_random,bm25,50,1000,shared,7,4,3,0,0,0,0.571428571429,0.428571428571,0,0
uniform_random,bm25,50,1000,method_only,993,5,988,0,0,0,0.00503524672709,0.994964753273,0,0
uniform_random,bm25,50,1000,bm25_only,993,360,633,0,29,76,0.36253776435,0.63746223565,0.0292044310171,0.0765357502518
direct_mmr,bm25,1,20,shared,2,1,1,0,0,1,0.5,0.5,0,0.5
direct_mmr,bm25,1,20,method_only,18,1,17,0,0,0,0.0555555555556,0.944444444444,0,0
direct_mmr,bm25,1,20,bm25_only,18,16,2,0,3,10,0.888888888889,0.111111111111,0.166666666667,0.555555555556
direct_mmr,bm25,2,20,shared,2,2,0,0,0,0,1,0,0,0
direct_mmr,bm25,2,20,method_only,18,4,14,0,1,1,0.222222222222,0.777777777778,0.0555555555556,0.0555555555556
direct_mmr,bm25,2,20,bm25_only,18,17,1,0,7,7,0.944444444444,0.0555555555556,0.388888888889,0.388888888889
direct_mmr,bm25,3,20,shared,0,0,0,0,0,0,,,,
direct_mmr,bm25,3,20,method_only,20,2,18,0,0,0,0.1,0.9,0,0
direct_mmr,bm25,3,20,bm25_only,20,18,2,0,4,7,0.9,0.1,0.2,0.35
direct_mmr,bm25,4,20,shared,0,0,0,0,0,0,,,,
direct_mmr,bm25,4,20,method_only,20,3,17,0,0,1,0.15,0.85,0,0.05
direct_mmr,bm25,4,20,bm25_only,20,20,0,0,2,3,1,0,0.1,0.15
direct_mmr,bm25,5,20,shared,0,0,0,0,0,0,,,,
direct_mmr,bm25,5,20,method_only,20,2,18,0,0,0,0.1,0.9,0,0
direct_mmr,bm25,5,20,bm25_only,20,18,2,0,7,16,0.9,0.1,0.35,0.8
direct_mmr,bm25,6,20,shared,0,0,0,0,0,0,,,,
direct_mmr,bm25,6,20,method_only,20,1,19,0,0,1,0.05,0.95,0,0.05
direct_mmr,bm25,6,20,bm25_only,20,19,1,0,15,17,0.95,0.05,0.75,0.85
direct_mmr,bm25,7,20,shared,0,0,0,0,0,0,,,,
direct_mmr,bm25,7,20,method_only,20,2,18,0,1,1,0.1,0.9,0.05,0.05
direct_mmr,bm25,7,20,bm25_only,20,20,0,0,13,14,1,0,0.65,0.7
direct_mmr,bm25,8,20,shared,0,0,0,0,0,0,,,,
direct_mmr,bm25,8,20,method_only,20,2,18,0,1,1,0.1,0.9,0.05,0.05
direct_mmr,bm25,8,20,bm25_only,20,15,5,0,9,12,0.75,0.25,0.45,0.6
direct_mmr,bm25,9,20,shared,0,0,0,0,0,0,,,,
direct_mmr,bm25,9,20,method_only,20,2,18,0,1,1,0.1,0.9,0.05,0.05
direct_mmr,bm25,9,20,bm25_only,20,20,0,0,2,4,1,0,0.1,0.2
direct_mmr,bm25,10,20,shared,1,1,0,0,0,1,1,0,0,1
direct_mmr,bm25,10,20,method_only,19,1,18,0,0,0,0.0526315789474,0.947368421053,0,0
direct_mmr,bm25,10,20,bm25_only,19,19,0,0,14,17,1,0,0.736842105263,0.894736842105
direct_mmr,bm25,11,20,shared,0,0,0,0,0,0,,,,
direct_mmr,bm25,11,20,method_only,20,3,17,0,0,1,0.15,0.85,0,0.05
direct_mmr,bm25,11,20,bm25_only,20,18,2,0,8,10,0.9,0.1,0.4,0.5
direct_mmr,bm25,12,20,shared,0,0,0,0,0,0,,,,
direct_mmr,bm25,12,20,method_only,20,4,16,0,1,3,0.2,0.8,0.05,0.15
direct_mmr,bm25,12,20,bm25_only,20,16,4,0,3,10,0.8,0.2,0.15,0.5
direct_mmr,bm25,13,20,shared,0,0,0,0,0,0,,,,
direct_mmr,bm25,13,20,method_only,20,3,17,0,0,3,0.15,0.85,0,0.15
direct_mmr,bm25,13,20,bm25_only,20,19,1,0,7,16,0.95,0.05,0.35,0.8
direct_mmr,bm25,14,20,shared,1,1,0,0,1,1,1,0,1,1
direct_mmr,bm25,14,20,method_only,19,5,14,0,1,1,0.263157894737,0.736842105263,0.0526315789474,0.0526315789474
direct_mmr,bm25,14,20,bm25_only,19,19,0,0,10,15,1,0,0.526315789474,0.789473684211
direct_mmr,bm25,15,20,shared,3,2,1,0,0,0,0.666666666667,0.333333333333,0,0
direct_mmr,bm25,15,20,method_only,17,4,13,0,1,1,0.235294117647,0.764705882353,0.0588235294118,0.0588235294118
direct_mmr,bm25,15,20,bm25_only,17,12,5,0,2,4,0.705882352941,0.294117647059,0.117647058824,0.235294117647
direct_mmr,bm25,16,20,shared,1,1,0,0,0,0,1,0,0,0
direct_mmr,bm25,16,20,method_only,19,3,16,0,1,1,0.157894736842,0.842105263158,0.0526315789474,0.0526315789474
direct_mmr,bm25,16,20,bm25_only,19,16,3,0,4,6,0.842105263158,0.157894736842,0.210526315789,0.315789473684
direct_mmr,bm25,17,20,shared,0,0,0,0,0,0,,,,
direct_mmr,bm25,17,20,method_only,20,2,18,0,1,1,0.1,0.9,0.05,0.05
direct_mmr,bm25,17,20,bm25_only,20,18,2,0,7,12,0.9,0.1,0.35,0.6
direct_mmr,bm25,18,20,shared,0,0,0,0,0,0,,,,
direct_mmr,bm25,18,20,method_only,20,2,18,0,1,1,0.1,0.9,0.05,0.05
direct_mmr,bm25,18,20,bm25_only,20,20,0,0,10,15,1,0,0.5,0.75
direct_mmr,bm25,19,20,shared,0,0,0,0,0,0,,,,
direct_mmr,bm25,19,20,method_only,20,5,15,0,0,1,0.25,0.75,0,0.05
direct_mmr,bm25,19,20,bm25_only,20,20,0,0,5,14,1,0,0.25,0.7
direct_mmr,bm25,20,20,shared,1,0,1,0,0,0,0,1,0,0
direct_mmr,bm25,20,20,method_only,19,3,16,0,0,1,0.157894736842,0.842105263158,0,0.0526315789474
direct_mmr,bm25,20,20,bm25_only,19,18,1,0,17,17,0.947368421053,0.0526315789474,0.894736842105,0.894736842105
direct_mmr,bm25,21,20,shared,0,0,0,0,0,0,,,,
direct_mmr,bm25,21,20,method_only,20,0,20,0,0,0,0,1,0,0
direct_mmr,bm25,21,20,bm25_only,20,18,2,0,7,9,0.9,0.1,0.35,0.45
direct_mmr,bm25,22,20,shared,0,0,0,0,0,0,,,,
direct_mmr,bm25,22,20,method_only,20,3,17,0,1,1,0.15,0.85,0.05,0.05
direct_mmr,bm25,22,20,bm25_only,20,16,4,0,14,16,0.8,0.2,0.7,0.8
direct_mmr,bm25,23,20,shared,0,0,0,0,0,0,,,,
direct_mmr,bm25,23,20,method_only,20,1,19,0,1,1,0.05,0.95,0.05,0.05
direct_mmr,bm25,23,20,bm25_only,20,19,1,0,15,16,0.95,0.05,0.75,0.8
direct_mmr,bm25,24,20,shared,0,0,0,0,0,0,,,,
direct_mmr,bm25,24,20,method_only,20,1,19,0,0,1,0.05,0.95,0,0.05
direct_mmr,bm25,24,20,bm25_only,20,18,2,0,13,15,0.9,0.1,0.65,0.75
direct_mmr,bm25,25,20,shared,0,0,0,0,0,0,,,,
direct_mmr,bm25,25,20,method_only,20,4,16,0,0,0,0.2,0.8,0,0
direct_mmr,bm25,25,20,bm25_only,20,15,5,0,3,3,0.75,0.25,0.15,0.15
direct_mmr,bm25,26,20,shared,0,0,0,0,0,0,,,,
direct_mmr,bm25,26,20,method_only,20,0,20,0,0,0,0,1,0,0
direct_mmr,bm25,26,20,bm25_only,20,17,3,0,12,12,0.85,0.15,0.6,0.6
direct_mmr,bm25,27,20,shared,1,1,0,0,1,1,1,0,1,1
direct_mmr,bm25,27,20,method_only,19,3,16,0,1,1,0.157894736842,0.842105263158,0.0526315789474,0.0526315789474
direct_mmr,bm25,27,20,bm25_only,19,17,2,0,15,16,0.894736842105,0.105263157895,0.789473684211,0.842105263158
direct_mmr,bm25,28,20,shared,0,0,0,0,0,0,,,,
direct_mmr,bm25,28,20,method_only,20,0,20,0,0,0,0,1,0,0
direct_mmr,bm25,28,20,bm25_only,20,20,0,0,17,18,1,0,0.85,0.9
direct_mmr,bm25,29,20,shared,0,0,0,0,0,0,,,,
direct_mmr,bm25,29,20,method_only,20,2,18,0,1,1,0.1,0.9,0.05,0.05
direct_mmr,bm25,29,20,bm25_only,20,20,0,0,13,17,1,0,0.65,0.85
direct_mmr,bm25,30,20,shared,0,0,0,0,0,0,,,,
direct_mmr,bm25,30,20,method_only,20,4,16,0,2,3,0.2,0.8,0.1,0.15
direct_mmr,bm25,30,20,bm25_only,20,20,0,0,19,20,1,0,0.95,1
direct_mmr,bm25,31,20,shared,0,0,0,0,0,0,,,,
direct_mmr,bm25,31,20,method_only,20,1,19,0,0,0,0.05,0.95,0,0
direct_mmr,bm25,31,20,bm25_only,20,19,1,0,2,4,0.95,0.05,0.1,0.2
direct_mmr,bm25,32,20,shared,0,0,0,0,0,0,,,,
direct_mmr,bm25,32,20,method_only,20,4,16,0,0,0,0.2,0.8,0,0
direct_mmr,bm25,32,20,bm25_only,20,20,0,0,6,9,1,0,0.3,0.45
direct_mmr,bm25,33,20,shared,0,0,0,0,0,0,,,,
direct_mmr,bm25,33,20,method_only,20,3,17,0,1,1,0.15,0.85,0.05,0.05
direct_mmr,bm25,33,20,bm25_only,20,20,0,0,8,14,1,0,0.4,0.7
direct_mmr,bm25,34,20,shared,1,0,1,0,0,0,0,1,0,0
direct_mmr,bm25,34,20,method_only,19,2,17,0,0,0,0.105263157895,0.894736842105,0,0
direct_mmr,bm25,34,20,bm25_only,19,14,5,0,5,7,0.736842105263,0.263157894737,0.263157894737,0.368421052632
direct_mmr,bm25,35,20,shared,1,1,0,0,0,0,1,0,0,0
direct_mmr,bm25,35,20,method_only,19,7,12,0,2,2,0.368421052632,0.631578947368,0.105263157895,0.105263157895
direct_mmr,bm25,35,20,bm25_only,19,19,0,0,9,9,1,0,0.473684210526,0.473684210526
direct_mmr,bm25,36,20,shared,0,0,0,0,0,0,,,,
direct_mmr,bm25,36,20,method_only,20,2,18,0,1,1,0.1,0.9,0.05,0.05
direct_mmr,bm25,36,20,bm25_only,20,20,0,0,18,19,1,0,0.9,0.95
direct_mmr,bm25,37,20,shared,0,0,0,0,0,0,,,,
direct_mmr,bm25,37,20,method_only,20,3,17,0,1,1,0.15,0.85,0.05,0.05
direct_mmr,bm25,37,20,bm25_only,20,20,0,0,9,16,1,0,0.45,0.8
direct_mmr,bm25,38,20,shared,0,0,0,0,0,0,,,,
direct_mmr,bm25,38,20,method_only,20,3,17,0,1,1,0.15,0.85,0.05,0.05
direct_mmr,bm25,38,20,bm25_only,20,20,0,0,11,12,1,0,0.55,0.6
direct_mmr,bm25,39,20,shared,0,0,0,0,0,0,,,,
direct_mmr,bm25,39,20,method_only,20,2,18,0,2,2,0.1,0.9,0.1,0.1
direct_mmr,bm25,39,20,bm25_only,20,20,0,0,17,20,1,0,0.85,1
direct_mmr,bm25,40,20,shared,0,0,0,0,0,0,,,,
direct_mmr,bm25,40,20,method_only,20,5,15,0,1,1,0.25,0.75,0.05,0.05
direct_mmr,bm25,40,20,bm25_only,20,20,0,0,20,20,1,0,1,1
direct_mmr,bm25,41,20,shared,0,0,0,0,0,0,,,,
direct_mmr,bm25,41,20,method_only,20,4,16,0,1,1,0.2,0.8,0.05,0.05
direct_mmr,bm25,41,20,bm25_only,20,20,0,0,15,15,1,0,0.75,0.75
direct_mmr,bm25,42,20,shared,0,0,0,0,0,0,,,,
direct_mmr,bm25,42,20,method_only,20,3,17,0,1,1,0.15,0.85,0.05,0.05
direct_mmr,bm25,42,20,bm25_only,20,20,0,0,12,15,1,0,0.6,0.75
direct_mmr,bm25,43,20,shared,0,0,0,0,0,0,,,,
direct_mmr,bm25,43,20,method_only,20,5,15,0,1,1,0.25,0.75,0.05,0.05
direct_mmr,bm25,43,20,bm25_only,20,20,0,0,13,16,1,0,0.65,0.8
direct_mmr,bm25,44,20,shared,0,0,0,0,0,0,,,,
direct_mmr,bm25,44,20,method_only,20,3,17,0,2,2,0.15,0.85,0.1,0.1
direct_mmr,bm25,44,20,bm25_only,20,19,1,0,14,18,0.95,0.05,0.7,0.9
direct_mmr,bm25,45,20,shared,0,0,0,0,0,0,,,,
direct_mmr,bm25,45,20,method_only,20,3,17,0,0,1,0.15,0.85,0,0.05
direct_mmr,bm25,45,20,bm25_only,20,19,1,0,11,18,0.95,0.05,0.55,0.9
direct_mmr,bm25,46,20,shared,0,0,0,0,0,0,,,,
direct_mmr,bm25,46,20,method_only,20,4,16,0,1,1,0.2,0.8,0.05,0.05
direct_mmr,bm25,46,20,bm25_only,20,20,0,0,9,14,1,0,0.45,0.7
direct_mmr,bm25,47,20,shared,0,0,0,0,0,0,,,,
direct_mmr,bm25,47,20,method_only,20,2,18,0,0,0,0.1,0.9,0,0
direct_mmr,bm25,47,20,bm25_only,20,14,6,0,4,6,0.7,0.3,0.2,0.3
direct_mmr,bm25,48,20,shared,0,0,0,0,0,0,,,,
direct_mmr,bm25,48,20,method_only,20,4,16,0,1,1,0.2,0.8,0.05,0.05
direct_mmr,bm25,48,20,bm25_only,20,17,3,0,15,16,0.85,0.15,0.75,0.8
direct_mmr,bm25,49,20,shared,0,0,0,0,0,0,,,,
direct_mmr,bm25,49,20,method_only,20,1,19,0,0,0,0.05,0.95,0,0
direct_mmr,bm25,49,20,bm25_only,20,19,1,0,3,7,0.95,0.05,0.15,0.35
direct_mmr,bm25,50,20,shared,1,1,0,0,1,1,1,0,1,1
direct_mmr,bm25,50,20,method_only,19,5,14,0,0,0,0.263157894737,0.736842105263,0,0
direct_mmr,bm25,50,20,bm25_only,19,19,0,0,6,14,1,0,0.315789473684,0.736842105263
direct_mmr,bm25,1,50,shared,4,2,2,0,0,1,0.5,0.5,0,0.25
direct_mmr,bm25,1,50,method_only,46,0,46,0,0,0,0,1,0,0
direct_mmr,bm25,1,50,bm25_only,46,30,16,0,6,15,0.652173913043,0.347826086957,0.130434782609,0.326086956522
direct_mmr,bm25,2,50,shared,2,2,0,0,0,0,1,0,0,0
direct_mmr,bm25,2,50,method_only,48,10,38,0,1,2,0.208333333333,0.791666666667,0.0208333333333,0.0416666666667
direct_mmr,bm25,2,50,bm25_only,48,47,1,0,23,28,0.979166666667,0.0208333333333,0.479166666667,0.583333333333
direct_mmr,bm25,3,50,shared,1,0,1,0,0,0,0,1,0,0
direct_mmr,bm25,3,50,method_only,49,7,42,0,2,3,0.142857142857,0.857142857143,0.0408163265306,0.0612244897959
direct_mmr,bm25,3,50,bm25_only,49,43,6,0,12,24,0.877551020408,0.122448979592,0.244897959184,0.489795918367
direct_mmr,bm25,4,50,shared,0,0,0,0,0,0,,,,
direct_mmr,bm25,4,50,method_only,50,5,45,0,0,1,0.1,0.9,0,0.02
direct_mmr,bm25,4,50,bm25_only,50,39,11,0,9,12,0.78,0.22,0.18,0.24
direct_mmr,bm25,5,50,shared,0,0,0,0,0,0,,,,
direct_mmr,bm25,5,50,method_only,50,5,45,0,1,1,0.1,0.9,0.02,0.02
direct_mmr,bm25,5,50,bm25_only,50,41,9,0,13,32,0.82,0.18,0.26,0.64
direct_mmr,bm25,6,50,shared,2,1,1,0,0,0,0.5,0.5,0,0
direct_mmr,bm25,6,50,method_only,48,4,44,0,3,4,0.0833333333333,0.916666666667,0.0625,0.0833333333333
direct_mmr,bm25,6,50,bm25_only,48,38,10,0,28,33,0.791666666667,0.208333333333,0.583333333333,0.6875
direct_mmr,bm25,7,50,shared,1,0,1,0,0,0,0,1,0,0
direct_mmr,bm25,7,50,method_only,49,5,44,0,2,2,0.102040816327,0.897959183673,0.0408163265306,0.0408163265306
direct_mmr,bm25,7,50,bm25_only,49,46,3,0,31,34,0.938775510204,0.0612244897959,0.632653061224,0.69387755102
direct_mmr,bm25,8,50,shared,5,2,3,0,0,0,0.4,0.6,0,0
direct_mmr,bm25,8,50,method_only,45,3,42,0,1,1,0.0666666666667,0.933333333333,0.0222222222222,0.0222222222222
direct_mmr,bm25,8,50,bm25_only,45,31,14,0,16,23,0.688888888889,0.311111111111,0.355555555556,0.511111111111
direct_mmr,bm25,9,50,shared,3,3,0,0,1,1,1,0,0.333333333333,0.333333333333
direct_mmr,bm25,9,50,method_only,47,5,42,0,0,0,0.106382978723,0.893617021277,0,0
direct_mmr,bm25,9,50,bm25_only,47,45,2,0,8,16,0.957446808511,0.0425531914894,0.170212765957,0.340425531915
direct_mmr,bm25,10,50,shared,1,1,0,0,0,1,1,0,0,1
direct_mmr,bm25,10,50,method_only,49,2,47,0,0,0,0.0408163265306,0.959183673469,0,0
direct_mmr,bm25,10,50,bm25_only,49,44,5,0,27,37,0.897959183673,0.102040816327,0.551020408163,0.755102040816
direct_mmr,bm25,11,50,shared,2,1,1,0,0,0,0.5,0.5,0,0
direct_mmr,bm25,11,50,method_only,48,7,41,0,3,4,0.145833333333,0.854166666667,0.0625,0.0833333333333
direct_mmr,bm25,11,50,bm25_only,48,42,6,0,12,19,0.875,0.125,0.25,0.395833333333
direct_mmr,bm25,12,50,shared,2,2,0,0,0,2,1,0,0,1
direct_mmr,bm25,12,50,method_only,48,5,43,0,2,3,0.104166666667,0.895833333333,0.0416666666667,0.0625
direct_mmr,bm25,12,50,bm25_only,48,37,11,0,5,19,0.770833333333,0.229166666667,0.104166666667,0.395833333333
direct_mmr,bm25,13,50,shared,3,3,0,0,0,2,1,0,0,0.666666666667
direct_mmr,bm25,13,50,method_only,47,6,41,0,0,3,0.127659574468,0.872340425532,0,0.063829787234
direct_mmr,bm25,13,50,bm25_only,47,43,4,0,16,32,0.914893617021,0.0851063829787,0.340425531915,0.68085106383
direct_mmr,bm25,14,50,shared,1,1,0,0,1,1,1,0,1,1
direct_mmr,bm25,14,50,method_only,49,11,38,0,1,1,0.224489795918,0.775510204082,0.0204081632653,0.0204081632653
direct_mmr,bm25,14,50,bm25_only,49,49,0,0,22,39,1,0,0.448979591837,0.795918367347
direct_mmr,bm25,15,50,shared,4,3,1,0,0,0,0.75,0.25,0,0
direct_mmr,bm25,15,50,method_only,46,7,39,0,2,2,0.152173913043,0.847826086957,0.0434782608696,0.0434782608696
direct_mmr,bm25,15,50,bm25_only,46,29,17,0,3,6,0.630434782609,0.369565217391,0.0652173913043,0.130434782609
direct_mmr,bm25,16,50,shared,3,2,1,0,0,0,0.666666666667,0.333333333333,0,0
direct_mmr,bm25,16,50,method_only,47,6,41,0,1,1,0.127659574468,0.872340425532,0.0212765957447,0.0212765957447
direct_mmr,bm25,16,50,bm25_only,47,34,13,0,7,12,0.723404255319,0.276595744681,0.148936170213,0.255319148936
direct_mmr,bm25,17,50,shared,0,0,0,0,0,0,,,,
direct_mmr,bm25,17,50,method_only,50,3,47,0,1,1,0.06,0.94,0.02,0.02
direct_mmr,bm25,17,50,bm25_only,50,43,7,0,17,34,0.86,0.14,0.34,0.68
direct_mmr,bm25,18,50,shared,0,0,0,0,0,0,,,,
direct_mmr,bm25,18,50,method_only,50,8,42,0,4,4,0.16,0.84,0.08,0.08
direct_mmr,bm25,18,50,bm25_only,50,49,1,0,27,41,0.98,0.02,0.54,0.82
direct_mmr,bm25,19,50,shared,0,0,0,0,0,0,,,,
direct_mmr,bm25,19,50,method_only,50,9,41,0,0,2,0.18,0.82,0,0.04
direct_mmr,bm25,19,50,bm25_only,50,48,2,0,8,20,0.96,0.04,0.16,0.4
direct_mmr,bm25,20,50,shared,1,0,1,0,0,0,0,1,0,0
direct_mmr,bm25,20,50,method_only,49,7,42,0,0,3,0.142857142857,0.857142857143,0,0.0612244897959
direct_mmr,bm25,20,50,bm25_only,49,45,4,0,29,34,0.918367346939,0.0816326530612,0.591836734694,0.69387755102
direct_mmr,bm25,21,50,shared,0,0,0,0,0,0,,,,
direct_mmr,bm25,21,50,method_only,50,1,49,0,0,0,0.02,0.98,0,0
direct_mmr,bm25,21,50,bm25_only,50,46,4,0,24,26,0.92,0.08,0.48,0.52
direct_mmr,bm25,22,50,shared,1,0,1,0,0,0,0,1,0,0
direct_mmr,bm25,22,50,method_only,49,5,44,0,1,2,0.102040816327,0.897959183673,0.0204081632653,0.0408163265306
direct_mmr,bm25,22,50,bm25_only,49,37,12,0,27,33,0.755102040816,0.244897959184,0.551020408163,0.673469387755
direct_mmr,bm25,23,50,shared,0,0,0,0,0,0,,,,
direct_mmr,bm25,23,50,method_only,50,4,46,0,1,2,0.08,0.92,0.02,0.04
direct_mmr,bm25,23,50,bm25_only,50,42,8,0,26,34,0.84,0.16,0.52,0.68
direct_mmr,bm25,24,50,shared,0,0,0,0,0,0,,,,
direct_mmr,bm25,24,50,method_only,50,3,47,0,0,1,0.06,0.94,0,0.02
direct_mmr,bm25,24,50,bm25_only,50,46,4,0,34,40,0.92,0.08,0.68,0.8
direct_mmr,bm25,25,50,shared,0,0,0,0,0,0,,,,
direct_mmr,bm25,25,50,method_only,50,7,43,0,0,0,0.14,0.86,0,0
direct_mmr,bm25,25,50,bm25_only,50,31,19,0,6,8,0.62,0.38,0.12,0.16
direct_mmr,bm25,26,50,shared,0,0,0,0,0,0,,,,
direct_mmr,bm25,26,50,method_only,50,2,48,0,1,1,0.04,0.96,0.02,0.02
direct_mmr,bm25,26,50,bm25_only,50,35,15,0,24,26,0.7,0.3,0.48,0.52
direct_mmr,bm25,27,50,shared,2,2,0,0,2,2,1,0,1,1
direct_mmr,bm25,27,50,method_only,48,4,44,0,2,2,0.0833333333333,0.916666666667,0.0416666666667,0.0416666666667
direct_mmr,bm25,27,50,bm25_only,48,44,4,0,33,42,0.916666666667,0.0833333333333,0.6875,0.875
direct_mmr,bm25,28,50,shared,0,0,0,0,0,0,,,,
direct_mmr,bm25,28,50,method_only,50,0,50,0,0,0,0,1,0,0
direct_mmr,bm25,28,50,bm25_only,50,46,4,0,39,40,0.92,0.08,0.78,0.8
direct_mmr,bm25,29,50,shared,1,1,0,0,1,1,1,0,1,1
direct_mmr,bm25,29,50,method_only,49,2,47,0,0,1,0.0408163265306,0.959183673469,0,0.0204081632653
direct_mmr,bm25,29,50,bm25_only,49,49,0,0,26,39,1,0,0.530612244898,0.795918367347
direct_mmr,bm25,30,50,shared,0,0,0,0,0,0,,,,
direct_mmr,bm25,30,50,method_only,50,5,45,0,2,3,0.1,0.9,0.04,0.06
direct_mmr,bm25,30,50,bm25_only,50,48,2,0,38,48,0.96,0.04,0.76,0.96
direct_mmr,bm25,31,50,shared,2,2,0,0,0,0,1,0,0,0
direct_mmr,bm25,31,50,method_only,48,4,44,0,0,0,0.0833333333333,0.916666666667,0,0
direct_mmr,bm25,31,50,bm25_only,48,47,1,0,4,10,0.979166666667,0.0208333333333,0.0833333333333,0.208333333333
direct_mmr,bm25,32,50,shared,3,3,0,0,0,0,1,0,0,0
direct_mmr,bm25,32,50,method_only,47,3,44,0,0,1,0.063829787234,0.936170212766,0,0.0212765957447
direct_mmr,bm25,32,50,bm25_only,47,47,0,0,12,16,1,0,0.255319148936,0.340425531915
direct_mmr,bm25,33,50,shared,0,0,0,0,0,0,,,,
direct_mmr,bm25,33,50,method_only,50,4,46,0,1,1,0.08,0.92,0.02,0.02
direct_mmr,bm25,33,50,bm25_only,50,47,3,0,21,31,0.94,0.06,0.42,0.62
direct_mmr,bm25,34,50,shared,2,1,1,0,0,0,0.5,0.5,0,0
direct_mmr,bm25,34,50,method_only,48,6,42,0,1,1,0.125,0.875,0.0208333333333,0.0208333333333
direct_mmr,bm25,34,50,bm25_only,48,22,26,0,6,9,0.458333333333,0.541666666667,0.125,0.1875
direct_mmr,bm25,35,50,shared,3,2,1,0,0,0,0.666666666667,0.333333333333,0,0
direct_mmr,bm25,35,50,method_only,47,9,38,0,3,3,0.191489361702,0.808510638298,0.063829787234,0.063829787234
direct_mmr,bm25,35,50,bm25_only,47,44,3,0,23,25,0.936170212766,0.063829787234,0.489361702128,0.531914893617
direct_mmr,bm25,36,50,shared,0,0,0,0,0,0,,,,
direct_mmr,bm25,36,50,method_only,50,4,46,0,2,2,0.08,0.92,0.04,0.04
direct_mmr,bm25,36,50,bm25_only,50,50,0,0,42,45,1,0,0.84,0.9
direct_mmr,bm25,37,50,shared,0,0,0,0,0,0,,,,
direct_mmr,bm25,37,50,method_only,50,9,41,0,1,1,0.18,0.82,0.02,0.02
direct_mmr,bm25,37,50,bm25_only,50,50,0,0,25,42,1,0,0.5,0.84
direct_mmr,bm25,38,50,shared,1,1,0,0,0,0,1,0,0,0
direct_mmr,bm25,38,50,method_only,49,9,40,0,2,3,0.183673469388,0.816326530612,0.0408163265306,0.0612244897959
direct_mmr,bm25,38,50,bm25_only,49,44,5,0,18,27,0.897959183673,0.102040816327,0.367346938776,0.551020408163
direct_mmr,bm25,39,50,shared,1,1,0,0,1,1,1,0,1,1
direct_mmr,bm25,39,50,method_only,49,5,44,0,2,3,0.102040816327,0.897959183673,0.0408163265306,0.0612244897959
direct_mmr,bm25,39,50,bm25_only,49,49,0,0,37,48,1,0,0.755102040816,0.979591836735
direct_mmr,bm25,40,50,shared,0,0,0,0,0,0,,,,
direct_mmr,bm25,40,50,method_only,50,10,40,0,1,2,0.2,0.8,0.02,0.04
direct_mmr,bm25,40,50,bm25_only,50,50,0,0,46,50,1,0,0.92,1
direct_mmr,bm25,41,50,shared,3,3,0,0,0,0,1,0,0,0
direct_mmr,bm25,41,50,method_only,47,5,42,0,1,1,0.106382978723,0.893617021277,0.0212765957447,0.0212765957447
direct_mmr,bm25,41,50,bm25_only,47,45,2,0,31,35,0.957446808511,0.0425531914894,0.659574468085,0.744680851064
direct_mmr,bm25,42,50,shared,0,0,0,0,0,0,,,,
direct_mmr,bm25,42,50,method_only,50,4,46,0,1,1,0.08,0.92,0.02,0.02
direct_mmr,bm25,42,50,bm25_only,50,50,0,0,34,38,1,0,0.68,0.76
direct_mmr,bm25,43,50,shared,1,1,0,0,1,1,1,0,1,1
direct_mmr,bm25,43,50,method_only,49,12,37,0,1,1,0.244897959184,0.755102040816,0.0204081632653,0.0204081632653
direct_mmr,bm25,43,50,bm25_only,49,49,0,0,36,40,1,0,0.734693877551,0.816326530612
direct_mmr,bm25,44,50,shared,1,1,0,0,0,1,1,0,0,1
direct_mmr,bm25,44,50,method_only,49,6,43,0,3,3,0.122448979592,0.877551020408,0.0612244897959,0.0612244897959
direct_mmr,bm25,44,50,bm25_only,49,44,5,0,29,34,0.897959183673,0.102040816327,0.591836734694,0.69387755102
direct_mmr,bm25,45,50,shared,1,1,0,0,0,1,1,0,0,1
direct_mmr,bm25,45,50,method_only,49,5,44,0,0,0,0.102040816327,0.897959183673,0,0
direct_mmr,bm25,45,50,bm25_only,49,45,4,0,19,39,0.918367346939,0.0816326530612,0.387755102041,0.795918367347
direct_mmr,bm25,46,50,shared,3,3,0,0,1,1,1,0,0.333333333333,0.333333333333
direct_mmr,bm25,46,50,method_only,47,7,40,0,0,0,0.148936170213,0.851063829787,0,0
direct_mmr,bm25,46,50,bm25_only,47,47,0,0,21,29,1,0,0.446808510638,0.617021276596
direct_mmr,bm25,47,50,shared,1,0,1,0,0,0,0,1,0,0
direct_mmr,bm25,47,50,method_only,49,6,43,0,0,0,0.122448979592,0.877551020408,0,0
direct_mmr,bm25,47,50,bm25_only,49,30,19,0,13,17,0.612244897959,0.387755102041,0.265306122449,0.34693877551
direct_mmr,bm25,48,50,shared,0,0,0,0,0,0,,,,
direct_mmr,bm25,48,50,method_only,50,8,42,0,2,2,0.16,0.84,0.04,0.04
direct_mmr,bm25,48,50,bm25_only,50,28,22,0,20,26,0.56,0.44,0.4,0.52
direct_mmr,bm25,49,50,shared,0,0,0,0,0,0,,,,
direct_mmr,bm25,49,50,method_only,50,6,44,0,1,1,0.12,0.88,0.02,0.02
direct_mmr,bm25,49,50,bm25_only,50,46,4,0,5,13,0.92,0.08,0.1,0.26
direct_mmr,bm25,50,50,shared,2,2,0,0,1,1,1,0,0.5,0.5
direct_mmr,bm25,50,50,method_only,48,9,39,0,0,1,0.1875,0.8125,0,0.0208333333333
direct_mmr,bm25,50,50,bm25_only,48,38,10,0,7,16,0.791666666667,0.208333333333,0.145833333333,0.333333333333
direct_mmr,bm25,1,100,shared,9,2,7,0,0,1,0.222222222222,0.777777777778,0,0.111111111111
direct_mmr,bm25,1,100,method_only,91,4,87,0,1,2,0.043956043956,0.956043956044,0.010989010989,0.021978021978
direct_mmr,bm25,1,100,bm25_only,91,52,39,0,14,30,0.571428571429,0.428571428571,0.153846153846,0.32967032967
direct_mmr,bm25,2,100,shared,9,7,2,0,0,0,0.777777777778,0.222222222222,0,0
direct_mmr,bm25,2,100,method_only,91,11,80,0,1,2,0.120879120879,0.879120879121,0.010989010989,0.021978021978
direct_mmr,bm25,2,100,bm25_only,91,71,20,0,37,43,0.78021978022,0.21978021978,0.406593406593,0.472527472527
direct_mmr,bm25,3,100,shared,4,0,4,0,0,0,0,1,0,0
direct_mmr,bm25,3,100,method_only,96,15,81,0,3,5,0.15625,0.84375,0.03125,0.0520833333333
direct_mmr,bm25,3,100,bm25_only,96,78,18,0,28,48,0.8125,0.1875,0.291666666667,0.5
direct_mmr,bm25,4,100,shared,3,0,3,0,0,0,0,1,0,0
direct_mmr,bm25,4,100,method_only,97,10,87,0,0,2,0.103092783505,0.896907216495,0,0.020618556701
direct_mmr,bm25,4,100,bm25_only,97,69,28,0,18,26,0.711340206186,0.288659793814,0.185567010309,0.268041237113
direct_mmr,bm25,5,100,shared,1,0,1,0,0,0,0,1,0,0
direct_mmr,bm25,5,100,method_only,99,12,87,0,3,4,0.121212121212,0.878787878788,0.030303030303,0.040404040404
direct_mmr,bm25,5,100,bm25_only,99,71,28,0,27,56,0.717171717172,0.282828282828,0.272727272727,0.565656565657
direct_mmr,bm25,6,100,shared,4,1,3,0,0,0,0.25,0.75,0,0
direct_mmr,bm25,6,100,method_only,96,10,86,0,5,9,0.104166666667,0.895833333333,0.0520833333333,0.09375
direct_mmr,bm25,6,100,bm25_only,96,66,30,0,52,60,0.6875,0.3125,0.541666666667,0.625
direct_mmr,bm25,7,100,shared,2,0,2,0,0,0,0,1,0,0
direct_mmr,bm25,7,100,method_only,98,8,90,0,4,4,0.0816326530612,0.918367346939,0.0408163265306,0.0408163265306
direct_mmr,bm25,7,100,bm25_only,98,88,10,0,52,57,0.897959183673,0.102040816327,0.530612244898,0.581632653061
direct_mmr,bm25,8,100,shared,12,5,7,0,1,1,0.416666666667,0.583333333333,0.0833333333333,0.0833333333333
direct_mmr,bm25,8,100,method_only,88,5,83,0,1,2,0.0568181818182,0.943181818182,0.0113636363636,0.0227272727273
direct_mmr,bm25,8,100,bm25_only,88,56,32,0,28,42,0.636363636364,0.363636363636,0.318181818182,0.477272727273
direct_mmr,bm25,9,100,shared,9,6,3,0,1,1,0.666666666667,0.333333333333,0.111111111111,0.111111111111
direct_mmr,bm25,9,100,method_only,91,5,86,0,0,0,0.0549450549451,0.945054945055,0,0
direct_mmr,bm25,9,100,bm25_only,91,82,9,0,16,29,0.901098901099,0.0989010989011,0.175824175824,0.318681318681
direct_mmr,bm25,10,100,shared,1,1,0,0,0,1,1,0,0,1
direct_mmr,bm25,10,100,method_only,99,9,90,0,1,2,0.0909090909091,0.909090909091,0.010101010101,0.020202020202
direct_mmr,bm25,10,100,bm25_only,99,88,11,0,42,69,0.888888888889,0.111111111111,0.424242424242,0.69696969697
direct_mmr,bm25,11,100,shared,4,1,3,0,0,0,0.25,0.75,0,0
direct_mmr,bm25,11,100,method_only,96,11,85,0,3,5,0.114583333333,0.885416666667,0.03125,0.0520833333333
direct_mmr,bm25,11,100,bm25_only,96,84,12,0,20,34,0.875,0.125,0.208333333333,0.354166666667
direct_mmr,bm25,12,100,shared,7,4,3,0,1,4,0.571428571429,0.428571428571,0.142857142857,0.571428571429
direct_mmr,bm25,12,100,method_only,93,11,82,0,1,2,0.118279569892,0.881720430108,0.010752688172,0.0215053763441
direct_mmr,bm25,12,100,bm25_only,93,74,19,0,12,39,0.795698924731,0.204301075269,0.129032258065,0.41935483871
direct_mmr,bm25,13,100,shared,3,3,0,0,0,2,1,0,0,0.666666666667
direct_mmr,bm25,13,100,method_only,97,11,86,0,0,3,0.113402061856,0.886597938144,0,0.0309278350515
direct_mmr,bm25,13,100,bm25_only,97,74,23,0,28,56,0.762886597938,0.237113402062,0.288659793814,0.577319587629
direct_mmr,bm25,14,100,shared,6,5,1,0,1,2,0.833333333333,0.166666666667,0.166666666667,0.333333333333
direct_mmr,bm25,14,100,method_only,94,16,78,0,1,2,0.170212765957,0.829787234043,0.0106382978723,0.0212765957447
direct_mmr,bm25,14,100,bm25_only,94,91,3,0,34,63,0.968085106383,0.031914893617,0.36170212766,0.670212765957
direct_mmr,bm25,15,100,shared,9,5,4,0,1,1,0.555555555556,0.444444444444,0.111111111111,0.111111111111
direct_mmr,bm25,15,100,method_only,91,10,81,0,3,3,0.10989010989,0.89010989011,0.032967032967,0.032967032967
direct_mmr,bm25,15,100,bm25_only,91,44,47,0,3,6,0.483516483516,0.516483516484,0.032967032967,0.0659340659341
direct_mmr,bm25,16,100,shared,14,7,7,0,1,1,0.5,0.5,0.0714285714286,0.0714285714286
direct_mmr,bm25,16,100,method_only,86,9,77,0,0,0,0.104651162791,0.895348837209,0,0
direct_mmr,bm25,16,100,bm25_only,86,55,31,0,9,17,0.639534883721,0.360465116279,0.104651162791,0.197674418605
direct_mmr,bm25,17,100,shared,1,1,0,0,0,0,1,0,0,0
direct_mmr,bm25,17,100,method_only,99,9,90,0,1,2,0.0909090909091,0.909090909091,0.010101010101,0.020202020202
direct_mmr,bm25,17,100,bm25_only,99,77,22,0,27,57,0.777777777778,0.222222222222,0.272727272727,0.575757575758
direct_mmr,bm25,18,100,shared,1,1,0,0,1,1,1,0,1,1
direct_mmr,bm25,18,100,method_only,99,13,86,0,5,6,0.131313131313,0.868686868687,0.0505050505051,0.0606060606061
direct_mmr,bm25,18,100,bm25_only,99,87,12,0,46,74,0.878787878788,0.121212121212,0.464646464646,0.747474747475
direct_mmr,bm25,19,100,shared,5,3,2,0,0,2,0.6,0.4,0,0.4
direct_mmr,bm25,19,100,method_only,95,12,83,0,0,1,0.126315789474,0.873684210526,0,0.0105263157895
direct_mmr,bm25,19,100,bm25_only,95,80,15,0,10,24,0.842105263158,0.157894736842,0.105263157895,0.252631578947
direct_mmr,bm25,20,100,shared,1,0,1,0,0,0,0,1,0,0
direct_mmr,bm25,20,100,method_only,99,13,86,0,2,7,0.131313131313,0.868686868687,0.020202020202,0.0707070707071
direct_mmr,bm25,20,100,bm25_only,99,90,9,0,60,70,0.909090909091,0.0909090909091,0.606060606061,0.707070707071
direct_mmr,bm25,21,100,shared,4,2,2,0,0,0,0.5,0.5,0,0
direct_mmr,bm25,21,100,method_only,96,3,93,0,1,1,0.03125,0.96875,0.0104166666667,0.0104166666667
direct_mmr,bm25,21,100,bm25_only,96,77,19,0,42,45,0.802083333333,0.197916666667,0.4375,0.46875
direct_mmr,bm25,22,100,shared,3,1,2,0,0,0,0.333333333333,0.666666666667,0,0
direct_mmr,bm25,22,100,method_only,97,7,90,0,1,2,0.0721649484536,0.927835051546,0.0103092783505,0.020618556701
direct_mmr,bm25,22,100,bm25_only,97,72,25,0,49,62,0.742268041237,0.257731958763,0.505154639175,0.639175257732
direct_mmr,bm25,23,100,shared,2,0,2,0,0,0,0,1,0,0
direct_mmr,bm25,23,100,method_only,98,9,89,0,1,2,0.0918367346939,0.908163265306,0.0102040816327,0.0204081632653
direct_mmr,bm25,23,100,bm25_only,98,68,30,0,40,52,0.69387755102,0.30612244898,0.408163265306,0.530612244898
direct_mmr,bm25,24,100,shared,3,2,1,0,0,0,0.666666666667,0.333333333333,0,0
direct_mmr,bm25,24,100,method_only,97,8,89,0,0,1,0.0824742268041,0.917525773196,0,0.0103092783505
direct_mmr,bm25,24,100,bm25_only,97,82,15,0,59,70,0.845360824742,0.154639175258,0.60824742268,0.721649484536
direct_mmr,bm25,25,100,shared,1,1,0,0,1,1,1,0,1,1
direct_mmr,bm25,25,100,method_only,99,12,87,0,1,1,0.121212121212,0.878787878788,0.010101010101,0.010101010101
direct_mmr,bm25,25,100,bm25_only,99,65,34,0,13,16,0.656565656566,0.343434343434,0.131313131313,0.161616161616
direct_mmr,bm25,26,100,shared,0,0,0,0,0,0,,,,
direct_mmr,bm25,26,100,method_only,100,6,94,0,4,4,0.06,0.94,0.04,0.04
direct_mmr,bm25,26,100,bm25_only,100,62,38,0,40,44,0.62,0.38,0.4,0.44
direct_mmr,bm25,27,100,shared,2,2,0,0,2,2,1,0,1,1
direct_mmr,bm25,27,100,method_only,98,7,91,0,3,4,0.0714285714286,0.928571428571,0.030612244898,0.0408163265306
direct_mmr,bm25,27,100,bm25_only,98,88,10,0,60,85,0.897959183673,0.102040816327,0.612244897959,0.867346938776
direct_mmr,bm25,28,100,shared,1,0,1,0,0,0,0,1,0,0
direct_mmr,bm25,28,100,method_only,99,1,98,0,0,0,0.010101010101,0.989898989899,0,0
direct_mmr,bm25,28,100,bm25_only,99,84,15,0,71,74,0.848484848485,0.151515151515,0.717171717172,0.747474747475
direct_mmr,bm25,29,100,shared,1,1,0,0,1,1,1,0,1,1
direct_mmr,bm25,29,100,method_only,99,12,87,0,4,7,0.121212121212,0.878787878788,0.040404040404,0.0707070707071
direct_mmr,bm25,29,100,bm25_only,99,95,4,0,45,63,0.959595959596,0.040404040404,0.454545454545,0.636363636364
direct_mmr,bm25,30,100,shared,1,1,0,0,0,1,1,0,0,1
direct_mmr,bm25,30,100,method_only,99,6,93,0,3,4,0.0606060606061,0.939393939394,0.030303030303,0.040404040404
direct_mmr,bm25,30,100,bm25_only,99,93,6,0,68,86,0.939393939394,0.0606060606061,0.686868686869,0.868686868687
direct_mmr,bm25,31,100,shared,4,4,0,0,0,0,1,0,0,0
direct_mmr,bm25,31,100,method_only,96,8,88,0,1,1,0.0833333333333,0.916666666667,0.0104166666667,0.0104166666667
direct_mmr,bm25,31,100,bm25_only,96,94,2,0,12,21,0.979166666667,0.0208333333333,0.125,0.21875
direct_mmr,bm25,32,100,shared,5,4,1,0,0,0,0.8,0.2,0,0
direct_mmr,bm25,32,100,method_only,95,2,93,0,0,1,0.0210526315789,0.978947368421,0,0.0105263157895
direct_mmr,bm25,32,100,bm25_only,95,74,21,0,13,17,0.778947368421,0.221052631579,0.136842105263,0.178947368421
direct_mmr,bm25,33,100,shared,0,0,0,0,0,0,,,,
direct_mmr,bm25,33,100,method_only,100,8,92,0,1,1,0.08,0.92,0.01,0.01
direct_mmr,bm25,33,100,bm25_only,100,84,16,0,30,44,0.84,0.16,0.3,0.44
direct_mmr,bm25,34,100,shared,8,2,6,0,0,0,0.25,0.75,0,0
direct_mmr,bm25,34,100,method_only,92,9,83,0,1,1,0.0978260869565,0.902173913043,0.0108695652174,0.0108695652174
direct_mmr,bm25,34,100,bm25_only,92,47,45,0,9,16,0.510869565217,0.489130434783,0.0978260869565,0.173913043478
direct_mmr,bm25,35,100,shared,4,3,1,0,0,0,0.75,0.25,0,0
direct_mmr,bm25,35,100,method_only,96,14,82,0,3,4,0.145833333333,0.854166666667,0.03125,0.0416666666667
direct_mmr,bm25,35,100,bm25_only,96,81,15,0,43,45,0.84375,0.15625,0.447916666667,0.46875
direct_mmr,bm25,36,100,shared,0,0,0,0,0,0,,,,
direct_mmr,bm25,36,100,method_only,100,10,90,0,5,6,0.1,0.9,0.05,0.06
direct_mmr,bm25,36,100,bm25_only,100,98,2,0,78,85,0.98,0.02,0.78,0.85
direct_mmr,bm25,37,100,shared,1,1,0,0,0,0,1,0,0,0
direct_mmr,bm25,37,100,method_only,99,15,84,0,3,3,0.151515151515,0.848484848485,0.030303030303,0.030303030303
direct_mmr,bm25,37,100,bm25_only,99,98,1,0,49,73,0.989898989899,0.010101010101,0.494949494949,0.737373737374
direct_mmr,bm25,38,100,shared,4,4,0,0,0,0,1,0,0,0
direct_mmr,bm25,38,100,method_only,96,20,76,0,3,10,0.208333333333,0.791666666667,0.03125,0.104166666667
direct_mmr,bm25,38,100,bm25_only,96,81,15,0,36,55,0.84375,0.15625,0.375,0.572916666667
direct_mmr,bm25,39,100,shared,2,2,0,0,1,2,1,0,0.5,1
direct_mmr,bm25,39,100,method_only,98,13,85,0,3,9,0.132653061224,0.867346938776,0.030612244898,0.0918367346939
direct_mmr,bm25,39,100,bm25_only,98,98,0,0,63,95,1,0,0.642857142857,0.969387755102
direct_mmr,bm25,40,100,shared,0,0,0,0,0,0,,,,
direct_mmr,bm25,40,100,method_only,100,17,83,0,1,3,0.17,0.83,0.01,0.03
direct_mmr,bm25,40,100,bm25_only,100,99,1,0,86,97,0.99,0.01,0.86,0.97
direct_mmr,bm25,41,100,shared,6,6,0,0,1,1,1,0,0.166666666667,0.166666666667
direct_mmr,bm25,41,100,method_only,94,6,88,0,0,0,0.063829787234,0.936170212766,0,0
direct_mmr,bm25,41,100,bm25_only,94,91,3,0,54,61,0.968085106383,0.031914893617,0.574468085106,0.648936170213
direct_mmr,bm25,42,100,shared,1,1,0,0,0,0,1,0,0,0
direct_mmr,bm25,42,100,method_only,99,10,89,0,1,1,0.10101010101,0.89898989899,0.010101010101,0.010101010101
direct_mmr,bm25,42,100,bm25_only,99,94,5,0,61,69,0.949494949495,0.0505050505051,0.616161616162,0.69696969697
direct_mmr,bm25,43,100,shared,6,6,0,0,3,3,1,0,0.5,0.5
direct_mmr,bm25,43,100,method_only,94,18,76,0,4,5,0.191489361702,0.808510638298,0.0425531914894,0.0531914893617
direct_mmr,bm25,43,100,bm25_only,94,93,1,0,66,75,0.989361702128,0.0106382978723,0.702127659574,0.797872340426
direct_mmr,bm25,44,100,shared,2,2,0,0,1,2,1,0,0.5,1
direct_mmr,bm25,44,100,method_only,98,12,86,0,6,8,0.122448979592,0.877551020408,0.0612244897959,0.0816326530612
direct_mmr,bm25,44,100,bm25_only,98,86,12,0,51,65,0.877551020408,0.122448979592,0.520408163265,0.663265306122
direct_mmr,bm25,45,100,shared,1,1,0,0,0,1,1,0,0,1
direct_mmr,bm25,45,100,method_only,99,13,86,0,1,4,0.131313131313,0.868686868687,0.010101010101,0.040404040404
direct_mmr,bm25,45,100,bm25_only,99,89,10,0,32,80,0.89898989899,0.10101010101,0.323232323232,0.808080808081
direct_mmr,bm25,46,100,shared,8,6,2,0,1,2,0.75,0.25,0.125,0.25
direct_mmr,bm25,46,100,method_only,92,9,83,0,0,0,0.0978260869565,0.902173913043,0,0
direct_mmr,bm25,46,100,bm25_only,92,81,11,0,29,38,0.880434782609,0.119565217391,0.315217391304,0.413043478261
direct_mmr,bm25,47,100,shared,2,1,1,0,0,0,0.5,0.5,0,0
direct_mmr,bm25,47,100,method_only,98,9,89,0,0,1,0.0918367346939,0.908163265306,0,0.0102040816327
direct_mmr,bm25,47,100,bm25_only,98,59,39,0,25,31,0.602040816327,0.397959183673,0.255102040816,0.316326530612
direct_mmr,bm25,48,100,shared,2,0,2,0,0,0,0,1,0,0
direct_mmr,bm25,48,100,method_only,98,20,78,0,6,12,0.204081632653,0.795918367347,0.0612244897959,0.122448979592
direct_mmr,bm25,48,100,bm25_only,98,52,46,0,32,46,0.530612244898,0.469387755102,0.326530612245,0.469387755102
direct_mmr,bm25,49,100,shared,1,1,0,0,0,0,1,0,0,0
direct_mmr,bm25,49,100,method_only,99,8,91,0,1,1,0.0808080808081,0.919191919192,0.010101010101,0.010101010101
direct_mmr,bm25,49,100,bm25_only,99,76,23,0,7,20,0.767676767677,0.232323232323,0.0707070707071,0.20202020202
direct_mmr,bm25,50,100,shared,4,3,1,0,1,1,0.75,0.25,0.25,0.25
direct_mmr,bm25,50,100,method_only,96,15,81,0,0,1,0.15625,0.84375,0,0.0104166666667
direct_mmr,bm25,50,100,bm25_only,96,73,23,0,11,30,0.760416666667,0.239583333333,0.114583333333,0.3125
direct_mmr,bm25,1,1000,shared,231,51,180,0,12,22,0.220779220779,0.779220779221,0.0519480519481,0.0952380952381
direct_mmr,bm25,1,1000,method_only,769,31,738,0,3,8,0.0403120936281,0.959687906372,0.00390117035111,0.0104031209363
direct_mmr,bm25,1,1000,bm25_only,769,276,493,0,65,143,0.358907672302,0.641092327698,0.0845253576073,0.185955786736
direct_mmr,bm25,2,1000,shared,171,58,113,0,7,14,0.33918128655,0.66081871345,0.0409356725146,0.0818713450292
direct_mmr,bm25,2,1000,method_only,829,60,769,0,13,20,0.0723763570567,0.927623642943,0.015681544029,0.0241254523522
direct_mmr,bm25,2,1000,bm25_only,829,145,684,0,66,80,0.174909529554,0.825090470446,0.0796139927624,0.0965018094089
direct_mmr,bm25,3,1000,shared,241,63,178,0,16,34,0.261410788382,0.738589211618,0.0663900414938,0.141078838174
direct_mmr,bm25,3,1000,method_only,759,63,696,0,13,34,0.0830039525692,0.916996047431,0.0171277997365,0.0447957839262
direct_mmr,bm25,3,1000,bm25_only,759,339,420,0,76,182,0.446640316206,0.553359683794,0.100131752306,0.239789196311
direct_mmr,bm25,4,1000,shared,210,54,156,0,15,27,0.257142857143,0.742857142857,0.0714285714286,0.128571428571
direct_mmr,bm25,4,1000,method_only,790,58,732,0,12,25,0.073417721519,0.926582278481,0.0151898734177,0.0316455696203
direct_mmr,bm25,4,1000,bm25_only,790,240,550,0,49,106,0.303797468354,0.696202531646,0.0620253164557,0.13417721519
direct_mmr,bm25,5,1000,shared,184,69,115,0,37,54,0.375,0.625,0.201086956522,0.29347826087
direct_mmr,bm25,5,1000,method_only,816,75,741,0,26,41,0.0919117647059,0.908088235294,0.031862745098,0.0502450980392
direct_mmr,bm25,5,1000,bm25_only,816,352,464,0,101,217,0.43137254902,0.56862745098,0.123774509804,0.265931372549
direct_mmr,bm25,6,1000,shared,213,61,152,0,35,46,0.286384976526,0.713615023474,0.164319248826,0.215962441315
direct_mmr,bm25,6,1000,method_only,787,63,724,0,22,43,0.0800508259212,0.919949174079,0.0279542566709,0.0546378653113
direct_mmr,bm25,6,1000,bm25_only,787,317,470,0,214,263,0.402795425667,0.597204574333,0.271918678526,0.33418043202
direct_mmr,bm25,7,1000,shared,176,72,104,0,30,33,0.409090909091,0.590909090909,0.170454545455,0.1875
direct_mmr,bm25,7,1000,method_only,824,55,769,0,18,21,0.0667475728155,0.933252427184,0.0218446601942,0.0254854368932
direct_mmr,bm25,7,1000,bm25_only,824,431,393,0,266,280,0.523058252427,0.476941747573,0.322815533981,0.339805825243
direct_mmr,bm25,8,1000,shared,189,44,145,0,13,21,0.232804232804,0.767195767196,0.0687830687831,0.111111111111
direct_mmr,bm25,8,1000,method_only,811,65,746,0,24,43,0.0801479654747,0.919852034525,0.0295930949445,0.0530209617756
direct_mmr,bm25,8,1000,bm25_only,811,220,591,0,68,135,0.271270036991,0.728729963009,0.0838471023428,0.166461159063
direct_mmr,bm25,9,1000,shared,339,103,236,0,17,28,0.30383480826,0.69616519174,0.0501474926254,0.0825958702065
direct_mmr,bm25,9,1000,method_only,661,34,627,0,2,5,0.0514372163389,0.948562783661,0.00302571860817,0.00756429652042
direct_mmr,bm25,9,1000,bm25_only,661,189,472,0,42,82,0.285930408472,0.714069591528,0.0635400907716,0.124054462935
direct_mmr,bm25,10,1000,shared,258,102,156,0,33,58,0.395348837209,0.604651162791,0.127906976744,0.22480620155
direct_mmr,bm25,10,1000,method_only,742,54,688,0,10,20,0.0727762803235,0.927223719677,0.0134770889488,0.0269541778976
direct_mmr,bm25,10,1000,bm25_only,742,328,414,0,129,213,0.44204851752,0.55795148248,0.173854447439,0.287061994609
direct_mmr,bm25,11,1000,shared,218,76,142,0,20,36,0.348623853211,0.651376146789,0.0917431192661,0.165137614679
direct_mmr,bm25,11,1000,method_only,782,44,738,0,1,9,0.0562659846547,0.943734015345,0.00127877237852,0.0115089514066
direct_mmr,bm25,11,1000,bm25_only,782,291,491,0,58,107,0.372122762148,0.627877237852,0.074168797954,0.136828644501
direct_mmr,bm25,12,1000,shared,215,52,163,0,10,28,0.241860465116,0.758139534884,0.046511627907,0.13023255814
direct_mmr,bm25,12,1000,method_only,785,74,711,0,19,33,0.0942675159236,0.905732484076,0.0242038216561,0.0420382165605
direct_mmr,bm25,12,1000,bm25_only,785,275,510,0,58,138,0.350318471338,0.649681528662,0.0738853503185,0.175796178344
direct_mmr,bm25,13,1000,shared,231,66,165,0,11,37,0.285714285714,0.714285714286,0.047619047619,0.160173160173
direct_mmr,bm25,13,1000,method_only,769,82,687,0,8,47,0.106631989597,0.893368010403,0.0104031209363,0.0611183355007
direct_mmr,bm25,13,1000,bm25_only,769,295,474,0,87,209,0.383615084525,0.616384915475,0.113133940182,0.27178153446
direct_mmr,bm25,14,1000,shared,141,72,69,0,17,36,0.510638297872,0.489361702128,0.120567375887,0.255319148936
direct_mmr,bm25,14,1000,method_only,859,17,842,0,4,7,0.0197904540163,0.980209545984,0.0046565774156,0.0081490104773
direct_mmr,bm25,14,1000,bm25_only,859,171,688,0,30,54,0.199068684517,0.800931315483,0.034924330617,0.0628637951106
direct_mmr,bm25,15,1000,shared,146,38,108,0,2,6,0.260273972603,0.739726027397,0.013698630137,0.041095890411
direct_mmr,bm25,15,1000,method_only,854,58,796,0,11,27,0.0679156908665,0.932084309133,0.0128805620609,0.0316159250585
direct_mmr,bm25,15,1000,bm25_only,854,191,663,0,5,11,0.223653395785,0.776346604215,0.00585480093677,0.0128805620609
direct_mmr,bm25,16,1000,shared,204,63,141,0,10,18,0.308823529412,0.691176470588,0.0490196078431,0.0882352941176
direct_mmr,bm25,16,1000,method_only,796,81,715,0,13,32,0.10175879397,0.89824120603,0.0163316582915,0.0402010050251
direct_mmr,bm25,16,1000,bm25_only,796,209,587,0,43,77,0.26256281407,0.73743718593,0.0540201005025,0.0967336683417
direct_mmr,bm25,17,1000,shared,234,54,180,0,12,27,0.230769230769,0.769230769231,0.0512820512821,0.115384615385
direct_mmr,bm25,17,1000,method_only,766,45,721,0,10,22,0.0587467362924,0.941253263708,0.0130548302872,0.0287206266319
direct_mmr,bm25,17,1000,bm25_only,766,357,409,0,132,280,0.466057441253,0.533942558747,0.172323759791,0.365535248042
direct_mmr,bm25,18,1000,shared,259,125,134,0,52,96,0.482625482625,0.517374517375,0.200772200772,0.370656370656
direct_mmr,bm25,18,1000,method_only,741,60,681,0,19,35,0.080971659919,0.919028340081,0.025641025641,0.0472334682861
direct_mmr,bm25,18,1000,bm25_only,741,332,409,0,138,249,0.448043184885,0.551956815115,0.186234817814,0.336032388664
direct_mmr,bm25,19,1000,shared,241,83,158,0,8,20,0.344398340249,0.655601659751,0.0331950207469,0.0829875518672
direct_mmr,bm25,19,1000,method_only,759,54,705,0,4,9,0.0711462450593,0.928853754941,0.00527009222661,0.0118577075099
direct_mmr,bm25,19,1000,bm25_only,759,204,555,0,15,42,0.268774703557,0.731225296443,0.0197628458498,0.0553359683794
direct_mmr,bm25,20,1000,shared,269,128,141,0,72,98,0.475836431227,0.524163568773,0.267657992565,0.364312267658
direct_mmr,bm25,20,1000,method_only,731,48,683,0,25,37,0.0656634746922,0.934336525308,0.0341997264022,0.0506155950752
direct_mmr,bm25,20,1000,bm25_only,731,378,353,0,241,317,0.517099863201,0.482900136799,0.329685362517,0.43365253078
direct_mmr,bm25,21,1000,shared,196,51,145,0,12,16,0.260204081633,0.739795918367,0.0612244897959,0.0816326530612
direct_mmr,bm25,21,1000,method_only,804,44,760,0,17,20,0.0547263681592,0.945273631841,0.021144278607,0.0248756218905
direct_mmr,bm25,21,1000,bm25_only,804,281,523,0,160,174,0.349502487562,0.650497512438,0.199004975124,0.216417910448
direct_mmr,bm25,22,1000,shared,246,55,191,0,19,31,0.223577235772,0.776422764228,0.0772357723577,0.126016260163
direct_mmr,bm25,22,1000,method_only,754,53,701,0,21,39,0.0702917771883,0.929708222812,0.0278514588859,0.051724137931
direct_mmr,bm25,22,1000,bm25_only,754,252,502,0,167,223,0.334217506631,0.665782493369,0.221485411141,0.29575596817
direct_mmr,bm25,23,1000,shared,238,50,188,0,17,28,0.210084033613,0.789915966387,0.0714285714286,0.117647058824
direct_mmr,bm25,23,1000,method_only,762,49,713,0,3,13,0.0643044619423,0.935695538058,0.00393700787402,0.0170603674541
direct_mmr,bm25,23,1000,bm25_only,762,248,514,0,101,155,0.325459317585,0.674540682415,0.132545931759,0.203412073491
direct_mmr,bm25,24,1000,shared,265,93,172,0,46,60,0.350943396226,0.649056603774,0.17358490566,0.22641509434
direct_mmr,bm25,24,1000,method_only,735,49,686,0,12,22,0.0666666666667,0.933333333333,0.0163265306122,0.0299319727891
direct_mmr,bm25,24,1000,bm25_only,735,252,483,0,170,212,0.342857142857,0.657142857143,0.231292517007,0.28843537415
direct_mmr,bm25,25,1000,shared,185,66,119,0,13,18,0.356756756757,0.643243243243,0.0702702702703,0.0972972972973
direct_mmr,bm25,25,1000,method_only,815,99,716,0,37,48,0.121472392638,0.878527607362,0.0453987730061,0.0588957055215
direct_mmr,bm25,25,1000,bm25_only,815,277,538,0,74,99,0.339877300613,0.660122699387,0.0907975460123,0.121472392638
direct_mmr,bm25,26,1000,shared,201,50,151,0,30,34,0.248756218905,0.751243781095,0.149253731343,0.169154228856
direct_mmr,bm25,26,1000,method_only,799,66,733,0,36,41,0.0826032540676,0.917396745932,0.0450563204005,0.0513141426783
direct_mmr,bm25,26,1000,bm25_only,799,274,525,0,179,209,0.342928660826,0.657071339174,0.224030037547,0.261576971214
direct_mmr,bm25,27,1000,shared,205,78,127,0,42,69,0.380487804878,0.619512195122,0.20487804878,0.336585365854
direct_mmr,bm25,27,1000,method_only,795,34,761,0,5,27,0.0427672955975,0.957232704403,0.0062893081761,0.0339622641509
direct_mmr,bm25,27,1000,bm25_only,795,359,436,0,185,319,0.451572327044,0.548427672956,0.232704402516,0.401257861635
direct_mmr,bm25,28,1000,shared,239,81,158,0,69,72,0.338912133891,0.661087866109,0.28870292887,0.301255230126
direct_mmr,bm25,28,1000,method_only,761,33,728,0,15,22,0.0433639947438,0.956636005256,0.0197109067017,0.0289093298292
direct_mmr,bm25,28,1000,bm25_only,761,342,419,0,294,311,0.449408672799,0.550591327201,0.386333771353,0.408672798949
direct_mmr,bm25,29,1000,shared,246,96,150,0,37,62,0.390243902439,0.609756097561,0.150406504065,0.252032520325
direct_mmr,bm25,29,1000,method_only,754,48,706,0,14,22,0.0636604774536,0.936339522546,0.0185676392573,0.0291777188329
direct_mmr,bm25,29,1000,bm25_only,754,381,373,0,162,244,0.505305039788,0.494694960212,0.214854111406,0.323607427056
direct_mmr,bm25,30,1000,shared,242,94,148,0,44,71,0.388429752066,0.611570247934,0.181818181818,0.293388429752
direct_mmr,bm25,30,1000,method_only,758,20,738,0,1,5,0.0263852242744,0.973614775726,0.00131926121372,0.0065963060686
direct_mmr,bm25,30,1000,bm25_only,758,243,515,0,106,181,0.320580474934,0.679419525066,0.139841688654,0.238786279683
direct_mmr,bm25,31,1000,shared,287,87,200,0,6,18,0.303135888502,0.696864111498,0.0209059233449,0.0627177700348
direct_mmr,bm25,31,1000,method_only,713,48,665,0,9,16,0.0673211781206,0.932678821879,0.0126227208976,0.0224403927069
direct_mmr,bm25,31,1000,bm25_only,713,334,379,0,28,81,0.468443197756,0.531556802244,0.039270687237,0.113604488079
direct_mmr,bm25,32,1000,shared,116,28,88,0,3,6,0.241379310345,0.758620689655,0.0258620689655,0.051724137931
direct_mmr,bm25,32,1000,method_only,884,23,861,0,4,6,0.0260180995475,0.973981900452,0.00452488687783,0.00678733031674
direct_mmr,bm25,32,1000,bm25_only,884,210,674,0,25,41,0.237556561086,0.762443438914,0.0282805429864,0.0463800904977
direct_mmr,bm25,33,1000,shared,203,58,145,0,7,11,0.285714285714,0.714285714286,0.0344827586207,0.0541871921182
direct_mmr,bm25,33,1000,method_only,797,63,734,0,6,11,0.0790464240903,0.92095357591,0.00752823086575,0.0138017565872
direct_mmr,bm25,33,1000,bm25_only,797,372,425,0,87,129,0.466750313676,0.533249686324,0.109159347553,0.161856963614
direct_mmr,bm25,34,1000,shared,199,52,147,0,12,15,0.261306532663,0.738693467337,0.0603015075377,0.0753768844221
direct_mmr,bm25,34,1000,method_only,801,46,755,0,5,7,0.0574282147316,0.942571785268,0.00624219725343,0.00873907615481
direct_mmr,bm25,34,1000,bm25_only,801,179,622,0,24,42,0.223470661673,0.776529338327,0.0299625468165,0.0524344569288
direct_mmr,bm25,35,1000,shared,217,68,149,0,22,25,0.3133640553,0.6866359447,0.101382488479,0.115207373272
direct_mmr,bm25,35,1000,method_only,783,62,721,0,8,14,0.0791826309068,0.920817369093,0.0102171136654,0.0178799489144
direct_mmr,bm25,35,1000,bm25_only,783,274,509,0,89,93,0.34993614304,0.65006385696,0.113665389527,0.11877394636
direct_mmr,bm25,36,1000,shared,201,115,86,0,76,87,0.572139303483,0.427860696517,0.378109452736,0.432835820896
direct_mmr,bm25,36,1000,method_only,799,62,737,0,22,28,0.0775969962453,0.922403003755,0.0275344180225,0.0350438047559
direct_mmr,bm25,36,1000,bm25_only,799,453,346,0,303,343,0.566958698373,0.433041301627,0.379224030038,0.42928660826
direct_mmr,bm25,37,1000,shared,230,120,110,0,45,58,0.521739130435,0.478260869565,0.195652173913,0.252173913043
direct_mmr,bm25,37,1000,method_only,770,66,704,0,13,22,0.0857142857143,0.914285714286,0.0168831168831,0.0285714285714
direct_mmr,bm25,37,1000,bm25_only,770,449,321,0,186,249,0.583116883117,0.416883116883,0.241558441558,0.323376623377
direct_mmr,bm25,38,1000,shared,259,125,134,0,29,75,0.482625482625,0.517374517375,0.111969111969,0.289575289575
direct_mmr,bm25,38,1000,method_only,741,111,630,0,59,91,0.14979757085,0.85020242915,0.0796221322537,0.122807017544
direct_mmr,bm25,38,1000,bm25_only,741,396,345,0,185,317,0.534412955466,0.465587044534,0.249662618084,0.427800269906
direct_mmr,bm25,39,1000,shared,229,144,85,0,74,134,0.628820960699,0.371179039301,0.323144104803,0.585152838428
direct_mmr,bm25,39,1000,method_only,771,35,736,0,11,29,0.0453955901427,0.954604409857,0.0142671854734,0.0376134889754
direct_mmr,bm25,39,1000,bm25_only,771,486,285,0,275,460,0.630350194553,0.369649805447,0.356679636835,0.596627756161
direct_mmr,bm25,40,1000,shared,302,162,140,0,76,97,0.53642384106,0.46357615894,0.251655629139,0.32119205298
direct_mmr,bm25,40,1000,method_only,698,56,642,0,10,21,0.080229226361,0.919770773639,0.0143266475645,0.0300859598854
direct_mmr,bm25,40,1000,bm25_only,698,394,304,0,202,277,0.56446991404,0.43553008596,0.289398280802,0.396848137536
direct_mmr,bm25,41,1000,shared,230,86,144,0,20,25,0.373913043478,0.626086956522,0.0869565217391,0.108695652174
direct_mmr,bm25,41,1000,method_only,770,68,702,0,24,36,0.0883116883117,0.911688311688,0.0311688311688,0.0467532467532
direct_mmr,bm25,41,1000,bm25_only,770,212,558,0,77,96,0.275324675325,0.724675324675,0.1,0.124675324675
direct_mmr,bm25,42,1000,shared,286,154,132,0,76,84,0.538461538462,0.461538461538,0.265734265734,0.293706293706
direct_mmr,bm25,42,1000,method_only,714,28,686,0,9,10,0.0392156862745,0.960784313725,0.0126050420168,0.0140056022409
direct_mmr,bm25,42,1000,bm25_only,714,181,533,0,94,104,0.25350140056,0.74649859944,0.131652661064,0.145658263305
direct_mmr,bm25,43,1000,shared,177,107,70,0,43,55,0.604519774011,0.395480225989,0.242937853107,0.310734463277
direct_mmr,bm25,43,1000,method_only,823,42,781,0,9,12,0.0510328068044,0.948967193196,0.0109356014581,0.0145808019441
direct_mmr,bm25,43,1000,bm25_only,823,218,605,0,84,107,0.264884568651,0.735115431349,0.102065613609,0.130012150668
direct_mmr,bm25,44,1000,shared,248,115,133,0,56,82,0.463709677419,0.536290322581,0.225806451613,0.33064516129
direct_mmr,bm25,44,1000,method_only,752,80,672,0,34,52,0.106382978723,0.893617021277,0.0452127659574,0.0691489361702
direct_mmr,bm25,44,1000,bm25_only,752,316,436,0,160,216,0.420212765957,0.579787234043,0.212765957447,0.287234042553
direct_mmr,bm25,45,1000,shared,214,109,105,0,41,84,0.509345794393,0.490654205607,0.191588785047,0.392523364486
direct_mmr,bm25,45,1000,method_only,786,62,724,0,24,39,0.0788804071247,0.921119592875,0.030534351145,0.0496183206107
direct_mmr,bm25,45,1000,bm25_only,786,460,326,0,240,421,0.58524173028,0.41475826972,0.30534351145,0.535623409669
direct_mmr,bm25,46,1000,shared,211,71,140,0,13,23,0.336492890995,0.663507109005,0.0616113744076,0.109004739336
direct_mmr,bm25,46,1000,method_only,789,31,758,0,5,15,0.0392902408112,0.960709759189,0.0063371356147,0.0190114068441
direct_mmr,bm25,46,1000,bm25_only,789,161,628,0,36,65,0.204055766793,0.795944233207,0.0456273764259,0.0823827629911
direct_mmr,bm25,47,1000,shared,235,75,160,0,10,20,0.31914893617,0.68085106383,0.0425531914894,0.0851063829787
direct_mmr,bm25,47,1000,method_only,765,61,704,0,16,27,0.0797385620915,0.920261437908,0.0209150326797,0.0352941176471
direct_mmr,bm25,47,1000,bm25_only,765,276,489,0,133,168,0.360784313725,0.639215686275,0.17385620915,0.219607843137
direct_mmr,bm25,48,1000,shared,270,99,171,0,48,77,0.366666666667,0.633333333333,0.177777777778,0.285185185185
direct_mmr,bm25,48,1000,method_only,730,46,684,0,23,35,0.0630136986301,0.93698630137,0.0315068493151,0.0479452054795
direct_mmr,bm25,48,1000,bm25_only,730,181,549,0,94,145,0.247945205479,0.752054794521,0.128767123288,0.198630136986
direct_mmr,bm25,49,1000,shared,196,64,132,0,8,12,0.326530612245,0.673469387755,0.0408163265306,0.0612244897959
direct_mmr,bm25,49,1000,method_only,804,70,734,0,15,23,0.0870646766169,0.912935323383,0.0186567164179,0.0286069651741
direct_mmr,bm25,49,1000,bm25_only,804,258,546,0,38,81,0.320895522388,0.679104477612,0.047263681592,0.100746268657
direct_mmr,bm25,50,1000,shared,219,90,129,0,9,23,0.41095890411,0.58904109589,0.041095890411,0.10502283105
direct_mmr,bm25,50,1000,method_only,781,51,730,0,3,10,0.0653008962868,0.934699103713,0.00384122919334,0.0128040973111
direct_mmr,bm25,50,1000,bm25_only,781,274,507,0,20,53,0.350832266325,0.649167733675,0.0256081946223,0.067861715749
direct_mmr_rerank,bm25,1,20,shared,3,2,1,0,0,1,0.666666666667,0.333333333333,0,0.333333333333
direct_mmr_rerank,bm25,1,20,method_only,17,2,15,0,0,0,0.117647058824,0.882352941176,0,0
direct_mmr_rerank,bm25,1,20,bm25_only,17,15,2,0,3,10,0.882352941176,0.117647058824,0.176470588235,0.588235294118
direct_mmr_rerank,bm25,2,20,shared,3,3,0,0,0,0,1,0,0,0
direct_mmr_rerank,bm25,2,20,method_only,17,5,12,0,1,1,0.294117647059,0.705882352941,0.0588235294118,0.0588235294118
direct_mmr_rerank,bm25,2,20,bm25_only,17,16,1,0,7,7,0.941176470588,0.0588235294118,0.411764705882,0.411764705882
direct_mmr_rerank,bm25,3,20,shared,0,0,0,0,0,0,,,,
direct_mmr_rerank,bm25,3,20,method_only,20,8,12,0,2,3,0.4,0.6,0.1,0.15
direct_mmr_rerank,bm25,3,20,bm25_only,20,18,2,0,4,7,0.9,0.1,0.2,0.35
direct_mmr_rerank,bm25,4,20,shared,0,0,0,0,0,0,,,,
direct_mmr_rerank,bm25,4,20,method_only,20,5,15,0,1,2,0.25,0.75,0.05,0.1
direct_mmr_rerank,bm25,4,20,bm25_only,20,20,0,0,2,3,1,0,0.1,0.15
direct_mmr_rerank,bm25,5,20,shared,0,0,0,0,0,0,,,,
direct_mmr_rerank,bm25,5,20,method_only,20,4,16,0,1,1,0.2,0.8,0.05,0.05
direct_mmr_rerank,bm25,5,20,bm25_only,20,18,2,0,7,16,0.9,0.1,0.35,0.8
direct_mmr_rerank,bm25,6,20,shared,0,0,0,0,0,0,,,,
direct_mmr_rerank,bm25,6,20,method_only,20,5,15,0,2,3,0.25,0.75,0.1,0.15
direct_mmr_rerank,bm25,6,20,bm25_only,20,19,1,0,15,17,0.95,0.05,0.75,0.85
direct_mmr_rerank,bm25,7,20,shared,0,0,0,0,0,0,,,,
direct_mmr_rerank,bm25,7,20,method_only,20,5,15,0,2,2,0.25,0.75,0.1,0.1
direct_mmr_rerank,bm25,7,20,bm25_only,20,20,0,0,13,14,1,0,0.65,0.7
direct_mmr_rerank,bm25,8,20,shared,1,1,0,0,1,1,1,0,1,1
direct_mmr_rerank,bm25,8,20,method_only,19,7,12,0,2,2,0.368421052632,0.631578947368,0.105263157895,0.105263157895
direct_mmr_rerank,bm25,8,20,bm25_only,19,14,5,0,8,11,0.736842105263,0.263157894737,0.421052631579,0.578947368421
direct_mmr_rerank,bm25,9,20,shared,0,0,0,0,0,0,,,,
direct_mmr_rerank,bm25,9,20,method_only,20,2,18,0,1,1,0.1,0.9,0.05,0.05
direct_mmr_rerank,bm25,9,20,bm25_only,20,20,0,0,2,4,1,0,0.1,0.2
direct_mmr_rerank,bm25,10,20,shared,0,0,0,0,0,0,,,,
direct_mmr_rerank,bm25,10,20,method_only,20,4,16,0,0,1,0.2,0.8,0,0.05
direct_mmr_rerank,bm25,10,20,bm25_only,20,20,0,0,14,18,1,0,0.7,0.9
direct_mmr_rerank,bm25,11,20,shared,1,1,0,0,0,0,1,0,0,0
direct_mmr_rerank,bm25,11,20,method_only,19,6,13,0,1,3,0.315789473684,0.684210526316,0.0526315789474,0.157894736842
direct_mmr_rerank,bm25,11,20,bm25_only,19,17,2,0,8,10,0.894736842105,0.105263157895,0.421052631579,0.526315789474
direct_mmr_rerank,bm25,12,20,shared,0,0,0,0,0,0,,,,
direct_mmr_rerank,bm25,12,20,method_only,20,6,14,0,2,5,0.3,0.7,0.1,0.25
direct_mmr_rerank,bm25,12,20,bm25_only,20,16,4,0,3,10,0.8,0.2,0.15,0.5
direct_mmr_rerank,bm25,13,20,shared,0,0,0,0,0,0,,,,
direct_mmr_rerank,bm25,13,20,method_only,20,5,15,0,0,2,0.25,0.75,0,0.1
direct_mmr_rerank,bm25,13,20,bm25_only,20,19,1,0,7,16,0.95,0.05,0.35,0.8
direct_mmr_rerank,bm25,14,20,shared,1,1,0,0,1,1,1,0,1,1
direct_mmr_rerank,bm25,14,20,method_only,19,9,10,0,1,1,0.473684210526,0.526315789474,0.0526315789474,0.0526315789474
direct_mmr_rerank,bm25,14,20,bm25_only,19,19,0,0,10,15,1,0,0.526315789474,0.789473684211
direct_mmr_rerank,bm25,15,20,shared,4,3,1,0,0,0,0.75,0.25,0,0
direct_mmr_rerank,bm25,15,20,method_only,16,3,13,0,1,1,0.1875,0.8125,0.0625,0.0625
direct_mmr_rerank,bm25,15,20,bm25_only,16,11,5,0,2,4,0.6875,0.3125,0.125,0.25
direct_mmr_rerank,bm25,16,20,shared,1,0,1,0,0,0,0,1,0,0
direct_mmr_rerank,bm25,16,20,method_only,19,5,14,0,1,1,0.263157894737,0.736842105263,0.0526315789474,0.0526315789474
direct_mmr_rerank,bm25,16,20,bm25_only,19,17,2,0,4,6,0.894736842105,0.105263157895,0.210526315789,0.315789473684
direct_mmr_rerank,bm25,17,20,shared,0,0,0,0,0,0,,,,
direct_mmr_rerank,bm25,17,20,method_only,20,5,15,0,2,2,0.25,0.75,0.1,0.1
direct_mmr_rerank,bm25,17,20,bm25_only,20,18,2,0,7,12,0.9,0.1,0.35,0.6
direct_mmr_rerank,bm25,18,20,shared,0,0,0,0,0,0,,,,
direct_mmr_rerank,bm25,18,20,method_only,20,5,15,0,3,3,0.25,0.75,0.15,0.15
direct_mmr_rerank,bm25,18,20,bm25_only,20,20,0,0,10,15,1,0,0.5,0.75
direct_mmr_rerank,bm25,19,20,shared,0,0,0,0,0,0,,,,
direct_mmr_rerank,bm25,19,20,method_only,20,8,12,0,0,1,0.4,0.6,0,0.05
direct_mmr_rerank,bm25,19,20,bm25_only,20,20,0,0,5,14,1,0,0.25,0.7
direct_mmr_rerank,bm25,20,20,shared,1,0,1,0,0,0,0,1,0,0
direct_mmr_rerank,bm25,20,20,method_only,19,9,10,0,0,4,0.473684210526,0.526315789474,0,0.210526315789
direct_mmr_rerank,bm25,20,20,bm25_only,19,18,1,0,17,17,0.947368421053,0.0526315789474,0.894736842105,0.894736842105
direct_mmr_rerank,bm25,21,20,shared,1,1,0,0,0,0,1,0,0,0
direct_mmr_rerank,bm25,21,20,method_only,19,1,18,0,1,1,0.0526315789474,0.947368421053,0.0526315789474,0.0526315789474
direct_mmr_rerank,bm25,21,20,bm25_only,19,17,2,0,7,9,0.894736842105,0.105263157895,0.368421052632,0.473684210526
direct_mmr_rerank,bm25,22,20,shared,0,0,0,0,0,0,,,,
direct_mmr_rerank,bm25,22,20,method_only,20,3,17,0,1,1,0.15,0.85,0.05,0.05
direct_mmr_rerank,bm25,22,20,bm25_only,20,16,4,0,14,16,0.8,0.2,0.7,0.8
direct_mmr_rerank,bm25,23,20,shared,1,1,0,0,0,0,1,0,0,0
direct_mmr_rerank,bm25,23,20,method_only,19,3,16,0,1,1,0.157894736842,0.842105263158,0.0526315789474,0.0526315789474
direct_mmr_rerank,bm25,23,20,bm25_only,19,18,1,0,15,16,0.947368421053,0.0526315789474,0.789473684211,0.842105263158
direct_mmr_rerank,bm25,24,20,shared,1,1,0,0,0,0,1,0,0,0
direct_mmr_rerank,bm25,24,20,method_only,19,3,16,0,0,1,0.157894736842,0.842105263158,0,0.0526315789474
direct_mmr_rerank,bm25,24,20,bm25_only,19,17,2,0,13,15,0.894736842105,0.105263157895,0.684210526316,0.789473684211
direct_mmr_rerank,bm25,25,20,shared,0,0,0,0,0,0,,,,
direct_mmr_rerank,bm25,25,20,method_only,20,9,11,0,2,3,0.45,0.55,0.1,0.15
direct_mmr_rerank,bm25,25,20,bm25_only,20,15,5,0,3,3,0.75,0.25,0.15,0.15
direct_mmr_rerank,bm25,26,20,shared,0,0,0,0,0,0,,,,
direct_mmr_rerank,bm25,26,20,method_only,20,7,13,0,4,4,0.35,0.65,0.2,0.2
direct_mmr_rerank,bm25,26,20,bm25_only,20,17,3,0,12,12,0.85,0.15,0.6,0.6
direct_mmr_rerank,bm25,27,20,shared,2,2,0,0,2,2,1,0,1,1
direct_mmr_rerank,bm25,27,20,method_only,18,4,14,0,0,2,0.222222222222,0.777777777778,0,0.111111111111
direct_mmr_rerank,bm25,27,20,bm25_only,18,16,2,0,14,15,0.888888888889,0.111111111111,0.777777777778,0.833333333333
direct_mmr_rerank,bm25,28,20,shared,0,0,0,0,0,0,,,,
direct_mmr_rerank,bm25,28,20,method_only,20,7,13,0,4,4,0.35,0.65,0.2,0.2
direct_mmr_rerank,bm25,28,20,bm25_only,20,20,0,0,17,18,1,0,0.85,0.9
direct_mmr_rerank,bm25,29,20,shared,0,0,0,0,0,0,,,,
direct_mmr_rerank,bm25,29,20,method_only,20,11,9,0,2,5,0.55,0.45,0.1,0.25
direct_mmr_rerank,bm25,29,20,bm25_only,20,20,0,0,13,17,1,0,0.65,0.85
direct_mmr_rerank,bm25,30,20,shared,0,0,0,0,0,0,,,,
direct_mmr_rerank,bm25,30,20,method_only,20,3,17,0,2,3,0.15,0.85,0.1,0.15
direct_mmr_rerank,bm25,30,20,bm25_only,20,20,0,0,19,20,1,0,0.95,1
direct_mmr_rerank,bm25,31,20,shared,1,1,0,0,0,0,1,0,0,0
direct_mmr_rerank,bm25,31,20,method_only,19,7,12,0,0,1,0.368421052632,0.631578947368,0,0.0526315789474
direct_mmr_rerank,bm25,31,20,bm25_only,19,18,1,0,2,4,0.947368421053,0.0526315789474,0.105263157895,0.210526315789
direct_mmr_rerank,bm25,32,20,shared,4,4,0,0,1,2,1,0,0.25,0.5
direct_mmr_rerank,bm25,32,20,method_only,16,6,10,0,0,0,0.375,0.625,0,0
direct_mmr_rerank,bm25,32,20,bm25_only,16,16,0,0,5,7,1,0,0.3125,0.4375
direct_mmr_rerank,bm25,33,20,shared,0,0,0,0,0,0,,,,
direct_mmr_rerank,bm25,33,20,method_only,20,6,14,0,1,1,0.3,0.7,0.05,0.05
direct_mmr_rerank,bm25,33,20,bm25_only,20,20,0,0,8,14,1,0,0.4,0.7
direct_mmr_rerank,bm25,34,20,shared,2,0,2,0,0,0,0,1,0,0
direct_mmr_rerank,bm25,34,20,method_only,18,3,15,0,0,0,0.166666666667,0.833333333333,0,0
direct_mmr_rerank,bm25,34,20,bm25_only,18,14,4,0,5,7,0.777777777778,0.222222222222,0.277777777778,0.388888888889
direct_mmr_rerank,bm25,35,20,shared,0,0,0,0,0,0,,,,
direct_mmr_rerank,bm25,35,20,method_only,20,7,13,0,2,2,0.35,0.65,0.1,0.1
direct_mmr_rerank,bm25,35,20,bm25_only,20,20,0,0,9,9,1,0,0.45,0.45
direct_mmr_rerank,bm25,36,20,shared,0,0,0,0,0,0,,,,
direct_mmr_rerank,bm25,36,20,method_only,20,7,13,0,6,6,0.35,0.65,0.3,0.3
direct_mmr_rerank,bm25,36,20,bm25_only,20,20,0,0,18,19,1,0,0.9,0.95
direct_mmr_rerank,bm25,37,20,shared,0,0,0,0,0,0,,,,
direct_mmr_rerank,bm25,37,20,method_only,20,6,14,0,1,2,0.3,0.7,0.05,0.1
direct_mmr_rerank,bm25,37,20,bm25_only,20,20,0,0,9,16,1,0,0.45,0.8
direct_mmr_rerank,bm25,38,20,shared,0,0,0,0,0,0,,,,
direct_mmr_rerank,bm25,38,20,method_only,20,9,11,0,2,5,0.45,0.55,0.1,0.25
direct_mmr_rerank,bm25,38,20,bm25_only,20,20,0,0,11,12,1,0,0.55,0.6
direct_mmr_rerank,bm25,39,20,shared,0,0,0,0,0,0,,,,
direct_mmr_rerank,bm25,39,20,method_only,20,11,9,0,4,8,0.55,0.45,0.2,0.4
direct_mmr_rerank,bm25,39,20,bm25_only,20,20,0,0,17,20,1,0,0.85,1
direct_mmr_rerank,bm25,40,20,shared,0,0,0,0,0,0,,,,
direct_mmr_rerank,bm25,40,20,method_only,20,13,7,0,2,3,0.65,0.35,0.1,0.15
direct_mmr_rerank,bm25,40,20,bm25_only,20,20,0,0,20,20,1,0,1,1
direct_mmr_rerank,bm25,41,20,shared,2,2,0,0,0,0,1,0,0,0
direct_mmr_rerank,bm25,41,20,method_only,18,6,12,0,2,2,0.333333333333,0.666666666667,0.111111111111,0.111111111111
direct_mmr_rerank,bm25,41,20,bm25_only,18,18,0,0,15,15,1,0,0.833333333333,0.833333333333
direct_mmr_rerank,bm25,42,20,shared,1,1,0,0,0,0,1,0,0,0
direct_mmr_rerank,bm25,42,20,method_only,19,4,15,0,1,1,0.210526315789,0.789473684211,0.0526315789474,0.0526315789474
direct_mmr_rerank,bm25,42,20,bm25_only,19,19,0,0,12,15,1,0,0.631578947368,0.789473684211
direct_mmr_rerank,bm25,43,20,shared,3,3,0,0,1,2,1,0,0.333333333333,0.666666666667
direct_mmr_rerank,bm25,43,20,method_only,17,10,7,0,2,3,0.588235294118,0.411764705882,0.117647058824,0.176470588235
direct_mmr_rerank,bm25,43,20,bm25_only,17,17,0,0,12,14,1,0,0.705882352941,0.823529411765
direct_mmr_rerank,bm25,44,20,shared,1,1,0,0,0,0,1,0,0,0
direct_mmr_rerank,bm25,44,20,method_only,19,6,13,0,1,2,0.315789473684,0.684210526316,0.0526315789474,0.105263157895
direct_mmr_rerank,bm25,44,20,bm25_only,19,18,1,0,14,18,0.947368421053,0.0526315789474,0.736842105263,0.947368421053
direct_mmr_rerank,bm25,45,20,shared,0,0,0,0,0,0,,,,
direct_mmr_rerank,bm25,45,20,method_only,20,12,8,0,3,9,0.6,0.4,0.15,0.45
direct_mmr_rerank,bm25,45,20,bm25_only,20,19,1,0,11,18,0.95,0.05,0.55,0.9
direct_mmr_rerank,bm25,46,20,shared,0,0,0,0,0,0,,,,
direct_mmr_rerank,bm25,46,20,method_only,20,12,8,0,2,2,0.6,0.4,0.1,0.1
direct_mmr_rerank,bm25,46,20,bm25_only,20,20,0,0,9,14,1,0,0.45,0.7
direct_mmr_rerank,bm25,47,20,shared,1,0,1,0,0,0,0,1,0,0
direct_mmr_rerank,bm25,47,20,method_only,19,5,14,0,0,0,0.263157894737,0.736842105263,0,0
direct_mmr_rerank,bm25,47,20,bm25_only,19,14,5,0,4,6,0.736842105263,0.263157894737,0.210526315789,0.315789473684
direct_mmr_rerank,bm25,48,20,shared,0,0,0,0,0,0,,,,
direct_mmr_rerank,bm25,48,20,method_only,20,4,16,0,1,2,0.2,0.8,0.05,0.1
direct_mmr_rerank,bm25,48,20,bm25_only,20,17,3,0,15,16,0.85,0.15,0.75,0.8
direct_mmr_rerank,bm25,49,20,shared,1,1,0,0,0,0,1,0,0,0
direct_mmr_rerank,bm25,49,20,method_only,19,6,13,0,0,1,0.315789473684,0.684210526316,0,0.0526315789474
direct_mmr_rerank,bm25,49,20,bm25_only,19,18,1,0,3,7,0.947368421053,0.0526315789474,0.157894736842,0.368421052632
direct_mmr_rerank,bm25,50,20,shared,2,2,0,0,1,1,1,0,0.5,0.5
direct_mmr_rerank,bm25,50,20,method_only,18,10,8,0,1,3,0.555555555556,0.444444444444,0.0555555555556,0.166666666667
direct_mmr_rerank,bm25,50,20,bm25_only,18,18,0,0,6,14,1,0,0.333333333333,0.777777777778
direct_mmr_rerank,bm25,1,50,shared,6,2,4,0,0,1,0.333333333333,0.666666666667,0,0.166666666667
direct_mmr_rerank,bm25,1,50,method_only,44,7,37,0,1,2,0.159090909091,0.840909090909,0.0227272727273,0.0454545454545
direct_mmr_rerank,bm25,1,50,bm25_only,44,30,14,0,6,15,0.681818181818,0.318181818182,0.136363636364,0.340909090909
direct_mmr_rerank,bm25,2,50,shared,6,6,0,0,0,0,1,0,0,0
direct_mmr_rerank,bm25,2,50,method_only,44,10,34,0,1,1,0.227272727273,0.772727272727,0.0227272727273,0.0227272727273
direct_mmr_rerank,bm25,2,50,bm25_only,44,43,1,0,23,28,0.977272727273,0.0227272727273,0.522727272727,0.636363636364
direct_mmr_rerank,bm25,3,50,shared,4,0,4,0,0,0,0,1,0,0
direct_mmr_rerank,bm25,3,50,method_only,46,15,31,0,2,4,0.326086956522,0.673913043478,0.0434782608696,0.0869565217391
direct_mmr_rerank,bm25,3,50,bm25_only,46,43,3,0,12,24,0.934782608696,0.0652173913043,0.260869565217,0.521739130435
direct_mmr_rerank,bm25,4,50,shared,0,0,0,0,0,0,,,,
direct_mmr_rerank,bm25,4,50,method_only,50,10,40,0,1,3,0.2,0.8,0.02,0.06
direct_mmr_rerank,bm25,4,50,bm25_only,50,39,11,0,9,12,0.78,0.22,0.18,0.24
direct_mmr_rerank,bm25,5,50,shared,1,0,1,0,0,0,0,1,0,0
direct_mmr_rerank,bm25,5,50,method_only,49,14,35,0,4,7,0.285714285714,0.714285714286,0.0816326530612,0.142857142857
direct_mmr_rerank,bm25,5,50,bm25_only,49,41,8,0,13,32,0.836734693878,0.163265306122,0.265306122449,0.65306122449
direct_mmr_rerank,bm25,6,50,shared,8,4,4,0,2,2,0.5,0.5,0.25,0.25
direct_mmr_rerank,bm25,6,50,method_only,42,17,25,0,8,10,0.404761904762,0.595238095238,0.190476190476,0.238095238095
direct_mmr_rerank,bm25,6,50,bm25_only,42,35,7,0,26,31,0.833333333333,0.166666666667,0.619047619048,0.738095238095
direct_mmr_rerank,bm25,7,50,shared,3,2,1,0,0,1,0.666666666667,0.333333333333,0,0.333333333333
direct_mmr_rerank,bm25,7,50,method_only,47,10,37,0,3,3,0.212765957447,0.787234042553,0.063829787234,0.063829787234
direct_mmr_rerank,bm25,7,50,bm25_only,47,44,3,0,31,33,0.936170212766,0.063829787234,0.659574468085,0.702127659574
direct_mmr_rerank,bm25,8,50,shared,7,4,3,0,1,1,0.571428571429,0.428571428571,0.142857142857,0.142857142857
direct_mmr_rerank,bm25,8,50,method_only,43,13,30,0,3,4,0.302325581395,0.697674418605,0.0697674418605,0.093023255814
direct_mmr_rerank,bm25,8,50,bm25_only,43,29,14,0,15,22,0.674418604651,0.325581395349,0.348837209302,0.511627906977
direct_mmr_rerank,bm25,9,50,shared,3,3,0,0,1,1,1,0,0.333333333333,0.333333333333
direct_mmr_rerank,bm25,9,50,method_only,47,5,42,0,1,1,0.106382978723,0.893617021277,0.0212765957447,0.0212765957447
direct_mmr_rerank,bm25,9,50,bm25_only,47,45,2,0,8,16,0.957446808511,0.0425531914894,0.170212765957,0.340425531915
direct_mmr_rerank,bm25,10,50,shared,1,1,0,0,0,1,1,0,0,1
direct_mmr_rerank,bm25,10,50,method_only,49,11,38,0,2,3,0.224489795918,0.775510204082,0.0408163265306,0.0612244897959
direct_mmr_rerank,bm25,10,50,bm25_only,49,44,5,0,27,37,0.897959183673,0.102040816327,0.551020408163,0.755102040816
direct_mmr_rerank,bm25,11,50,shared,4,4,0,0,1,1,1,0,0.25,0.25
direct_mmr_rerank,bm25,11,50,method_only,46,13,33,0,1,7,0.282608695652,0.717391304348,0.0217391304348,0.152173913043
direct_mmr_rerank,bm25,11,50,bm25_only,46,39,7,0,11,18,0.847826086957,0.152173913043,0.239130434783,0.391304347826
direct_mmr_rerank,bm25,12,50,shared,2,2,0,0,0,1,1,0,0,0.5
direct_mmr_rerank,bm25,12,50,method_only,48,12,36,0,5,8,0.25,0.75,0.104166666667,0.166666666667
direct_mmr_rerank,bm25,12,50,bm25_only,48,37,11,0,5,20,0.770833333333,0.229166666667,0.104166666667,0.416666666667
direct_mmr_rerank,bm25,13,50,shared,2,2,0,0,0,1,1,0,0,0.5
direct_mmr_rerank,bm25,13,50,method_only,48,14,34,0,4,7,0.291666666667,0.708333333333,0.0833333333333,0.145833333333
direct_mmr_rerank,bm25,13,50,bm25_only,48,44,4,0,16,33,0.916666666667,0.0833333333333,0.333333333333,0.6875
direct_mmr_rerank,bm25,14,50,shared,6,6,0,0,2,2,1,0,0.333333333333,0.333333333333
direct_mmr_rerank,bm25,14,50,method_only,44,15,29,0,1,3,0.340909090909,0.659090909091,0.0227272727273,0.0681818181818
direct_mmr_rerank,bm25,14,50,bm25_only,44,44,0,0,21,38,1,0,0.477272727273,0.863636363636
direct_mmr_rerank,bm25,15,50,shared,8,6,2,0,1,2,0.75,0.25,0.125,0.25
direct_mmr_rerank,bm25,15,50,method_only,42,10,32,0,1,3,0.238095238095,0.761904761905,0.0238095238095,0.0714285714286
direct_mmr_rerank,bm25,15,50,bm25_only,42,26,16,0,2,4,0.619047619048,0.380952380952,0.047619047619,0.0952380952381
direct_mmr_rerank,bm25,16,50,shared,3,0,3,0,0,0,0,1,0,0
direct_mmr_rerank,bm25,16,50,method_only,47,15,32,0,1,2,0.31914893617,0.68085106383,0.0212765957447,0.0425531914894
direct_mmr_rerank,bm25,16,50,bm25_only,47,36,11,0,7,12,0.765957446809,0.234042553191,0.148936170213,0.255319148936
direct_mmr_rerank,bm25,17,50,shared,2,2,0,0,0,0,1,0,0,0
direct_mmr_rerank,bm25,17,50,method_only,48,11,37,0,2,3,0.229166666667,0.770833333333,0.0416666666667,0.0625
direct_mmr_rerank,bm25,17,50,bm25_only,48,41,7,0,17,34,0.854166666667,0.145833333333,0.354166666667,0.708333333333
direct_mmr_rerank,bm25,18,50,shared,0,0,0,0,0,0,,,,
direct_mmr_rerank,bm25,18,50,method_only,50,15,35,0,6,9,0.3,0.7,0.12,0.18
direct_mmr_rerank,bm25,18,50,bm25_only,50,49,1,0,27,41,0.98,0.02,0.54,0.82
direct_mmr_rerank,bm25,19,50,shared,3,3,0,0,0,1,1,0,0,0.333333333333
direct_mmr_rerank,bm25,19,50,method_only,47,16,31,0,0,1,0.340425531915,0.659574468085,0,0.0212765957447
direct_mmr_rerank,bm25,19,50,bm25_only,47,45,2,0,8,19,0.957446808511,0.0425531914894,0.170212765957,0.404255319149
direct_mmr_rerank,bm25,20,50,shared,4,2,2,0,0,1,0.5,0.5,0,0.25
direct_mmr_rerank,bm25,20,50,method_only,46,15,31,0,2,10,0.326086956522,0.673913043478,0.0434782608696,0.217391304348
direct_mmr_rerank,bm25,20,50,bm25_only,46,43,3,0,29,33,0.934782608696,0.0652173913043,0.630434782609,0.717391304348
direct_mmr_rerank,bm25,21,50,shared,3,3,0,0,0,0,1,0,0,0
direct_mmr_rerank,bm25,21,50,method_only,47,7,40,0,2,2,0.148936170213,0.851063829787,0.0425531914894,0.0425531914894
direct_mmr_rerank,bm25,21,50,bm25_only,47,43,4,0,24,26,0.914893617021,0.0851063829787,0.510638297872,0.553191489362
direct_mmr_rerank,bm25,22,50,shared,4,2,2,0,0,0,0.5,0.5,0,0
direct_mmr_rerank,bm25,22,50,method_only,46,10,36,0,2,6,0.217391304348,0.782608695652,0.0434782608696,0.130434782609
direct_mmr_rerank,bm25,22,50,bm25_only,46,35,11,0,27,33,0.760869565217,0.239130434783,0.586956521739,0.717391304348
direct_mmr_rerank,bm25,23,50,shared,4,1,3,0,0,0,0.25,0.75,0,0
direct_mmr_rerank,bm25,23,50,method_only,46,6,40,0,3,3,0.130434782609,0.869565217391,0.0652173913043,0.0652173913043
direct_mmr_rerank,bm25,23,50,bm25_only,46,41,5,0,26,34,0.891304347826,0.108695652174,0.565217391304,0.739130434783
direct_mmr_rerank,bm25,24,50,shared,3,3,0,0,0,0,1,0,0,0
direct_mmr_rerank,bm25,24,50,method_only,47,12,35,0,2,6,0.255319148936,0.744680851064,0.0425531914894,0.127659574468
direct_mmr_rerank,bm25,24,50,bm25_only,47,43,4,0,34,40,0.914893617021,0.0851063829787,0.723404255319,0.851063829787
direct_mmr_rerank,bm25,25,50,shared,2,2,0,0,1,1,1,0,0.5,0.5
direct_mmr_rerank,bm25,25,50,method_only,48,19,29,0,5,8,0.395833333333,0.604166666667,0.104166666667,0.166666666667
direct_mmr_rerank,bm25,25,50,bm25_only,48,29,19,0,5,7,0.604166666667,0.395833333333,0.104166666667,0.145833333333
direct_mmr_rerank,bm25,26,50,shared,2,2,0,0,1,1,1,0,0.5,0.5
direct_mmr_rerank,bm25,26,50,method_only,48,15,33,0,11,11,0.3125,0.6875,0.229166666667,0.229166666667
direct_mmr_rerank,bm25,26,50,bm25_only,48,33,15,0,23,25,0.6875,0.3125,0.479166666667,0.520833333333
direct_mmr_rerank,bm25,27,50,shared,2,2,0,0,2,2,1,0,1,1
direct_mmr_rerank,bm25,27,50,method_only,48,11,37,0,3,8,0.229166666667,0.770833333333,0.0625,0.166666666667
direct_mmr_rerank,bm25,27,50,bm25_only,48,44,4,0,33,42,0.916666666667,0.0833333333333,0.6875,0.875
direct_mmr_rerank,bm25,28,50,shared,0,0,0,0,0,0,,,,
direct_mmr_rerank,bm25,28,50,method_only,50,13,37,0,8,9,0.26,0.74,0.16,0.18
direct_mmr_rerank,bm25,28,50,bm25_only,50,46,4,0,39,40,0.92,0.08,0.78,0.8
direct_mmr_rerank,bm25,29,50,shared,4,4,0,0,1,2,1,0,0.25,0.5
direct_mmr_rerank,bm25,29,50,method_only,46,20,26,0,5,9,0.434782608696,0.565217391304,0.108695652174,0.195652173913
direct_mmr_rerank,bm25,29,50,bm25_only,46,46,0,0,26,38,1,0,0.565217391304,0.826086956522
direct_mmr_rerank,bm25,30,50,shared,1,1,0,0,0,1,1,0,0,1
direct_mmr_rerank,bm25,30,50,method_only,49,11,38,0,6,8,0.224489795918,0.775510204082,0.122448979592,0.163265306122
direct_mmr_rerank,bm25,30,50,bm25_only,49,47,2,0,38,47,0.959183673469,0.0408163265306,0.775510204082,0.959183673469
direct_mmr_rerank,bm25,31,50,shared,6,5,1,0,0,1,0.833333333333,0.166666666667,0,0.166666666667
direct_mmr_rerank,bm25,31,50,method_only,44,12,32,0,0,0,0.272727272727,0.727272727273,0,0
direct_mmr_rerank,bm25,31,50,bm25_only,44,44,0,0,4,9,1,0,0.0909090909091,0.204545454545
direct_mmr_rerank,bm25,32,50,shared,10,10,0,0,2,3,1,0,0.2,0.3
direct_mmr_rerank,bm25,32,50,method_only,40,3,37,0,0,0,0.075,0.925,0,0
direct_mmr_rerank,bm25,32,50,bm25_only,40,40,0,0,10,13,1,0,0.25,0.325
direct_mmr_rerank,bm25,33,50,shared,3,3,0,0,0,0,1,0,0,0
direct_mmr_rerank,bm25,33,50,method_only,47,15,32,0,1,2,0.31914893617,0.68085106383,0.0212765957447,0.0425531914894
direct_mmr_rerank,bm25,33,50,bm25_only,47,44,3,0,21,31,0.936170212766,0.063829787234,0.446808510638,0.659574468085
direct_mmr_rerank,bm25,34,50,shared,4,1,3,0,0,0,0.25,0.75,0,0
direct_mmr_rerank,bm25,34,50,method_only,46,11,35,0,2,2,0.239130434783,0.760869565217,0.0434782608696,0.0434782608696
direct_mmr_rerank,bm25,34,50,bm25_only,46,22,24,0,6,9,0.478260869565,0.521739130435,0.130434782609,0.195652173913
direct_mmr_rerank,bm25,35,50,shared,4,3,1,0,0,0,0.75,0.25,0,0
direct_mmr_rerank,bm25,35,50,method_only,46,12,34,0,2,3,0.260869565217,0.739130434783,0.0434782608696,0.0652173913043
direct_mmr_rerank,bm25,35,50,bm25_only,46,43,3,0,23,25,0.934782608696,0.0652173913043,0.5,0.54347826087
direct_mmr_rerank,bm25,36,50,shared,1,1,0,0,0,1,1,0,0,1
direct_mmr_rerank,bm25,36,50,method_only,49,20,29,0,11,13,0.408163265306,0.591836734694,0.224489795918,0.265306122449
direct_mmr_rerank,bm25,36,50,bm25_only,49,49,0,0,42,44,1,0,0.857142857143,0.897959183673
direct_mmr_rerank,bm25,37,50,shared,0,0,0,0,0,0,,,,
direct_mmr_rerank,bm25,37,50,method_only,50,21,29,0,6,8,0.42,0.58,0.12,0.16
direct_mmr_rerank,bm25,37,50,bm25_only,50,50,0,0,25,42,1,0,0.5,0.84
direct_mmr_rerank,bm25,38,50,shared,9,8,1,0,1,1,0.888888888889,0.111111111111,0.111111111111,0.111111111111
direct_mmr_rerank,bm25,38,50,method_only,41,22,19,0,2,13,0.536585365854,0.463414634146,0.0487804878049,0.317073170732
direct_mmr_rerank,bm25,38,50,bm25_only,41,37,4,0,17,26,0.90243902439,0.0975609756098,0.414634146341,0.634146341463
direct_mmr_rerank,bm25,39,50,shared,1,1,0,0,1,1,1,0,1,1
direct_mmr_rerank,bm25,39,50,method_only,49,21,28,0,8,15,0.428571428571,0.571428571429,0.163265306122,0.30612244898
direct_mmr_rerank,bm25,39,50,bm25_only,49,49,0,0,37,48,1,0,0.755102040816,0.979591836735
direct_mmr_rerank,bm25,40,50,shared,1,1,0,0,1,1,1,0,1,1
direct_mmr_rerank,bm25,40,50,method_only,49,27,22,0,7,10,0.551020408163,0.448979591837,0.142857142857,0.204081632653
direct_mmr_rerank,bm25,40,50,bm25_only,49,49,0,0,45,49,1,0,0.918367346939,1
direct_mmr_rerank,bm25,41,50,shared,3,3,0,0,0,0,1,0,0,0
direct_mmr_rerank,bm25,41,50,method_only,47,15,32,0,4,4,0.31914893617,0.68085106383,0.0851063829787,0.0851063829787
direct_mmr_rerank,bm25,41,50,bm25_only,47,45,2,0,31,35,0.957446808511,0.0425531914894,0.659574468085,0.744680851064
direct_mmr_rerank,bm25,42,50,shared,1,1,0,0,0,0,1,0,0,0
direct_mmr_rerank,bm25,42,50,method_only,49,12,37,0,2,2,0.244897959184,0.755102040816,0.0408163265306,0.0408163265306
direct_mmr_rerank,bm25,42,50,bm25_only,49,49,0,0,34,38,1,0,0.69387755102,0.775510204082
direct_mmr_rerank,bm25,43,50,shared,9,9,0,0,4,5,1,0,0.444444444444,0.555555555556
direct_mmr_rerank,bm25,43,50,method_only,41,24,17,0,8,10,0.585365853659,0.414634146341,0.19512195122,0.243902439024
direct_mmr_rerank,bm25,43,50,bm25_only,41,41,0,0,33,36,1,0,0.80487804878,0.878048780488
direct_mmr_rerank,bm25,44,50,shared,2,2,0,0,0,1,1,0,0,0.5
direct_mmr_rerank,bm25,44,50,method_only,48,13,35,0,4,5,0.270833333333,0.729166666667,0.0833333333333,0.104166666667
direct_mmr_rerank,bm25,44,50,bm25_only,48,43,5,0,29,34,0.895833333333,0.104166666667,0.604166666667,0.708333333333
direct_mmr_rerank,bm25,45,50,shared,6,5,1,0,0,3,0.833333333333,0.166666666667,0,0.5
direct_mmr_rerank,bm25,45,50,method_only,44,20,24,0,5,12,0.454545454545,0.545454545455,0.113636363636,0.272727272727
direct_mmr_rerank,bm25,45,50,bm25_only,44,41,3,0,19,37,0.931818181818,0.0681818181818,0.431818181818,0.840909090909
direct_mmr_rerank,bm25,46,50,shared,9,9,0,0,2,2,1,0,0.222222222222,0.222222222222
direct_mmr_rerank,bm25,46,50,method_only,41,9,32,0,1,1,0.219512195122,0.780487804878,0.0243902439024,0.0243902439024
direct_mmr_rerank,bm25,46,50,bm25_only,41,41,0,0,20,28,1,0,0.487804878049,0.682926829268
direct_mmr_rerank,bm25,47,50,shared,9,3,6,0,0,0,0.333333333333,0.666666666667,0,0
direct_mmr_rerank,bm25,47,50,method_only,41,11,30,0,0,1,0.268292682927,0.731707317073,0,0.0243902439024
direct_mmr_rerank,bm25,47,50,bm25_only,41,27,14,0,13,17,0.658536585366,0.341463414634,0.317073170732,0.414634146341
direct_mmr_rerank,bm25,48,50,shared,2,1,1,0,0,1,0.5,0.5,0,0.5
direct_mmr_rerank,bm25,48,50,method_only,48,11,37,0,3,8,0.229166666667,0.770833333333,0.0625,0.166666666667
direct_mmr_rerank,bm25,48,50,bm25_only,48,27,21,0,20,25,0.5625,0.4375,0.416666666667,0.520833333333
direct_mmr_rerank,bm25,49,50,shared,3,3,0,0,0,0,1,0,0,0
direct_mmr_rerank,bm25,49,50,method_only,47,13,34,0,3,4,0.276595744681,0.723404255319,0.063829787234,0.0851063829787
direct_mmr_rerank,bm25,49,50,bm25_only,47,43,4,0,5,13,0.914893617021,0.0851063829787,0.106382978723,0.276595744681
direct_mmr_rerank,bm25,50,50,shared,6,5,1,0,1,1,0.833333333333,0.166666666667,0.166666666667,0.166666666667
direct_mmr_rerank,bm25,50,50,method_only,44,20,24,0,1,3,0.454545454545,0.545454545455,0.0227272727273,0.0681818181818
direct_mmr_rerank,bm25,50,50,bm25_only,44,35,9,0,7,16,0.795454545455,0.204545454545,0.159090909091,0.363636363636
direct_mmr_rerank,bm25,1,100,shared,15,6,9,0,0,3,0.4,0.6,0,0.2
direct_mmr_rerank,bm25,1,100,method_only,85,14,71,0,1,4,0.164705882353,0.835294117647,0.0117647058824,0.0470588235294
direct_mmr_rerank,bm25,1,100,bm25_only,85,48,37,0,14,28,0.564705882353,0.435294117647,0.164705882353,0.329411764706
direct_mmr_rerank,bm25,2,100,shared,20,13,7,0,0,2,0.65,0.35,0,0.1
direct_mmr_rerank,bm25,2,100,method_only,80,16,64,0,2,4,0.2,0.8,0.025,0.05
direct_mmr_rerank,bm25,2,100,bm25_only,80,65,15,0,37,41,0.8125,0.1875,0.4625,0.5125
direct_mmr_rerank,bm25,3,100,shared,15,6,9,0,2,3,0.4,0.6,0.133333333333,0.2
direct_mmr_rerank,bm25,3,100,method_only,85,24,61,0,3,9,0.282352941176,0.717647058824,0.0352941176471,0.105882352941
direct_mmr_rerank,bm25,3,100,bm25_only,85,72,13,0,26,45,0.847058823529,0.152941176471,0.305882352941,0.529411764706
direct_mmr_rerank,bm25,4,100,shared,13,5,8,0,2,3,0.384615384615,0.615384615385,0.153846153846,0.230769230769
direct_mmr_rerank,bm25,4,100,method_only,87,18,69,0,3,7,0.206896551724,0.793103448276,0.0344827586207,0.0804597701149
direct_mmr_rerank,bm25,4,100,bm25_only,87,64,23,0,16,23,0.735632183908,0.264367816092,0.183908045977,0.264367816092
direct_mmr_rerank,bm25,5,100,shared,3,1,2,0,0,1,0.333333333333,0.666666666667,0,0.333333333333
direct_mmr_rerank,bm25,5,100,method_only,97,28,69,0,9,17,0.288659793814,0.711340206186,0.0927835051546,0.175257731959
direct_mmr_rerank,bm25,5,100,bm25_only,97,70,27,0,27,55,0.721649484536,0.278350515464,0.278350515464,0.567010309278
direct_mmr_rerank,bm25,6,100,shared,13,7,6,0,4,5,0.538461538462,0.461538461538,0.307692307692,0.384615384615
direct_mmr_rerank,bm25,6,100,method_only,87,33,54,0,19,23,0.379310344828,0.620689655172,0.218390804598,0.264367816092
direct_mmr_rerank,bm25,6,100,bm25_only,87,60,27,0,48,55,0.689655172414,0.310344827586,0.551724137931,0.632183908046
direct_mmr_rerank,bm25,7,100,shared,14,12,2,0,3,4,0.857142857143,0.142857142857,0.214285714286,0.285714285714
direct_mmr_rerank,bm25,7,100,method_only,86,26,60,0,12,12,0.302325581395,0.697674418605,0.139534883721,0.139534883721
direct_mmr_rerank,bm25,7,100,bm25_only,86,76,10,0,49,53,0.883720930233,0.116279069767,0.56976744186,0.616279069767
direct_mmr_rerank,bm25,8,100,shared,19,8,11,0,2,3,0.421052631579,0.578947368421,0.105263157895,0.157894736842
direct_mmr_rerank,bm25,8,100,method_only,81,18,63,0,6,9,0.222222222222,0.777777777778,0.0740740740741,0.111111111111
direct_mmr_rerank,bm25,8,100,bm25_only,81,53,28,0,27,40,0.654320987654,0.345679012346,0.333333333333,0.493827160494
direct_mmr_rerank,bm25,9,100,shared,13,9,4,0,2,2,0.692307692308,0.307692307692,0.153846153846,0.153846153846
direct_mmr_rerank,bm25,9,100,method_only,87,13,74,0,2,3,0.149425287356,0.850574712644,0.0229885057471,0.0344827586207
direct_mmr_rerank,bm25,9,100,bm25_only,87,79,8,0,15,28,0.908045977011,0.0919540229885,0.172413793103,0.32183908046
direct_mmr_rerank,bm25,10,100,shared,7,4,3,0,1,2,0.571428571429,0.428571428571,0.142857142857,0.285714285714
direct_mmr_rerank,bm25,10,100,method_only,93,28,65,0,7,10,0.301075268817,0.698924731183,0.0752688172043,0.10752688172
direct_mmr_rerank,bm25,10,100,bm25_only,93,85,8,0,41,68,0.913978494624,0.0860215053763,0.440860215054,0.731182795699
direct_mmr_rerank,bm25,11,100,shared,12,10,2,0,1,2,0.833333333333,0.166666666667,0.0833333333333,0.166666666667
direct_mmr_rerank,bm25,11,100,method_only,88,25,63,0,5,13,0.284090909091,0.715909090909,0.0568181818182,0.147727272727
direct_mmr_rerank,bm25,11,100,bm25_only,88,75,13,0,19,32,0.852272727273,0.147727272727,0.215909090909,0.363636363636
direct_mmr_rerank,bm25,12,100,shared,14,7,7,0,1,6,0.5,0.5,0.0714285714286,0.428571428571
direct_mmr_rerank,bm25,12,100,method_only,86,20,66,0,6,12,0.232558139535,0.767441860465,0.0697674418605,0.139534883721
direct_mmr_rerank,bm25,12,100,bm25_only,86,71,15,0,12,37,0.825581395349,0.174418604651,0.139534883721,0.43023255814
direct_mmr_rerank,bm25,13,100,shared,7,5,2,0,1,2,0.714285714286,0.285714285714,0.142857142857,0.285714285714
direct_mmr_rerank,bm25,13,100,method_only,93,25,68,0,4,14,0.268817204301,0.731182795699,0.0430107526882,0.150537634409
direct_mmr_rerank,bm25,13,100,bm25_only,93,72,21,0,27,56,0.774193548387,0.225806451613,0.290322580645,0.602150537634
direct_mmr_rerank,bm25,14,100,shared,18,18,0,0,5,9,1,0,0.277777777778,0.5
direct_mmr_rerank,bm25,14,100,method_only,82,18,64,0,1,4,0.219512195122,0.780487804878,0.0121951219512,0.0487804878049
direct_mmr_rerank,bm25,14,100,bm25_only,82,78,4,0,30,56,0.951219512195,0.0487804878049,0.365853658537,0.682926829268
direct_mmr_rerank,bm25,15,100,shared,15,7,8,0,1,2,0.466666666667,0.533333333333,0.0666666666667,0.133333333333
direct_mmr_rerank,bm25,15,100,method_only,85,21,64,0,1,5,0.247058823529,0.752941176471,0.0117647058824,0.0588235294118
direct_mmr_rerank,bm25,15,100,bm25_only,85,42,43,0,3,5,0.494117647059,0.505882352941,0.0352941176471,0.0588235294118
direct_mmr_rerank,bm25,16,100,shared,14,9,5,0,1,1,0.642857142857,0.357142857143,0.0714285714286,0.0714285714286
direct_mmr_rerank,bm25,16,100,method_only,86,26,60,0,4,9,0.302325581395,0.697674418605,0.046511627907,0.104651162791
direct_mmr_rerank,bm25,16,100,bm25_only,86,53,33,0,9,17,0.616279069767,0.383720930233,0.104651162791,0.197674418605
direct_mmr_rerank,bm25,17,100,shared,8,7,1,0,1,1,0.875,0.125,0.125,0.125
direct_mmr_rerank,bm25,17,100,method_only,92,17,75,0,3,7,0.184782608696,0.815217391304,0.0326086956522,0.0760869565217
direct_mmr_rerank,bm25,17,100,bm25_only,92,71,21,0,26,56,0.771739130435,0.228260869565,0.282608695652,0.608695652174
direct_mmr_rerank,bm25,18,100,shared,5,5,0,0,2,4,1,0,0.4,0.8
direct_mmr_rerank,bm25,18,100,method_only,95,29,66,0,13,20,0.305263157895,0.694736842105,0.136842105263,0.210526315789
direct_mmr_rerank,bm25,18,100,bm25_only,95,83,12,0,45,71,0.873684210526,0.126315789474,0.473684210526,0.747368421053
direct_mmr_rerank,bm25,19,100,shared,16,11,5,0,1,4,0.6875,0.3125,0.0625,0.25
direct_mmr_rerank,bm25,19,100,method_only,84,26,58,0,0,3,0.309523809524,0.690476190476,0,0.0357142857143
direct_mmr_rerank,bm25,19,100,bm25_only,84,72,12,0,9,22,0.857142857143,0.142857142857,0.107142857143,0.261904761905
direct_mmr_rerank,bm25,20,100,shared,8,5,3,0,1,2,0.625,0.375,0.125,0.25
direct_mmr_rerank,bm25,20,100,method_only,92,32,60,0,12,24,0.347826086957,0.652173913043,0.130434782609,0.260869565217
direct_mmr_rerank,bm25,20,100,bm25_only,92,85,7,0,59,68,0.923913043478,0.0760869565217,0.641304347826,0.739130434783
direct_mmr_rerank,bm25,21,100,shared,13,9,4,0,1,1,0.692307692308,0.307692307692,0.0769230769231,0.0769230769231
direct_mmr_rerank,bm25,21,100,method_only,87,17,70,0,6,7,0.195402298851,0.804597701149,0.0689655172414,0.0804597701149
direct_mmr_rerank,bm25,21,100,bm25_only,87,70,17,0,41,44,0.804597701149,0.195402298851,0.471264367816,0.505747126437
direct_mmr_rerank,bm25,22,100,shared,15,7,8,0,2,3,0.466666666667,0.533333333333,0.133333333333,0.2
direct_mmr_rerank,bm25,22,100,method_only,85,16,69,0,4,10,0.188235294118,0.811764705882,0.0470588235294,0.117647058824
direct_mmr_rerank,bm25,22,100,bm25_only,85,66,19,0,47,59,0.776470588235,0.223529411765,0.552941176471,0.694117647059
direct_mmr_rerank,bm25,23,100,shared,10,4,6,0,0,0,0.4,0.6,0,0
direct_mmr_rerank,bm25,23,100,method_only,90,11,79,0,4,6,0.122222222222,0.877777777778,0.0444444444444,0.0666666666667
direct_mmr_rerank,bm25,23,100,bm25_only,90,64,26,0,40,52,0.711111111111,0.288888888889,0.444444444444,0.577777777778
direct_mmr_rerank,bm25,24,100,shared,11,8,3,0,2,3,0.727272727273,0.272727272727,0.181818181818,0.272727272727
direct_mmr_rerank,bm25,24,100,method_only,89,23,66,0,4,8,0.258426966292,0.741573033708,0.0449438202247,0.0898876404494
direct_mmr_rerank,bm25,24,100,bm25_only,89,76,13,0,57,67,0.85393258427,0.14606741573,0.640449438202,0.752808988764
direct_mmr_rerank,bm25,25,100,shared,8,7,1,0,3,3,0.875,0.125,0.375,0.375
direct_mmr_rerank,bm25,25,100,method_only,92,35,57,0,10,15,0.380434782609,0.619565217391,0.108695652174,0.163043478261
direct_mmr_rerank,bm25,25,100,bm25_only,92,59,33,0,11,14,0.641304347826,0.358695652174,0.119565217391,0.152173913043
direct_mmr_rerank,bm25,26,100,shared,8,3,5,0,1,1,0.375,0.625,0.125,0.125
direct_mmr_rerank,bm25,26,100,method_only,92,22,70,0,17,17,0.239130434783,0.760869565217,0.184782608696,0.184782608696
direct_mmr_rerank,bm25,26,100,bm25_only,92,59,33,0,39,43,0.641304347826,0.358695652174,0.423913043478,0.467391304348
direct_mmr_rerank,bm25,27,100,shared,7,6,1,0,6,6,0.857142857143,0.142857142857,0.857142857143,0.857142857143
direct_mmr_rerank,bm25,27,100,method_only,93,22,71,0,9,16,0.236559139785,0.763440860215,0.0967741935484,0.172043010753
direct_mmr_rerank,bm25,27,100,bm25_only,93,84,9,0,56,81,0.903225806452,0.0967741935484,0.602150537634,0.870967741935
direct_mmr_rerank,bm25,28,100,shared,4,2,2,0,0,0,0.5,0.5,0,0
direct_mmr_rerank,bm25,28,100,method_only,96,27,69,0,17,22,0.28125,0.71875,0.177083333333,0.229166666667
direct_mmr_rerank,bm25,28,100,bm25_only,96,82,14,0,71,74,0.854166666667,0.145833333333,0.739583333333,0.770833333333
direct_mmr_rerank,bm25,29,100,shared,7,6,1,0,3,4,0.857142857143,0.142857142857,0.428571428571,0.571428571429
direct_mmr_rerank,bm25,29,100,method_only,93,36,57,0,10,23,0.387096774194,0.612903225806,0.10752688172,0.247311827957
direct_mmr_rerank,bm25,29,100,bm25_only,93,90,3,0,43,60,0.967741935484,0.0322580645161,0.462365591398,0.645161290323
direct_mmr_rerank,bm25,30,100,shared,9,8,1,0,3,6,0.888888888889,0.111111111111,0.333333333333,0.666666666667
direct_mmr_rerank,bm25,30,100,method_only,91,17,74,0,11,13,0.186813186813,0.813186813187,0.120879120879,0.142857142857
direct_mmr_rerank,bm25,30,100,bm25_only,91,86,5,0,65,81,0.945054945055,0.0549450549451,0.714285714286,0.89010989011
direct_mmr_rerank,bm25,31,100,shared,16,15,1,0,0,1,0.9375,0.0625,0,0.0625
direct_mmr_rerank,bm25,31,100,method_only,84,22,62,0,3,5,0.261904761905,0.738095238095,0.0357142857143,0.0595238095238
direct_mmr_rerank,bm25,31,100,bm25_only,84,83,1,0,12,20,0.988095238095,0.0119047619048,0.142857142857,0.238095238095
direct_mmr_rerank,bm25,32,100,shared,15,14,1,0,4,5,0.933333333333,0.0666666666667,0.266666666667,0.333333333333
direct_mmr_rerank,bm25,32,100,method_only,85,5,80,0,1,2,0.0588235294118,0.941176470588,0.0117647058824,0.0235294117647
direct_mmr_rerank,bm25,32,100,bm25_only,85,64,21,0,9,12,0.752941176471,0.247058823529,0.105882352941,0.141176470588
direct_mmr_rerank,bm25,33,100,shared,9,5,4,0,0,0,0.555555555556,0.444444444444,0,0
direct_mmr_rerank,bm25,33,100,method_only,91,27,64,0,4,7,0.296703296703,0.703296703297,0.043956043956,0.0769230769231
direct_mmr_rerank,bm25,33,100,bm25_only,91,79,12,0,30,44,0.868131868132,0.131868131868,0.32967032967,0.483516483516
direct_mmr_rerank,bm25,34,100,shared,18,6,12,0,1,1,0.333333333333,0.666666666667,0.0555555555556,0.0555555555556
direct_mmr_rerank,bm25,34,100,method_only,82,15,67,0,5,6,0.182926829268,0.817073170732,0.0609756097561,0.0731707317073
direct_mmr_rerank,bm25,34,100,bm25_only,82,43,39,0,8,15,0.524390243902,0.475609756098,0.0975609756098,0.182926829268
direct_mmr_rerank,bm25,35,100,shared,12,7,5,0,1,1,0.583333333333,0.416666666667,0.0833333333333,0.0833333333333
direct_mmr_rerank,bm25,35,100,method_only,88,25,63,0,6,8,0.284090909091,0.715909090909,0.0681818181818,0.0909090909091
direct_mmr_rerank,bm25,35,100,bm25_only,88,77,11,0,42,44,0.875,0.125,0.477272727273,0.5
direct_mmr_rerank,bm25,36,100,shared,7,7,0,0,5,6,1,0,0.714285714286,0.857142857143
direct_mmr_rerank,bm25,36,100,method_only,93,44,49,0,30,33,0.47311827957,0.52688172043,0.322580645161,0.354838709677
direct_mmr_rerank,bm25,36,100,bm25_only,93,91,2,0,73,79,0.978494623656,0.0215053763441,0.784946236559,0.849462365591
direct_mmr_rerank,bm25,37,100,shared,6,6,0,0,3,4,1,0,0.5,0.666666666667
direct_mmr_rerank,bm25,37,100,method_only,94,40,54,0,14,17,0.425531914894,0.574468085106,0.148936170213,0.18085106383
direct_mmr_rerank,bm25,37,100,bm25_only,94,93,1,0,46,69,0.989361702128,0.0106382978723,0.489361702128,0.734042553191
direct_mmr_rerank,bm25,38,100,shared,22,18,4,0,4,5,0.818181818182,0.181818181818,0.181818181818,0.227272727273
direct_mmr_rerank,bm25,38,100,method_only,78,39,39,0,11,28,0.5,0.5,0.141025641026,0.358974358974
direct_mmr_rerank,bm25,38,100,bm25_only,78,67,11,0,32,50,0.858974358974,0.141025641026,0.410256410256,0.641025641026
direct_mmr_rerank,bm25,39,100,shared,6,6,0,0,1,5,1,0,0.166666666667,0.833333333333
direct_mmr_rerank,bm25,39,100,method_only,94,51,43,0,25,45,0.542553191489,0.457446808511,0.265957446809,0.478723404255
direct_mmr_rerank,bm25,39,100,bm25_only,94,94,0,0,63,92,1,0,0.670212765957,0.978723404255
direct_mmr_rerank,bm25,40,100,shared,6,6,0,0,5,6,1,0,0.833333333333,1
direct_mmr_rerank,bm25,40,100,method_only,94,48,46,0,16,22,0.510638297872,0.489361702128,0.170212765957,0.234042553191
direct_mmr_rerank,bm25,40,100,bm25_only,94,93,1,0,81,91,0.989361702128,0.0106382978723,0.86170212766,0.968085106383
direct_mmr_rerank,bm25,41,100,shared,14,13,1,0,5,5,0.928571428571,0.0714285714286,0.357142857143,0.357142857143
direct_mmr_rerank,bm25,41,100,method_only,86,24,62,0,2,3,0.279069767442,0.720930232558,0.0232558139535,0.0348837209302
direct_mmr_rerank,bm25,41,100,bm25_only,86,84,2,0,50,57,0.976744186047,0.0232558139535,0.581395348837,0.662790697674
direct_mmr_rerank,bm25,42,100,shared,9,7,2,0,2,3,0.777777777778,0.222222222222,0.222222222222,0.333333333333
direct_mmr_rerank,bm25,42,100,method_only,91,34,57,0,9,9,0.373626373626,0.626373626374,0.0989010989011,0.0989010989011
direct_mmr_rerank,bm25,42,100,bm25_only,91,88,3,0,59,66,0.967032967033,0.032967032967,0.648351648352,0.725274725275
direct_mmr_rerank,bm25,43,100,shared,22,21,1,0,10,11,0.954545454545,0.0454545454545,0.454545454545,0.5
direct_mmr_rerank,bm25,43,100,method_only,78,31,47,0,12,14,0.397435897436,0.602564102564,0.153846153846,0.179487179487
direct_mmr_rerank,bm25,43,100,bm25_only,78,78,0,0,59,67,1,0,0.75641025641,0.858974358974
direct_mmr_rerank,bm25,44,100,shared,14,11,3,0,5,8,0.785714285714,0.214285714286,0.357142857143,0.571428571429
direct_mmr_rerank,bm25,44,100,method_only,86,26,60,0,11,13,0.302325581395,0.697674418605,0.127906976744,0.151162790698
direct_mmr_rerank,bm25,44,100,bm25_only,86,77,9,0,47,59,0.895348837209,0.104651162791,0.546511627907,0.686046511628
direct_mmr_rerank,bm25,45,100,shared,9,8,1,0,0,5,0.888888888889,0.111111111111,0,0.555555555556
direct_mmr_rerank,bm25,45,100,method_only,91,37,54,0,15,26,0.406593406593,0.593406593407,0.164835164835,0.285714285714
direct_mmr_rerank,bm25,45,100,bm25_only,91,82,9,0,32,76,0.901098901099,0.0989010989011,0.351648351648,0.835164835165
direct_mmr_rerank,bm25,46,100,shared,29,25,4,0,4,5,0.862068965517,0.137931034483,0.137931034483,0.172413793103
direct_mmr_rerank,bm25,46,100,method_only,71,8,63,0,2,4,0.112676056338,0.887323943662,0.0281690140845,0.056338028169
direct_mmr_rerank,bm25,46,100,bm25_only,71,62,9,0,26,35,0.87323943662,0.12676056338,0.366197183099,0.492957746479
direct_mmr_rerank,bm25,47,100,shared,15,5,10,0,0,0,0.333333333333,0.666666666667,0,0
direct_mmr_rerank,bm25,47,100,method_only,85,29,56,0,6,11,0.341176470588,0.658823529412,0.0705882352941,0.129411764706
direct_mmr_rerank,bm25,47,100,bm25_only,85,55,30,0,25,31,0.647058823529,0.352941176471,0.294117647059,0.364705882353
direct_mmr_rerank,bm25,48,100,shared,9,4,5,0,2,3,0.444444444444,0.555555555556,0.222222222222,0.333333333333
direct_mmr_rerank,bm25,48,100,method_only,91,21,70,0,8,17,0.230769230769,0.769230769231,0.0879120879121,0.186813186813
direct_mmr_rerank,bm25,48,100,bm25_only,91,48,43,0,30,43,0.527472527473,0.472527472527,0.32967032967,0.472527472527
direct_mmr_rerank,bm25,49,100,shared,11,8,3,0,2,2,0.727272727273,0.272727272727,0.181818181818,0.181818181818
direct_mmr_rerank,bm25,49,100,method_only,89,25,64,0,4,6,0.280898876404,0.719101123596,0.0449438202247,0.0674157303371
direct_mmr_rerank,bm25,49,100,bm25_only,89,69,20,0,5,18,0.775280898876,0.224719101124,0.0561797752809,0.202247191011
direct_mmr_rerank,bm25,50,100,shared,16,12,4,0,2,2,0.75,0.25,0.125,0.125
direct_mmr_rerank,bm25,50,100,method_only,84,32,52,0,2,6,0.380952380952,0.619047619048,0.0238095238095,0.0714285714286
direct_mmr_rerank,bm25,50,100,bm25_only,84,64,20,0,10,29,0.761904761905,0.238095238095,0.119047619048,0.345238095238
direct_mmr_rerank,bm25,1,1000,shared,754,311,443,0,77,164,0.412466843501,0.587533156499,0.102122015915,0.2175066313
direct_mmr_rerank,bm25,1,1000,method_only,246,30,216,0,6,20,0.121951219512,0.878048780488,0.0243902439024,0.0813008130081
direct_mmr_rerank,bm25,1,1000,bm25_only,246,16,230,0,0,1,0.0650406504065,0.934959349593,0,0.00406504065041
direct_mmr_rerank,bm25,2,1000,shared,449,179,270,0,73,93,0.398663697105,0.601336302895,0.162583518931,0.207126948775
direct_mmr_rerank,bm25,2,1000,method_only,551,60,491,0,30,32,0.10889292196,0.89110707804,0.05444646098,0.0580762250454
direct_mmr_rerank,bm25,2,1000,bm25_only,551,24,527,0,0,1,0.043557168784,0.956442831216,0,0.00181488203267
direct_mmr_rerank,bm25,3,1000,shared,767,365,402,0,92,207,0.475880052151,0.524119947849,0.119947848761,0.269882659713
direct_mmr_rerank,bm25,3,1000,method_only,233,55,178,0,23,49,0.236051502146,0.763948497854,0.0987124463519,0.210300429185
direct_mmr_rerank,bm25,3,1000,bm25_only,233,37,196,0,0,9,0.158798283262,0.841201716738,0,0.0386266094421
direct_mmr_rerank,bm25,4,1000,shared,797,278,519,0,64,132,0.348808030113,0.651191969887,0.0803011292346,0.165621079046
direct_mmr_rerank,bm25,4,1000,method_only,203,49,154,0,27,38,0.241379310345,0.758620689655,0.133004926108,0.187192118227
direct_mmr_rerank,bm25,4,1000,bm25_only,203,16,187,0,0,1,0.0788177339901,0.92118226601,0,0.00492610837438
direct_mmr_rerank,bm25,5,1000,shared,765,374,391,0,133,252,0.488888888889,0.511111111111,0.17385620915,0.329411764706
direct_mmr_rerank,bm25,5,1000,method_only,235,51,184,0,16,31,0.217021276596,0.782978723404,0.068085106383,0.131914893617
direct_mmr_rerank,bm25,5,1000,bm25_only,235,47,188,0,5,19,0.2,0.8,0.0212765957447,0.0808510638298
direct_mmr_rerank,bm25,6,1000,shared,657,339,318,0,237,291,0.51598173516,0.48401826484,0.360730593607,0.442922374429
direct_mmr_rerank,bm25,6,1000,method_only,343,96,247,0,65,90,0.279883381924,0.720116618076,0.189504373178,0.262390670554
direct_mmr_rerank,bm25,6,1000,bm25_only,343,39,304,0,12,18,0.113702623907,0.886297376093,0.0349854227405,0.0524781341108
direct_mmr_rerank,bm25,7,1000,shared,775,465,310,0,294,309,0.6,0.4,0.37935483871,0.398709677419
direct_mmr_rerank,bm25,7,1000,method_only,225,80,145,0,51,55,0.355555555556,0.644444444444,0.226666666667,0.244444444444
direct_mmr_rerank,bm25,7,1000,bm25_only,225,38,187,0,2,4,0.168888888889,0.831111111111,0.00888888888889,0.0177777777778
direct_mmr_rerank,bm25,8,1000,shared,594,229,365,0,81,153,0.385521885522,0.614478114478,0.136363636364,0.257575757576
direct_mmr_rerank,bm25,8,1000,method_only,406,94,312,0,52,84,0.231527093596,0.768472906404,0.128078817734,0.206896551724
direct_mmr_rerank,bm25,8,1000,bm25_only,406,35,371,0,0,3,0.0862068965517,0.913793103448,0,0.00738916256158
direct_mmr_rerank,bm25,9,1000,shared,752,272,480,0,58,108,0.36170212766,0.63829787234,0.0771276595745,0.143617021277
direct_mmr_rerank,bm25,9,1000,method_only,248,24,224,0,5,9,0.0967741935484,0.903225806452,0.0201612903226,0.0362903225806
direct_mmr_rerank,bm25,9,1000,bm25_only,248,20,228,0,1,2,0.0806451612903,0.91935483871,0.00403225806452,0.00806451612903
direct_mmr_rerank,bm25,10,1000,shared,791,403,388,0,160,264,0.509481668774,0.490518331226,0.202275600506,0.333754740834
direct_mmr_rerank,bm25,10,1000,method_only,209,65,144,0,28,49,0.311004784689,0.688995215311,0.133971291866,0.234449760766
direct_mmr_rerank,bm25,10,1000,bm25_only,209,27,182,0,2,7,0.129186602871,0.870813397129,0.00956937799043,0.0334928229665
direct_mmr_rerank,bm25,11,1000,shared,800,336,464,0,72,133,0.42,0.58,0.09,0.16625
direct_mmr_rerank,bm25,11,1000,method_only,200,30,170,0,0,3,0.15,0.85,0,0.015
direct_mmr_rerank,bm25,11,1000,bm25_only,200,31,169,0,6,10,0.155,0.845,0.03,0.05
direct_mmr_rerank,bm25,12,1000,shared,729,295,434,0,62,152,0.404663923182,0.595336076818,0.0850480109739,0.208504801097
direct_mmr_rerank,bm25,12,1000,method_only,271,55,216,0,19,33,0.20295202952,0.79704797048,0.070110701107,0.121771217712
direct_mmr_rerank,bm25,12,1000,bm25_only,271,32,239,0,6,14,0.118081180812,0.881918819188,0.0221402214022,0.0516605166052
direct_mmr_rerank,bm25,13,1000,shared,744,339,405,0,98,239,0.45564516129,0.54435483871,0.131720430108,0.32123655914
direct_mmr_rerank,bm25,13,1000,method_only,256,71,185,0,15,57,0.27734375,0.72265625,0.05859375,0.22265625
direct_mmr_rerank,bm25,13,1000,bm25_only,256,22,234,0,0,7,0.0859375,0.9140625,0,0.02734375
direct_mmr_rerank,bm25,14,1000,shared,320,183,137,0,45,83,0.571875,0.428125,0.140625,0.259375
direct_mmr_rerank,bm25,14,1000,method_only,680,43,637,0,3,9,0.0632352941176,0.936764705882,0.00441176470588,0.0132352941176
direct_mmr_rerank,bm25,14,1000,bm25_only,680,60,620,0,2,7,0.0882352941176,0.911764705882,0.00294117647059,0.0102941176471
direct_mmr_rerank,bm25,15,1000,shared,418,144,274,0,7,14,0.344497607656,0.655502392344,0.0167464114833,0.0334928229665
direct_mmr_rerank,bm25,15,1000,method_only,582,65,517,0,18,38,0.111683848797,0.888316151203,0.0309278350515,0.0652920962199
direct_mmr_rerank,bm25,15,1000,bm25_only,582,85,497,0,0,3,0.146048109966,0.853951890034,0,0.00515463917526
direct_mmr_rerank,bm25,16,1000,shared,586,250,336,0,53,95,0.42662116041,0.57337883959,0.0904436860068,0.162116040956
direct_mmr_rerank,bm25,16,1000,method_only,414,117,297,0,39,72,0.282608695652,0.717391304348,0.0942028985507,0.173913043478
direct_mmr_rerank,bm25,16,1000,bm25_only,414,22,392,0,0,0,0.0531400966184,0.946859903382,0,0
direct_mmr_rerank,bm25,17,1000,shared,812,401,411,0,144,306,0.493842364532,0.506157635468,0.177339901478,0.37684729064
direct_mmr_rerank,bm25,17,1000,method_only,188,42,146,0,17,33,0.223404255319,0.776595744681,0.0904255319149,0.175531914894
direct_mmr_rerank,bm25,17,1000,bm25_only,188,10,178,0,0,1,0.0531914893617,0.946808510638,0,0.00531914893617
direct_mmr_rerank,bm25,18,1000,shared,819,435,384,0,190,342,0.531135531136,0.468864468864,0.23199023199,0.417582417582
direct_mmr_rerank,bm25,18,1000,method_only,181,60,121,0,26,47,0.331491712707,0.668508287293,0.14364640884,0.259668508287
direct_mmr_rerank,bm25,18,1000,bm25_only,181,22,159,0,0,3,0.121546961326,0.878453038674,0,0.0165745856354
direct_mmr_rerank,bm25,19,1000,shared,598,261,337,0,23,62,0.436454849498,0.563545150502,0.0384615384615,0.103678929766
direct_mmr_rerank,bm25,19,1000,method_only,402,66,336,0,9,13,0.164179104478,0.835820895522,0.0223880597015,0.0323383084577
direct_mmr_rerank,bm25,19,1000,bm25_only,402,26,376,0,0,0,0.0646766169154,0.935323383085,0,0
direct_mmr_rerank,bm25,20,1000,shared,840,475,365,0,312,399,0.565476190476,0.434523809524,0.371428571429,0.475
direct_mmr_rerank,bm25,20,1000,method_only,160,37,123,0,33,36,0.23125,0.76875,0.20625,0.225
direct_mmr_rerank,bm25,20,1000,bm25_only,160,31,129,0,1,16,0.19375,0.80625,0.00625,0.1
direct_mmr_rerank,bm25,21,1000,shared,688,314,374,0,169,186,0.456395348837,0.543604651163,0.245639534884,0.270348837209
direct_mmr_rerank,bm25,21,1000,method_only,312,119,193,0,86,98,0.38141025641,0.61858974359,0.275641025641,0.314102564103
direct_mmr_rerank,bm25,21,1000,bm25_only,312,18,294,0,3,4,0.0576923076923,0.942307692308,0.00961538461538,0.0128205128205
direct_mmr_rerank,bm25,22,1000,shared,785,292,493,0,186,254,0.371974522293,0.628025477707,0.236942675159,0.323566878981
direct_mmr_rerank,bm25,22,1000,method_only,215,71,144,0,55,69,0.33023255814,0.66976744186,0.255813953488,0.320930232558
direct_mmr_rerank,bm25,22,1000,bm25_only,215,15,200,0,0,0,0.0697674418605,0.93023255814,0,0
direct_mmr_rerank,bm25,23,1000,shared,735,292,443,0,118,182,0.397278911565,0.602721088435,0.160544217687,0.247619047619
direct_mmr_rerank,bm25,23,1000,method_only,265,72,193,0,17,47,0.271698113208,0.728301886792,0.0641509433962,0.177358490566
direct_mmr_rerank,bm25,23,1000,bm25_only,265,6,259,0,0,1,0.022641509434,0.977358490566,0,0.00377358490566
direct_mmr_rerank,bm25,24,1000,shared,709,326,383,0,215,269,0.459802538787,0.540197461213,0.303244005642,0.379407616361
direct_mmr_rerank,bm25,24,1000,method_only,291,71,220,0,33,54,0.243986254296,0.756013745704,0.113402061856,0.185567010309
direct_mmr_rerank,bm25,24,1000,bm25_only,291,19,272,0,1,3,0.0652920962199,0.93470790378,0.00343642611684,0.0103092783505
direct_mmr_rerank,bm25,25,1000,shared,746,288,458,0,85,113,0.386058981233,0.613941018767,0.113941018767,0.151474530831
direct_mmr_rerank,bm25,25,1000,method_only,254,115,139,0,85,104,0.452755905512,0.547244094488,0.334645669291,0.409448818898
direct_mmr_rerank,bm25,25,1000,bm25_only,254,55,199,0,2,4,0.216535433071,0.783464566929,0.00787401574803,0.0157480314961
direct_mmr_rerank,bm25,26,1000,shared,776,313,463,0,208,241,0.403350515464,0.596649484536,0.268041237113,0.310567010309
direct_mmr_rerank,bm25,26,1000,method_only,224,83,141,0,69,77,0.370535714286,0.629464285714,0.308035714286,0.34375
direct_mmr_rerank,bm25,26,1000,bm25_only,224,11,213,0,1,2,0.0491071428571,0.950892857143,0.00446428571429,0.00892857142857
direct_mmr_rerank,bm25,27,1000,shared,910,422,488,0,224,384,0.463736263736,0.536263736264,0.246153846154,0.421978021978
direct_mmr_rerank,bm25,27,1000,method_only,90,7,83,0,3,6,0.0777777777778,0.922222222222,0.0333333333333,0.0666666666667
direct_mmr_rerank,bm25,27,1000,bm25_only,90,15,75,0,3,4,0.166666666667,0.833333333333,0.0333333333333,0.0444444444444
direct_mmr_rerank,bm25,28,1000,shared,830,416,414,0,360,380,0.501204819277,0.498795180723,0.433734939759,0.457831325301
direct_mmr_rerank,bm25,28,1000,method_only,170,65,105,0,49,60,0.382352941176,0.617647058824,0.288235294118,0.352941176471
direct_mmr_rerank,bm25,28,1000,bm25_only,170,7,163,0,3,3,0.0411764705882,0.958823529412,0.0176470588235,0.0176470588235
direct_mmr_rerank,bm25,29,1000,shared,809,434,375,0,191,290,0.536464771323,0.463535228677,0.23609394314,0.358467243511
direct_mmr_rerank,bm25,29,1000,method_only,191,64,127,0,29,51,0.335078534031,0.664921465969,0.151832460733,0.267015706806
direct_mmr_rerank,bm25,29,1000,bm25_only,191,43,148,0,8,16,0.225130890052,0.774869109948,0.0418848167539,0.0837696335079
direct_mmr_rerank,bm25,30,1000,shared,759,316,443,0,149,245,0.416337285903,0.583662714097,0.196310935441,0.32279314888
direct_mmr_rerank,bm25,30,1000,method_only,241,36,205,0,5,21,0.149377593361,0.850622406639,0.0207468879668,0.0871369294606
direct_mmr_rerank,bm25,30,1000,bm25_only,241,21,220,0,1,7,0.0871369294606,0.912863070539,0.00414937759336,0.0290456431535
direct_mmr_rerank,bm25,31,1000,shared,744,376,368,0,33,94,0.505376344086,0.494623655914,0.0443548387097,0.126344086022
direct_mmr_rerank,bm25,31,1000,method_only,256,35,221,0,8,15,0.13671875,0.86328125,0.03125,0.05859375
direct_mmr_rerank,bm25,31,1000,bm25_only,256,45,211,0,1,5,0.17578125,0.82421875,0.00390625,0.01953125
direct_mmr_rerank,bm25,32,1000,shared,426,135,291,0,24,38,0.316901408451,0.683098591549,0.056338028169,0.0892018779343
direct_mmr_rerank,bm25,32,1000,method_only,574,51,523,0,13,16,0.088850174216,0.911149825784,0.0226480836237,0.0278745644599
direct_mmr_rerank,bm25,32,1000,bm25_only,574,103,471,0,4,9,0.179442508711,0.820557491289,0.00696864111498,0.0156794425087
direct_mmr_rerank,bm25,33,1000,shared,685,379,306,0,91,136,0.553284671533,0.446715328467,0.132846715328,0.198540145985
direct_mmr_rerank,bm25,33,1000,method_only,315,70,245,0,21,41,0.222222222222,0.777777777778,0.0666666666667,0.130158730159
direct_mmr_rerank,bm25,33,1000,bm25_only,315,51,264,0,3,4,0.161904761905,0.838095238095,0.00952380952381,0.0126984126984
direct_mmr_rerank,bm25,34,1000,shared,583,219,364,0,36,57,0.3756432247,0.6243567753,0.0617495711835,0.0977701543739
direct_mmr_rerank,bm25,34,1000,method_only,417,55,362,0,11,18,0.131894484412,0.868105515588,0.0263788968825,0.0431654676259
direct_mmr_rerank,bm25,34,1000,bm25_only,417,12,405,0,0,0,0.0287769784173,0.971223021583,0,0
direct_mmr_rerank,bm25,35,1000,shared,751,315,436,0,106,113,0.419440745672,0.580559254328,0.141145139814,0.150466045273
direct_mmr_rerank,bm25,35,1000,method_only,249,43,206,0,10,16,0.172690763052,0.827309236948,0.0401606425703,0.0642570281124
direct_mmr_rerank,bm25,35,1000,bm25_only,249,27,222,0,5,5,0.10843373494,0.89156626506,0.0200803212851,0.0200803212851
direct_mmr_rerank,bm25,36,1000,shared,861,528,333,0,368,411,0.613240418118,0.386759581882,0.427409988386,0.477351916376
direct_mmr_rerank,bm25,36,1000,method_only,139,37,102,0,22,24,0.26618705036,0.73381294964,0.158273381295,0.172661870504
direct_mmr_rerank,bm25,36,1000,bm25_only,139,40,99,0,11,19,0.287769784173,0.712230215827,0.0791366906475,0.136690647482
direct_mmr_rerank,bm25,37,1000,shared,840,539,301,0,226,301,0.641666666667,0.358333333333,0.269047619048,0.358333333333
direct_mmr_rerank,bm25,37,1000,method_only,160,67,93,0,25,41,0.41875,0.58125,0.15625,0.25625
direct_mmr_rerank,bm25,37,1000,bm25_only,160,30,130,0,5,6,0.1875,0.8125,0.03125,0.0375
direct_mmr_rerank,bm25,38,1000,shared,691,448,243,0,212,368,0.648335745297,0.351664254703,0.306801736614,0.532561505065
direct_mmr_rerank,bm25,38,1000,method_only,309,176,133,0,133,168,0.569579288026,0.430420711974,0.430420711974,0.543689320388
direct_mmr_rerank,bm25,38,1000,bm25_only,309,73,236,0,2,24,0.236245954693,0.763754045307,0.00647249190939,0.0776699029126
direct_mmr_rerank,bm25,39,1000,shared,889,603,286,0,342,571,0.678290213723,0.321709786277,0.384701912261,0.642294713161
direct_mmr_rerank,bm25,39,1000,method_only,111,27,84,0,14,27,0.243243243243,0.756756756757,0.126126126126,0.243243243243
direct_mmr_rerank,bm25,39,1000,bm25_only,111,27,84,0,7,23,0.243243243243,0.756756756757,0.0630630630631,0.207207207207
direct_mmr_rerank,bm25,40,1000,shared,717,497,220,0,276,367,0.693165969317,0.306834030683,0.384937238494,0.511854951185
direct_mmr_rerank,bm25,40,1000,method_only,283,80,203,0,36,64,0.282685512367,0.717314487633,0.127208480565,0.226148409894
direct_mmr_rerank,bm25,40,1000,bm25_only,283,59,224,0,2,7,0.208480565371,0.791519434629,0.00706713780919,0.0247349823322
direct_mmr_rerank,bm25,41,1000,shared,642,274,368,0,96,118,0.426791277259,0.573208722741,0.14953271028,0.183800623053
direct_mmr_rerank,bm25,41,1000,method_only,358,157,201,0,89,110,0.438547486034,0.561452513966,0.248603351955,0.307262569832
direct_mmr_rerank,bm25,41,1000,bm25_only,358,24,334,0,1,3,0.0670391061453,0.932960893855,0.00279329608939,0.00837988826816
direct_mmr_rerank,bm25,42,1000,shared,766,329,437,0,169,187,0.429503916449,0.570496083551,0.220626631854,0.244125326371
direct_mmr_rerank,bm25,42,1000,method_only,234,27,207,0,12,13,0.115384615385,0.884615384615,0.0512820512821,0.0555555555556
direct_mmr_rerank,bm25,42,1000,bm25_only,234,6,228,0,1,1,0.025641025641,0.974358974359,0.0042735042735,0.0042735042735
direct_mmr_rerank,bm25,43,1000,shared,453,261,192,0,123,152,0.576158940397,0.423841059603,0.271523178808,0.335540838852
direct_mmr_rerank,bm25,43,1000,method_only,547,37,510,0,9,18,0.0676416819013,0.932358318099,0.0164533820841,0.0329067641682
direct_mmr_rerank,bm25,43,1000,bm25_only,547,64,483,0,4,10,0.117001828154,0.882998171846,0.0073126142596,0.018281535649
direct_mmr_rerank,bm25,44,1000,shared,710,415,295,0,216,297,0.584507042254,0.415492957746,0.304225352113,0.418309859155
direct_mmr_rerank,bm25,44,1000,method_only,290,119,171,0,71,101,0.410344827586,0.589655172414,0.244827586207,0.348275862069
direct_mmr_rerank,bm25,44,1000,bm25_only,290,16,274,0,0,1,0.0551724137931,0.944827586207,0,0.00344827586207
direct_mmr_rerank,bm25,45,1000,shared,795,498,297,0,250,456,0.62641509434,0.37358490566,0.314465408805,0.57358490566
direct_mmr_rerank,bm25,45,1000,method_only,205,49,156,0,25,47,0.239024390244,0.760975609756,0.121951219512,0.229268292683
direct_mmr_rerank,bm25,45,1000,bm25_only,205,71,134,0,31,49,0.346341463415,0.653658536585,0.151219512195,0.239024390244
direct_mmr_rerank,bm25,46,1000,shared,687,203,484,0,48,86,0.295487627365,0.704512372635,0.0698689956332,0.125181950509
direct_mmr_rerank,bm25,46,1000,method_only,313,36,277,0,16,28,0.115015974441,0.884984025559,0.0511182108626,0.0894568690096
direct_mmr_rerank,bm25,46,1000,bm25_only,313,29,284,0,1,2,0.0926517571885,0.907348242812,0.00319488817891,0.00638977635783
direct_mmr_rerank,bm25,47,1000,shared,622,309,313,0,140,185,0.496784565916,0.503215434084,0.225080385852,0.297427652733
direct_mmr_rerank,bm25,47,1000,method_only,378,110,268,0,69,80,0.291005291005,0.708994708995,0.18253968254,0.21164021164
direct_mmr_rerank,bm25,47,1000,bm25_only,378,42,336,0,3,3,0.111111111111,0.888888888889,0.00793650793651,0.00793650793651
direct_mmr_rerank,bm25,48,1000,shared,781,264,517,0,141,219,0.338028169014,0.661971830986,0.180537772087,0.280409731114
direct_mmr_rerank,bm25,48,1000,method_only,219,43,176,0,25,38,0.196347031963,0.803652968037,0.114155251142,0.173515981735
direct_mmr_rerank,bm25,48,1000,bm25_only,219,16,203,0,1,3,0.0730593607306,0.926940639269,0.00456621004566,0.013698630137
direct_mmr_rerank,bm25,49,1000,shared,676,289,387,0,46,93,0.427514792899,0.572485207101,0.0680473372781,0.137573964497
direct_mmr_rerank,bm25,49,1000,method_only,324,111,213,0,38,58,0.342592592593,0.657407407407,0.117283950617,0.179012345679
direct_mmr_rerank,bm25,49,1000,bm25_only,324,33,291,0,0,0,0.101851851852,0.898148148148,0,0
direct_mmr_rerank,bm25,50,1000,shared,765,322,443,0,29,74,0.42091503268,0.57908496732,0.037908496732,0.0967320261438
direct_mmr_rerank,bm25,50,1000,method_only,235,45,190,0,3,13,0.191489361702,0.808510638298,0.0127659574468,0.0553191489362
direct_mmr_rerank,bm25,50,1000,bm25_only,235,42,193,0,0,2,0.178723404255,0.821276595745,0,0.00851063829787
query_expansion,bm25,1,20,shared,14,12,2,0,2,8,0.857142857143,0.142857142857,0.142857142857,0.571428571429
query_expansion,bm25,1,20,method_only,6,4,2,0,2,4,0.666666666667,0.333333333333,0.333333333333,0.666666666667
query_expansion,bm25,1,20,bm25_only,6,5,1,0,1,3,0.833333333333,0.166666666667,0.166666666667,0.5
query_expansion,bm25,2,20,shared,10,9,1,0,6,6,0.9,0.1,0.6,0.6
query_expansion,bm25,2,20,method_only,10,10,0,0,9,10,1,0,0.9,1
query_expansion,bm25,2,20,bm25_only,10,10,0,0,1,1,1,0,0.1,0.1
query_expansion,bm25,3,20,shared,12,10,2,0,4,7,0.833333333333,0.166666666667,0.333333333333,0.583333333333
query_expansion,bm25,3,20,method_only,8,8,0,0,6,8,1,0,0.75,1
query_expansion,bm25,3,20,bm25_only,8,8,0,0,0,0,1,0,0,0
query_expansion,bm25,4,20,shared,11,11,0,0,2,3,1,0,0.181818181818,0.272727272727
query_expansion,bm25,4,20,method_only,9,6,3,0,2,3,0.666666666667,0.333333333333,0.222222222222,0.333333333333
query_expansion,bm25,4,20,bm25_only,9,9,0,0,0,0,1,0,0,0
query_expansion,bm25,5,20,shared,11,10,1,0,6,10,0.909090909091,0.0909090909091,0.545454545455,0.909090909091
query_expansion,bm25,5,20,method_only,9,7,2,0,3,6,0.777777777778,0.222222222222,0.333333333333,0.666666666667
query_expansion,bm25,5,20,bm25_only,9,8,1,0,1,6,0.888888888889,0.111111111111,0.111111111111,0.666666666667
query_expansion,bm25,6,20,shared,11,11,0,0,9,10,1,0,0.818181818182,0.909090909091
query_expansion,bm25,6,20,method_only,9,9,0,0,9,9,1,0,1,1
query_expansion,bm25,6,20,bm25_only,9,8,1,0,6,7,0.888888888889,0.111111111111,0.666666666667,0.777777777778
query_expansion,bm25,7,20,shared,13,13,0,0,9,10,1,0,0.692307692308,0.769230769231
query_expansion,bm25,7,20,method_only,7,7,0,0,7,7,1,0,1,1
query_expansion,bm25,7,20,bm25_only,7,7,0,0,4,4,1,0,0.571428571429,0.571428571429
query_expansion,bm25,8,20,shared,16,12,4,0,8,10,0.75,0.25,0.5,0.625
query_expansion,bm25,8,20,method_only,4,4,0,0,3,4,1,0,0.75,1
query_expansion,bm25,8,20,bm25_only,4,3,1,0,1,2,0.75,0.25,0.25,0.5
query_expansion,bm25,9,20,shared,9,9,0,0,2,3,1,0,0.222222222222,0.333333333333
query_expansion,bm25,9,20,method_only,11,10,1,0,1,4,0.909090909091,0.0909090909091,0.0909090909091,0.363636363636
query_expansion,bm25,9,20,bm25_only,11,11,0,0,0,1,1,0,0,0.0909090909091
query_expansion,bm25,10,20,shared,15,15,0,0,13,14,1,0,0.866666666667,0.933333333333
query_expansion,bm25,10,20,method_only,5,5,0,0,4,5,1,0,0.8,1
query_expansion,bm25,10,20,bm25_only,5,5,0,0,1,4,1,0,0.2,0.8
query_expansion,bm25,11,20,shared,12,11,1,0,7,9,0.916666666667,0.0833333333333,0.583333333333,0.75
query_expansion,bm25,11,20,method_only,8,6,2,0,6,6,0.75,0.25,0.75,0.75
query_expansion,bm25,11,20,bm25_only,8,7,1,0,1,1,0.875,0.125,0.125,0.125
query_expansion,bm25,12,20,shared,10,9,1,0,1,6,0.9,0.1,0.1,0.6
query_expansion,bm25,12,20,method_only,10,10,0,0,3,6,1,0,0.3,0.6
query_expansion,bm25,12,20,bm25_only,10,7,3,0,2,4,0.7,0.3,0.2,0.4
query_expansion,bm25,13,20,shared,16,16,0,0,6,13,1,0,0.375,0.8125
query_expansion,bm25,13,20,method_only,4,4,0,0,2,4,1,0,0.5,1
query_expansion,bm25,13,20,bm25_only,4,3,1,0,1,3,0.75,0.25,0.25,0.75
query_expansion,bm25,14,20,shared,17,17,0,0,11,15,1,0,0.647058823529,0.882352941176
query_expansion,bm25,14,20,method_only,3,3,0,0,1,3,1,0,0.333333333333,1
query_expansion,bm25,14,20,bm25_only,3,3,0,0,0,1,1,0,0,0.333333333333
query_expansion,bm25,15,20,shared,8,7,1,0,2,4,0.875,0.125,0.25,0.5
query_expansion,bm25,15,20,method_only,12,6,6,0,2,2,0.5,0.5,0.166666666667,0.166666666667
query_expansion,bm25,15,20,bm25_only,12,7,5,0,0,0,0.583333333333,0.416666666667,0,0
query_expansion,bm25,16,20,shared,4,4,0,0,3,4,1,0,0.75,1
query_expansion,bm25,16,20,method_only,16,15,1,0,9,14,0.9375,0.0625,0.5625,0.875
query_expansion,bm25,16,20,bm25_only,16,13,3,0,1,2,0.8125,0.1875,0.0625,0.125
query_expansion,bm25,17,20,shared,10,10,0,0,4,8,1,0,0.4,0.8
query_expansion,bm25,17,20,method_only,10,10,0,0,6,10,1,0,0.6,1
query_expansion,bm25,17,20,bm25_only,10,8,2,0,3,4,0.8,0.2,0.3,0.4
query_expansion,bm25,18,20,shared,12,12,0,0,8,10,1,0,0.666666666667,0.833333333333
query_expansion,bm25,18,20,method_only,8,8,0,0,7,8,1,0,0.875,1
query_expansion,bm25,18,20,bm25_only,8,8,0,0,2,5,1,0,0.25,0.625
query_expansion,bm25,19,20,shared,14,14,0,0,5,11,1,0,0.357142857143,0.785714285714
query_expansion,bm25,19,20,method_only,6,6,0,0,2,2,1,0,0.333333333333,0.333333333333
query_expansion,bm25,19,20,bm25_only,6,6,0,0,0,3,1,0,0,0.5
query_expansion,bm25,20,20,shared,16,15,1,0,15,15,0.9375,0.0625,0.9375,0.9375
query_expansion,bm25,20,20,method_only,4,4,0,0,4,4,1,0,1,1
query_expansion,bm25,20,20,bm25_only,4,3,1,0,2,2,0.75,0.25,0.5,0.5
query_expansion,bm25,21,20,shared,11,11,0,0,5,7,1,0,0.454545454545,0.636363636364
query_expansion,bm25,21,20,method_only,9,7,2,0,7,7,0.777777777778,0.222222222222,0.777777777778,0.777777777778
query_expansion,bm25,21,20,bm25_only,9,7,2,0,2,2,0.777777777778,0.222222222222,0.222222222222,0.222222222222
query_expansion,bm25,22,20,shared,17,14,3,0,12,14,0.823529411765,0.176470588235,0.705882352941,0.823529411765
query_expansion,bm25,22,20,method_only,3,3,0,0,2,3,1,0,0.666666666667,1
query_expansion,bm25,22,20,bm25_only,3,2,1,0,2,2,0.666666666667,0.333333333333,0.666666666667,0.666666666667
query_expansion,bm25,23,20,shared,12,12,0,0,12,12,1,0,1,1
query_expansion,bm25,23,20,method_only,8,7,1,0,4,7,0.875,0.125,0.5,0.875
query_expansion,bm25,23,20,bm25_only,8,7,1,0,3,4,0.875,0.125,0.375,0.5
query_expansion,bm25,24,20,shared,9,9,0,0,9,9,1,0,1,1
query_expansion,bm25,24,20,method_only,11,11,0,0,10,11,1,0,0.909090909091,1
query_expansion,bm25,24,20,bm25_only,11,9,2,0,4,6,0.818181818182,0.181818181818,0.363636363636,0.545454545455
query_expansion,bm25,25,20,shared,6,6,0,0,3,3,1,0,0.5,0.5
query_expansion,bm25,25,20,method_only,14,9,5,0,5,6,0.642857142857,0.357142857143,0.357142857143,0.428571428571
query_expansion,bm25,25,20,bm25_only,14,9,5,0,0,0,0.642857142857,0.357142857143,0,0
query_expansion,bm25,26,20,shared,16,15,1,0,10,10,0.9375,0.0625,0.625,0.625
query_expansion,bm25,26,20,method_only,4,3,1,0,2,3,0.75,0.25,0.5,0.75
query_expansion,bm25,26,20,bm25_only,4,2,2,0,2,2,0.5,0.5,0.5,0.5
query_expansion,bm25,27,20,shared,6,6,0,0,6,6,1,0,1,1
query_expansion,bm25,27,20,method_only,14,14,0,0,11,14,1,0,0.785714285714,1
query_expansion,bm25,27,20,bm25_only,14,12,2,0,10,11,0.857142857143,0.142857142857,0.714285714286,0.785714285714
query_expansion,bm25,28,20,shared,10,10,0,0,10,10,1,0,1,1
query_expansion,bm25,28,20,method_only,10,7,3,0,7,7,0.7,0.3,0.7,0.7
query_expansion,bm25,28,20,bm25_only,10,10,0,0,7,8,1,0,0.7,0.8
query_expansion,bm25,29,20,shared,14,14,0,0,10,13,1,0,0.714285714286,0.928571428571
query_expansion,bm25,29,20,method_only,6,6,0,0,4,6,1,0,0.666666666667,1
query_expansion,bm25,29,20,bm25_only,6,6,0,0,3,4,1,0,0.5,0.666666666667
query_expansion,bm25,30,20,shared,14,14,0,0,14,14,1,0,1,1
query_expansion,bm25,30,20,method_only,6,6,0,0,6,6,1,0,1,1
query_expansion,bm25,30,20,bm25_only,6,6,0,0,5,6,1,0,0.833333333333,1
query_expansion,bm25,31,20,shared,15,14,1,0,2,4,0.933333333333,0.0666666666667,0.133333333333,0.266666666667
query_expansion,bm25,31,20,method_only,5,5,0,0,1,2,1,0,0.2,0.4
query_expansion,bm25,31,20,bm25_only,5,5,0,0,0,0,1,0,0,0
query_expansion,bm25,32,20,shared,13,13,0,0,6,8,1,0,0.461538461538,0.615384615385
query_expansion,bm25,32,20,method_only,7,1,6,0,0,0,0.142857142857,0.857142857143,0,0
query_expansion,bm25,32,20,bm25_only,7,7,0,0,0,1,1,0,0,0.142857142857
query_expansion,bm25,33,20,shared,13,13,0,0,7,12,1,0,0.538461538462,0.923076923077
query_expansion,bm25,33,20,method_only,7,7,0,0,2,4,1,0,0.285714285714,0.571428571429
query_expansion,bm25,33,20,bm25_only,7,7,0,0,1,2,1,0,0.142857142857,0.285714285714
query_expansion,bm25,34,20,shared,9,8,1,0,3,5,0.888888888889,0.111111111111,0.333333333333,0.555555555556
query_expansion,bm25,34,20,method_only,11,8,3,0,4,5,0.727272727273,0.272727272727,0.363636363636,0.454545454545
query_expansion,bm25,34,20,bm25_only,11,6,5,0,2,2,0.545454545455,0.454545454545,0.181818181818,0.181818181818
query_expansion,bm25,35,20,shared,9,9,0,0,4,4,1,0,0.444444444444,0.444444444444
query_expansion,bm25,35,20,method_only,11,11,0,0,10,11,1,0,0.909090909091,1
query_expansion,bm25,35,20,bm25_only,11,11,0,0,5,5,1,0,0.454545454545,0.454545454545
query_expansion,bm25,36,20,shared,14,14,0,0,13,13,1,0,0.928571428571,0.928571428571
query_expansion,bm25,36,20,method_only,6,6,0,0,6,6,1,0,1,1
query_expansion,bm25,36,20,bm25_only,6,6,0,0,5,6,1,0,0.833333333333,1
query_expansion,bm25,37,20,shared,15,15,0,0,7,13,1,0,0.466666666667,0.866666666667
query_expansion,bm25,37,20,method_only,5,5,0,0,2,2,1,0,0.4,0.4
query_expansion,bm25,37,20,bm25_only,5,5,0,0,2,3,1,0,0.4,0.6
query_expansion,bm25,38,20,shared,11,11,0,0,10,10,1,0,0.909090909091,0.909090909091
query_expansion,bm25,38,20,method_only,9,8,1,0,5,8,0.888888888889,0.111111111111,0.555555555556,0.888888888889
query_expansion,bm25,38,20,bm25_only,9,9,0,0,1,2,1,0,0.111111111111,0.222222222222
query_expansion,bm25,39,20,shared,14,14,0,0,12,14,1,0,0.857142857143,1
query_expansion,bm25,39,20,method_only,6,6,0,0,6,6,1,0,1,1
query_expansion,bm25,39,20,bm25_only,6,6,0,0,5,6,1,0,0.833333333333,1
query_expansion,bm25,40,20,shared,14,14,0,0,14,14,1,0,1,1
query_expansion,bm25,40,20,method_only,6,6,0,0,4,6,1,0,0.666666666667,1
query_expansion,bm25,40,20,bm25_only,6,6,0,0,6,6,1,0,1,1
query_expansion,bm25,41,20,shared,10,10,0,0,8,8,1,0,0.8,0.8
query_expansion,bm25,41,20,method_only,10,10,0,0,9,10,1,0,0.9,1
query_expansion,bm25,41,20,bm25_only,10,10,0,0,7,7,1,0,0.7,0.7
query_expansion,bm25,42,20,shared,12,12,0,0,9,11,1,0,0.75,0.916666666667
query_expansion,bm25,42,20,method_only,8,8,0,0,8,8,1,0,1,1
query_expansion,bm25,42,20,bm25_only,8,8,0,0,3,4,1,0,0.375,0.5
query_expansion,bm25,43,20,shared,13,13,0,0,7,9,1,0,0.538461538462,0.692307692308
query_expansion,bm25,43,20,method_only,7,7,0,0,7,7,1,0,1,1
query_expansion,bm25,43,20,bm25_only,7,7,0,0,6,7,1,0,0.857142857143,1
query_expansion,bm25,44,20,shared,11,11,0,0,10,11,1,0,0.909090909091,1
query_expansion,bm25,44,20,method_only,9,9,0,0,9,9,1,0,1,1
query_expansion,bm25,44,20,bm25_only,9,8,1,0,4,7,0.888888888889,0.111111111111,0.444444444444,0.777777777778
query_expansion,bm25,45,20,shared,9,9,0,0,6,9,1,0,0.666666666667,1
query_expansion,bm25,45,20,method_only,11,11,0,0,4,11,1,0,0.363636363636,1
query_expansion,bm25,45,20,bm25_only,11,10,1,0,5,9,0.909090909091,0.0909090909091,0.454545454545,0.818181818182
query_expansion,bm25,46,20,shared,12,12,0,0,9,11,1,0,0.75,0.916666666667
query_expansion,bm25,46,20,method_only,8,8,0,0,8,8,1,0,1,1
query_expansion,bm25,46,20,bm25_only,8,8,0,0,0,3,1,0,0,0.375
query_expansion,bm25,47,20,shared,7,6,1,0,4,4,0.857142857143,0.142857142857,0.571428571429,0.571428571429
query_expansion,bm25,47,20,method_only,13,13,0,0,13,13,1,0,1,1
query_expansion,bm25,47,20,bm25_only,13,8,5,0,0,2,0.615384615385,0.384615384615,0,0.153846153846
query_expansion,bm25,48,20,shared,12,12,0,0,12,12,1,0,1,1
query_expansion,bm25,48,20,method_only,8,8,0,0,7,8,1,0,0.875,1
query_expansion,bm25,48,20,bm25_only,8,5,3,0,3,4,0.625,0.375,0.375,0.5
query_expansion,bm25,49,20,shared,9,9,0,0,3,7,1,0,0.333333333333,0.777777777778
query_expansion,bm25,49,20,method_only,11,11,0,0,5,8,1,0,0.454545454545,0.727272727273
query_expansion,bm25,49,20,bm25_only,11,10,1,0,0,0,0.909090909091,0.0909090909091,0,0
query_expansion,bm25,50,20,shared,13,13,0,0,6,12,1,0,0.461538461538,0.923076923077
query_expansion,bm25,50,20,method_only,7,7,0,0,0,2,1,0,0,0.285714285714
query_expansion,bm25,50,20,bm25_only,7,7,0,0,1,3,1,0,0.142857142857,0.428571428571
query_expansion,bm25,1,50,shared,27,20,7,0,6,16,0.740740740741,0.259259259259,0.222222222222,0.592592592593
query_expansion,bm25,1,50,method_only,23,18,5,0,6,14,0.782608695652,0.217391304348,0.260869565217,0.608695652174
query_expansion,bm25,1,50,bm25_only,23,12,11,0,0,0,0.521739130435,0.478260869565,0,0
query_expansion,bm25,2,50,shared,33,32,1,0,22,25,0.969696969697,0.030303030303,0.666666666667,0.757575757576
query_expansion,bm25,2,50,method_only,17,15,2,0,12,13,0.882352941176,0.117647058824,0.705882352941,0.764705882353
query_expansion,bm25,2,50,bm25_only,17,17,0,0,1,3,1,0,0.0588235294118,0.176470588235
query_expansion,bm25,3,50,shared,29,27,2,0,12,20,0.931034482759,0.0689655172414,0.413793103448,0.689655172414
query_expansion,bm25,3,50,method_only,21,18,3,0,8,14,0.857142857143,0.142857142857,0.380952380952,0.666666666667
query_expansion,bm25,3,50,bm25_only,21,16,5,0,0,4,0.761904761905,0.238095238095,0,0.190476190476
query_expansion,bm25,4,50,shared,34,29,5,0,7,10,0.852941176471,0.147058823529,0.205882352941,0.294117647059
query_expansion,bm25,4,50,method_only,16,13,3,0,4,7,0.8125,0.1875,0.25,0.4375
query_expansion,bm25,4,50,bm25_only,16,10,6,0,2,2,0.625,0.375,0.125,0.125
query_expansion,bm25,5,50,shared,22,18,4,0,8,15,0.818181818182,0.181818181818,0.363636363636,0.681818181818
query_expansion,bm25,5,50,method_only,28,23,5,0,15,21,0.821428571429,0.178571428571,0.535714285714,0.75
query_expansion,bm25,5,50,bm25_only,28,23,5,0,5,17,0.821428571429,0.178571428571,0.178571428571,0.607142857143
query_expansion,bm25,6,50,shared,25,25,0,0,22,24,1,0,0.88,0.96
query_expansion,bm25,6,50,method_only,25,22,3,0,21,22,0.88,0.12,0.84,0.88
query_expansion,bm25,6,50,bm25_only,25,14,11,0,6,9,0.56,0.44,0.24,0.36
query_expansion,bm25,7,50,shared,32,30,2,0,24,26,0.9375,0.0625,0.75,0.8125
query_expansion,bm25,7,50,method_only,18,17,1,0,14,14,0.944444444444,0.0555555555556,0.777777777778,0.777777777778
query_expansion,bm25,7,50,bm25_only,18,16,2,0,7,8,0.888888888889,0.111111111111,0.388888888889,0.444444444444
query_expansion,bm25,8,50,shared,28,22,6,0,16,20,0.785714285714,0.214285714286,0.571428571429,0.714285714286
query_expansion,bm25,8,50,method_only,22,14,8,0,10,13,0.636363636364,0.363636363636,0.454545454545,0.590909090909
query_expansion,bm25,8,50,bm25_only,22,11,11,0,0,3,0.5,0.5,0,0.136363636364
query_expansion,bm25,9,50,shared,30,30,0,0,6,10,1,0,0.2,0.333333333333
query_expansion,bm25,9,50,method_only,20,15,5,0,4,8,0.75,0.25,0.2,0.4
query_expansion,bm25,9,50,bm25_only,20,18,2,0,3,7,0.9,0.1,0.15,0.35
query_expansion,bm25,10,50,shared,29,27,2,0,22,26,0.931034482759,0.0689655172414,0.758620689655,0.896551724138
query_expansion,bm25,10,50,method_only,21,21,0,0,14,18,1,0,0.666666666667,0.857142857143
query_expansion,bm25,10,50,bm25_only,21,18,3,0,5,12,0.857142857143,0.142857142857,0.238095238095,0.571428571429
query_expansion,bm25,11,50,shared,34,29,5,0,12,17,0.852941176471,0.147058823529,0.352941176471,0.5
query_expansion,bm25,11,50,method_only,16,14,2,0,8,10,0.875,0.125,0.5,0.625
query_expansion,bm25,11,50,bm25_only,16,14,2,0,0,2,0.875,0.125,0,0.125
query_expansion,bm25,12,50,shared,26,24,2,0,1,11,0.923076923077,0.0769230769231,0.0384615384615,0.423076923077
query_expansion,bm25,12,50,method_only,24,18,6,0,6,9,0.75,0.25,0.25,0.375
query_expansion,bm25,12,50,bm25_only,24,15,9,0,4,10,0.625,0.375,0.166666666667,0.416666666667
query_expansion,bm25,13,50,shared,38,36,2,0,13,28,0.947368421053,0.0526315789474,0.342105263158,0.736842105263
query_expansion,bm25,13,50,method_only,12,10,2,0,8,10,0.833333333333,0.166666666667,0.666666666667,0.833333333333
query_expansion,bm25,13,50,bm25_only,12,10,2,0,3,6,0.833333333333,0.166666666667,0.25,0.5
query_expansion,bm25,14,50,shared,43,43,0,0,22,36,1,0,0.511627906977,0.837209302326
query_expansion,bm25,14,50,method_only,7,7,0,0,6,7,1,0,0.857142857143,1
query_expansion,bm25,14,50,bm25_only,7,7,0,0,1,4,1,0,0.142857142857,0.571428571429
query_expansion,bm25,15,50,shared,16,14,2,0,2,4,0.875,0.125,0.125,0.25
query_expansion,bm25,15,50,method_only,34,10,24,0,2,2,0.294117647059,0.705882352941,0.0588235294118,0.0588235294118
query_expansion,bm25,15,50,bm25_only,34,18,16,0,1,2,0.529411764706,0.470588235294,0.0294117647059,0.0588235294118
query_expansion,bm25,16,50,shared,15,15,0,0,7,12,1,0,0.466666666667,0.8
query_expansion,bm25,16,50,method_only,35,34,1,0,23,31,0.971428571429,0.0285714285714,0.657142857143,0.885714285714
query_expansion,bm25,16,50,bm25_only,35,21,14,0,0,0,0.6,0.4,0,0
query_expansion,bm25,17,50,shared,20,20,0,0,10,17,1,0,0.5,0.85
query_expansion,bm25,17,50,method_only,30,26,4,0,13,20,0.866666666667,0.133333333333,0.433333333333,0.666666666667
query_expansion,bm25,17,50,bm25_only,30,23,7,0,7,17,0.766666666667,0.233333333333,0.233333333333,0.566666666667
query_expansion,bm25,18,50,shared,31,31,0,0,17,26,1,0,0.548387096774,0.838709677419
query_expansion,bm25,18,50,method_only,19,18,1,0,12,17,0.947368421053,0.0526315789474,0.631578947368,0.894736842105
query_expansion,bm25,18,50,bm25_only,19,18,1,0,10,15,0.947368421053,0.0526315789474,0.526315789474,0.789473684211
query_expansion,bm25,19,50,shared,40,40,0,0,7,19,1,0,0.175,0.475
query_expansion,bm25,19,50,method_only,10,10,0,0,1,3,1,0,0.1,0.3
query_expansion,bm25,19,50,bm25_only,10,8,2,0,1,1,0.8,0.2,0.1,0.1
query_expansion,bm25,20,50,shared,30,29,1,0,28,28,0.966666666667,0.0333333333333,0.933333333333,0.933333333333
query_expansion,bm25,20,50,method_only,20,19,1,0,19,19,0.95,0.05,0.95,0.95
query_expansion,bm25,20,50,bm25_only,20,16,4,0,1,6,0.8,0.2,0.05,0.3
query_expansion,bm25,21,50,shared,33,32,1,0,21,23,0.969696969697,0.030303030303,0.636363636364,0.69696969697
query_expansion,bm25,21,50,method_only,17,11,6,0,8,9,0.647058823529,0.352941176471,0.470588235294,0.529411764706
query_expansion,bm25,21,50,bm25_only,17,14,3,0,3,3,0.823529411765,0.176470588235,0.176470588235,0.176470588235
query_expansion,bm25,22,50,shared,35,30,5,0,26,30,0.857142857143,0.142857142857,0.742857142857,0.857142857143
query_expansion,bm25,22,50,method_only,15,14,1,0,10,12,0.933333333333,0.0666666666667,0.666666666667,0.8
query_expansion,bm25,22,50,bm25_only,15,7,8,0,1,3,0.466666666667,0.533333333333,0.0666666666667,0.2
query_expansion,bm25,23,50,shared,30,29,1,0,24,28,0.966666666667,0.0333333333333,0.8,0.933333333333
query_expansion,bm25,23,50,method_only,20,19,1,0,17,19,0.95,0.05,0.85,0.95
query_expansion,bm25,23,50,bm25_only,20,13,7,0,2,6,0.65,0.35,0.1,0.3
query_expansion,bm25,24,50,shared,30,30,0,0,27,29,1,0,0.9,0.966666666667
query_expansion,bm25,24,50,method_only,20,19,1,0,18,19,0.95,0.05,0.9,0.95
query_expansion,bm25,24,50,bm25_only,20,16,4,0,7,11,0.8,0.2,0.35,0.55
query_expansion,bm25,25,50,shared,15,12,3,0,5,5,0.8,0.2,0.333333333333,0.333333333333
query_expansion,bm25,25,50,method_only,35,23,12,0,12,15,0.657142857143,0.342857142857,0.342857142857,0.428571428571
query_expansion,bm25,25,50,bm25_only,35,19,16,0,1,3,0.542857142857,0.457142857143,0.0285714285714,0.0857142857143
query_expansion,bm25,26,50,shared,31,27,4,0,20,22,0.870967741935,0.129032258065,0.645161290323,0.709677419355
query_expansion,bm25,26,50,method_only,19,11,8,0,10,11,0.578947368421,0.421052631579,0.526315789474,0.578947368421
query_expansion,bm25,26,50,bm25_only,19,8,11,0,4,4,0.421052631579,0.578947368421,0.210526315789,0.210526315789
query_expansion,bm25,27,50,shared,18,18,0,0,16,17,1,0,0.888888888889,0.944444444444
query_expansion,bm25,27,50,method_only,32,30,2,0,26,30,0.9375,0.0625,0.8125,0.9375
query_expansion,bm25,27,50,bm25_only,32,28,4,0,19,27,0.875,0.125,0.59375,0.84375
query_expansion,bm25,28,50,shared,29,28,1,0,26,27,0.965517241379,0.0344827586207,0.896551724138,0.931034482759
query_expansion,bm25,28,50,method_only,21,18,3,0,16,16,0.857142857143,0.142857142857,0.761904761905,0.761904761905
query_expansion,bm25,28,50,bm25_only,21,18,3,0,13,13,0.857142857143,0.142857142857,0.619047619048,0.619047619048
query_expansion,bm25,29,50,shared,37,37,0,0,23,29,1,0,0.621621621622,0.783783783784
query_expansion,bm25,29,50,method_only,13,11,2,0,7,8,0.846153846154,0.153846153846,0.538461538462,0.615384615385
query_expansion,bm25,29,50,bm25_only,13,13,0,0,4,11,1,0,0.307692307692,0.846153846154
query_expansion,bm25,30,50,shared,34,34,0,0,32,34,1,0,0.941176470588,1
query_expansion,bm25,30,50,method_only,16,15,1,0,14,15,0.9375,0.0625,0.875,0.9375
query_expansion,bm25,30,50,bm25_only,16,14,2,0,6,14,0.875,0.125,0.375,0.875
query_expansion,bm25,31,50,shared,28,27,1,0,3,6,0.964285714286,0.0357142857143,0.107142857143,0.214285714286
query_expansion,bm25,31,50,method_only,22,21,1,0,6,12,0.954545454545,0.0454545454545,0.272727272727,0.545454545455
query_expansion,bm25,31,50,bm25_only,22,22,0,0,1,4,1,0,0.0454545454545,0.181818181818
query_expansion,bm25,32,50,shared,23,23,0,0,8,11,1,0,0.347826086957,0.478260869565
query_expansion,bm25,32,50,method_only,27,5,22,0,1,1,0.185185185185,0.814814814815,0.037037037037,0.037037037037
query_expansion,bm25,32,50,bm25_only,27,27,0,0,4,5,1,0,0.148148148148,0.185185185185
query_expansion,bm25,33,50,shared,32,32,0,0,16,26,1,0,0.5,0.8125
query_expansion,bm25,33,50,method_only,18,18,0,0,3,7,1,0,0.166666666667,0.388888888889
query_expansion,bm25,33,50,bm25_only,18,15,3,0,5,5,0.833333333333,0.166666666667,0.277777777778,0.277777777778
query_expansion,bm25,34,50,shared,20,15,5,0,6,9,0.75,0.25,0.3,0.45
query_expansion,bm25,34,50,method_only,30,23,7,0,5,7,0.766666666667,0.233333333333,0.166666666667,0.233333333333
query_expansion,bm25,34,50,bm25_only,30,8,22,0,0,0,0.266666666667,0.733333333333,0,0
query_expansion,bm25,35,50,shared,34,33,1,0,17,19,0.970588235294,0.0294117647059,0.5,0.558823529412
query_expansion,bm25,35,50,method_only,16,16,0,0,12,12,1,0,0.75,0.75
query_expansion,bm25,35,50,bm25_only,16,13,3,0,6,6,0.8125,0.1875,0.375,0.375
query_expansion,bm25,36,50,shared,37,37,0,0,34,34,1,0,0.918918918919,0.918918918919
query_expansion,bm25,36,50,method_only,13,12,1,0,11,12,0.923076923077,0.0769230769231,0.846153846154,0.923076923077
query_expansion,bm25,36,50,bm25_only,13,13,0,0,8,11,1,0,0.615384615385,0.846153846154
query_expansion,bm25,37,50,shared,38,38,0,0,18,31,1,0,0.473684210526,0.815789473684
query_expansion,bm25,37,50,method_only,12,11,1,0,6,7,0.916666666667,0.0833333333333,0.5,0.583333333333
query_expansion,bm25,37,50,bm25_only,12,12,0,0,7,11,1,0,0.583333333333,0.916666666667
query_expansion,bm25,38,50,shared,24,23,1,0,13,17,0.958333333333,0.0416666666667,0.541666666667,0.708333333333
query_expansion,bm25,38,50,method_only,26,25,1,0,17,25,0.961538461538,0.0384615384615,0.653846153846,0.961538461538
query_expansion,bm25,38,50,bm25_only,26,22,4,0,5,10,0.846153846154,0.153846153846,0.192307692308,0.384615384615
query_expansion,bm25,39,50,shared,36,36,0,0,30,36,1,0,0.833333333333,1
query_expansion,bm25,39,50,method_only,14,14,0,0,12,14,1,0,0.857142857143,1
query_expansion,bm25,39,50,bm25_only,14,14,0,0,8,13,1,0,0.571428571429,0.928571428571
query_expansion,bm25,40,50,shared,39,39,0,0,37,39,1,0,0.948717948718,1
query_expansion,bm25,40,50,method_only,11,11,0,0,9,11,1,0,0.818181818182,1
query_expansion,bm25,40,50,bm25_only,11,11,0,0,9,11,1,0,0.818181818182,1
query_expansion,bm25,41,50,shared,33,32,1,0,25,28,0.969696969697,0.030303030303,0.757575757576,0.848484848485
query_expansion,bm25,41,50,method_only,17,17,0,0,14,15,1,0,0.823529411765,0.882352941176
query_expansion,bm25,41,50,bm25_only,17,16,1,0,6,7,0.941176470588,0.0588235294118,0.352941176471,0.411764705882
query_expansion,bm25,42,50,shared,31,31,0,0,27,30,1,0,0.870967741935,0.967741935484
query_expansion,bm25,42,50,method_only,19,19,0,0,17,19,1,0,0.894736842105,1
query_expansion,bm25,42,50,bm25_only,19,19,0,0,7,8,1,0,0.368421052632,0.421052631579
query_expansion,bm25,43,50,shared,33,33,0,0,25,29,1,0,0.757575757576,0.878787878788
query_expansion,bm25,43,50,method_only,17,16,1,0,16,16,0.941176470588,0.0588235294118,0.941176470588,0.941176470588
query_expansion,bm25,43,50,bm25_only,17,17,0,0,12,12,1,0,0.705882352941,0.705882352941
query_expansion,bm25,44,50,shared,29,29,0,0,25,28,1,0,0.862068965517,0.965517241379
query_expansion,bm25,44,50,method_only,21,21,0,0,20,21,1,0,0.952380952381,1
query_expansion,bm25,44,50,bm25_only,21,16,5,0,4,7,0.761904761905,0.238095238095,0.190476190476,0.333333333333
query_expansion,bm25,45,50,shared,24,23,1,0,11,21,0.958333333333,0.0416666666667,0.458333333333,0.875
query_expansion,bm25,45,50,method_only,26,25,1,0,4,24,0.961538461538,0.0384615384615,0.153846153846,0.923076923077
query_expansion,bm25,45,50,bm25_only,26,23,3,0,8,19,0.884615384615,0.115384615385,0.307692307692,0.730769230769
query_expansion,bm25,46,50,shared,39,39,0,0,22,29,1,0,0.564102564103,0.74358974359
query_expansion,bm25,46,50,method_only,11,9,2,0,4,6,0.818181818182,0.181818181818,0.363636363636,0.545454545455
query_expansion,bm25,46,50,bm25_only,11,11,0,0,0,1,1,0,0,0.0909090909091
query_expansion,bm25,47,50,shared,21,20,1,0,13,17,0.952380952381,0.047619047619,0.619047619048,0.809523809524
query_expansion,bm25,47,50,method_only,29,25,4,0,17,18,0.862068965517,0.137931034483,0.586206896552,0.620689655172
query_expansion,bm25,47,50,bm25_only,29,10,19,0,0,0,0.344827586207,0.655172413793,0,0
query_expansion,bm25,48,50,shared,24,18,6,0,16,18,0.75,0.25,0.666666666667,0.75
query_expansion,bm25,48,50,method_only,26,26,0,0,24,26,1,0,0.923076923077,1
query_expansion,bm25,48,50,bm25_only,26,10,16,0,4,8,0.384615384615,0.615384615385,0.153846153846,0.307692307692
query_expansion,bm25,49,50,shared,17,17,0,0,5,12,1,0,0.294117647059,0.705882352941
query_expansion,bm25,49,50,method_only,33,33,0,0,15,24,1,0,0.454545454545,0.727272727273
query_expansion,bm25,49,50,bm25_only,33,29,4,0,0,1,0.878787878788,0.121212121212,0,0.030303030303
query_expansion,bm25,50,50,shared,20,20,0,0,7,13,1,0,0.35,0.65
query_expansion,bm25,50,50,method_only,30,27,3,0,4,11,0.9,0.1,0.133333333333,0.366666666667
query_expansion,bm25,50,50,bm25_only,30,20,10,0,1,4,0.666666666667,0.333333333333,0.0333333333333,0.133333333333
query_expansion,bm25,1,100,shared,54,36,18,0,12,28,0.666666666667,0.333333333333,0.222222222222,0.518518518519
query_expansion,bm25,1,100,method_only,46,37,9,0,9,29,0.804347826087,0.195652173913,0.195652173913,0.630434782609
query_expansion,bm25,1,100,bm25_only,46,18,28,0,2,3,0.391304347826,0.608695652174,0.0434782608696,0.0652173913043
query_expansion,bm25,2,100,shared,70,65,5,0,37,43,0.928571428571,0.0714285714286,0.528571428571,0.614285714286
query_expansion,bm25,2,100,method_only,30,23,7,0,13,17,0.766666666667,0.233333333333,0.433333333333,0.566666666667
query_expansion,bm25,2,100,bm25_only,30,13,17,0,0,0,0.433333333333,0.566666666667,0,0
query_expansion,bm25,3,100,shared,63,54,9,0,21,36,0.857142857143,0.142857142857,0.333333333333,0.571428571429
query_expansion,bm25,3,100,method_only,37,27,10,0,13,20,0.72972972973,0.27027027027,0.351351351351,0.540540540541
query_expansion,bm25,3,100,bm25_only,37,24,13,0,7,12,0.648648648649,0.351351351351,0.189189189189,0.324324324324
query_expansion,bm25,4,100,shared,65,50,15,0,17,23,0.769230769231,0.230769230769,0.261538461538,0.353846153846
query_expansion,bm25,4,100,method_only,35,24,11,0,9,15,0.685714285714,0.314285714286,0.257142857143,0.428571428571
query_expansion,bm25,4,100,bm25_only,35,19,16,0,1,3,0.542857142857,0.457142857143,0.0285714285714,0.0857142857143
query_expansion,bm25,5,100,shared,46,38,8,0,16,32,0.826086956522,0.173913043478,0.347826086957,0.695652173913
query_expansion,bm25,5,100,method_only,54,37,17,0,18,26,0.685185185185,0.314814814815,0.333333333333,0.481481481481
query_expansion,bm25,5,100,bm25_only,54,33,21,0,11,24,0.611111111111,0.388888888889,0.203703703704,0.444444444444
query_expansion,bm25,6,100,shared,50,45,5,0,42,44,0.9,0.1,0.84,0.88
query_expansion,bm25,6,100,method_only,50,32,18,0,25,29,0.64,0.36,0.5,0.58
query_expansion,bm25,6,100,bm25_only,50,22,28,0,10,16,0.44,0.56,0.2,0.32
query_expansion,bm25,7,100,shared,63,61,2,0,43,46,0.968253968254,0.031746031746,0.68253968254,0.730158730159
query_expansion,bm25,7,100,method_only,37,32,5,0,28,28,0.864864864865,0.135135135135,0.756756756757,0.756756756757
query_expansion,bm25,7,100,bm25_only,37,27,10,0,9,11,0.72972972973,0.27027027027,0.243243243243,0.297297297297
query_expansion,bm25,8,100,shared,54,43,11,0,27,38,0.796296296296,0.203703703704,0.5,0.703703703704
query_expansion,bm25,8,100,method_only,46,24,22,0,17,23,0.521739130435,0.478260869565,0.369565217391,0.5
query_expansion,bm25,8,100,bm25_only,46,18,28,0,2,5,0.391304347826,0.608695652174,0.0434782608696,0.108695652174
query_expansion,bm25,9,100,shared,69,63,6,0,12,19,0.913043478261,0.0869565217391,0.173913043478,0.275362318841
query_expansion,bm25,9,100,method_only,31,17,14,0,5,10,0.548387096774,0.451612903226,0.161290322581,0.322580645161
query_expansion,bm25,9,100,bm25_only,31,25,6,0,5,11,0.806451612903,0.193548387097,0.161290322581,0.354838709677
query_expansion,bm25,10,100,shared,66,63,3,0,35,54,0.954545454545,0.0454545454545,0.530303030303,0.818181818182
query_expansion,bm25,10,100,method_only,34,30,4,0,18,22,0.882352941176,0.117647058824,0.529411764706,0.647058823529
query_expansion,bm25,10,100,bm25_only,34,26,8,0,7,16,0.764705882353,0.235294117647,0.205882352941,0.470588235294
query_expansion,bm25,11,100,shared,77,65,12,0,20,30,0.844155844156,0.155844155844,0.25974025974,0.38961038961
query_expansion,bm25,11,100,method_only,23,13,10,0,6,8,0.565217391304,0.434782608696,0.260869565217,0.347826086957
query_expansion,bm25,11,100,bm25_only,23,20,3,0,0,4,0.869565217391,0.130434782609,0,0.173913043478
query_expansion,bm25,12,100,shared,55,48,7,0,10,27,0.872727272727,0.127272727273,0.181818181818,0.490909090909
query_expansion,bm25,12,100,method_only,45,29,16,0,7,17,0.644444444444,0.355555555556,0.155555555556,0.377777777778
query_expansion,bm25,12,100,bm25_only,45,30,15,0,3,16,0.666666666667,0.333333333333,0.0666666666667,0.355555555556
query_expansion,bm25,13,100,shared,65,57,8,0,27,49,0.876923076923,0.123076923077,0.415384615385,0.753846153846
query_expansion,bm25,13,100,method_only,35,26,9,0,10,21,0.742857142857,0.257142857143,0.285714285714,0.6
query_expansion,bm25,13,100,bm25_only,35,20,15,0,1,9,0.571428571429,0.428571428571,0.0285714285714,0.257142857143
query_expansion,bm25,14,100,shared,80,80,0,0,33,58,1,0,0.4125,0.725
query_expansion,bm25,14,100,method_only,20,14,6,0,5,8,0.7,0.3,0.25,0.4
query_expansion,bm25,14,100,bm25_only,20,16,4,0,2,7,0.8,0.2,0.1,0.35
query_expansion,bm25,15,100,shared,37,26,11,0,4,7,0.702702702703,0.297297297297,0.108108108108,0.189189189189
query_expansion,bm25,15,100,method_only,63,22,41,0,3,4,0.349206349206,0.650793650794,0.047619047619,0.0634920634921
query_expansion,bm25,15,100,bm25_only,63,23,40,0,0,0,0.365079365079,0.634920634921,0,0
query_expansion,bm25,16,100,shared,32,27,5,0,10,18,0.84375,0.15625,0.3125,0.5625
query_expansion,bm25,16,100,method_only,68,55,13,0,37,50,0.808823529412,0.191176470588,0.544117647059,0.735294117647
query_expansion,bm25,16,100,bm25_only,68,35,33,0,0,0,0.514705882353,0.485294117647,0,0
query_expansion,bm25,17,100,shared,51,45,6,0,20,33,0.882352941176,0.117647058824,0.392156862745,0.647058823529
query_expansion,bm25,17,100,method_only,49,37,12,0,16,30,0.755102040816,0.244897959184,0.326530612245,0.612244897959
query_expansion,bm25,17,100,bm25_only,49,33,16,0,7,24,0.673469387755,0.326530612245,0.142857142857,0.489795918367
query_expansion,bm25,18,100,shared,59,57,2,0,32,51,0.966101694915,0.0338983050847,0.542372881356,0.864406779661
query_expansion,bm25,18,100,method_only,41,33,8,0,23,28,0.80487804878,0.19512195122,0.560975609756,0.682926829268
query_expansion,bm25,18,100,bm25_only,41,31,10,0,15,24,0.756097560976,0.243902439024,0.365853658537,0.585365853659
query_expansion,bm25,19,100,shared,66,63,3,0,9,23,0.954545454545,0.0454545454545,0.136363636364,0.348484848485
query_expansion,bm25,19,100,method_only,34,29,5,0,5,9,0.852941176471,0.147058823529,0.147058823529,0.264705882353
query_expansion,bm25,19,100,bm25_only,34,20,14,0,1,3,0.588235294118,0.411764705882,0.0294117647059,0.0882352941176
query_expansion,bm25,20,100,shared,64,58,6,0,53,55,0.90625,0.09375,0.828125,0.859375
query_expansion,bm25,20,100,method_only,36,31,5,0,29,30,0.861111111111,0.138888888889,0.805555555556,0.833333333333
query_expansion,bm25,20,100,bm25_only,36,32,4,0,7,15,0.888888888889,0.111111111111,0.194444444444,0.416666666667
query_expansion,bm25,21,100,shared,65,60,5,0,38,40,0.923076923077,0.0769230769231,0.584615384615,0.615384615385
query_expansion,bm25,21,100,method_only,35,26,9,0,15,18,0.742857142857,0.257142857143,0.428571428571,0.514285714286
query_expansion,bm25,21,100,bm25_only,35,19,16,0,4,5,0.542857142857,0.457142857143,0.114285714286,0.142857142857
query_expansion,bm25,22,100,shared,65,55,10,0,45,53,0.846153846154,0.153846153846,0.692307692308,0.815384615385
query_expansion,bm25,22,100,method_only,35,30,5,0,27,30,0.857142857143,0.142857142857,0.771428571429,0.857142857143
query_expansion,bm25,22,100,bm25_only,35,18,17,0,4,9,0.514285714286,0.485714285714,0.114285714286,0.257142857143
query_expansion,bm25,23,100,shared,57,53,4,0,40,49,0.929824561404,0.0701754385965,0.701754385965,0.859649122807
query_expansion,bm25,23,100,method_only,43,35,8,0,25,32,0.813953488372,0.186046511628,0.581395348837,0.744186046512
query_expansion,bm25,23,100,bm25_only,43,15,28,0,0,3,0.348837209302,0.651162790698,0,0.0697674418605
query_expansion,bm25,24,100,shared,60,58,2,0,50,57,0.966666666667,0.0333333333333,0.833333333333,0.95
query_expansion,bm25,24,100,method_only,40,34,6,0,30,34,0.85,0.15,0.75,0.85
query_expansion,bm25,24,100,bm25_only,40,26,14,0,9,13,0.65,0.35,0.225,0.325
query_expansion,bm25,25,100,shared,39,30,9,0,10,11,0.769230769231,0.230769230769,0.25641025641,0.282051282051
query_expansion,bm25,25,100,method_only,61,34,27,0,23,27,0.55737704918,0.44262295082,0.377049180328,0.44262295082
query_expansion,bm25,25,100,bm25_only,61,36,25,0,4,6,0.590163934426,0.409836065574,0.0655737704918,0.0983606557377
query_expansion,bm25,26,100,shared,67,46,21,0,36,39,0.686567164179,0.313432835821,0.537313432836,0.582089552239
query_expansion,bm25,26,100,method_only,33,17,16,0,16,17,0.515151515152,0.484848484848,0.484848484848,0.515151515152
query_expansion,bm25,26,100,bm25_only,33,16,17,0,4,5,0.484848484848,0.515151515152,0.121212121212,0.151515151515
query_expansion,bm25,27,100,shared,57,55,2,0,47,54,0.964912280702,0.0350877192982,0.824561403509,0.947368421053
query_expansion,bm25,27,100,method_only,43,32,11,0,28,32,0.744186046512,0.255813953488,0.651162790698,0.744186046512
query_expansion,bm25,27,100,bm25_only,43,35,8,0,15,33,0.813953488372,0.186046511628,0.348837209302,0.767441860465
query_expansion,bm25,28,100,shared,76,66,10,0,58,59,0.868421052632,0.131578947368,0.763157894737,0.776315789474
query_expansion,bm25,28,100,method_only,24,20,4,0,20,20,0.833333333333,0.166666666667,0.833333333333,0.833333333333
query_expansion,bm25,28,100,bm25_only,24,18,6,0,13,15,0.75,0.25,0.541666666667,0.625
query_expansion,bm25,29,100,shared,78,77,1,0,36,53,0.987179487179,0.0128205128205,0.461538461538,0.679487179487
query_expansion,bm25,29,100,method_only,22,17,5,0,8,13,0.772727272727,0.227272727273,0.363636363636,0.590909090909
query_expansion,bm25,29,100,bm25_only,22,19,3,0,10,11,0.863636363636,0.136363636364,0.454545454545,0.5
query_expansion,bm25,30,100,shared,65,62,3,0,53,60,0.953846153846,0.0461538461538,0.815384615385,0.923076923077
query_expansion,bm25,30,100,method_only,35,23,12,0,18,22,0.657142857143,0.342857142857,0.514285714286,0.628571428571
query_expansion,bm25,30,100,bm25_only,35,32,3,0,15,27,0.914285714286,0.0857142857143,0.428571428571,0.771428571429
query_expansion,bm25,31,100,shared,57,56,1,0,11,19,0.982456140351,0.0175438596491,0.19298245614,0.333333333333
query_expansion,bm25,31,100,method_only,43,33,10,0,6,15,0.767441860465,0.232558139535,0.139534883721,0.348837209302
query_expansion,bm25,31,100,bm25_only,43,42,1,0,1,2,0.976744186047,0.0232558139535,0.0232558139535,0.046511627907
query_expansion,bm25,32,100,shared,32,31,1,0,9,13,0.96875,0.03125,0.28125,0.40625
query_expansion,bm25,32,100,method_only,68,11,57,0,2,3,0.161764705882,0.838235294118,0.0294117647059,0.0441176470588
query_expansion,bm25,32,100,bm25_only,68,47,21,0,4,4,0.691176470588,0.308823529412,0.0588235294118,0.0588235294118
query_expansion,bm25,33,100,shared,70,68,2,0,27,40,0.971428571429,0.0285714285714,0.385714285714,0.571428571429
query_expansion,bm25,33,100,method_only,30,29,1,0,7,12,0.966666666667,0.0333333333333,0.233333333333,0.4
query_expansion,bm25,33,100,bm25_only,30,16,14,0,3,4,0.533333333333,0.466666666667,0.1,0.133333333333
query_expansion,bm25,34,100,shared,41,30,11,0,6,11,0.731707317073,0.268292682927,0.146341463415,0.268292682927
query_expansion,bm25,34,100,method_only,59,33,26,0,8,12,0.559322033898,0.440677966102,0.135593220339,0.203389830508
query_expansion,bm25,34,100,bm25_only,59,19,40,0,3,5,0.322033898305,0.677966101695,0.0508474576271,0.0847457627119
query_expansion,bm25,35,100,shared,61,58,3,0,31,33,0.950819672131,0.0491803278689,0.508196721311,0.540983606557
query_expansion,bm25,35,100,method_only,39,29,10,0,13,14,0.74358974359,0.25641025641,0.333333333333,0.358974358974
query_expansion,bm25,35,100,bm25_only,39,26,13,0,12,12,0.666666666667,0.333333333333,0.307692307692,0.307692307692
query_expansion,bm25,36,100,shared,68,67,1,0,58,60,0.985294117647,0.0147058823529,0.852941176471,0.882352941176
query_expansion,bm25,36,100,method_only,32,30,2,0,20,23,0.9375,0.0625,0.625,0.71875
query_expansion,bm25,36,100,bm25_only,32,31,1,0,20,25,0.96875,0.03125,0.625,0.78125
query_expansion,bm25,37,100,shared,73,72,1,0,35,55,0.986301369863,0.013698630137,0.479452054795,0.753424657534
query_expansion,bm25,37,100,method_only,27,25,2,0,8,10,0.925925925926,0.0740740740741,0.296296296296,0.37037037037
query_expansion,bm25,37,100,bm25_only,27,27,0,0,14,18,1,0,0.518518518519,0.666666666667
query_expansion,bm25,38,100,shared,56,54,2,0,31,45,0.964285714286,0.0357142857143,0.553571428571,0.803571428571
query_expansion,bm25,38,100,method_only,44,39,5,0,29,38,0.886363636364,0.113636363636,0.659090909091,0.863636363636
query_expansion,bm25,38,100,bm25_only,44,31,13,0,5,10,0.704545454545,0.295454545455,0.113636363636,0.227272727273
query_expansion,bm25,39,100,shared,66,66,0,0,51,66,1,0,0.772727272727,1
query_expansion,bm25,39,100,method_only,34,33,1,0,22,31,0.970588235294,0.0294117647059,0.647058823529,0.911764705882
query_expansion,bm25,39,100,bm25_only,34,34,0,0,13,31,1,0,0.382352941176,0.911764705882
query_expansion,bm25,40,100,shared,85,84,1,0,75,84,0.988235294118,0.0117647058824,0.882352941176,0.988235294118
query_expansion,bm25,40,100,method_only,15,15,0,0,12,15,1,0,0.8,1
query_expansion,bm25,40,100,bm25_only,15,15,0,0,11,13,1,0,0.733333333333,0.866666666667
query_expansion,bm25,41,100,shared,73,71,2,0,49,56,0.972602739726,0.027397260274,0.671232876712,0.767123287671
query_expansion,bm25,41,100,method_only,27,24,3,0,12,13,0.888888888889,0.111111111111,0.444444444444,0.481481481481
query_expansion,bm25,41,100,bm25_only,27,26,1,0,6,6,0.962962962963,0.037037037037,0.222222222222,0.222222222222
query_expansion,bm25,42,100,shared,59,59,0,0,47,52,1,0,0.796610169492,0.881355932203
query_expansion,bm25,42,100,method_only,41,41,0,0,39,41,1,0,0.951219512195,1
query_expansion,bm25,42,100,bm25_only,41,36,5,0,14,17,0.878048780488,0.121951219512,0.341463414634,0.414634146341
query_expansion,bm25,43,100,shared,71,71,0,0,57,62,1,0,0.802816901408,0.87323943662
query_expansion,bm25,43,100,method_only,29,27,2,0,24,25,0.931034482759,0.0689655172414,0.827586206897,0.862068965517
query_expansion,bm25,43,100,bm25_only,29,28,1,0,12,16,0.965517241379,0.0344827586207,0.413793103448,0.551724137931
query_expansion,bm25,44,100,shared,55,55,0,0,41,49,1,0,0.745454545455,0.890909090909
query_expansion,bm25,44,100,method_only,45,44,1,0,34,43,0.977777777778,0.0222222222222,0.755555555556,0.955555555556
query_expansion,bm25,44,100,bm25_only,45,33,12,0,11,18,0.733333333333,0.266666666667,0.244444444444,0.4
query_expansion,bm25,45,100,shared,59,55,4,0,23,51,0.932203389831,0.0677966101695,0.389830508475,0.864406779661
query_expansion,bm25,45,100,method_only,41,37,4,0,10,34,0.90243902439,0.0975609756098,0.243902439024,0.829268292683
query_expansion,bm25,45,100,bm25_only,41,35,6,0,9,30,0.853658536585,0.146341463415,0.219512195122,0.731707317073
query_expansion,bm25,46,100,shared,59,58,1,0,25,34,0.983050847458,0.0169491525424,0.423728813559,0.576271186441
query_expansion,bm25,46,100,method_only,41,19,22,0,3,13,0.463414634146,0.536585365854,0.0731707317073,0.317073170732
query_expansion,bm25,46,100,bm25_only,41,29,12,0,5,6,0.707317073171,0.292682926829,0.121951219512,0.146341463415
query_expansion,bm25,47,100,shared,38,35,3,0,22,28,0.921052631579,0.0789473684211,0.578947368421,0.736842105263
query_expansion,bm25,47,100,method_only,62,48,14,0,29,36,0.774193548387,0.225806451613,0.467741935484,0.58064516129
query_expansion,bm25,47,100,bm25_only,62,25,37,0,3,3,0.403225806452,0.596774193548,0.0483870967742,0.0483870967742
query_expansion,bm25,48,100,shared,50,33,17,0,27,33,0.66,0.34,0.54,0.66
query_expansion,bm25,48,100,method_only,50,45,5,0,36,43,0.9,0.1,0.72,0.86
query_expansion,bm25,48,100,bm25_only,50,19,31,0,5,13,0.38,0.62,0.1,0.26
query_expansion,bm25,49,100,shared,39,38,1,0,7,18,0.974358974359,0.025641025641,0.179487179487,0.461538461538
query_expansion,bm25,49,100,method_only,61,59,2,0,29,44,0.967213114754,0.0327868852459,0.475409836066,0.72131147541
query_expansion,bm25,49,100,bm25_only,61,39,22,0,0,2,0.639344262295,0.360655737705,0,0.0327868852459
query_expansion,bm25,50,100,shared,52,45,7,0,8,22,0.865384615385,0.134615384615,0.153846153846,0.423076923077
query_expansion,bm25,50,100,method_only,48,42,6,0,6,16,0.875,0.125,0.125,0.333333333333
query_expansion,bm25,50,100,bm25_only,48,31,17,0,4,9,0.645833333333,0.354166666667,0.0833333333333,0.1875
query_expansion,bm25,1,1000,shared,714,310,404,0,77,164,0.434173669468,0.565826330532,0.107843137255,0.229691876751
query_expansion,bm25,1,1000,method_only,286,24,262,0,4,15,0.0839160839161,0.916083916084,0.013986013986,0.0524475524476
query_expansion,bm25,1,1000,bm25_only,286,17,269,0,0,1,0.0594405594406,0.940559440559,0,0.0034965034965
query_expansion,bm25,2,1000,shared,518,187,331,0,73,94,0.361003861004,0.638996138996,0.140926640927,0.181467181467
query_expansion,bm25,2,1000,method_only,482,89,393,0,38,50,0.184647302905,0.815352697095,0.0788381742739,0.103734439834
query_expansion,bm25,2,1000,bm25_only,482,16,466,0,0,0,0.0331950207469,0.966804979253,0,0
query_expansion,bm25,3,1000,shared,671,336,335,0,92,197,0.500745156483,0.499254843517,0.137108792846,0.293591654247
query_expansion,bm25,3,1000,method_only,329,43,286,0,15,32,0.130699088146,0.869300911854,0.0455927051672,0.09726443769
query_expansion,bm25,3,1000,bm25_only,329,66,263,0,0,19,0.200607902736,0.799392097264,0,0.0577507598784
query_expansion,bm25,4,1000,shared,662,254,408,0,61,123,0.383685800604,0.616314199396,0.0921450151057,0.18580060423
query_expansion,bm25,4,1000,method_only,338,56,282,0,21,31,0.165680473373,0.834319526627,0.0621301775148,0.0917159763314
query_expansion,bm25,4,1000,bm25_only,338,40,298,0,3,10,0.118343195266,0.881656804734,0.00887573964497,0.0295857988166
query_expansion,bm25,5,1000,shared,583,309,274,0,115,213,0.530017152659,0.469982847341,0.197255574614,0.365351629503
query_expansion,bm25,5,1000,method_only,417,43,374,0,10,20,0.103117505995,0.896882494005,0.0239808153477,0.0479616306954
query_expansion,bm25,5,1000,bm25_only,417,112,305,0,23,58,0.268585131894,0.731414868106,0.0551558752998,0.139088729017
query_expansion,bm25,6,1000,shared,583,313,270,0,226,273,0.536878216123,0.463121783877,0.387650085763,0.468267581475
query_expansion,bm25,6,1000,method_only,417,79,338,0,54,75,0.189448441247,0.810551558753,0.129496402878,0.179856115108
query_expansion,bm25,6,1000,bm25_only,417,65,352,0,23,36,0.15587529976,0.84412470024,0.0551558752998,0.0863309352518
query_expansion,bm25,7,1000,shared,668,441,227,0,288,303,0.660179640719,0.339820359281,0.431137724551,0.453592814371
query_expansion,bm25,7,1000,method_only,332,51,281,0,32,35,0.153614457831,0.846385542169,0.0963855421687,0.105421686747
query_expansion,bm25,7,1000,bm25_only,332,62,270,0,8,10,0.186746987952,0.813253012048,0.0240963855422,0.0301204819277
query_expansion,bm25,8,1000,shared,553,219,334,0,81,148,0.396021699819,0.603978300181,0.146473779385,0.267631103074
query_expansion,bm25,8,1000,method_only,447,90,357,0,43,73,0.201342281879,0.798657718121,0.0961968680089,0.163310961969
query_expansion,bm25,8,1000,bm25_only,447,45,402,0,0,8,0.10067114094,0.89932885906,0,0.0178970917226
query_expansion,bm25,9,1000,shared,761,272,489,0,57,107,0.357424441524,0.642575558476,0.0749014454665,0.140604467806
query_expansion,bm25,9,1000,method_only,239,21,218,0,4,8,0.0878661087866,0.912133891213,0.0167364016736,0.0334728033473
query_expansion,bm25,9,1000,bm25_only,239,20,219,0,2,3,0.0836820083682,0.916317991632,0.00836820083682,0.0125523012552
query_expansion,bm25,10,1000,shared,725,386,339,0,157,255,0.532413793103,0.467586206897,0.216551724138,0.351724137931
query_expansion,bm25,10,1000,method_only,275,54,221,0,13,31,0.196363636364,0.803636363636,0.0472727272727,0.112727272727
query_expansion,bm25,10,1000,bm25_only,275,44,231,0,5,16,0.16,0.84,0.0181818181818,0.0581818181818
query_expansion,bm25,11,1000,shared,714,312,402,0,67,125,0.436974789916,0.563025210084,0.093837535014,0.175070028011
query_expansion,bm25,11,1000,method_only,286,22,264,0,0,3,0.0769230769231,0.923076923077,0,0.0104895104895
query_expansion,bm25,11,1000,bm25_only,286,55,231,0,11,18,0.192307692308,0.807692307692,0.0384615384615,0.0629370629371
query_expansion,bm25,12,1000,shared,601,261,340,0,57,137,0.434276206323,0.565723793677,0.0948419301165,0.227953410982
query_expansion,bm25,12,1000,method_only,399,52,347,0,16,29,0.130325814536,0.869674185464,0.0401002506266,0.0726817042607
query_expansion,bm25,12,1000,bm25_only,399,66,333,0,11,29,0.165413533835,0.834586466165,0.0275689223058,0.0726817042607
query_expansion,bm25,13,1000,shared,701,323,378,0,98,233,0.460770328103,0.539229671897,0.139800285307,0.332382310984
query_expansion,bm25,13,1000,method_only,299,62,237,0,12,48,0.207357859532,0.792642140468,0.0401337792642,0.160535117057
query_expansion,bm25,13,1000,bm25_only,299,38,261,0,0,13,0.127090301003,0.872909698997,0,0.0434782608696
query_expansion,bm25,14,1000,shared,344,203,141,0,45,86,0.59011627907,0.40988372093,0.130813953488,0.25
query_expansion,bm25,14,1000,method_only,656,33,623,0,3,9,0.0503048780488,0.949695121951,0.00457317073171,0.0137195121951
query_expansion,bm25,14,1000,bm25_only,656,40,616,0,2,4,0.0609756097561,0.939024390244,0.0030487804878,0.00609756097561
query_expansion,bm25,15,1000,shared,456,148,308,0,7,15,0.324561403509,0.675438596491,0.015350877193,0.0328947368421
query_expansion,bm25,15,1000,method_only,544,52,492,0,11,22,0.0955882352941,0.904411764706,0.0202205882353,0.0404411764706
query_expansion,bm25,15,1000,bm25_only,544,81,463,0,0,2,0.148897058824,0.851102941176,0,0.00367647058824
query_expansion,bm25,16,1000,shared,537,237,300,0,53,94,0.441340782123,0.558659217877,0.098696461825,0.175046554935
query_expansion,bm25,16,1000,method_only,463,100,363,0,35,60,0.215982721382,0.784017278618,0.0755939524838,0.129589632829
query_expansion,bm25,16,1000,bm25_only,463,35,428,0,0,1,0.0755939524838,0.924406047516,0,0.00215982721382
query_expansion,bm25,17,1000,shared,657,352,305,0,124,268,0.535768645358,0.464231354642,0.188736681887,0.407914764079
query_expansion,bm25,17,1000,method_only,343,35,308,0,11,25,0.102040816327,0.897959183673,0.0320699708455,0.0728862973761
query_expansion,bm25,17,1000,bm25_only,343,59,284,0,20,39,0.172011661808,0.827988338192,0.0583090379009,0.113702623907
query_expansion,bm25,18,1000,shared,632,388,244,0,181,324,0.613924050633,0.386075949367,0.286392405063,0.512658227848
query_expansion,bm25,18,1000,method_only,368,36,332,0,14,27,0.0978260869565,0.902173913043,0.0380434782609,0.0733695652174
query_expansion,bm25,18,1000,bm25_only,368,69,299,0,9,21,0.1875,0.8125,0.0244565217391,0.0570652173913
query_expansion,bm25,19,1000,shared,570,258,312,0,23,61,0.452631578947,0.547368421053,0.040350877193,0.10701754386
query_expansion,bm25,19,1000,method_only,430,57,373,0,8,15,0.132558139535,0.867441860465,0.0186046511628,0.0348837209302
query_expansion,bm25,19,1000,bm25_only,430,29,401,0,0,1,0.0674418604651,0.932558139535,0,0.00232558139535
query_expansion,bm25,20,1000,shared,729,455,274,0,307,378,0.62414266118,0.37585733882,0.421124828532,0.518518518519
query_expansion,bm25,20,1000,method_only,271,25,246,0,17,24,0.0922509225092,0.907749077491,0.0627306273063,0.0885608856089
query_expansion,bm25,20,1000,bm25_only,271,51,220,0,6,37,0.188191881919,0.811808118081,0.0221402214022,0.136531365314
query_expansion,bm25,21,1000,shared,545,284,261,0,163,179,0.521100917431,0.478899082569,0.299082568807,0.328440366972
query_expansion,bm25,21,1000,method_only,455,102,353,0,72,79,0.224175824176,0.775824175824,0.158241758242,0.173626373626
query_expansion,bm25,21,1000,bm25_only,455,48,407,0,9,11,0.105494505495,0.894505494505,0.0197802197802,0.0241758241758
query_expansion,bm25,22,1000,shared,652,270,382,0,181,237,0.414110429448,0.585889570552,0.277607361963,0.363496932515
query_expansion,bm25,22,1000,method_only,348,36,312,0,28,32,0.103448275862,0.896551724138,0.0804597701149,0.0919540229885
query_expansion,bm25,22,1000,bm25_only,348,37,311,0,5,17,0.10632183908,0.89367816092,0.014367816092,0.0488505747126
query_expansion,bm25,23,1000,shared,622,278,344,0,116,176,0.446945337621,0.553054662379,0.186495176849,0.282958199357
query_expansion,bm25,23,1000,method_only,378,45,333,0,16,35,0.119047619048,0.880952380952,0.042328042328,0.0925925925926
query_expansion,bm25,23,1000,bm25_only,378,20,358,0,2,7,0.0529100529101,0.94708994709,0.00529100529101,0.0185185185185
query_expansion,bm25,24,1000,shared,574,302,272,0,213,260,0.526132404181,0.473867595819,0.371080139373,0.452961672474
query_expansion,bm25,24,1000,method_only,426,51,375,0,26,39,0.119718309859,0.880281690141,0.0610328638498,0.0915492957746
query_expansion,bm25,24,1000,bm25_only,426,43,383,0,3,12,0.100938967136,0.899061032864,0.00704225352113,0.0281690140845
query_expansion,bm25,25,1000,shared,644,270,374,0,83,110,0.419254658385,0.580745341615,0.128881987578,0.170807453416
query_expansion,bm25,25,1000,method_only,356,100,256,0,65,76,0.280898876404,0.719101123596,0.182584269663,0.213483146067
query_expansion,bm25,25,1000,bm25_only,356,73,283,0,4,7,0.205056179775,0.794943820225,0.0112359550562,0.0196629213483
query_expansion,bm25,26,1000,shared,682,287,395,0,196,224,0.42082111437,0.57917888563,0.287390029326,0.328445747801
query_expansion,bm25,26,1000,method_only,318,70,248,0,57,61,0.220125786164,0.779874213836,0.179245283019,0.191823899371
query_expansion,bm25,26,1000,bm25_only,318,37,281,0,13,19,0.116352201258,0.883647798742,0.0408805031447,0.059748427673
query_expansion,bm25,27,1000,shared,768,391,377,0,222,357,0.509114583333,0.490885416667,0.2890625,0.46484375
query_expansion,bm25,27,1000,method_only,232,6,226,0,2,5,0.0258620689655,0.974137931034,0.00862068965517,0.0215517241379
query_expansion,bm25,27,1000,bm25_only,232,46,186,0,5,31,0.198275862069,0.801724137931,0.0215517241379,0.133620689655
query_expansion,bm25,28,1000,shared,681,387,294,0,339,356,0.568281938326,0.431718061674,0.497797356828,0.522760646109
query_expansion,bm25,28,1000,method_only,319,29,290,0,22,26,0.0909090909091,0.909090909091,0.0689655172414,0.0815047021944
query_expansion,bm25,28,1000,bm25_only,319,36,283,0,24,27,0.112852664577,0.887147335423,0.0752351097179,0.0846394984326
query_expansion,bm25,29,1000,shared,667,396,271,0,172,263,0.593703148426,0.406296851574,0.257871064468,0.394302848576
query_expansion,bm25,29,1000,method_only,333,42,291,0,19,31,0.126126126126,0.873873873874,0.0570570570571,0.0930930930931
query_expansion,bm25,29,1000,bm25_only,333,81,252,0,27,43,0.243243243243,0.756756756757,0.0810810810811,0.129129129129
query_expansion,bm25,30,1000,shared,633,300,333,0,149,240,0.473933649289,0.526066350711,0.235387045814,0.379146919431
query_expansion,bm25,30,1000,method_only,367,31,336,0,5,18,0.0844686648501,0.91553133515,0.0136239782016,0.0490463215259
query_expansion,bm25,30,1000,bm25_only,367,37,330,0,1,12,0.100817438692,0.899182561308,0.00272479564033,0.0326975476839
query_expansion,bm25,31,1000,shared,721,362,359,0,32,92,0.502080443828,0.497919556172,0.0443828016644,0.127600554785
query_expansion,bm25,31,1000,method_only,279,38,241,0,6,10,0.136200716846,0.863799283154,0.0215053763441,0.0358422939068
query_expansion,bm25,31,1000,bm25_only,279,59,220,0,2,7,0.21146953405,0.78853046595,0.00716845878136,0.0250896057348
query_expansion,bm25,32,1000,shared,455,179,276,0,24,38,0.393406593407,0.606593406593,0.0527472527473,0.0835164835165
query_expansion,bm25,32,1000,method_only,545,104,441,0,11,14,0.190825688073,0.809174311927,0.0201834862385,0.0256880733945
query_expansion,bm25,32,1000,bm25_only,545,59,486,0,4,9,0.108256880734,0.891743119266,0.00733944954128,0.0165137614679
query_expansion,bm25,33,1000,shared,581,339,242,0,86,127,0.5834767642,0.4165232358,0.148020654045,0.218588640275
query_expansion,bm25,33,1000,method_only,419,48,371,0,15,33,0.114558472554,0.885441527446,0.035799522673,0.0787589498807
query_expansion,bm25,33,1000,bm25_only,419,91,328,0,8,13,0.217183770883,0.782816229117,0.0190930787589,0.0310262529833
query_expansion,bm25,34,1000,shared,603,217,386,0,36,57,0.359867330017,0.640132669983,0.0597014925373,0.0945273631841
query_expansion,bm25,34,1000,method_only,397,60,337,0,7,12,0.151133501259,0.848866498741,0.0176322418136,0.0302267002519
query_expansion,bm25,34,1000,bm25_only,397,14,383,0,0,0,0.0352644836272,0.964735516373,0,0
query_expansion,bm25,35,1000,shared,602,298,304,0,104,110,0.495016611296,0.504983388704,0.172757475083,0.182724252492
query_expansion,bm25,35,1000,method_only,398,32,366,0,6,11,0.0804020100503,0.91959798995,0.0150753768844,0.0276381909548
query_expansion,bm25,35,1000,bm25_only,398,44,354,0,7,8,0.110552763819,0.889447236181,0.0175879396985,0.0201005025126
query_expansion,bm25,36,1000,shared,687,468,219,0,333,365,0.681222707424,0.318777292576,0.484716157205,0.531295487627
query_expansion,bm25,36,1000,method_only,313,63,250,0,24,27,0.201277955272,0.798722044728,0.0766773162939,0.0862619808307
query_expansion,bm25,36,1000,bm25_only,313,100,213,0,46,65,0.319488817891,0.680511182109,0.14696485623,0.207667731629
query_expansion,bm25,37,1000,shared,707,502,205,0,211,284,0.710042432815,0.289957567185,0.298444130127,0.401697312588
query_expansion,bm25,37,1000,method_only,293,53,240,0,13,24,0.180887372014,0.819112627986,0.0443686006826,0.0819112627986
query_expansion,bm25,37,1000,bm25_only,293,67,226,0,20,23,0.22866894198,0.77133105802,0.0682593856655,0.0784982935154
query_expansion,bm25,38,1000,shared,575,398,177,0,194,332,0.692173913043,0.307826086957,0.337391304348,0.577391304348
query_expansion,bm25,38,1000,method_only,425,124,301,0,83,115,0.291764705882,0.708235294118,0.195294117647,0.270588235294
query_expansion,bm25,38,1000,bm25_only,425,123,302,0,20,60,0.289411764706,0.710588235294,0.0470588235294,0.141176470588
query_expansion,bm25,39,1000,shared,786,557,229,0,323,531,0.708651399491,0.291348600509,0.410941475827,0.675572519084
query_expansion,bm25,39,1000,method_only,214,17,197,0,5,14,0.0794392523364,0.920560747664,0.0233644859813,0.0654205607477
query_expansion,bm25,39,1000,bm25_only,214,73,141,0,26,63,0.341121495327,0.658878504673,0.121495327103,0.294392523364
query_expansion,bm25,40,1000,shared,654,470,184,0,269,357,0.718654434251,0.281345565749,0.411314984709,0.545871559633
query_expansion,bm25,40,1000,method_only,346,60,286,0,25,47,0.173410404624,0.826589595376,0.0722543352601,0.135838150289
query_expansion,bm25,40,1000,bm25_only,346,86,260,0,9,17,0.248554913295,0.751445086705,0.0260115606936,0.0491329479769
query_expansion,bm25,41,1000,shared,524,259,265,0,93,113,0.49427480916,0.50572519084,0.177480916031,0.215648854962
query_expansion,bm25,41,1000,method_only,476,123,353,0,73,88,0.258403361345,0.741596638655,0.153361344538,0.18487394958
query_expansion,bm25,41,1000,bm25_only,476,39,437,0,4,8,0.0819327731092,0.918067226891,0.00840336134454,0.0168067226891
query_expansion,bm25,42,1000,shared,629,321,308,0,168,186,0.510333863275,0.489666136725,0.267090620032,0.295707472178
query_expansion,bm25,42,1000,method_only,371,18,353,0,8,9,0.0485175202156,0.951482479784,0.0215633423181,0.0242587601078
query_expansion,bm25,42,1000,bm25_only,371,14,357,0,2,2,0.0377358490566,0.962264150943,0.00539083557951,0.00539083557951
query_expansion,bm25,43,1000,shared,421,256,165,0,123,152,0.608076009501,0.391923990499,0.29216152019,0.361045130641
query_expansion,bm25,43,1000,method_only,579,40,539,0,7,14,0.0690846286701,0.93091537133,0.0120898100173,0.0241796200345
query_expansion,bm25,43,1000,bm25_only,579,69,510,0,4,10,0.119170984456,0.880829015544,0.00690846286701,0.0172711571675
query_expansion,bm25,44,1000,shared,575,366,209,0,211,284,0.63652173913,0.36347826087,0.366956521739,0.493913043478
query_expansion,bm25,44,1000,method_only,425,106,319,0,60,88,0.249411764706,0.750588235294,0.141176470588,0.207058823529
query_expansion,bm25,44,1000,bm25_only,425,65,360,0,5,14,0.152941176471,0.847058823529,0.0117647058824,0.0329411764706
query_expansion,bm25,45,1000,shared,660,432,228,0,207,395,0.654545454545,0.345454545455,0.313636363636,0.598484848485
query_expansion,bm25,45,1000,method_only,340,40,300,0,12,34,0.117647058824,0.882352941176,0.0352941176471,0.1
query_expansion,bm25,45,1000,bm25_only,340,137,203,0,74,110,0.402941176471,0.597058823529,0.217647058824,0.323529411765
query_expansion,bm25,46,1000,shared,537,193,344,0,46,82,0.359404096834,0.640595903166,0.0856610800745,0.15270018622
query_expansion,bm25,46,1000,method_only,463,31,432,0,12,21,0.0669546436285,0.933045356371,0.0259179265659,0.0453563714903
query_expansion,bm25,46,1000,bm25_only,463,39,424,0,3,6,0.0842332613391,0.915766738661,0.00647948164147,0.0129589632829
query_expansion,bm25,47,1000,shared,562,277,285,0,133,173,0.492882562278,0.507117437722,0.23665480427,0.307829181495
query_expansion,bm25,47,1000,method_only,438,80,358,0,49,57,0.182648401826,0.817351598174,0.111872146119,0.130136986301
query_expansion,bm25,47,1000,bm25_only,438,74,364,0,10,15,0.168949771689,0.831050228311,0.0228310502283,0.0342465753425
query_expansion,bm25,48,1000,shared,749,256,493,0,140,216,0.341789052069,0.658210947931,0.18691588785,0.288384512684
query_expansion,bm25,48,1000,method_only,251,37,214,0,22,32,0.147410358566,0.852589641434,0.0876494023904,0.127490039841
query_expansion,bm25,48,1000,bm25_only,251,24,227,0,2,6,0.0956175298805,0.90438247012,0.00796812749004,0.0239043824701
query_expansion,bm25,49,1000,shared,472,255,217,0,46,93,0.540254237288,0.459745762712,0.0974576271186,0.197033898305
query_expansion,bm25,49,1000,method_only,528,98,430,0,34,52,0.185606060606,0.814393939394,0.0643939393939,0.0984848484848
query_expansion,bm25,49,1000,bm25_only,528,67,461,0,0,0,0.126893939394,0.873106060606,0,0
query_expansion,bm25,50,1000,shared,613,296,317,0,29,71,0.482871125612,0.517128874388,0.047308319739,0.115823817292
query_expansion,bm25,50,1000,method_only,387,76,311,0,3,15,0.196382428941,0.803617571059,0.0077519379845,0.0387596899225
query_expansion,bm25,50,1000,bm25_only,387,68,319,0,0,5,0.175710594315,0.824289405685,0,0.0129198966408
retrieval_random,bm25,1,20,shared,1,1,0,0,0,1,1,0,0,1
retrieval_random,bm25,1,20,method_only,19,12,7,0,4,11,0.631578947368,0.368421052632,0.210526315789,0.578947368421
retrieval_random,bm25,1,20,bm25_only,19,16,3,0,3,10,0.842105263158,0.157894736842,0.157894736842,0.526315789474
retrieval_random,bm25,2,20,shared,2,2,0,0,1,1,1,0,0.5,0.5
retrieval_random,bm25,2,20,method_only,18,14,4,0,11,11,0.777777777778,0.222222222222,0.611111111111,0.611111111111
retrieval_random,bm25,2,20,bm25_only,18,17,1,0,6,6,0.944444444444,0.0555555555556,0.333333333333,0.333333333333
retrieval_random,bm25,3,20,shared,3,3,0,0,0,1,1,0,0,0.333333333333
retrieval_random,bm25,3,20,method_only,17,14,3,0,6,12,0.823529411765,0.176470588235,0.352941176471,0.705882352941
retrieval_random,bm25,3,20,bm25_only,17,15,2,0,4,6,0.882352941176,0.117647058824,0.235294117647,0.352941176471
retrieval_random,bm25,4,20,shared,8,8,0,0,1,1,1,0,0.125,0.125
retrieval_random,bm25,4,20,method_only,12,9,3,0,6,7,0.75,0.25,0.5,0.583333333333
retrieval_random,bm25,4,20,bm25_only,12,12,0,0,1,2,1,0,0.0833333333333,0.166666666667
retrieval_random,bm25,5,20,shared,4,3,1,0,2,3,0.75,0.25,0.5,0.75
retrieval_random,bm25,5,20,method_only,16,10,6,0,6,9,0.625,0.375,0.375,0.5625
retrieval_random,bm25,5,20,bm25_only,16,15,1,0,5,13,0.9375,0.0625,0.3125,0.8125
retrieval_random,bm25,6,20,shared,3,3,0,0,1,2,1,0,0.333333333333,0.666666666667
retrieval_random,bm25,6,20,method_only,17,12,5,0,12,12,0.705882352941,0.294117647059,0.705882352941,0.705882352941
retrieval_random,bm25,6,20,bm25_only,17,16,1,0,14,15,0.941176470588,0.0588235294118,0.823529411765,0.882352941176
retrieval_random,bm25,7,20,shared,4,4,0,0,4,4,1,0,1,1
retrieval_random,bm25,7,20,method_only,16,14,2,0,9,9,0.875,0.125,0.5625,0.5625
retrieval_random,bm25,7,20,bm25_only,16,16,0,0,9,10,1,0,0.5625,0.625
retrieval_random,bm25,8,20,shared,2,1,1,0,1,1,0.5,0.5,0.5,0.5
retrieval_random,bm25,8,20,method_only,18,15,3,0,11,12,0.833333333333,0.166666666667,0.611111111111,0.666666666667
retrieval_random,bm25,8,20,bm25_only,18,14,4,0,8,11,0.777777777778,0.222222222222,0.444444444444,0.611111111111
retrieval_random,bm25,9,20,shared,5,5,0,0,0,0,1,0,0,0
retrieval_random,bm25,9,20,method_only,15,14,1,0,2,5,0.933333333333,0.0666666666667,0.133333333333,0.333333333333
retrieval_random,bm25,9,20,bm25_only,15,15,0,0,2,4,1,0,0.133333333333,0.266666666667
retrieval_random,bm25,10,20,shared,3,3,0,0,2,3,1,0,0.666666666667,1
retrieval_random,bm25,10,20,method_only,17,16,1,0,10,14,0.941176470588,0.0588235294118,0.588235294118,0.823529411765
retrieval_random,bm25,10,20,bm25_only,17,17,0,0,12,15,1,0,0.705882352941,0.882352941176
retrieval_random,bm25,11,20,shared,7,6,1,0,5,6,0.857142857143,0.142857142857,0.714285714286,0.857142857143
retrieval_random,bm25,11,20,method_only,13,12,1,0,6,8,0.923076923077,0.0769230769231,0.461538461538,0.615384615385
retrieval_random,bm25,11,20,bm25_only,13,12,1,0,3,4,0.923076923077,0.0769230769231,0.230769230769,0.307692307692
retrieval_random,bm25,12,20,shared,3,3,0,0,1,2,1,0,0.333333333333,0.666666666667
retrieval_random,bm25,12,20,method_only,17,14,3,0,4,9,0.823529411765,0.176470588235,0.235294117647,0.529411764706
retrieval_random,bm25,12,20,bm25_only,17,13,4,0,2,8,0.764705882353,0.235294117647,0.117647058824,0.470588235294
retrieval_random,bm25,13,20,shared,6,5,1,0,1,4,0.833333333333,0.166666666667,0.166666666667,0.666666666667
retrieval_random,bm25,13,20,method_only,14,10,4,0,4,7,0.714285714286,0.285714285714,0.285714285714,0.5
retrieval_random,bm25,13,20,bm25_only,14,14,0,0,6,12,1,0,0.428571428571,0.857142857143
retrieval_random,bm25,14,20,shared,8,8,0,0,4,7,1,0,0.5,0.875
retrieval_random,bm25,14,20,method_only,12,11,1,0,6,10,0.916666666667,0.0833333333333,0.5,0.833333333333
retrieval_random,bm25,14,20,bm25_only,12,12,0,0,7,9,1,0,0.583333333333,0.75
retrieval_random,bm25,15,20,shared,4,3,1,0,1,2,0.75,0.25,0.25,0.5
retrieval_random,bm25,15,20,method_only,16,7,9,0,3,4,0.4375,0.5625,0.1875,0.25
retrieval_random,bm25,15,20,bm25_only,16,11,5,0,1,2,0.6875,0.3125,0.0625,0.125
retrieval_random,bm25,16,20,shared,1,1,0,0,1,1,1,0,1,1
retrieval_random,bm25,16,20,method_only,19,14,5,0,7,12,0.736842105263,0.263157894737,0.368421052632,0.631578947368
retrieval_random,bm25,16,20,bm25_only,19,16,3,0,3,5,0.842105263158,0.157894736842,0.157894736842,0.263157894737
retrieval_random,bm25,17,20,shared,2,2,0,0,2,2,1,0,1,1
retrieval_random,bm25,17,20,method_only,18,16,2,0,11,15,0.888888888889,0.111111111111,0.611111111111,0.833333333333
retrieval_random,bm25,17,20,bm25_only,18,16,2,0,5,10,0.888888888889,0.111111111111,0.277777777778,0.555555555556
retrieval_random,bm25,18,20,shared,7,7,0,0,4,6,1,0,0.571428571429,0.857142857143
retrieval_random,bm25,18,20,method_only,13,13,0,0,9,11,1,0,0.692307692308,0.846153846154
retrieval_random,bm25,18,20,bm25_only,13,13,0,0,6,9,1,0,0.461538461538,0.692307692308
retrieval_random,bm25,19,20,shared,4,4,0,0,1,3,1,0,0.25,0.75
retrieval_random,bm25,19,20,method_only,16,14,2,0,1,3,0.875,0.125,0.0625,0.1875
retrieval_random,bm25,19,20,bm25_only,16,16,0,0,4,11,1,0,0.25,0.6875
retrieval_random,bm25,20,20,shared,8,8,0,0,8,8,1,0,1,1
retrieval_random,bm25,20,20,method_only,12,11,1,0,11,11,0.916666666667,0.0833333333333,0.916666666667,0.916666666667
retrieval_random,bm25,20,20,bm25_only,12,10,2,0,9,9,0.833333333333,0.166666666667,0.75,0.75
retrieval_random,bm25,21,20,shared,6,5,1,0,1,2,0.833333333333,0.166666666667,0.166666666667,0.333333333333
retrieval_random,bm25,21,20,method_only,14,11,3,0,8,8,0.785714285714,0.214285714286,0.571428571429,0.571428571429
retrieval_random,bm25,21,20,bm25_only,14,13,1,0,6,7,0.928571428571,0.0714285714286,0.428571428571,0.5
retrieval_random,bm25,22,20,shared,2,1,1,0,1,1,0.5,0.5,0.5,0.5
retrieval_random,bm25,22,20,method_only,18,12,6,0,12,12,0.666666666667,0.333333333333,0.666666666667,0.666666666667
retrieval_random,bm25,22,20,bm25_only,18,15,3,0,13,15,0.833333333333,0.166666666667,0.722222222222,0.833333333333
retrieval_random,bm25,23,20,shared,5,5,0,0,3,3,1,0,0.6,0.6
retrieval_random,bm25,23,20,method_only,15,12,3,0,10,11,0.8,0.2,0.666666666667,0.733333333333
retrieval_random,bm25,23,20,bm25_only,15,14,1,0,12,13,0.933333333333,0.0666666666667,0.8,0.866666666667
retrieval_random,bm25,24,20,shared,4,4,0,0,3,3,1,0,0.75,0.75
retrieval_random,bm25,24,20,method_only,16,15,1,0,14,15,0.9375,0.0625,0.875,0.9375
retrieval_random,bm25,24,20,bm25_only,16,14,2,0,10,12,0.875,0.125,0.625,0.75
retrieval_random,bm25,25,20,shared,0,0,0,0,0,0,,,,
retrieval_random,bm25,25,20,method_only,20,10,10,0,5,5,0.5,0.5,0.25,0.25
retrieval_random,bm25,25,20,bm25_only,20,15,5,0,3,3,0.75,0.25,0.15,0.15
retrieval_random,bm25,26,20,shared,4,4,0,0,1,1,1,0,0.25,0.25
retrieval_random,bm25,26,20,method_only,16,8,8,0,7,7,0.5,0.5,0.4375,0.4375
retrieval_random,bm25,26,20,bm25_only,16,13,3,0,11,11,0.8125,0.1875,0.6875,0.6875
retrieval_random,bm25,27,20,shared,2,2,0,0,1,1,1,0,0.5,0.5
retrieval_random,bm25,27,20,method_only,18,15,3,0,14,15,0.833333333333,0.166666666667,0.777777777778,0.833333333333
retrieval_random,bm25,27,20,bm25_only,18,16,2,0,15,16,0.888888888889,0.111111111111,0.833333333333,0.888888888889
retrieval_random,bm25,28,20,shared,4,4,0,0,4,4,1,0,1,1
retrieval_random,bm25,28,20,method_only,16,13,3,0,13,13,0.8125,0.1875,0.8125,0.8125
retrieval_random,bm25,28,20,bm25_only,16,16,0,0,13,14,1,0,0.8125,0.875
retrieval_random,bm25,29,20,shared,2,2,0,0,2,2,1,0,1,1
retrieval_random,bm25,29,20,method_only,18,17,1,0,8,10,0.944444444444,0.0555555555556,0.444444444444,0.555555555556
retrieval_random,bm25,29,20,bm25_only,18,18,0,0,11,15,1,0,0.611111111111,0.833333333333
retrieval_random,bm25,30,20,shared,6,6,0,0,6,6,1,0,1,1
retrieval_random,bm25,30,20,method_only,14,12,2,0,10,11,0.857142857143,0.142857142857,0.714285714286,0.785714285714
retrieval_random,bm25,30,20,bm25_only,14,14,0,0,13,14,1,0,0.928571428571,1
retrieval_random,bm25,31,20,shared,5,5,0,0,1,1,1,0,0.2,0.2
retrieval_random,bm25,31,20,method_only,15,15,0,0,2,4,1,0,0.133333333333,0.266666666667
retrieval_random,bm25,31,20,bm25_only,15,14,1,0,1,3,0.933333333333,0.0666666666667,0.0666666666667,0.2
retrieval_random,bm25,32,20,shared,4,4,0,0,0,1,1,0,0,0.25
retrieval_random,bm25,32,20,method_only,16,2,14,0,0,0,0.125,0.875,0,0
retrieval_random,bm25,32,20,bm25_only,16,16,0,0,6,8,1,0,0.375,0.5
retrieval_random,bm25,33,20,shared,2,2,0,0,2,2,1,0,1,1
retrieval_random,bm25,33,20,method_only,18,17,1,0,3,8,0.944444444444,0.0555555555556,0.166666666667,0.444444444444
retrieval_random,bm25,33,20,bm25_only,18,18,0,0,6,12,1,0,0.333333333333,0.666666666667
retrieval_random,bm25,34,20,shared,4,4,0,0,1,1,1,0,0.25,0.25
retrieval_random,bm25,34,20,method_only,16,10,6,0,1,2,0.625,0.375,0.0625,0.125
retrieval_random,bm25,34,20,bm25_only,16,10,6,0,4,6,0.625,0.375,0.25,0.375
retrieval_random,bm25,35,20,shared,6,6,0,0,2,2,1,0,0.333333333333,0.333333333333
retrieval_random,bm25,35,20,method_only,14,12,2,0,4,6,0.857142857143,0.142857142857,0.285714285714,0.428571428571
retrieval_random,bm25,35,20,bm25_only,14,14,0,0,7,7,1,0,0.5,0.5
retrieval_random,bm25,36,20,shared,5,5,0,0,5,5,1,0,1,1
retrieval_random,bm25,36,20,method_only,15,14,1,0,12,12,0.933333333333,0.0666666666667,0.8,0.8
retrieval_random,bm25,36,20,bm25_only,15,15,0,0,13,14,1,0,0.866666666667,0.933333333333
retrieval_random,bm25,37,20,shared,3,3,0,0,1,2,1,0,0.333333333333,0.666666666667
retrieval_random,bm25,37,20,method_only,17,17,0,0,6,12,1,0,0.352941176471,0.705882352941
retrieval_random,bm25,37,20,bm25_only,17,17,0,0,8,14,1,0,0.470588235294,0.823529411765
retrieval_random,bm25,38,20,shared,6,6,0,0,4,4,1,0,0.666666666667,0.666666666667
retrieval_random,bm25,38,20,method_only,14,12,2,0,7,12,0.857142857143,0.142857142857,0.5,0.857142857143
retrieval_random,bm25,38,20,bm25_only,14,14,0,0,7,8,1,0,0.5,0.571428571429
retrieval_random,bm25,39,20,shared,3,3,0,0,3,3,1,0,1,1
retrieval_random,bm25,39,20,method_only,17,17,0,0,11,16,1,0,0.647058823529,0.941176470588
retrieval_random,bm25,39,20,bm25_only,17,17,0,0,14,17,1,0,0.823529411765,1
retrieval_random,bm25,40,20,shared,4,4,0,0,4,4,1,0,1,1
retrieval_random,bm25,40,20,method_only,16,16,0,0,14,16,1,0,0.875,1
retrieval_random,bm25,40,20,bm25_only,16,16,0,0,16,16,1,0,1,1
retrieval_random,bm25,41,20,shared,6,6,0,0,6,6,1,0,1,1
retrieval_random,bm25,41,20,method_only,14,13,1,0,8,9,0.928571428571,0.0714285714286,0.571428571429,0.642857142857
retrieval_random,bm25,41,20,bm25_only,14,14,0,0,9,9,1,0,0.642857142857,0.642857142857
retrieval_random,bm25,42,20,shared,2,2,0,0,2,2,1,0,1,1
retrieval_random,bm25,42,20,method_only,18,18,0,0,16,16,1,0,0.888888888889,0.888888888889
retrieval_random,bm25,42,20,bm25_only,18,18,0,0,10,13,1,0,0.555555555556,0.722222222222
retrieval_random,bm25,43,20,shared,4,4,0,0,3,3,1,0,0.75,0.75
retrieval_random,bm25,43,20,method_only,16,16,0,0,15,15,1,0,0.9375,0.9375
retrieval_random,bm25,43,20,bm25_only,16,16,0,0,10,13,1,0,0.625,0.8125
retrieval_random,bm25,44,20,shared,4,4,0,0,2,3,1,0,0.5,0.75
retrieval_random,bm25,44,20,method_only,16,15,1,0,10,12,0.9375,0.0625,0.625,0.75
retrieval_random,bm25,44,20,bm25_only,16,15,1,0,12,15,0.9375,0.0625,0.75,0.9375
retrieval_random,bm25,45,20,shared,7,7,0,0,4,6,1,0,0.571428571429,0.857142857143
retrieval_random,bm25,45,20,method_only,13,12,1,0,6,12,0.923076923077,0.0769230769231,0.461538461538,0.923076923077
retrieval_random,bm25,45,20,bm25_only,13,12,1,0,7,12,0.923076923077,0.0769230769231,0.538461538462,0.923076923077
retrieval_random,bm25,46,20,shared,3,3,0,0,1,1,1,0,0.333333333333,0.333333333333
retrieval_random,bm25,46,20,method_only,17,15,2,0,7,10,0.882352941176,0.117647058824,0.411764705882,0.588235294118
retrieval_random,bm25,46,20,bm25_only,17,17,0,0,8,13,1,0,0.470588235294,0.764705882353
retrieval_random,bm25,47,20,shared,1,1,0,0,1,1,1,0,1,1
retrieval_random,bm25,47,20,method_only,19,16,3,0,10,12,0.842105263158,0.157894736842,0.526315789474,0.631578947368
retrieval_random,bm25,47,20,bm25_only,19,13,6,0,3,5,0.684210526316,0.315789473684,0.157894736842,0.263157894737
retrieval_random,bm25,48,20,shared,4,4,0,0,4,4,1,0,1,1
retrieval_random,bm25,48,20,method_only,16,15,1,0,12,15,0.9375,0.0625,0.75,0.9375
retrieval_random,bm25,48,20,bm25_only,16,13,3,0,11,12,0.8125,0.1875,0.6875,0.75
retrieval_random,bm25,49,20,shared,3,3,0,0,1,1,1,0,0.333333333333,0.333333333333
retrieval_random,bm25,49,20,method_only,17,17,0,0,6,10,1,0,0.352941176471,0.588235294118
retrieval_random,bm25,49,20,bm25_only,17,16,1,0,2,6,0.941176470588,0.0588235294118,0.117647058824,0.352941176471
retrieval_random,bm25,50,20,shared,6,6,0,0,2,3,1,0,0.333333333333,0.5
retrieval_random,bm25,50,20,method_only,14,12,2,0,2,4,0.857142857143,0.142857142857,0.142857142857,0.285714285714
retrieval_random,bm25,50,20,bm25_only,14,14,0,0,5,12,1,0,0.357142857143,0.857142857143
retrieval_random,bm25,1,50,shared,5,3,2,0,1,3,0.6,0.4,0.2,0.6
retrieval_random,bm25,1,50,method_only,45,26,19,0,8,16,0.577777777778,0.422222222222,0.177777777778,0.355555555556
retrieval_random,bm25,1,50,bm25_only,45,29,16,0,5,13,0.644444444444,0.355555555556,0.111111111111,0.288888888889
retrieval_random,bm25,2,50,shared,8,8,0,0,6,6,1,0,0.75,0.75
retrieval_random,bm25,2,50,method_only,42,20,22,0,12,12,0.47619047619,0.52380952381,0.285714285714,0.285714285714
retrieval_random,bm25,2,50,bm25_only,42,41,1,0,17,22,0.97619047619,0.0238095238095,0.404761904762,0.52380952381
retrieval_random,bm25,3,50,shared,7,6,1,0,2,4,0.857142857143,0.142857142857,0.285714285714,0.571428571429
retrieval_random,bm25,3,50,method_only,43,32,11,0,11,25,0.744186046512,0.255813953488,0.255813953488,0.581395348837
retrieval_random,bm25,3,50,bm25_only,43,37,6,0,10,20,0.860465116279,0.139534883721,0.232558139535,0.46511627907
retrieval_random,bm25,4,50,shared,14,12,2,0,4,4,0.857142857143,0.142857142857,0.285714285714,0.285714285714
retrieval_random,bm25,4,50,method_only,36,16,20,0,7,9,0.444444444444,0.555555555556,0.194444444444,0.25
retrieval_random,bm25,4,50,bm25_only,36,27,9,0,5,8,0.75,0.25,0.138888888889,0.222222222222
retrieval_random,bm25,5,50,shared,7,5,2,0,3,4,0.714285714286,0.285714285714,0.428571428571,0.571428571429
retrieval_random,bm25,5,50,method_only,43,23,20,0,11,20,0.53488372093,0.46511627907,0.255813953488,0.46511627907
retrieval_random,bm25,5,50,bm25_only,43,36,7,0,10,28,0.837209302326,0.162790697674,0.232558139535,0.651162790698
retrieval_random,bm25,6,50,shared,8,7,1,0,5,6,0.875,0.125,0.625,0.75
retrieval_random,bm25,6,50,method_only,42,26,16,0,24,25,0.619047619048,0.380952380952,0.571428571429,0.595238095238
retrieval_random,bm25,6,50,bm25_only,42,32,10,0,23,27,0.761904761905,0.238095238095,0.547619047619,0.642857142857
retrieval_random,bm25,7,50,shared,13,12,1,0,8,8,0.923076923077,0.0769230769231,0.615384615385,0.615384615385
retrieval_random,bm25,7,50,method_only,37,34,3,0,22,23,0.918918918919,0.0810810810811,0.594594594595,0.621621621622
retrieval_random,bm25,7,50,bm25_only,37,34,3,0,23,26,0.918918918919,0.0810810810811,0.621621621622,0.702702702703
retrieval_random,bm25,8,50,shared,9,8,1,0,4,6,0.888888888889,0.111111111111,0.444444444444,0.666666666667
retrieval_random,bm25,8,50,method_only,41,22,19,0,15,19,0.536585365854,0.463414634146,0.365853658537,0.463414634146
retrieval_random,bm25,8,50,bm25_only,41,25,16,0,12,17,0.609756097561,0.390243902439,0.292682926829,0.414634146341
retrieval_random,bm25,9,50,shared,16,16,0,0,1,3,1,0,0.0625,0.1875
retrieval_random,bm25,9,50,method_only,34,21,13,0,5,8,0.617647058824,0.382352941176,0.147058823529,0.235294117647
retrieval_random,bm25,9,50,bm25_only,34,32,2,0,8,14,0.941176470588,0.0588235294118,0.235294117647,0.411764705882
retrieval_random,bm25,10,50,shared,13,12,1,0,7,11,0.923076923077,0.0769230769231,0.538461538462,0.846153846154
retrieval_random,bm25,10,50,method_only,37,31,6,0,14,23,0.837837837838,0.162162162162,0.378378378378,0.621621621622
retrieval_random,bm25,10,50,bm25_only,37,33,4,0,20,27,0.891891891892,0.108108108108,0.540540540541,0.72972972973
retrieval_random,bm25,11,50,shared,14,13,1,0,7,10,0.928571428571,0.0714285714286,0.5,0.714285714286
retrieval_random,bm25,11,50,method_only,36,18,18,0,6,8,0.5,0.5,0.166666666667,0.222222222222
retrieval_random,bm25,11,50,bm25_only,36,30,6,0,5,9,0.833333333333,0.166666666667,0.138888888889,0.25
retrieval_random,bm25,12,50,shared,9,8,1,0,2,6,0.888888888889,0.111111111111,0.222222222222,0.666666666667
retrieval_random,bm25,12,50,method_only,41,23,18,0,4,11,0.560975609756,0.439024390244,0.0975609756098,0.268292682927
retrieval_random,bm25,12,50,bm25_only,41,31,10,0,3,15,0.756097560976,0.243902439024,0.0731707317073,0.365853658537
retrieval_random,bm25,13,50,shared,9,8,1,0,2,5,0.888888888889,0.111111111111,0.222222222222,0.555555555556
retrieval_random,bm25,13,50,method_only,41,27,14,0,13,22,0.658536585366,0.341463414634,0.317073170732,0.536585365854
retrieval_random,bm25,13,50,bm25_only,41,38,3,0,14,29,0.926829268293,0.0731707317073,0.341463414634,0.707317073171
retrieval_random,bm25,14,50,shared,14,14,0,0,8,12,1,0,0.571428571429,0.857142857143
retrieval_random,bm25,14,50,method_only,36,23,13,0,4,9,0.638888888889,0.361111111111,0.111111111111,0.25
retrieval_random,bm25,14,50,bm25_only,36,36,0,0,15,28,1,0,0.416666666667,0.777777777778
retrieval_random,bm25,15,50,shared,5,4,1,0,2,3,0.8,0.2,0.4,0.6
retrieval_random,bm25,15,50,method_only,45,16,29,0,2,4,0.355555555556,0.644444444444,0.0444444444444,0.0888888888889
retrieval_random,bm25,15,50,bm25_only,45,28,17,0,1,3,0.622222222222,0.377777777778,0.0222222222222,0.0666666666667
retrieval_random,bm25,16,50,shared,5,5,0,0,2,2,1,0,0.4,0.4
retrieval_random,bm25,16,50,method_only,45,28,17,0,8,20,0.622222222222,0.377777777778,0.177777777778,0.444444444444
retrieval_random,bm25,16,50,bm25_only,45,31,14,0,5,10,0.688888888889,0.311111111111,0.111111111111,0.222222222222
retrieval_random,bm25,17,50,shared,10,9,1,0,5,7,0.9,0.1,0.5,0.7
retrieval_random,bm25,17,50,method_only,40,27,13,0,13,22,0.675,0.325,0.325,0.55
retrieval_random,bm25,17,50,bm25_only,40,34,6,0,12,27,0.85,0.15,0.3,0.675
retrieval_random,bm25,18,50,shared,15,15,0,0,9,14,1,0,0.6,0.933333333333
retrieval_random,bm25,18,50,method_only,35,26,9,0,15,22,0.742857142857,0.257142857143,0.428571428571,0.628571428571
retrieval_random,bm25,18,50,bm25_only,35,34,1,0,18,27,0.971428571429,0.0285714285714,0.514285714286,0.771428571429
retrieval_random,bm25,19,50,shared,9,8,1,0,1,3,0.888888888889,0.111111111111,0.111111111111,0.333333333333
retrieval_random,bm25,19,50,method_only,41,27,14,0,4,9,0.658536585366,0.341463414634,0.0975609756098,0.219512195122
retrieval_random,bm25,19,50,bm25_only,41,40,1,0,7,17,0.975609756098,0.0243902439024,0.170731707317,0.414634146341
retrieval_random,bm25,20,50,shared,14,14,0,0,13,13,1,0,0.928571428571,0.928571428571
retrieval_random,bm25,20,50,method_only,36,29,7,0,28,29,0.805555555556,0.194444444444,0.777777777778,0.805555555556
retrieval_random,bm25,20,50,bm25_only,36,31,5,0,16,21,0.861111111111,0.138888888889,0.444444444444,0.583333333333
retrieval_random,bm25,21,50,shared,12,11,1,0,5,6,0.916666666667,0.0833333333333,0.416666666667,0.5
retrieval_random,bm25,21,50,method_only,38,29,9,0,22,24,0.763157894737,0.236842105263,0.578947368421,0.631578947368
retrieval_random,bm25,21,50,bm25_only,38,35,3,0,19,20,0.921052631579,0.0789473684211,0.5,0.526315789474
retrieval_random,bm25,22,50,shared,7,5,2,0,4,4,0.714285714286,0.285714285714,0.571428571429,0.571428571429
retrieval_random,bm25,22,50,method_only,43,24,19,0,20,22,0.558139534884,0.441860465116,0.46511627907,0.511627906977
retrieval_random,bm25,22,50,bm25_only,43,32,11,0,23,29,0.744186046512,0.255813953488,0.53488372093,0.674418604651
retrieval_random,bm25,23,50,shared,8,8,0,0,3,5,1,0,0.375,0.625
retrieval_random,bm25,23,50,method_only,42,24,18,0,16,20,0.571428571429,0.428571428571,0.380952380952,0.47619047619
retrieval_random,bm25,23,50,bm25_only,42,34,8,0,23,29,0.809523809524,0.190476190476,0.547619047619,0.690476190476
retrieval_random,bm25,24,50,shared,9,8,1,0,7,7,0.888888888889,0.111111111111,0.777777777778,0.777777777778
retrieval_random,bm25,24,50,method_only,41,27,14,0,25,27,0.658536585366,0.341463414634,0.609756097561,0.658536585366
retrieval_random,bm25,24,50,bm25_only,41,38,3,0,27,33,0.926829268293,0.0731707317073,0.658536585366,0.80487804878
retrieval_random,bm25,25,50,shared,3,1,2,0,0,0,0.333333333333,0.666666666667,0,0
retrieval_random,bm25,25,50,method_only,47,23,24,0,9,12,0.489361702128,0.510638297872,0.191489361702,0.255319148936
retrieval_random,bm25,25,50,bm25_only,47,30,17,0,6,8,0.63829787234,0.36170212766,0.127659574468,0.170212765957
retrieval_random,bm25,26,50,shared,11,6,5,0,2,2,0.545454545455,0.454545454545,0.181818181818,0.181818181818
retrieval_random,bm25,26,50,method_only,39,21,18,0,14,17,0.538461538462,0.461538461538,0.358974358974,0.435897435897
retrieval_random,bm25,26,50,bm25_only,39,29,10,0,22,24,0.74358974359,0.25641025641,0.564102564103,0.615384615385
retrieval_random,bm25,27,50,shared,9,9,0,0,7,8,1,0,0.777777777778,0.888888888889
retrieval_random,bm25,27,50,method_only,41,30,11,0,20,29,0.731707317073,0.268292682927,0.487804878049,0.707317073171
retrieval_random,bm25,27,50,bm25_only,41,37,4,0,28,36,0.90243902439,0.0975609756098,0.682926829268,0.878048780488
retrieval_random,bm25,28,50,shared,9,9,0,0,9,9,1,0,1,1
retrieval_random,bm25,28,50,method_only,41,29,12,0,26,27,0.707317073171,0.292682926829,0.634146341463,0.658536585366
retrieval_random,bm25,28,50,bm25_only,41,37,4,0,30,31,0.90243902439,0.0975609756098,0.731707317073,0.756097560976
retrieval_random,bm25,29,50,shared,4,4,0,0,2,2,1,0,0.5,0.5
retrieval_random,bm25,29,50,method_only,46,40,6,0,22,28,0.869565217391,0.130434782609,0.478260869565,0.608695652174
retrieval_random,bm25,29,50,bm25_only,46,46,0,0,25,38,1,0,0.54347826087,0.826086956522
retrieval_random,bm25,30,50,shared,11,11,0,0,10,11,1,0,0.909090909091,1
retrieval_random,bm25,30,50,method_only,39,30,9,0,18,25,0.769230769231,0.230769230769,0.461538461538,0.641025641026
retrieval_random,bm25,30,50,bm25_only,39,37,2,0,28,37,0.948717948718,0.0512820512821,0.717948717949,0.948717948718
retrieval_random,bm25,31,50,shared,11,11,0,0,1,1,1,0,0.0909090909091,0.0909090909091
retrieval_random,bm25,31,50,method_only,39,29,10,0,3,9,0.74358974359,0.25641025641,0.0769230769231,0.230769230769
retrieval_random,bm25,31,50,bm25_only,39,38,1,0,3,9,0.974358974359,0.025641025641,0.0769230769231,0.230769230769
retrieval_random,bm25,32,50,shared,8,8,0,0,2,3,1,0,0.25,0.375
retrieval_random,bm25,32,50,method_only,42,10,32,0,0,1,0.238095238095,0.761904761905,0,0.0238095238095
retrieval_random,bm25,32,50,bm25_only,42,42,0,0,10,13,1,0,0.238095238095,0.309523809524
retrieval_random,bm25,33,50,shared,11,9,2,0,3,5,0.818181818182,0.181818181818,0.272727272727,0.454545454545
retrieval_random,bm25,33,50,method_only,39,29,10,0,7,14,0.74358974359,0.25641025641,0.179487179487,0.358974358974
retrieval_random,bm25,33,50,bm25_only,39,38,1,0,18,26,0.974358974359,0.025641025641,0.461538461538,0.666666666667
retrieval_random,bm25,34,50,shared,9,5,4,0,1,1,0.555555555556,0.444444444444,0.111111111111,0.111111111111
retrieval_random,bm25,34,50,method_only,41,23,18,0,6,9,0.560975609756,0.439024390244,0.146341463415,0.219512195122
retrieval_random,bm25,34,50,bm25_only,41,18,23,0,5,8,0.439024390244,0.560975609756,0.121951219512,0.19512195122
retrieval_random,bm25,35,50,shared,12,12,0,0,5,6,1,0,0.416666666667,0.5
retrieval_random,bm25,35,50,method_only,38,25,13,0,8,9,0.657894736842,0.342105263158,0.210526315789,0.236842105263
retrieval_random,bm25,35,50,bm25_only,38,34,4,0,18,19,0.894736842105,0.105263157895,0.473684210526,0.5
retrieval_random,bm25,36,50,shared,11,11,0,0,9,9,1,0,0.818181818182,0.818181818182
retrieval_random,bm25,36,50,method_only,39,33,6,0,27,30,0.846153846154,0.153846153846,0.692307692308,0.769230769231
retrieval_random,bm25,36,50,bm25_only,39,39,0,0,33,36,1,0,0.846153846154,0.923076923077
retrieval_random,bm25,37,50,shared,12,12,0,0,5,9,1,0,0.416666666667,0.75
retrieval_random,bm25,37,50,method_only,38,36,2,0,18,24,0.947368421053,0.0526315789474,0.473684210526,0.631578947368
retrieval_random,bm25,37,50,bm25_only,38,38,0,0,20,33,1,0,0.526315789474,0.868421052632
retrieval_random,bm25,38,50,shared,14,13,1,0,6,8,0.928571428571,0.0714285714286,0.428571428571,0.571428571429
retrieval_random,bm25,38,50,method_only,36,30,6,0,19,28,0.833333333333,0.166666666667,0.527777777778,0.777777777778
retrieval_random,bm25,38,50,bm25_only,36,32,4,0,12,19,0.888888888889,0.111111111111,0.333333333333,0.527777777778
retrieval_random,bm25,39,50,shared,14,14,0,0,11,13,1,0,0.785714285714,0.928571428571
retrieval_random,bm25,39,50,method_only,36,31,5,0,21,30,0.861111111111,0.138888888889,0.583333333333,0.833333333333
retrieval_random,bm25,39,50,bm25_only,36,36,0,0,27,36,1,0,0.75,1
retrieval_random,bm25,40,50,shared,11,11,0,0,10,11,1,0,0.909090909091,1
retrieval_random,bm25,40,50,method_only,39,38,1,0,32,36,0.974358974359,0.025641025641,0.820512820513,0.923076923077
retrieval_random,bm25,40,50,bm25_only,39,39,0,0,36,39,1,0,0.923076923077,1
retrieval_random,bm25,41,50,shared,9,9,0,0,7,8,1,0,0.777777777778,0.888888888889
retrieval_random,bm25,41,50,method_only,41,35,6,0,19,21,0.853658536585,0.146341463415,0.463414634146,0.512195121951
retrieval_random,bm25,41,50,bm25_only,41,39,2,0,24,27,0.951219512195,0.0487804878049,0.585365853659,0.658536585366
retrieval_random,bm25,42,50,shared,15,15,0,0,10,11,1,0,0.666666666667,0.733333333333
retrieval_random,bm25,42,50,method_only,35,35,0,0,18,20,1,0,0.514285714286,0.571428571429
retrieval_random,bm25,42,50,bm25_only,35,35,0,0,24,27,1,0,0.685714285714,0.771428571429
retrieval_random,bm25,43,50,shared,14,14,0,0,12,12,1,0,0.857142857143,0.857142857143
retrieval_random,bm25,43,50,method_only,36,31,5,0,16,20,0.861111111111,0.138888888889,0.444444444444,0.555555555556
retrieval_random,bm25,43,50,bm25_only,36,36,0,0,25,29,1,0,0.694444444444,0.805555555556
retrieval_random,bm25,44,50,shared,7,7,0,0,4,5,1,0,0.571428571429,0.714285714286
retrieval_random,bm25,44,50,method_only,43,34,9,0,24,27,0.790697674419,0.209302325581,0.558139534884,0.627906976744
retrieval_random,bm25,44,50,bm25_only,43,38,5,0,25,30,0.883720930233,0.116279069767,0.581395348837,0.697674418605
retrieval_random,bm25,45,50,shared,12,11,1,0,5,10,0.916666666667,0.0833333333333,0.416666666667,0.833333333333
retrieval_random,bm25,45,50,method_only,38,33,5,0,14,32,0.868421052632,0.131578947368,0.368421052632,0.842105263158
retrieval_random,bm25,45,50,bm25_only,38,35,3,0,14,30,0.921052631579,0.0789473684211,0.368421052632,0.789473684211
retrieval_random,bm25,46,50,shared,8,8,0,0,5,5,1,0,0.625,0.625
retrieval_random,bm25,46,50,method_only,42,19,23,0,6,12,0.452380952381,0.547619047619,0.142857142857,0.285714285714
retrieval_random,bm25,46,50,bm25_only,42,42,0,0,17,25,1,0,0.404761904762,0.595238095238
retrieval_random,bm25,47,50,shared,5,5,0,0,3,4,1,0,0.6,0.8
retrieval_random,bm25,47,50,method_only,45,30,15,0,20,21,0.666666666667,0.333333333333,0.444444444444,0.466666666667
retrieval_random,bm25,47,50,bm25_only,45,25,20,0,10,13,0.555555555556,0.444444444444,0.222222222222,0.288888888889
retrieval_random,bm25,48,50,shared,8,5,3,0,5,5,0.625,0.375,0.625,0.625
retrieval_random,bm25,48,50,method_only,42,30,12,0,22,30,0.714285714286,0.285714285714,0.52380952381,0.714285714286
retrieval_random,bm25,48,50,bm25_only,42,23,19,0,15,21,0.547619047619,0.452380952381,0.357142857143,0.5
retrieval_random,bm25,49,50,shared,5,5,0,0,1,1,1,0,0.2,0.2
retrieval_random,bm25,49,50,method_only,45,36,9,0,11,16,0.8,0.2,0.244444444444,0.355555555556
retrieval_random,bm25,49,50,bm25_only,45,41,4,0,4,12,0.911111111111,0.0888888888889,0.0888888888889,0.266666666667
retrieval_random,bm25,50,50,shared,9,8,1,0,2,4,0.888888888889,0.111111111111,0.222222222222,0.444444444444
retrieval_random,bm25,50,50,method_only,41,29,12,0,3,9,0.707317073171,0.292682926829,0.0731707317073,0.219512195122
retrieval_random,bm25,50,50,bm25_only,41,32,9,0,6,13,0.780487804878,0.219512195122,0.146341463415,0.317073170732
retrieval_random,bm25,1,100,shared,13,9,4,0,4,7,0.692307692308,0.307692307692,0.307692307692,0.538461538462
retrieval_random,bm25,1,100,method_only,87,41,46,0,8,18,0.471264367816,0.528735632184,0.0919540229885,0.206896551724
retrieval_random,bm25,1,100,bm25_only,87,45,42,0,10,24,0.51724137931,0.48275862069,0.114942528736,0.275862068966
retrieval_random,bm25,2,100,shared,17,11,6,0,7,7,0.647058823529,0.352941176471,0.411764705882,0.411764705882
retrieval_random,bm25,2,100,method_only,83,27,56,0,15,15,0.325301204819,0.674698795181,0.180722891566,0.180722891566
retrieval_random,bm25,2,100,bm25_only,83,67,16,0,30,36,0.807228915663,0.192771084337,0.361445783133,0.433734939759
retrieval_random,bm25,3,100,shared,17,12,5,0,4,9,0.705882352941,0.294117647059,0.235294117647,0.529411764706
retrieval_random,bm25,3,100,method_only,83,42,41,0,14,33,0.506024096386,0.493975903614,0.168674698795,0.397590361446
retrieval_random,bm25,3,100,bm25_only,83,66,17,0,24,39,0.795180722892,0.204819277108,0.289156626506,0.469879518072
retrieval_random,bm25,4,100,shared,22,16,6,0,4,5,0.727272727273,0.272727272727,0.181818181818,0.227272727273
retrieval_random,bm25,4,100,method_only,78,30,48,0,13,22,0.384615384615,0.615384615385,0.166666666667,0.282051282051
retrieval_random,bm25,4,100,bm25_only,78,53,25,0,14,21,0.679487179487,0.320512820513,0.179487179487,0.269230769231
retrieval_random,bm25,5,100,shared,16,9,7,0,5,7,0.5625,0.4375,0.3125,0.4375
retrieval_random,bm25,5,100,method_only,84,38,46,0,16,29,0.452380952381,0.547619047619,0.190476190476,0.345238095238
retrieval_random,bm25,5,100,bm25_only,84,62,22,0,22,49,0.738095238095,0.261904761905,0.261904761905,0.583333333333
retrieval_random,bm25,6,100,shared,18,15,3,0,12,14,0.833333333333,0.166666666667,0.666666666667,0.777777777778
retrieval_random,bm25,6,100,method_only,82,39,43,0,32,37,0.475609756098,0.524390243902,0.390243902439,0.451219512195
retrieval_random,bm25,6,100,bm25_only,82,52,30,0,40,46,0.634146341463,0.365853658537,0.487804878049,0.560975609756
retrieval_random,bm25,7,100,shared,23,21,2,0,11,11,0.913043478261,0.0869565217391,0.478260869565,0.478260869565
retrieval_random,bm25,7,100,method_only,77,56,21,0,43,46,0.727272727273,0.272727272727,0.558441558442,0.597402597403
retrieval_random,bm25,7,100,bm25_only,77,67,10,0,41,46,0.87012987013,0.12987012987,0.532467532468,0.597402597403
retrieval_random,bm25,8,100,shared,21,17,4,0,9,13,0.809523809524,0.190476190476,0.428571428571,0.619047619048
retrieval_random,bm25,8,100,method_only,79,29,50,0,13,23,0.367088607595,0.632911392405,0.164556962025,0.291139240506
retrieval_random,bm25,8,100,bm25_only,79,44,35,0,20,30,0.556962025316,0.443037974684,0.253164556962,0.379746835443
retrieval_random,bm25,9,100,shared,25,23,2,0,2,4,0.92,0.08,0.08,0.16
retrieval_random,bm25,9,100,method_only,75,29,46,0,6,11,0.386666666667,0.613333333333,0.08,0.146666666667
retrieval_random,bm25,9,100,bm25_only,75,65,10,0,15,26,0.866666666667,0.133333333333,0.2,0.346666666667
retrieval_random,bm25,10,100,shared,22,21,1,0,11,19,0.954545454545,0.0454545454545,0.5,0.863636363636
retrieval_random,bm25,10,100,method_only,78,51,27,0,21,35,0.653846153846,0.346153846154,0.269230769231,0.448717948718
retrieval_random,bm25,10,100,bm25_only,78,68,10,0,31,51,0.871794871795,0.128205128205,0.397435897436,0.653846153846
retrieval_random,bm25,11,100,shared,27,23,4,0,12,16,0.851851851852,0.148148148148,0.444444444444,0.592592592593
retrieval_random,bm25,11,100,method_only,73,26,47,0,5,7,0.356164383562,0.643835616438,0.0684931506849,0.0958904109589
retrieval_random,bm25,11,100,bm25_only,73,62,11,0,8,18,0.849315068493,0.150684931507,0.109589041096,0.246575342466
retrieval_random,bm25,12,100,shared,15,14,1,0,3,9,0.933333333333,0.0666666666667,0.2,0.6
retrieval_random,bm25,12,100,method_only,85,35,50,0,10,21,0.411764705882,0.588235294118,0.117647058824,0.247058823529
retrieval_random,bm25,12,100,bm25_only,85,64,21,0,10,34,0.752941176471,0.247058823529,0.117647058824,0.4
retrieval_random,bm25,13,100,shared,21,12,9,0,5,9,0.571428571429,0.428571428571,0.238095238095,0.428571428571
retrieval_random,bm25,13,100,method_only,79,45,34,0,15,35,0.569620253165,0.430379746835,0.189873417722,0.443037974684
retrieval_random,bm25,13,100,bm25_only,79,65,14,0,23,49,0.822784810127,0.177215189873,0.291139240506,0.620253164557
retrieval_random,bm25,14,100,shared,23,23,0,0,10,17,1,0,0.434782608696,0.739130434783
retrieval_random,bm25,14,100,method_only,77,19,58,0,2,4,0.246753246753,0.753246753247,0.025974025974,0.0519480519481
retrieval_random,bm25,14,100,bm25_only,77,73,4,0,25,48,0.948051948052,0.0519480519481,0.324675324675,0.623376623377
retrieval_random,bm25,15,100,shared,7,6,1,0,2,3,0.857142857143,0.142857142857,0.285714285714,0.428571428571
retrieval_random,bm25,15,100,method_only,93,22,71,0,2,4,0.236559139785,0.763440860215,0.0215053763441,0.0430107526882
retrieval_random,bm25,15,100,bm25_only,93,43,50,0,2,4,0.462365591398,0.537634408602,0.0215053763441,0.0430107526882
retrieval_random,bm25,16,100,shared,11,8,3,0,4,5,0.727272727273,0.272727272727,0.363636363636,0.454545454545
retrieval_random,bm25,16,100,method_only,89,43,46,0,9,25,0.483146067416,0.516853932584,0.101123595506,0.280898876404
retrieval_random,bm25,16,100,bm25_only,89,54,35,0,6,13,0.606741573034,0.393258426966,0.0674157303371,0.14606741573
retrieval_random,bm25,17,100,shared,19,16,3,0,8,13,0.842105263158,0.157894736842,0.421052631579,0.684210526316
retrieval_random,bm25,17,100,method_only,81,53,28,0,24,42,0.654320987654,0.345679012346,0.296296296296,0.518518518519
retrieval_random,bm25,17,100,bm25_only,81,62,19,0,19,44,0.765432098765,0.234567901235,0.234567901235,0.543209876543
retrieval_random,bm25,18,100,shared,23,22,1,0,13,19,0.95652173913,0.0434782608696,0.565217391304,0.826086956522
retrieval_random,bm25,18,100,method_only,77,51,26,0,23,43,0.662337662338,0.337662337662,0.298701298701,0.558441558442
retrieval_random,bm25,18,100,bm25_only,77,66,11,0,34,56,0.857142857143,0.142857142857,0.441558441558,0.727272727273
retrieval_random,bm25,19,100,shared,16,15,1,0,2,5,0.9375,0.0625,0.125,0.3125
retrieval_random,bm25,19,100,method_only,84,36,48,0,4,9,0.428571428571,0.571428571429,0.047619047619,0.107142857143
retrieval_random,bm25,19,100,bm25_only,84,68,16,0,8,21,0.809523809524,0.190476190476,0.0952380952381,0.25
retrieval_random,bm25,20,100,shared,25,25,0,0,22,23,1,0,0.88,0.92
retrieval_random,bm25,20,100,method_only,75,48,27,0,40,44,0.64,0.36,0.533333333333,0.586666666667
retrieval_random,bm25,20,100,bm25_only,75,65,10,0,38,47,0.866666666667,0.133333333333,0.506666666667,0.626666666667
retrieval_random,bm25,21,100,shared,24,19,5,0,10,12,0.791666666667,0.208333333333,0.416666666667,0.5
retrieval_random,bm25,21,100,method_only,76,48,28,0,32,34,0.631578947368,0.368421052632,0.421052631579,0.447368421053
retrieval_random,bm25,21,100,bm25_only,76,60,16,0,32,33,0.789473684211,0.210526315789,0.421052631579,0.434210526316
retrieval_random,bm25,22,100,shared,15,10,5,0,7,7,0.666666666667,0.333333333333,0.466666666667,0.466666666667
retrieval_random,bm25,22,100,method_only,85,34,51,0,24,31,0.4,0.6,0.282352941176,0.364705882353
retrieval_random,bm25,22,100,bm25_only,85,63,22,0,42,55,0.741176470588,0.258823529412,0.494117647059,0.647058823529
retrieval_random,bm25,23,100,shared,18,14,4,0,7,11,0.777777777778,0.222222222222,0.388888888889,0.611111111111
retrieval_random,bm25,23,100,method_only,82,37,45,0,15,25,0.451219512195,0.548780487805,0.182926829268,0.30487804878
retrieval_random,bm25,23,100,bm25_only,82,54,28,0,33,41,0.658536585366,0.341463414634,0.40243902439,0.5
retrieval_random,bm25,24,100,shared,18,16,2,0,11,12,0.888888888889,0.111111111111,0.611111111111,0.666666666667
retrieval_random,bm25,24,100,method_only,82,44,38,0,35,42,0.536585365854,0.463414634146,0.426829268293,0.512195121951
retrieval_random,bm25,24,100,bm25_only,82,68,14,0,48,58,0.829268292683,0.170731707317,0.585365853659,0.707317073171
retrieval_random,bm25,25,100,shared,11,6,5,0,0,0,0.545454545455,0.454545454545,0,0
retrieval_random,bm25,25,100,method_only,89,34,55,0,13,18,0.38202247191,0.61797752809,0.14606741573,0.202247191011
retrieval_random,bm25,25,100,bm25_only,89,60,29,0,14,17,0.674157303371,0.325842696629,0.157303370787,0.191011235955
retrieval_random,bm25,26,100,shared,22,15,7,0,7,8,0.681818181818,0.318181818182,0.318181818182,0.363636363636
retrieval_random,bm25,26,100,method_only,78,39,39,0,32,36,0.5,0.5,0.410256410256,0.461538461538
retrieval_random,bm25,26,100,bm25_only,78,47,31,0,33,36,0.602564102564,0.397435897436,0.423076923077,0.461538461538
retrieval_random,bm25,27,100,shared,17,16,1,0,13,15,0.941176470588,0.0588235294118,0.764705882353,0.882352941176
retrieval_random,bm25,27,100,method_only,83,48,35,0,30,45,0.578313253012,0.421686746988,0.361445783133,0.542168674699
retrieval_random,bm25,27,100,bm25_only,83,74,9,0,49,72,0.89156626506,0.10843373494,0.590361445783,0.867469879518
retrieval_random,bm25,28,100,shared,15,13,2,0,13,13,0.866666666667,0.133333333333,0.866666666667,0.866666666667
retrieval_random,bm25,28,100,method_only,85,51,34,0,46,48,0.6,0.4,0.541176470588,0.564705882353
retrieval_random,bm25,28,100,bm25_only,85,71,14,0,58,61,0.835294117647,0.164705882353,0.682352941176,0.717647058824
retrieval_random,bm25,29,100,shared,17,17,0,0,9,10,1,0,0.529411764706,0.588235294118
retrieval_random,bm25,29,100,method_only,83,44,39,0,24,32,0.530120481928,0.469879518072,0.289156626506,0.385542168675
retrieval_random,bm25,29,100,bm25_only,83,79,4,0,37,54,0.951807228916,0.0481927710843,0.44578313253,0.650602409639
retrieval_random,bm25,30,100,shared,22,22,0,0,16,21,1,0,0.727272727273,0.954545454545
retrieval_random,bm25,30,100,method_only,78,32,46,0,14,23,0.410256410256,0.589743589744,0.179487179487,0.294871794872
retrieval_random,bm25,30,100,bm25_only,78,72,6,0,52,66,0.923076923077,0.0769230769231,0.666666666667,0.846153846154
retrieval_random,bm25,31,100,shared,25,25,0,0,3,3,1,0,0.12,0.12
retrieval_random,bm25,31,100,method_only,75,35,40,0,1,11,0.466666666667,0.533333333333,0.0133333333333,0.146666666667
retrieval_random,bm25,31,100,bm25_only,75,73,2,0,9,18,0.973333333333,0.0266666666667,0.12,0.24
retrieval_random,bm25,32,100,shared,12,10,2,0,2,3,0.833333333333,0.166666666667,0.166666666667,0.25
retrieval_random,bm25,32,100,method_only,88,17,71,0,1,4,0.193181818182,0.806818181818,0.0113636363636,0.0454545454545
retrieval_random,bm25,32,100,bm25_only,88,68,20,0,11,14,0.772727272727,0.227272727273,0.125,0.159090909091
retrieval_random,bm25,33,100,shared,24,20,4,0,4,9,0.833333333333,0.166666666667,0.166666666667,0.375
retrieval_random,bm25,33,100,method_only,76,43,33,0,12,18,0.565789473684,0.434210526316,0.157894736842,0.236842105263
retrieval_random,bm25,33,100,bm25_only,76,64,12,0,26,35,0.842105263158,0.157894736842,0.342105263158,0.460526315789
retrieval_random,bm25,34,100,shared,17,13,4,0,2,3,0.764705882353,0.235294117647,0.117647058824,0.176470588235
retrieval_random,bm25,34,100,method_only,83,27,56,0,7,10,0.325301204819,0.674698795181,0.0843373493976,0.120481927711
retrieval_random,bm25,34,100,bm25_only,83,36,47,0,7,13,0.433734939759,0.566265060241,0.0843373493976,0.156626506024
retrieval_random,bm25,35,100,shared,20,20,0,0,8,9,1,0,0.4,0.45
retrieval_random,bm25,35,100,method_only,80,33,47,0,7,8,0.4125,0.5875,0.0875,0.1
retrieval_random,bm25,35,100,bm25_only,80,64,16,0,35,36,0.8,0.2,0.4375,0.45
retrieval_random,bm25,36,100,shared,18,18,0,0,15,16,1,0,0.833333333333,0.888888888889
retrieval_random,bm25,36,100,method_only,82,61,21,0,45,49,0.743902439024,0.256097560976,0.548780487805,0.59756097561
retrieval_random,bm25,36,100,bm25_only,82,80,2,0,63,69,0.975609756098,0.0243902439024,0.768292682927,0.841463414634
retrieval_random,bm25,37,100,shared,18,18,0,0,7,13,1,0,0.388888888889,0.722222222222
retrieval_random,bm25,37,100,method_only,82,66,16,0,32,42,0.80487804878,0.19512195122,0.390243902439,0.512195121951
retrieval_random,bm25,37,100,bm25_only,82,81,1,0,42,60,0.987804878049,0.0121951219512,0.512195121951,0.731707317073
retrieval_random,bm25,38,100,shared,20,18,2,0,9,13,0.9,0.1,0.45,0.65
retrieval_random,bm25,38,100,method_only,80,61,19,0,37,57,0.7625,0.2375,0.4625,0.7125
retrieval_random,bm25,38,100,bm25_only,80,67,13,0,27,42,0.8375,0.1625,0.3375,0.525
retrieval_random,bm25,39,100,shared,22,22,0,0,13,20,1,0,0.590909090909,0.909090909091
retrieval_random,bm25,39,100,method_only,78,55,23,0,41,53,0.705128205128,0.294871794872,0.525641025641,0.679487179487
retrieval_random,bm25,39,100,bm25_only,78,78,0,0,51,77,1,0,0.653846153846,0.987179487179
retrieval_random,bm25,40,100,shared,24,23,1,0,20,22,0.958333333333,0.0416666666667,0.833333333333,0.916666666667
retrieval_random,bm25,40,100,method_only,76,65,11,0,41,52,0.855263157895,0.144736842105,0.539473684211,0.684210526316
retrieval_random,bm25,40,100,bm25_only,76,76,0,0,66,75,1,0,0.868421052632,0.986842105263
retrieval_random,bm25,41,100,shared,19,19,0,0,12,13,1,0,0.631578947368,0.684210526316
retrieval_random,bm25,41,100,method_only,81,48,33,0,24,29,0.592592592593,0.407407407407,0.296296296296,0.358024691358
retrieval_random,bm25,41,100,bm25_only,81,78,3,0,43,49,0.962962962963,0.037037037037,0.530864197531,0.604938271605
retrieval_random,bm25,42,100,shared,22,22,0,0,13,14,1,0,0.590909090909,0.636363636364
retrieval_random,bm25,42,100,method_only,78,47,31,0,20,22,0.602564102564,0.397435897436,0.25641025641,0.282051282051
retrieval_random,bm25,42,100,bm25_only,78,73,5,0,48,55,0.935897435897,0.0641025641026,0.615384615385,0.705128205128
retrieval_random,bm25,43,100,shared,23,23,0,0,17,19,1,0,0.739130434783,0.826086956522
retrieval_random,bm25,43,100,method_only,77,29,48,0,13,15,0.376623376623,0.623376623377,0.168831168831,0.194805194805
retrieval_random,bm25,43,100,bm25_only,77,76,1,0,52,59,0.987012987013,0.012987012987,0.675324675325,0.766233766234
retrieval_random,bm25,44,100,shared,16,13,3,0,7,8,0.8125,0.1875,0.4375,0.5
retrieval_random,bm25,44,100,method_only,84,61,23,0,39,51,0.72619047619,0.27380952381,0.464285714286,0.607142857143
retrieval_random,bm25,44,100,bm25_only,84,75,9,0,45,59,0.892857142857,0.107142857143,0.535714285714,0.702380952381
retrieval_random,bm25,45,100,shared,20,17,3,0,8,15,0.85,0.15,0.4,0.75
retrieval_random,bm25,45,100,method_only,80,59,21,0,33,59,0.7375,0.2625,0.4125,0.7375
retrieval_random,bm25,45,100,bm25_only,80,73,7,0,24,66,0.9125,0.0875,0.3,0.825
retrieval_random,bm25,46,100,shared,17,15,2,0,6,7,0.882352941176,0.117647058824,0.352941176471,0.411764705882
retrieval_random,bm25,46,100,method_only,83,22,61,0,7,13,0.265060240964,0.734939759036,0.0843373493976,0.156626506024
retrieval_random,bm25,46,100,bm25_only,83,72,11,0,24,33,0.867469879518,0.132530120482,0.289156626506,0.397590361446
retrieval_random,bm25,47,100,shared,12,9,3,0,4,6,0.75,0.25,0.333333333333,0.5
retrieval_random,bm25,47,100,method_only,88,50,38,0,32,36,0.568181818182,0.431818181818,0.363636363636,0.409090909091
retrieval_random,bm25,47,100,bm25_only,88,51,37,0,21,25,0.579545454545,0.420454545455,0.238636363636,0.284090909091
retrieval_random,bm25,48,100,shared,18,12,6,0,11,12,0.666666666667,0.333333333333,0.611111111111,0.666666666667
retrieval_random,bm25,48,100,method_only,82,39,43,0,23,35,0.475609756098,0.524390243902,0.280487804878,0.426829268293
retrieval_random,bm25,48,100,bm25_only,82,40,42,0,21,34,0.487804878049,0.512195121951,0.256097560976,0.414634146341
retrieval_random,bm25,49,100,shared,14,10,4,0,1,2,0.714285714286,0.285714285714,0.0714285714286,0.142857142857
retrieval_random,bm25,49,100,method_only,86,45,41,0,16,21,0.523255813953,0.476744186047,0.186046511628,0.244186046512
retrieval_random,bm25,49,100,bm25_only,86,67,19,0,6,18,0.779069767442,0.220930232558,0.0697674418605,0.209302325581
retrieval_random,bm25,50,100,shared,21,18,3,0,5,11,0.857142857143,0.142857142857,0.238095238095,0.52380952381
retrieval_random,bm25,50,100,method_only,79,41,38,0,4,9,0.518987341772,0.481012658228,0.0506329113924,0.113924050633
retrieval_random,bm25,50,100,bm25_only,79,58,21,0,7,20,0.73417721519,0.26582278481,0.0886075949367,0.253164556962
retrieval_random,bm25,1,1000,shared,184,71,113,0,15,29,0.385869565217,0.614130434783,0.0815217391304,0.157608695652
retrieval_random,bm25,1,1000,method_only,816,72,744,0,19,35,0.0882352941176,0.911764705882,0.0232843137255,0.0428921568627
retrieval_random,bm25,1,1000,bm25_only,816,256,560,0,62,136,0.313725490196,0.686274509804,0.0759803921569,0.166666666667
retrieval_random,bm25,2,1000,shared,148,34,114,0,15,15,0.22972972973,0.77027027027,0.101351351351,0.101351351351
retrieval_random,bm25,2,1000,method_only,852,57,795,0,15,24,0.0669014084507,0.933098591549,0.0176056338028,0.0281690140845
retrieval_random,bm25,2,1000,bm25_only,852,169,683,0,58,79,0.198356807512,0.801643192488,0.0680751173709,0.0927230046948
retrieval_random,bm25,3,1000,shared,201,83,118,0,21,54,0.412935323383,0.587064676617,0.10447761194,0.268656716418
retrieval_random,bm25,3,1000,method_only,799,84,715,0,11,40,0.105131414268,0.894868585732,0.0137672090113,0.0500625782228
retrieval_random,bm25,3,1000,bm25_only,799,319,480,0,71,162,0.399249061327,0.600750938673,0.0888610763454,0.202753441802
retrieval_random,bm25,4,1000,shared,213,71,142,0,15,31,0.333333333333,0.666666666667,0.0704225352113,0.145539906103
retrieval_random,bm25,4,1000,method_only,787,104,683,0,23,55,0.132147395172,0.867852604828,0.0292249047014,0.0698856416773
retrieval_random,bm25,4,1000,bm25_only,787,223,564,0,49,102,0.283354510801,0.716645489199,0.0622617534943,0.129606099111
retrieval_random,bm25,5,1000,shared,196,86,110,0,28,54,0.438775510204,0.561224489796,0.142857142857,0.275510204082
retrieval_random,bm25,5,1000,method_only,804,72,732,0,14,34,0.089552238806,0.910447761194,0.0174129353234,0.0422885572139
retrieval_random,bm25,5,1000,bm25_only,804,335,469,0,110,217,0.416666666667,0.583333333333,0.136815920398,0.269900497512
retrieval_random,bm25,6,1000,shared,188,68,120,0,45,55,0.36170212766,0.63829787234,0.239361702128,0.292553191489
retrieval_random,bm25,6,1000,method_only,812,81,731,0,43,58,0.0997536945813,0.900246305419,0.0529556650246,0.0714285714286
retrieval_random,bm25,6,1000,bm25_only,812,310,502,0,204,254,0.381773399015,0.618226600985,0.251231527094,0.312807881773
retrieval_random,bm25,7,1000,shared,221,120,101,0,70,75,0.542986425339,0.457013574661,0.316742081448,0.339366515837
retrieval_random,bm25,7,1000,method_only,779,60,719,0,25,27,0.0770218228498,0.92297817715,0.0320924261874,0.0346598202824
retrieval_random,bm25,7,1000,bm25_only,779,383,396,0,226,238,0.491655969191,0.508344030809,0.290115532734,0.305519897304
retrieval_random,bm25,8,1000,shared,181,52,129,0,17,30,0.28729281768,0.71270718232,0.0939226519337,0.165745856354
retrieval_random,bm25,8,1000,method_only,819,80,739,0,27,59,0.0976800976801,0.90231990232,0.032967032967,0.0720390720391
retrieval_random,bm25,8,1000,bm25_only,819,212,607,0,64,126,0.258852258852,0.741147741148,0.0781440781441,0.153846153846
retrieval_random,bm25,9,1000,shared,188,60,128,0,8,17,0.31914893617,0.68085106383,0.0425531914894,0.0904255319149
retrieval_random,bm25,9,1000,method_only,812,46,766,0,3,5,0.0566502463054,0.943349753695,0.00369458128079,0.00615763546798
retrieval_random,bm25,9,1000,bm25_only,812,232,580,0,51,93,0.285714285714,0.714285714286,0.0628078817734,0.114532019704
retrieval_random,bm25,10,1000,shared,225,100,125,0,40,68,0.444444444444,0.555555555556,0.177777777778,0.302222222222
retrieval_random,bm25,10,1000,method_only,775,54,721,0,21,35,0.0696774193548,0.930322580645,0.0270967741935,0.0451612903226
retrieval_random,bm25,10,1000,bm25_only,775,330,445,0,122,203,0.425806451613,0.574193548387,0.157419354839,0.261935483871
retrieval_random,bm25,11,1000,shared,205,68,137,0,19,27,0.331707317073,0.668292682927,0.0926829268293,0.131707317073
retrieval_random,bm25,11,1000,method_only,795,62,733,0,4,15,0.0779874213836,0.922012578616,0.00503144654088,0.0188679245283
retrieval_random,bm25,11,1000,bm25_only,795,299,496,0,59,116,0.376100628931,0.623899371069,0.074213836478,0.145911949686
retrieval_random,bm25,12,1000,shared,201,73,128,0,12,33,0.363184079602,0.636815920398,0.0597014925373,0.164179104478
retrieval_random,bm25,12,1000,method_only,799,83,716,0,26,41,0.103879849812,0.896120150188,0.0325406758448,0.0513141426783
retrieval_random,bm25,12,1000,bm25_only,799,254,545,0,56,133,0.317897371715,0.682102628285,0.0700876095119,0.166458072591
retrieval_random,bm25,13,1000,shared,170,67,103,0,19,44,0.394117647059,0.605882352941,0.111764705882,0.258823529412
retrieval_random,bm25,13,1000,method_only,830,91,739,0,17,67,0.109638554217,0.890361445783,0.0204819277108,0.0807228915663
retrieval_random,bm25,13,1000,bm25_only,830,294,536,0,79,202,0.35421686747,0.64578313253,0.0951807228916,0.243373493976
retrieval_random,bm25,14,1000,shared,122,47,75,0,13,22,0.385245901639,0.614754098361,0.106557377049,0.180327868852
retrieval_random,bm25,14,1000,method_only,878,41,837,0,1,4,0.0466970387244,0.953302961276,0.00113895216401,0.00455580865604
retrieval_random,bm25,14,1000,bm25_only,878,196,682,0,34,68,0.223234624146,0.776765375854,0.0387243735763,0.0774487471526
retrieval_random,bm25,15,1000,shared,112,32,80,0,3,5,0.285714285714,0.714285714286,0.0267857142857,0.0446428571429
retrieval_random,bm25,15,1000,method_only,888,81,807,0,10,28,0.0912162162162,0.908783783784,0.0112612612613,0.0315315315315
retrieval_random,bm25,15,1000,bm25_only,888,197,691,0,4,12,0.221846846847,0.778153153153,0.0045045045045,0.0135135135135
retrieval_random,bm25,16,1000,shared,139,39,100,0,8,16,0.280575539568,0.719424460432,0.0575539568345,0.115107913669
retrieval_random,bm25,16,1000,method_only,861,81,780,0,13,30,0.0940766550523,0.905923344948,0.0150987224158,0.0348432055749
retrieval_random,bm25,16,1000,bm25_only,861,233,628,0,45,79,0.270615563298,0.729384436702,0.0522648083624,0.0917537746806
retrieval_random,bm25,17,1000,shared,177,78,99,0,34,58,0.440677966102,0.559322033898,0.19209039548,0.327683615819
retrieval_random,bm25,17,1000,method_only,823,80,743,0,30,56,0.097205346294,0.902794653706,0.0364520048603,0.0680437424058
retrieval_random,bm25,17,1000,bm25_only,823,333,490,0,110,249,0.404617253949,0.595382746051,0.133657351154,0.30255164034
retrieval_random,bm25,18,1000,shared,205,102,103,0,46,77,0.49756097561,0.50243902439,0.224390243902,0.375609756098
retrieval_random,bm25,18,1000,method_only,795,70,725,0,22,35,0.0880503144654,0.911949685535,0.0276729559748,0.0440251572327
retrieval_random,bm25,18,1000,bm25_only,795,355,440,0,144,268,0.446540880503,0.553459119497,0.181132075472,0.337106918239
retrieval_random,bm25,19,1000,shared,151,53,98,0,6,15,0.350993377483,0.649006622517,0.0397350993377,0.0993377483444
retrieval_random,bm25,19,1000,method_only,849,41,808,0,2,5,0.0482921083628,0.951707891637,0.00235571260306,0.00588928150766
retrieval_random,bm25,19,1000,bm25_only,849,234,615,0,17,47,0.275618374558,0.724381625442,0.020023557126,0.055359246172
retrieval_random,bm25,20,1000,shared,195,99,96,0,67,85,0.507692307692,0.492307692308,0.34358974359,0.435897435897
retrieval_random,bm25,20,1000,method_only,805,36,769,0,16,31,0.0447204968944,0.955279503106,0.0198757763975,0.0385093167702
retrieval_random,bm25,20,1000,bm25_only,805,407,398,0,246,330,0.505590062112,0.494409937888,0.305590062112,0.409937888199
retrieval_random,bm25,21,1000,shared,205,78,127,0,39,44,0.380487804878,0.619512195122,0.190243902439,0.214634146341
retrieval_random,bm25,21,1000,method_only,795,81,714,0,43,48,0.101886792453,0.898113207547,0.0540880503145,0.0603773584906
retrieval_random,bm25,21,1000,bm25_only,795,254,541,0,133,146,0.319496855346,0.680503144654,0.167295597484,0.183647798742
retrieval_random,bm25,22,1000,shared,178,52,126,0,28,39,0.292134831461,0.707865168539,0.157303370787,0.219101123596
retrieval_random,bm25,22,1000,method_only,822,56,766,0,28,41,0.0681265206813,0.931873479319,0.0340632603406,0.0498783454988
retrieval_random,bm25,22,1000,bm25_only,822,255,567,0,158,215,0.310218978102,0.689781021898,0.192214111922,0.261557177616
retrieval_random,bm25,23,1000,shared,194,53,141,0,21,35,0.273195876289,0.726804123711,0.10824742268,0.180412371134
retrieval_random,bm25,23,1000,method_only,806,65,741,0,10,27,0.0806451612903,0.91935483871,0.0124069478908,0.0334987593052
retrieval_random,bm25,23,1000,bm25_only,806,245,561,0,97,148,0.303970223325,0.696029776675,0.120347394541,0.183622828784
retrieval_random,bm25,24,1000,shared,199,75,124,0,51,58,0.376884422111,0.623115577889,0.256281407035,0.291457286432
retrieval_random,bm25,24,1000,method_only,801,55,746,0,6,21,0.0686641697878,0.931335830212,0.00749063670412,0.0262172284644
retrieval_random,bm25,24,1000,bm25_only,801,270,531,0,165,214,0.337078651685,0.662921348315,0.205992509363,0.267166042447
retrieval_random,bm25,25,1000,shared,202,60,142,0,13,18,0.29702970297,0.70297029703,0.0643564356436,0.0891089108911
retrieval_random,bm25,25,1000,method_only,798,90,708,0,43,61,0.112781954887,0.887218045113,0.0538847117794,0.0764411027569
retrieval_random,bm25,25,1000,bm25_only,798,283,515,0,74,99,0.354636591479,0.645363408521,0.0927318295739,0.124060150376
retrieval_random,bm25,26,1000,shared,188,70,118,0,43,51,0.372340425532,0.627659574468,0.228723404255,0.271276595745
retrieval_random,bm25,26,1000,method_only,812,106,706,0,66,75,0.130541871921,0.869458128079,0.0812807881773,0.0923645320197
retrieval_random,bm25,26,1000,bm25_only,812,254,558,0,166,192,0.312807881773,0.687192118227,0.204433497537,0.23645320197
retrieval_random,bm25,27,1000,shared,189,88,101,0,52,79,0.465608465608,0.534391534392,0.275132275132,0.417989417989
retrieval_random,bm25,27,1000,method_only,811,50,761,0,6,38,0.0616522811344,0.938347718866,0.00739827373613,0.0468557336621
retrieval_random,bm25,27,1000,bm25_only,811,349,462,0,175,309,0.430332922318,0.569667077682,0.21578298397,0.381011097411
retrieval_random,bm25,28,1000,shared,205,82,123,0,71,74,0.4,0.6,0.346341463415,0.360975609756
retrieval_random,bm25,28,1000,method_only,795,37,758,0,19,24,0.0465408805031,0.953459119497,0.0238993710692,0.0301886792453
retrieval_random,bm25,28,1000,bm25_only,795,341,454,0,292,309,0.42893081761,0.57106918239,0.367295597484,0.388679245283
retrieval_random,bm25,29,1000,shared,196,93,103,0,41,56,0.474489795918,0.525510204082,0.209183673469,0.285714285714
retrieval_random,bm25,29,1000,method_only,804,79,725,0,21,48,0.0982587064677,0.901741293532,0.0261194029851,0.0597014925373
retrieval_random,bm25,29,1000,bm25_only,804,384,420,0,158,250,0.477611940299,0.522388059701,0.196517412935,0.310945273632
retrieval_random,bm25,30,1000,shared,177,57,120,0,30,43,0.322033898305,0.677966101695,0.169491525424,0.242937853107
retrieval_random,bm25,30,1000,method_only,823,30,793,0,3,10,0.0364520048603,0.96354799514,0.00364520048603,0.0121506682868
retrieval_random,bm25,30,1000,bm25_only,823,280,543,0,120,209,0.340218712029,0.659781287971,0.145808019441,0.253948967193
retrieval_random,bm25,31,1000,shared,178,82,96,0,4,15,0.460674157303,0.539325842697,0.0224719101124,0.0842696629213
retrieval_random,bm25,31,1000,method_only,822,61,761,0,11,23,0.0742092457421,0.925790754258,0.0133819951338,0.0279805352798
retrieval_random,bm25,31,1000,bm25_only,822,339,483,0,30,84,0.412408759124,0.587591240876,0.036496350365,0.102189781022
retrieval_random,bm25,32,1000,shared,188,40,148,0,6,10,0.212765957447,0.787234042553,0.031914893617,0.0531914893617
retrieval_random,bm25,32,1000,method_only,812,58,754,0,10,17,0.0714285714286,0.928571428571,0.012315270936,0.0209359605911
retrieval_random,bm25,32,1000,bm25_only,812,198,614,0,22,37,0.243842364532,0.756157635468,0.0270935960591,0.0455665024631
retrieval_random,bm25,33,1000,shared,213,104,109,0,22,33,0.488262910798,0.511737089202,0.103286384977,0.154929577465
retrieval_random,bm25,33,1000,method_only,787,86,701,0,14,25,0.109275730623,0.890724269377,0.0177890724269,0.0317662007624
retrieval_random,bm25,33,1000,bm25_only,787,326,461,0,72,107,0.414231257942,0.585768742058,0.0914866581957,0.135959339263
retrieval_random,bm25,34,1000,shared,137,42,95,0,5,9,0.306569343066,0.693430656934,0.036496350365,0.0656934306569
retrieval_random,bm25,34,1000,method_only,863,77,786,0,10,12,0.0892236384705,0.91077636153,0.0115874855156,0.0139049826188
retrieval_random,bm25,34,1000,bm25_only,863,189,674,0,31,48,0.219003476246,0.780996523754,0.0359212050985,0.0556199304751
retrieval_random,bm25,35,1000,shared,187,82,105,0,15,19,0.438502673797,0.561497326203,0.0802139037433,0.101604278075
retrieval_random,bm25,35,1000,method_only,813,62,751,0,10,13,0.0762607626076,0.923739237392,0.0123001230012,0.0159901599016
retrieval_random,bm25,35,1000,bm25_only,813,260,553,0,96,99,0.319803198032,0.680196801968,0.118081180812,0.121771217712
retrieval_random,bm25,36,1000,shared,206,123,83,0,86,98,0.597087378641,0.402912621359,0.417475728155,0.47572815534
retrieval_random,bm25,36,1000,method_only,794,71,723,0,23,33,0.0894206549118,0.910579345088,0.0289672544081,0.0415617128463
retrieval_random,bm25,36,1000,bm25_only,794,445,349,0,293,332,0.560453400504,0.439546599496,0.369017632242,0.418136020151
retrieval_random,bm25,37,1000,shared,215,128,87,0,54,75,0.595348837209,0.404651162791,0.251162790698,0.348837209302
retrieval_random,bm25,37,1000,method_only,785,66,719,0,20,29,0.084076433121,0.915923566879,0.0254777070064,0.0369426751592
retrieval_random,bm25,37,1000,bm25_only,785,441,344,0,177,232,0.56178343949,0.43821656051,0.225477707006,0.295541401274
retrieval_random,bm25,38,1000,shared,180,92,88,0,43,72,0.511111111111,0.488888888889,0.238888888889,0.4
retrieval_random,bm25,38,1000,method_only,820,152,668,0,96,132,0.185365853659,0.814634146341,0.117073170732,0.160975609756
retrieval_random,bm25,38,1000,bm25_only,820,429,391,0,171,320,0.523170731707,0.476829268293,0.208536585366,0.390243902439
retrieval_random,bm25,39,1000,shared,191,111,80,0,69,104,0.581151832461,0.418848167539,0.361256544503,0.544502617801
retrieval_random,bm25,39,1000,method_only,809,32,777,0,14,27,0.0395550061805,0.96044499382,0.017305315204,0.0333745364648
retrieval_random,bm25,39,1000,bm25_only,809,519,290,0,280,490,0.641532756489,0.358467243511,0.346106304079,0.605686032138
retrieval_random,bm25,40,1000,shared,190,111,79,0,63,82,0.584210526316,0.415789473684,0.331578947368,0.431578947368
retrieval_random,bm25,40,1000,method_only,810,67,743,0,17,34,0.0827160493827,0.917283950617,0.020987654321,0.041975308642
retrieval_random,bm25,40,1000,bm25_only,810,445,365,0,215,292,0.549382716049,0.450617283951,0.265432098765,0.36049382716
retrieval_random,bm25,41,1000,shared,192,64,128,0,23,27,0.333333333333,0.666666666667,0.119791666667,0.140625
retrieval_random,bm25,41,1000,method_only,808,63,745,0,28,38,0.0779702970297,0.92202970297,0.0346534653465,0.0470297029703
retrieval_random,bm25,41,1000,bm25_only,808,234,574,0,74,94,0.289603960396,0.710396039604,0.0915841584158,0.116336633663
retrieval_random,bm25,42,1000,shared,197,71,126,0,34,37,0.360406091371,0.639593908629,0.172588832487,0.187817258883
retrieval_random,bm25,42,1000,method_only,803,23,780,0,5,5,0.0286425902864,0.971357409714,0.00622665006227,0.00622665006227
retrieval_random,bm25,42,1000,bm25_only,803,264,539,0,136,151,0.328767123288,0.671232876712,0.169364881694,0.18804483188
retrieval_random,bm25,43,1000,shared,145,64,81,0,30,34,0.441379310345,0.558620689655,0.206896551724,0.234482758621
retrieval_random,bm25,43,1000,method_only,855,33,822,0,5,10,0.0385964912281,0.961403508772,0.00584795321637,0.0116959064327
retrieval_random,bm25,43,1000,bm25_only,855,261,594,0,97,128,0.305263157895,0.694736842105,0.113450292398,0.149707602339
retrieval_random,bm25,44,1000,shared,205,89,116,0,46,59,0.434146341463,0.565853658537,0.224390243902,0.287804878049
retrieval_random,bm25,44,1000,method_only,795,59,736,0,19,33,0.074213836478,0.925786163522,0.0238993710692,0.0415094339623
retrieval_random,bm25,44,1000,bm25_only,795,342,453,0,170,239,0.430188679245,0.569811320755,0.213836477987,0.300628930818
retrieval_random,bm25,45,1000,shared,193,115,78,0,64,106,0.59585492228,0.40414507772,0.331606217617,0.549222797927
retrieval_random,bm25,45,1000,method_only,807,61,746,0,33,48,0.0755885997522,0.924411400248,0.0408921933086,0.0594795539033
retrieval_random,bm25,45,1000,bm25_only,807,454,353,0,217,399,0.562577447336,0.437422552664,0.268897149938,0.494423791822
retrieval_random,bm25,46,1000,shared,176,37,139,0,10,17,0.210227272727,0.789772727273,0.0568181818182,0.0965909090909
retrieval_random,bm25,46,1000,method_only,824,30,794,0,6,13,0.0364077669903,0.96359223301,0.00728155339806,0.0157766990291
retrieval_random,bm25,46,1000,bm25_only,824,195,629,0,39,71,0.236650485437,0.763349514563,0.0473300970874,0.0861650485437
retrieval_random,bm25,47,1000,shared,203,70,133,0,34,39,0.344827586207,0.655172413793,0.167487684729,0.192118226601
retrieval_random,bm25,47,1000,method_only,797,74,723,0,28,34,0.0928481806775,0.907151819322,0.0351317440402,0.0426599749059
retrieval_random,bm25,47,1000,bm25_only,797,281,516,0,109,149,0.352572145546,0.647427854454,0.136762860728,0.186951066499
retrieval_random,bm25,48,1000,shared,201,64,137,0,34,51,0.318407960199,0.681592039801,0.169154228856,0.253731343284
retrieval_random,bm25,48,1000,method_only,799,34,765,0,14,25,0.0425531914894,0.957446808511,0.017521902378,0.0312891113892
retrieval_random,bm25,48,1000,bm25_only,799,216,583,0,108,171,0.270337922403,0.729662077597,0.135168961202,0.214017521902
retrieval_random,bm25,49,1000,shared,180,57,123,0,8,13,0.316666666667,0.683333333333,0.0444444444444,0.0722222222222
retrieval_random,bm25,49,1000,method_only,820,66,754,0,16,22,0.080487804878,0.919512195122,0.019512195122,0.0268292682927
retrieval_random,bm25,49,1000,bm25_only,820,265,555,0,38,80,0.323170731707,0.676829268293,0.0463414634146,0.0975609756098
retrieval_random,bm25,50,1000,shared,216,85,131,0,8,19,0.393518518519,0.606481481481,0.037037037037,0.087962962963
retrieval_random,bm25,50,1000,method_only,784,45,739,0,3,8,0.0573979591837,0.942602040816,0.00382653061224,0.0102040816327
retrieval_random,bm25,50,1000,bm25_only,784,279,505,0,21,57,0.355867346939,0.644132653061,0.0267857142857,0.0727040816327
splade,bm25,1,20,shared,3,3,0,0,1,3,1,0,0.333333333333,1
splade,bm25,1,20,method_only,17,13,4,0,2,10,0.764705882353,0.235294117647,0.117647058824,0.588235294118
splade,bm25,1,20,bm25_only,17,14,3,0,2,8,0.823529411765,0.176470588235,0.117647058824,0.470588235294
splade,bm25,2,20,shared,0,0,0,0,0,0,,,,
splade,bm25,2,20,method_only,20,11,9,0,7,8,0.55,0.45,0.35,0.4
splade,bm25,2,20,bm25_only,20,19,1,0,7,7,0.95,0.05,0.35,0.35
splade,bm25,3,20,shared,1,1,0,0,1,1,1,0,1,1
splade,bm25,3,20,method_only,19,16,3,0,13,15,0.842105263158,0.157894736842,0.684210526316,0.789473684211
splade,bm25,3,20,bm25_only,19,17,2,0,3,6,0.894736842105,0.105263157895,0.157894736842,0.315789473684
splade,bm25,4,20,shared,1,1,0,0,1,1,1,0,1,1
splade,bm25,4,20,method_only,19,7,12,0,5,5,0.368421052632,0.631578947368,0.263157894737,0.263157894737
splade,bm25,4,20,bm25_only,19,19,0,0,1,2,1,0,0.0526315789474,0.105263157895
splade,bm25,5,20,shared,6,4,2,0,3,4,0.666666666667,0.333333333333,0.5,0.666666666667
splade,bm25,5,20,method_only,14,11,3,0,4,10,0.785714285714,0.214285714286,0.285714285714,0.714285714286
splade,bm25,5,20,bm25_only,14,14,0,0,4,12,1,0,0.285714285714,0.857142857143
splade,bm25,6,20,shared,7,7,0,0,6,6,1,0,0.857142857143,0.857142857143
splade,bm25,6,20,method_only,13,12,1,0,12,12,0.923076923077,0.0769230769231,0.923076923077,0.923076923077
splade,bm25,6,20,bm25_only,13,12,1,0,9,11,0.923076923077,0.0769230769231,0.692307692308,0.846153846154
splade,bm25,7,20,shared,6,6,0,0,5,5,1,0,0.833333333333,0.833333333333
splade,bm25,7,20,method_only,14,14,0,0,12,12,1,0,0.857142857143,0.857142857143
splade,bm25,7,20,bm25_only,14,14,0,0,8,9,1,0,0.571428571429,0.642857142857
splade,bm25,8,20,shared,2,1,1,0,1,1,0.5,0.5,0.5,0.5
splade,bm25,8,20,method_only,18,11,7,0,6,9,0.611111111111,0.388888888889,0.333333333333,0.5
splade,bm25,8,20,bm25_only,18,14,4,0,8,11,0.777777777778,0.222222222222,0.444444444444,0.611111111111
splade,bm25,9,20,shared,3,3,0,0,1,1,1,0,0.333333333333,0.333333333333
splade,bm25,9,20,method_only,17,16,1,0,7,10,0.941176470588,0.0588235294118,0.411764705882,0.588235294118
splade,bm25,9,20,bm25_only,17,17,0,0,1,3,1,0,0.0588235294118,0.176470588235
splade,bm25,10,20,shared,9,9,0,0,8,9,1,0,0.888888888889,1
splade,bm25,10,20,method_only,11,11,0,0,10,10,1,0,0.909090909091,0.909090909091
splade,bm25,10,20,bm25_only,11,11,0,0,6,9,1,0,0.545454545455,0.818181818182
splade,bm25,11,20,shared,7,7,0,0,5,5,1,0,0.714285714286,0.714285714286
splade,bm25,11,20,method_only,13,7,6,0,3,5,0.538461538462,0.461538461538,0.230769230769,0.384615384615
splade,bm25,11,20,bm25_only,13,11,2,0,3,5,0.846153846154,0.153846153846,0.230769230769,0.384615384615
splade,bm25,12,20,shared,3,3,0,0,1,2,1,0,0.333333333333,0.666666666667
splade,bm25,12,20,method_only,17,14,3,0,3,6,0.823529411765,0.176470588235,0.176470588235,0.352941176471
splade,bm25,12,20,bm25_only,17,13,4,0,2,8,0.764705882353,0.235294117647,0.117647058824,0.470588235294
splade,bm25,13,20,shared,4,4,0,0,2,3,1,0,0.5,0.75
splade,bm25,13,20,method_only,16,14,2,0,11,14,0.875,0.125,0.6875,0.875
splade,bm25,13,20,bm25_only,16,15,1,0,5,13,0.9375,0.0625,0.3125,0.8125
splade,bm25,14,20,shared,6,6,0,0,6,6,1,0,1,1
splade,bm25,14,20,method_only,14,9,5,0,4,5,0.642857142857,0.357142857143,0.285714285714,0.357142857143
splade,bm25,14,20,bm25_only,14,14,0,0,5,10,1,0,0.357142857143,0.714285714286
splade,bm25,15,20,shared,0,0,0,0,0,0,,,,
splade,bm25,15,20,method_only,20,13,7,0,4,6,0.65,0.35,0.2,0.3
splade,bm25,15,20,bm25_only,20,14,6,0,2,4,0.7,0.3,0.1,0.2
splade,bm25,16,20,shared,3,3,0,0,2,3,1,0,0.666666666667,1
splade,bm25,16,20,method_only,17,16,1,0,8,14,0.941176470588,0.0588235294118,0.470588235294,0.823529411765
splade,bm25,16,20,bm25_only,17,14,3,0,2,3,0.823529411765,0.176470588235,0.117647058824,0.176470588235
splade,bm25,17,20,shared,5,4,1,0,3,4,0.8,0.2,0.6,0.8
splade,bm25,17,20,method_only,15,15,0,0,12,14,1,0,0.8,0.933333333333
splade,bm25,17,20,bm25_only,15,14,1,0,4,8,0.933333333333,0.0666666666667,0.266666666667,0.533333333333
splade,bm25,18,20,shared,6,6,0,0,5,6,1,0,0.833333333333,1
splade,bm25,18,20,method_only,14,13,1,0,9,13,0.928571428571,0.0714285714286,0.642857142857,0.928571428571
splade,bm25,18,20,bm25_only,14,14,0,0,5,9,1,0,0.357142857143,0.642857142857
splade,bm25,19,20,shared,8,8,0,0,2,6,1,0,0.25,0.75
splade,bm25,19,20,method_only,12,11,1,0,2,3,0.916666666667,0.0833333333333,0.166666666667,0.25
splade,bm25,19,20,bm25_only,12,12,0,0,3,8,1,0,0.25,0.666666666667
splade,bm25,20,20,shared,5,5,0,0,5,5,1,0,1,1
splade,bm25,20,20,method_only,15,15,0,0,15,15,1,0,1,1
splade,bm25,20,20,bm25_only,15,13,2,0,12,12,0.866666666667,0.133333333333,0.8,0.8
splade,bm25,21,20,shared,6,6,0,0,4,4,1,0,0.666666666667,0.666666666667
splade,bm25,21,20,method_only,14,11,3,0,9,10,0.785714285714,0.214285714286,0.642857142857,0.714285714286
splade,bm25,21,20,bm25_only,14,12,2,0,3,5,0.857142857143,0.142857142857,0.214285714286,0.357142857143
splade,bm25,22,20,shared,6,6,0,0,6,6,1,0,1,1
splade,bm25,22,20,method_only,14,13,1,0,11,13,0.928571428571,0.0714285714286,0.785714285714,0.928571428571
splade,bm25,22,20,bm25_only,14,10,4,0,8,10,0.714285714286,0.285714285714,0.571428571429,0.714285714286
splade,bm25,23,20,shared,6,6,0,0,6,6,1,0,1,1
splade,bm25,23,20,method_only,14,11,3,0,6,8,0.785714285714,0.214285714286,0.428571428571,0.571428571429
splade,bm25,23,20,bm25_only,14,13,1,0,9,10,0.928571428571,0.0714285714286,0.642857142857,0.714285714286
splade,bm25,24,20,shared,5,5,0,0,4,5,1,0,0.8,1
splade,bm25,24,20,method_only,15,15,0,0,13,13,1,0,0.866666666667,0.866666666667
splade,bm25,24,20,bm25_only,15,13,2,0,9,10,0.866666666667,0.133333333333,0.6,0.666666666667
splade,bm25,25,20,shared,3,3,0,0,3,3,1,0,1,1
splade,bm25,25,20,method_only,17,16,1,0,12,14,0.941176470588,0.0588235294118,0.705882352941,0.823529411765
splade,bm25,25,20,bm25_only,17,12,5,0,0,0,0.705882352941,0.294117647059,0,0
splade,bm25,26,20,shared,6,6,0,0,6,6,1,0,1,1
splade,bm25,26,20,method_only,14,4,10,0,3,3,0.285714285714,0.714285714286,0.214285714286,0.214285714286
splade,bm25,26,20,bm25_only,14,11,3,0,6,6,0.785714285714,0.214285714286,0.428571428571,0.428571428571
splade,bm25,27,20,shared,0,0,0,0,0,0,,,,
splade,bm25,27,20,method_only,20,20,0,0,16,20,1,0,0.8,1
splade,bm25,27,20,bm25_only,20,18,2,0,16,17,0.9,0.1,0.8,0.85
splade,bm25,28,20,shared,3,3,0,0,3,3,1,0,1,1
splade,bm25,28,20,method_only,17,17,0,0,16,16,1,0,0.941176470588,0.941176470588
splade,bm25,28,20,bm25_only,17,17,0,0,14,15,1,0,0.823529411765,0.882352941176
splade,bm25,29,20,shared,10,10,0,0,6,8,1,0,0.6,0.8
splade,bm25,29,20,method_only,10,10,0,0,3,5,1,0,0.3,0.5
splade,bm25,29,20,bm25_only,10,10,0,0,7,9,1,0,0.7,0.9
splade,bm25,30,20,shared,8,8,0,0,8,8,1,0,1,1
splade,bm25,30,20,method_only,12,12,0,0,10,12,1,0,0.833333333333,1
splade,bm25,30,20,bm25_only,12,12,0,0,11,12,1,0,0.916666666667,1
splade,bm25,31,20,shared,1,1,0,0,0,1,1,0,0,1
splade,bm25,31,20,method_only,19,19,0,0,6,11,1,0,0.315789473684,0.578947368421
splade,bm25,31,20,bm25_only,19,18,1,0,2,3,0.947368421053,0.0526315789474,0.105263157895,0.157894736842
splade,bm25,32,20,shared,5,5,0,0,5,5,1,0,1,1
splade,bm25,32,20,method_only,15,10,5,0,3,4,0.666666666667,0.333333333333,0.2,0.266666666667
splade,bm25,32,20,bm25_only,15,15,0,0,1,4,1,0,0.0666666666667,0.266666666667
splade,bm25,33,20,shared,1,1,0,0,1,1,1,0,1,1
splade,bm25,33,20,method_only,19,18,1,0,14,16,0.947368421053,0.0526315789474,0.736842105263,0.842105263158
splade,bm25,33,20,bm25_only,19,19,0,0,7,13,1,0,0.368421052632,0.684210526316
splade,bm25,34,20,shared,5,5,0,0,5,5,1,0,1,1
splade,bm25,34,20,method_only,15,15,0,0,3,7,1,0,0.2,0.466666666667
splade,bm25,34,20,bm25_only,15,9,6,0,0,2,0.6,0.4,0,0.133333333333
splade,bm25,35,20,shared,4,4,0,0,2,2,1,0,0.5,0.5
splade,bm25,35,20,method_only,16,16,0,0,12,12,1,0,0.75,0.75
splade,bm25,35,20,bm25_only,16,16,0,0,7,7,1,0,0.4375,0.4375
splade,bm25,36,20,shared,4,4,0,0,3,3,1,0,0.75,0.75
splade,bm25,36,20,method_only,16,14,2,0,13,14,0.875,0.125,0.8125,0.875
splade,bm25,36,20,bm25_only,16,16,0,0,15,16,1,0,0.9375,1
splade,bm25,37,20,shared,7,7,0,0,5,7,1,0,0.714285714286,1
splade,bm25,37,20,method_only,13,13,0,0,10,11,1,0,0.769230769231,0.846153846154
splade,bm25,37,20,bm25_only,13,13,0,0,4,9,1,0,0.307692307692,0.692307692308
splade,bm25,38,20,shared,4,4,0,0,4,4,1,0,1,1
splade,bm25,38,20,method_only,16,14,2,0,10,14,0.875,0.125,0.625,0.875
splade,bm25,38,20,bm25_only,16,16,0,0,7,8,1,0,0.4375,0.5
splade,bm25,39,20,shared,12,12,0,0,11,12,1,0,0.916666666667,1
splade,bm25,39,20,method_only,8,8,0,0,5,8,1,0,0.625,1
splade,bm25,39,20,bm25_only,8,8,0,0,6,8,1,0,0.75,1
splade,bm25,40,20,shared,9,9,0,0,9,9,1,0,1,1
splade,bm25,40,20,method_only,11,11,0,0,10,11,1,0,0.909090909091,1
splade,bm25,40,20,bm25_only,11,11,0,0,11,11,1,0,1,1
splade,bm25,41,20,shared,7,7,0,0,5,5,1,0,0.714285714286,0.714285714286
splade,bm25,41,20,method_only,13,11,2,0,6,8,0.846153846154,0.153846153846,0.461538461538,0.615384615385
splade,bm25,41,20,bm25_only,13,13,0,0,10,10,1,0,0.769230769231,0.769230769231
splade,bm25,42,20,shared,9,9,0,0,8,9,1,0,0.888888888889,1
splade,bm25,42,20,method_only,11,11,0,0,11,11,1,0,1,1
splade,bm25,42,20,bm25_only,11,11,0,0,4,6,1,0,0.363636363636,0.545454545455
splade,bm25,43,20,shared,9,9,0,0,4,6,1,0,0.444444444444,0.666666666667
splade,bm25,43,20,method_only,11,8,3,0,4,5,0.727272727273,0.272727272727,0.363636363636,0.454545454545
splade,bm25,43,20,bm25_only,11,11,0,0,9,10,1,0,0.818181818182,0.909090909091
splade,bm25,44,20,shared,10,10,0,0,7,10,1,0,0.7,1
splade,bm25,44,20,method_only,10,10,0,0,8,9,1,0,0.8,0.9
splade,bm25,44,20,bm25_only,10,9,1,0,7,8,0.9,0.1,0.7,0.8
splade,bm25,45,20,shared,3,3,0,0,3,3,1,0,1,1
splade,bm25,45,20,method_only,17,17,0,0,11,17,1,0,0.647058823529,1
splade,bm25,45,20,bm25_only,17,16,1,0,8,15,0.941176470588,0.0588235294118,0.470588235294,0.882352941176
splade,bm25,46,20,shared,10,10,0,0,6,8,1,0,0.6,0.8
splade,bm25,46,20,method_only,10,10,0,0,8,8,1,0,0.8,0.8
splade,bm25,46,20,bm25_only,10,10,0,0,3,6,1,0,0.3,0.6
splade,bm25,47,20,shared,5,5,0,0,2,2,1,0,0.4,0.4
splade,bm25,47,20,method_only,15,15,0,0,7,12,1,0,0.466666666667,0.8
splade,bm25,47,20,bm25_only,15,9,6,0,2,4,0.6,0.4,0.133333333333,0.266666666667
splade,bm25,48,20,shared,7,7,0,0,6,7,1,0,0.857142857143,1
splade,bm25,48,20,method_only,13,12,1,0,8,12,0.923076923077,0.0769230769231,0.615384615385,0.923076923077
splade,bm25,48,20,bm25_only,13,10,3,0,9,9,0.769230769231,0.230769230769,0.692307692308,0.692307692308
splade,bm25,49,20,shared,4,4,0,0,2,3,1,0,0.5,0.75
splade,bm25,49,20,method_only,16,16,0,0,7,11,1,0,0.4375,0.6875
splade,bm25,49,20,bm25_only,16,15,1,0,1,4,0.9375,0.0625,0.0625,0.25
splade,bm25,50,20,shared,7,7,0,0,3,6,1,0,0.428571428571,0.857142857143
splade,bm25,50,20,method_only,13,9,4,0,1,1,0.692307692308,0.307692307692,0.0769230769231,0.0769230769231
splade,bm25,50,20,bm25_only,13,13,0,0,4,9,1,0,0.307692307692,0.692307692308
splade,bm25,1,50,shared,6,6,0,0,2,6,1,0,0.333333333333,1
splade,bm25,1,50,method_only,44,24,20,0,2,11,0.545454545455,0.454545454545,0.0454545454545,0.25
splade,bm25,1,50,bm25_only,44,26,18,0,4,10,0.590909090909,0.409090909091,0.0909090909091,0.227272727273
splade,bm25,2,50,shared,9,9,0,0,7,8,1,0,0.777777777778,0.888888888889
splade,bm25,2,50,method_only,41,24,17,0,15,16,0.585365853659,0.414634146341,0.365853658537,0.390243902439
splade,bm25,2,50,bm25_only,41,40,1,0,16,20,0.975609756098,0.0243902439024,0.390243902439,0.487804878049
splade,bm25,3,50,shared,13,13,0,0,9,13,1,0,0.692307692308,1
splade,bm25,3,50,method_only,37,30,7,0,21,29,0.810810810811,0.189189189189,0.567567567568,0.783783783784
splade,bm25,3,50,bm25_only,37,30,7,0,3,11,0.810810810811,0.189189189189,0.0810810810811,0.297297297297
splade,bm25,4,50,shared,3,3,0,0,3,3,1,0,1,1
splade,bm25,4,50,method_only,47,13,34,0,5,8,0.276595744681,0.723404255319,0.106382978723,0.170212765957
splade,bm25,4,50,bm25_only,47,36,11,0,6,9,0.765957446809,0.234042553191,0.127659574468,0.191489361702
splade,bm25,5,50,shared,14,11,3,0,4,10,0.785714285714,0.214285714286,0.285714285714,0.714285714286
splade,bm25,5,50,method_only,36,23,13,0,11,19,0.638888888889,0.361111111111,0.305555555556,0.527777777778
splade,bm25,5,50,bm25_only,36,30,6,0,9,22,0.833333333333,0.166666666667,0.25,0.611111111111
splade,bm25,6,50,shared,16,16,0,0,15,15,1,0,0.9375,0.9375
splade,bm25,6,50,method_only,34,31,3,0,28,28,0.911764705882,0.0882352941176,0.823529411765,0.823529411765
splade,bm25,6,50,bm25_only,34,23,11,0,13,18,0.676470588235,0.323529411765,0.382352941176,0.529411764706
splade,bm25,7,50,shared,16,16,0,0,14,14,1,0,0.875,0.875
splade,bm25,7,50,method_only,34,34,0,0,28,28,1,0,0.823529411765,0.823529411765
splade,bm25,7,50,bm25_only,34,30,4,0,17,20,0.882352941176,0.117647058824,0.5,0.588235294118
splade,bm25,8,50,shared,4,2,2,0,1,2,0.5,0.5,0.25,0.5
splade,bm25,8,50,method_only,46,28,18,0,17,24,0.608695652174,0.391304347826,0.369565217391,0.521739130435
splade,bm25,8,50,bm25_only,46,31,15,0,15,21,0.673913043478,0.326086956522,0.326086956522,0.45652173913
splade,bm25,9,50,shared,12,12,0,0,3,4,1,0,0.25,0.333333333333
splade,bm25,9,50,method_only,38,28,10,0,11,14,0.736842105263,0.263157894737,0.289473684211,0.368421052632
splade,bm25,9,50,bm25_only,38,36,2,0,6,13,0.947368421053,0.0526315789474,0.157894736842,0.342105263158
splade,bm25,10,50,shared,18,18,0,0,15,18,1,0,0.833333333333,1
splade,bm25,10,50,method_only,32,26,6,0,20,23,0.8125,0.1875,0.625,0.71875
splade,bm25,10,50,bm25_only,32,27,5,0,12,20,0.84375,0.15625,0.375,0.625
splade,bm25,11,50,shared,17,17,0,0,8,11,1,0,0.470588235294,0.647058823529
splade,bm25,11,50,method_only,33,21,12,0,5,8,0.636363636364,0.363636363636,0.151515151515,0.242424242424
splade,bm25,11,50,bm25_only,33,26,7,0,4,8,0.787878787879,0.212121212121,0.121212121212,0.242424242424
splade,bm25,12,50,shared,8,7,1,0,3,4,0.875,0.125,0.375,0.5
splade,bm25,12,50,method_only,42,32,10,0,7,16,0.761904761905,0.238095238095,0.166666666667,0.380952380952
splade,bm25,12,50,bm25_only,42,32,10,0,2,17,0.761904761905,0.238095238095,0.047619047619,0.404761904762
splade,bm25,13,50,shared,21,21,0,0,11,19,1,0,0.52380952381,0.904761904762
splade,bm25,13,50,method_only,29,26,3,0,16,26,0.896551724138,0.103448275862,0.551724137931,0.896551724138
splade,bm25,13,50,bm25_only,29,25,4,0,5,15,0.862068965517,0.137931034483,0.172413793103,0.51724137931
splade,bm25,14,50,shared,15,15,0,0,13,15,1,0,0.866666666667,1
splade,bm25,14,50,method_only,35,18,17,0,3,4,0.514285714286,0.485714285714,0.0857142857143,0.114285714286
splade,bm25,14,50,bm25_only,35,35,0,0,10,25,1,0,0.285714285714,0.714285714286
splade,bm25,15,50,shared,2,2,0,0,0,0,1,0,0,0
splade,bm25,15,50,method_only,48,24,24,0,7,11,0.5,0.5,0.145833333333,0.229166666667
splade,bm25,15,50,bm25_only,48,30,18,0,3,6,0.625,0.375,0.0625,0.125
splade,bm25,16,50,shared,7,7,0,0,5,7,1,0,0.714285714286,1
splade,bm25,16,50,method_only,43,34,9,0,16,28,0.790697674419,0.209302325581,0.372093023256,0.651162790698
splade,bm25,16,50,bm25_only,43,29,14,0,2,5,0.674418604651,0.325581395349,0.046511627907,0.116279069767
splade,bm25,17,50,shared,10,9,1,0,5,8,0.9,0.1,0.5,0.8
splade,bm25,17,50,method_only,40,33,7,0,18,27,0.825,0.175,0.45,0.675
splade,bm25,17,50,bm25_only,40,34,6,0,12,26,0.85,0.15,0.3,0.65
splade,bm25,18,50,shared,21,21,0,0,14,19,1,0,0.666666666667,0.904761904762
splade,bm25,18,50,method_only,29,22,7,0,14,20,0.758620689655,0.241379310345,0.48275862069,0.689655172414
splade,bm25,18,50,bm25_only,29,28,1,0,13,22,0.965517241379,0.0344827586207,0.448275862069,0.758620689655
splade,bm25,19,50,shared,21,20,1,0,5,12,0.952380952381,0.047619047619,0.238095238095,0.571428571429
splade,bm25,19,50,method_only,29,26,3,0,1,2,0.896551724138,0.103448275862,0.0344827586207,0.0689655172414
splade,bm25,19,50,bm25_only,29,28,1,0,3,8,0.965517241379,0.0344827586207,0.103448275862,0.275862068966
splade,bm25,20,50,shared,11,11,0,0,11,11,1,0,1,1
splade,bm25,20,50,method_only,39,36,3,0,35,35,0.923076923077,0.0769230769231,0.897435897436,0.897435897436
splade,bm25,20,50,bm25_only,39,34,5,0,18,23,0.871794871795,0.128205128205,0.461538461538,0.589743589744
splade,bm25,21,50,shared,23,23,0,0,14,15,1,0,0.608695652174,0.652173913043
splade,bm25,21,50,method_only,27,20,7,0,14,15,0.740740740741,0.259259259259,0.518518518519,0.555555555556
splade,bm25,21,50,bm25_only,27,23,4,0,10,11,0.851851851852,0.148148148148,0.37037037037,0.407407407407
splade,bm25,22,50,shared,19,19,0,0,17,19,1,0,0.894736842105,1
splade,bm25,22,50,method_only,31,25,6,0,21,24,0.806451612903,0.193548387097,0.677419354839,0.774193548387
splade,bm25,22,50,bm25_only,31,18,13,0,10,14,0.58064516129,0.41935483871,0.322580645161,0.451612903226
splade,bm25,23,50,shared,14,14,0,0,11,13,1,0,0.785714285714,0.928571428571
splade,bm25,23,50,method_only,36,21,15,0,6,8,0.583333333333,0.416666666667,0.166666666667,0.222222222222
splade,bm25,23,50,bm25_only,36,28,8,0,15,21,0.777777777778,0.222222222222,0.416666666667,0.583333333333
splade,bm25,24,50,shared,17,17,0,0,12,16,1,0,0.705882352941,0.941176470588
splade,bm25,24,50,method_only,33,28,5,0,24,26,0.848484848485,0.151515151515,0.727272727273,0.787878787879
splade,bm25,24,50,bm25_only,33,29,4,0,22,24,0.878787878788,0.121212121212,0.666666666667,0.727272727273
splade,bm25,25,50,shared,11,7,4,0,5,5,0.636363636364,0.363636363636,0.454545454545,0.454545454545
splade,bm25,25,50,method_only,39,32,7,0,22,27,0.820512820513,0.179487179487,0.564102564103,0.692307692308
splade,bm25,25,50,bm25_only,39,24,15,0,1,3,0.615384615385,0.384615384615,0.025641025641,0.0769230769231
splade,bm25,26,50,shared,10,10,0,0,9,10,1,0,0.9,1
splade,bm25,26,50,method_only,40,18,22,0,15,17,0.45,0.55,0.375,0.425
splade,bm25,26,50,bm25_only,40,25,15,0,15,16,0.625,0.375,0.375,0.4
splade,bm25,27,50,shared,16,16,0,0,15,16,1,0,0.9375,1
splade,bm25,27,50,method_only,34,28,6,0,20,28,0.823529411765,0.176470588235,0.588235294118,0.823529411765
splade,bm25,27,50,bm25_only,34,30,4,0,20,28,0.882352941176,0.117647058824,0.588235294118,0.823529411765
splade,bm25,28,50,shared,11,11,0,0,11,11,1,0,1,1
splade,bm25,28,50,method_only,39,35,4,0,34,34,0.897435897436,0.102564102564,0.871794871795,0.871794871795
splade,bm25,28,50,bm25_only,39,35,4,0,28,29,0.897435897436,0.102564102564,0.717948717949,0.74358974359
splade,bm25,29,50,shared,25,25,0,0,15,21,1,0,0.6,0.84
splade,bm25,29,50,method_only,25,24,1,0,7,11,0.96,0.04,0.28,0.44
splade,bm25,29,50,bm25_only,25,25,0,0,12,19,1,0,0.48,0.76
splade,bm25,30,50,shared,29,29,0,0,27,29,1,0,0.931034482759,1
splade,bm25,30,50,method_only,21,21,0,0,17,19,1,0,0.809523809524,0.904761904762
splade,bm25,30,50,bm25_only,21,19,2,0,11,19,0.904761904762,0.0952380952381,0.52380952381,0.904761904762
splade,bm25,31,50,shared,2,2,0,0,0,1,1,0,0,0.5
splade,bm25,31,50,method_only,48,42,6,0,15,26,0.875,0.125,0.3125,0.541666666667
splade,bm25,31,50,bm25_only,48,47,1,0,4,9,0.979166666667,0.0208333333333,0.0833333333333,0.1875
splade,bm25,32,50,shared,10,10,0,0,5,7,1,0,0.5,0.7
splade,bm25,32,50,method_only,40,18,22,0,9,10,0.45,0.55,0.225,0.25
splade,bm25,32,50,bm25_only,40,40,0,0,7,9,1,0,0.175,0.225
splade,bm25,33,50,shared,16,16,0,0,10,14,1,0,0.625,0.875
splade,bm25,33,50,method_only,34,25,9,0,14,16,0.735294117647,0.264705882353,0.411764705882,0.470588235294
splade,bm25,33,50,bm25_only,34,31,3,0,11,17,0.911764705882,0.0882352941176,0.323529411765,0.5
splade,bm25,34,50,shared,8,7,1,0,6,7,0.875,0.125,0.75,0.875
splade,bm25,34,50,method_only,42,30,12,0,6,11,0.714285714286,0.285714285714,0.142857142857,0.261904761905
splade,bm25,34,50,bm25_only,42,16,26,0,0,2,0.380952380952,0.619047619048,0,0.047619047619
splade,bm25,35,50,shared,18,18,0,0,9,10,1,0,0.5,0.555555555556
splade,bm25,35,50,method_only,32,31,1,0,24,25,0.96875,0.03125,0.75,0.78125
splade,bm25,35,50,bm25_only,32,28,4,0,14,15,0.875,0.125,0.4375,0.46875
splade,bm25,36,50,shared,21,21,0,0,19,20,1,0,0.904761904762,0.952380952381
splade,bm25,36,50,method_only,29,24,5,0,21,22,0.827586206897,0.172413793103,0.724137931034,0.758620689655
splade,bm25,36,50,bm25_only,29,29,0,0,23,25,1,0,0.793103448276,0.862068965517
splade,bm25,37,50,shared,30,30,0,0,16,26,1,0,0.533333333333,0.866666666667
splade,bm25,37,50,method_only,20,20,0,0,13,16,1,0,0.65,0.8
splade,bm25,37,50,bm25_only,20,20,0,0,9,16,1,0,0.45,0.8
splade,bm25,38,50,shared,14,14,0,0,8,12,1,0,0.571428571429,0.857142857143
splade,bm25,38,50,method_only,36,33,3,0,27,33,0.916666666667,0.0833333333333,0.75,0.916666666667
splade,bm25,38,50,bm25_only,36,31,5,0,10,15,0.861111111111,0.138888888889,0.277777777778,0.416666666667
splade,bm25,39,50,shared,25,25,0,0,21,24,1,0,0.84,0.96
splade,bm25,39,50,method_only,25,24,1,0,16,24,0.96,0.04,0.64,0.96
splade,bm25,39,50,bm25_only,25,25,0,0,17,25,1,0,0.68,1
splade,bm25,40,50,shared,28,28,0,0,28,28,1,0,1,1
splade,bm25,40,50,method_only,22,22,0,0,21,22,1,0,0.954545454545,1
splade,bm25,40,50,bm25_only,22,22,0,0,18,22,1,0,0.818181818182,1
splade,bm25,41,50,shared,19,19,0,0,15,16,1,0,0.789473684211,0.842105263158
splade,bm25,41,50,method_only,31,21,10,0,7,10,0.677419354839,0.322580645161,0.225806451613,0.322580645161
splade,bm25,41,50,bm25_only,31,29,2,0,16,19,0.935483870968,0.0645161290323,0.516129032258,0.612903225806
splade,bm25,42,50,shared,29,29,0,0,26,29,1,0,0.896551724138,1
splade,bm25,42,50,method_only,21,21,0,0,18,21,1,0,0.857142857143,1
splade,bm25,42,50,bm25_only,21,21,0,0,8,9,1,0,0.380952380952,0.428571428571
splade,bm25,43,50,shared,15,15,0,0,10,12,1,0,0.666666666667,0.8
splade,bm25,43,50,method_only,35,14,21,0,2,5,0.4,0.6,0.0571428571429,0.142857142857
splade,bm25,43,50,bm25_only,35,35,0,0,27,29,1,0,0.771428571429,0.828571428571
splade,bm25,44,50,shared,16,16,0,0,12,16,1,0,0.75,1
splade,bm25,44,50,method_only,34,32,2,0,21,24,0.941176470588,0.0588235294118,0.617647058824,0.705882352941
splade,bm25,44,50,bm25_only,34,29,5,0,17,19,0.852941176471,0.147058823529,0.5,0.558823529412
splade,bm25,45,50,shared,8,8,0,0,7,8,1,0,0.875,1
splade,bm25,45,50,method_only,42,42,0,0,26,40,1,0,0.619047619048,0.952380952381
splade,bm25,45,50,bm25_only,42,38,4,0,12,32,0.904761904762,0.0952380952381,0.285714285714,0.761904761905
splade,bm25,46,50,shared,18,18,0,0,13,15,1,0,0.722222222222,0.833333333333
splade,bm25,46,50,method_only,32,21,11,0,6,13,0.65625,0.34375,0.1875,0.40625
splade,bm25,46,50,bm25_only,32,32,0,0,9,15,1,0,0.28125,0.46875
splade,bm25,47,50,shared,12,12,0,0,7,9,1,0,0.583333333333,0.75
splade,bm25,47,50,method_only,38,34,4,0,17,25,0.894736842105,0.105263157895,0.447368421053,0.657894736842
splade,bm25,47,50,bm25_only,38,18,20,0,6,8,0.473684210526,0.526315789474,0.157894736842,0.210526315789
splade,bm25,48,50,shared,12,12,0,0,10,12,1,0,0.833333333333,1
splade,bm25,48,50,method_only,38,33,5,0,23,30,0.868421052632,0.131578947368,0.605263157895,0.789473684211
splade,bm25,48,50,bm25_only,38,16,22,0,10,14,0.421052631579,0.578947368421,0.263157894737,0.368421052632
splade,bm25,49,50,shared,12,12,0,0,4,9,1,0,0.333333333333,0.75
splade,bm25,49,50,method_only,38,38,0,0,20,27,1,0,0.526315789474,0.710526315789
splade,bm25,49,50,bm25_only,38,34,4,0,1,4,0.894736842105,0.105263157895,0.0263157894737,0.105263157895
splade,bm25,50,50,shared,12,12,0,0,5,9,1,0,0.416666666667,0.75
splade,bm25,50,50,method_only,38,29,9,0,5,7,0.763157894737,0.236842105263,0.131578947368,0.184210526316
splade,bm25,50,50,bm25_only,38,28,10,0,3,8,0.736842105263,0.263157894737,0.0789473684211,0.210526315789
splade,bm25,1,100,shared,11,11,0,0,3,9,1,0,0.272727272727,0.818181818182
splade,bm25,1,100,method_only,89,45,44,0,7,20,0.505617977528,0.494382022472,0.0786516853933,0.224719101124
splade,bm25,1,100,bm25_only,89,43,46,0,11,22,0.483146067416,0.516853932584,0.123595505618,0.247191011236
splade,bm25,2,100,shared,17,17,0,0,15,16,1,0,0.882352941176,0.941176470588
splade,bm25,2,100,method_only,83,33,50,0,20,21,0.397590361446,0.602409638554,0.240963855422,0.253012048193
splade,bm25,2,100,bm25_only,83,61,22,0,22,27,0.734939759036,0.265060240964,0.265060240964,0.325301204819
splade,bm25,3,100,shared,32,30,2,0,20,28,0.9375,0.0625,0.625,0.875
splade,bm25,3,100,method_only,68,47,21,0,26,40,0.691176470588,0.308823529412,0.382352941176,0.588235294118
splade,bm25,3,100,bm25_only,68,48,20,0,8,20,0.705882352941,0.294117647059,0.117647058824,0.294117647059
splade,bm25,4,100,shared,9,8,1,0,5,5,0.888888888889,0.111111111111,0.555555555556,0.555555555556
splade,bm25,4,100,method_only,91,26,65,0,10,20,0.285714285714,0.714285714286,0.10989010989,0.21978021978
splade,bm25,4,100,bm25_only,91,61,30,0,13,21,0.67032967033,0.32967032967,0.142857142857,0.230769230769
splade,bm25,5,100,shared,23,18,5,0,7,14,0.782608695652,0.217391304348,0.304347826087,0.608695652174
splade,bm25,5,100,method_only,77,44,33,0,20,35,0.571428571429,0.428571428571,0.25974025974,0.454545454545
splade,bm25,5,100,bm25_only,77,53,24,0,20,42,0.688311688312,0.311688311688,0.25974025974,0.545454545455
splade,bm25,6,100,shared,28,27,1,0,26,26,0.964285714286,0.0357142857143,0.928571428571,0.928571428571
splade,bm25,6,100,method_only,72,58,14,0,55,55,0.805555555556,0.194444444444,0.763888888889,0.763888888889
splade,bm25,6,100,bm25_only,72,40,32,0,26,34,0.555555555556,0.444444444444,0.361111111111,0.472222222222
splade,bm25,7,100,shared,38,37,1,0,26,29,0.973684210526,0.0263157894737,0.684210526316,0.763157894737
splade,bm25,7,100,method_only,62,56,6,0,44,44,0.903225806452,0.0967741935484,0.709677419355,0.709677419355
splade,bm25,7,100,bm25_only,62,51,11,0,26,28,0.822580645161,0.177419354839,0.41935483871,0.451612903226
splade,bm25,8,100,shared,14,11,3,0,5,10,0.785714285714,0.214285714286,0.357142857143,0.714285714286
splade,bm25,8,100,method_only,86,39,47,0,23,33,0.453488372093,0.546511627907,0.267441860465,0.383720930233
splade,bm25,8,100,bm25_only,86,50,36,0,24,33,0.581395348837,0.418604651163,0.279069767442,0.383720930233
splade,bm25,9,100,shared,30,30,0,0,8,12,1,0,0.266666666667,0.4
splade,bm25,9,100,method_only,70,53,17,0,19,27,0.757142857143,0.242857142857,0.271428571429,0.385714285714
splade,bm25,9,100,bm25_only,70,58,12,0,9,18,0.828571428571,0.171428571429,0.128571428571,0.257142857143
splade,bm25,10,100,shared,44,44,0,0,27,39,1,0,0.613636363636,0.886363636364
splade,bm25,10,100,method_only,56,37,19,0,26,31,0.660714285714,0.339285714286,0.464285714286,0.553571428571
splade,bm25,10,100,bm25_only,56,45,11,0,15,31,0.803571428571,0.196428571429,0.267857142857,0.553571428571
splade,bm25,11,100,shared,39,37,2,0,12,19,0.948717948718,0.0512820512821,0.307692307692,0.487179487179
splade,bm25,11,100,method_only,61,28,33,0,4,8,0.459016393443,0.540983606557,0.0655737704918,0.131147540984
splade,bm25,11,100,bm25_only,61,48,13,0,8,15,0.786885245902,0.213114754098,0.131147540984,0.245901639344
splade,bm25,12,100,shared,33,32,1,0,8,16,0.969696969697,0.030303030303,0.242424242424,0.484848484848
splade,bm25,12,100,method_only,67,39,28,0,8,17,0.582089552239,0.417910447761,0.119402985075,0.253731343284
splade,bm25,12,100,bm25_only,67,46,21,0,5,27,0.686567164179,0.313432835821,0.0746268656716,0.402985074627
splade,bm25,13,100,shared,42,37,5,0,17,32,0.880952380952,0.119047619048,0.404761904762,0.761904761905
splade,bm25,13,100,method_only,58,43,15,0,16,36,0.741379310345,0.258620689655,0.275862068966,0.620689655172
splade,bm25,13,100,bm25_only,58,40,18,0,11,26,0.689655172414,0.310344827586,0.189655172414,0.448275862069
splade,bm25,14,100,shared,23,23,0,0,17,20,1,0,0.739130434783,0.869565217391
splade,bm25,14,100,method_only,77,22,55,0,0,3,0.285714285714,0.714285714286,0,0.038961038961
splade,bm25,14,100,bm25_only,77,73,4,0,18,45,0.948051948052,0.0519480519481,0.233766233766,0.584415584416
splade,bm25,15,100,shared,2,2,0,0,0,0,1,0,0,0
splade,bm25,15,100,method_only,98,31,67,0,8,14,0.316326530612,0.683673469388,0.0816326530612,0.142857142857
splade,bm25,15,100,bm25_only,98,47,51,0,4,7,0.479591836735,0.520408163265,0.0408163265306,0.0714285714286
splade,bm25,16,100,shared,14,13,1,0,7,13,0.928571428571,0.0714285714286,0.5,0.928571428571
splade,bm25,16,100,method_only,86,49,37,0,25,36,0.56976744186,0.43023255814,0.290697674419,0.418604651163
splade,bm25,16,100,bm25_only,86,49,37,0,3,5,0.56976744186,0.43023255814,0.0348837209302,0.0581395348837
splade,bm25,17,100,shared,32,30,2,0,17,26,0.9375,0.0625,0.53125,0.8125
splade,bm25,17,100,method_only,68,51,17,0,15,38,0.75,0.25,0.220588235294,0.558823529412
splade,bm25,17,100,bm25_only,68,48,20,0,10,31,0.705882352941,0.294117647059,0.147058823529,0.455882352941
splade,bm25,18,100,shared,47,44,3,0,27,41,0.936170212766,0.063829787234,0.574468085106,0.872340425532
splade,bm25,18,100,method_only,53,45,8,0,30,38,0.849056603774,0.150943396226,0.566037735849,0.716981132075
splade,bm25,18,100,bm25_only,53,44,9,0,20,34,0.830188679245,0.169811320755,0.377358490566,0.641509433962
splade,bm25,19,100,shared,40,38,2,0,5,13,0.95,0.05,0.125,0.325
splade,bm25,19,100,method_only,60,27,33,0,1,2,0.45,0.55,0.0166666666667,0.0333333333333
splade,bm25,19,100,bm25_only,60,45,15,0,5,13,0.75,0.25,0.0833333333333,0.216666666667
splade,bm25,20,100,shared,25,25,0,0,25,25,1,0,1,1
splade,bm25,20,100,method_only,75,66,9,0,64,65,0.88,0.12,0.853333333333,0.866666666667
splade,bm25,20,100,bm25_only,75,65,10,0,35,45,0.866666666667,0.133333333333,0.466666666667,0.6
splade,bm25,21,100,shared,37,36,1,0,24,25,0.972972972973,0.027027027027,0.648648648649,0.675675675676
splade,bm25,21,100,method_only,63,38,25,0,26,30,0.603174603175,0.396825396825,0.412698412698,0.47619047619
splade,bm25,21,100,bm25_only,63,43,20,0,18,20,0.68253968254,0.31746031746,0.285714285714,0.31746031746
splade,bm25,22,100,shared,38,37,1,0,30,36,0.973684210526,0.0263157894737,0.789473684211,0.947368421053
splade,bm25,22,100,method_only,62,42,20,0,34,40,0.677419354839,0.322580645161,0.548387096774,0.645161290323
splade,bm25,22,100,bm25_only,62,36,26,0,19,26,0.58064516129,0.41935483871,0.306451612903,0.41935483871
splade,bm25,23,100,shared,30,28,2,0,21,25,0.933333333333,0.0666666666667,0.7,0.833333333333
splade,bm25,23,100,method_only,70,25,45,0,4,10,0.357142857143,0.642857142857,0.0571428571429,0.142857142857
splade,bm25,23,100,bm25_only,70,40,30,0,19,27,0.571428571429,0.428571428571,0.271428571429,0.385714285714
splade,bm25,24,100,shared,42,41,1,0,32,39,0.97619047619,0.0238095238095,0.761904761905,0.928571428571
splade,bm25,24,100,method_only,58,38,20,0,31,34,0.655172413793,0.344827586207,0.534482758621,0.586206896552
splade,bm25,24,100,bm25_only,58,43,15,0,27,31,0.741379310345,0.258620689655,0.465517241379,0.534482758621
splade,bm25,25,100,shared,26,18,8,0,7,7,0.692307692308,0.307692307692,0.269230769231,0.269230769231
splade,bm25,25,100,method_only,74,52,22,0,35,43,0.702702702703,0.297297297297,0.472972972973,0.581081081081
splade,bm25,25,100,bm25_only,74,48,26,0,7,10,0.648648648649,0.351351351351,0.0945945945946,0.135135135135
splade,bm25,26,100,shared,25,20,5,0,16,17,0.8,0.2,0.64,0.68
splade,bm25,26,100,method_only,75,38,37,0,31,37,0.506666666667,0.493333333333,0.413333333333,0.493333333333
splade,bm25,26,100,bm25_only,75,42,33,0,24,27,0.56,0.44,0.32,0.36
splade,bm25,27,100,shared,48,46,2,0,38,45,0.958333333333,0.0416666666667,0.791666666667,0.9375
splade,bm25,27,100,method_only,52,34,18,0,25,34,0.653846153846,0.346153846154,0.480769230769,0.653846153846
splade,bm25,27,100,bm25_only,52,44,8,0,24,42,0.846153846154,0.153846153846,0.461538461538,0.807692307692
splade,bm25,28,100,shared,26,26,0,0,25,25,1,0,0.961538461538,0.961538461538
splade,bm25,28,100,method_only,74,61,13,0,59,60,0.824324324324,0.175675675676,0.797297297297,0.810810810811
splade,bm25,28,100,bm25_only,74,58,16,0,46,49,0.783783783784,0.216216216216,0.621621621622,0.662162162162
splade,bm25,29,100,shared,56,56,0,0,27,35,1,0,0.482142857143,0.625
splade,bm25,29,100,method_only,44,36,8,0,16,24,0.818181818182,0.181818181818,0.363636363636,0.545454545455
splade,bm25,29,100,bm25_only,44,40,4,0,19,29,0.909090909091,0.0909090909091,0.431818181818,0.659090909091
splade,bm25,30,100,shared,59,58,1,0,49,55,0.983050847458,0.0169491525424,0.830508474576,0.932203389831
splade,bm25,30,100,method_only,41,28,13,0,20,27,0.682926829268,0.317073170732,0.487804878049,0.658536585366
splade,bm25,30,100,bm25_only,41,36,5,0,19,32,0.878048780488,0.121951219512,0.463414634146,0.780487804878
splade,bm25,31,100,shared,14,14,0,0,4,7,1,0,0.285714285714,0.5
splade,bm25,31,100,method_only,86,61,25,0,16,31,0.709302325581,0.290697674419,0.186046511628,0.360465116279
splade,bm25,31,100,bm25_only,86,84,2,0,8,14,0.976744186047,0.0232558139535,0.093023255814,0.162790697674
splade,bm25,32,100,shared,18,18,0,0,9,12,1,0,0.5,0.666666666667
splade,bm25,32,100,method_only,82,28,54,0,11,12,0.341463414634,0.658536585366,0.134146341463,0.146341463415
splade,bm25,32,100,bm25_only,82,60,22,0,4,5,0.731707317073,0.268292682927,0.0487804878049,0.0609756097561
splade,bm25,33,100,shared,33,33,0,0,21,29,1,0,0.636363636364,0.878787878788
splade,bm25,33,100,method_only,67,32,35,0,17,20,0.477611940299,0.522388059701,0.253731343284,0.298507462687
splade,bm25,33,100,bm25_only,67,51,16,0,9,15,0.761194029851,0.238805970149,0.134328358209,0.223880597015
splade,bm25,34,100,shared,19,18,1,0,6,10,0.947368421053,0.0526315789474,0.315789473684,0.526315789474
splade,bm25,34,100,method_only,81,54,27,0,14,21,0.666666666667,0.333333333333,0.172839506173,0.259259259259
splade,bm25,34,100,bm25_only,81,31,50,0,3,6,0.382716049383,0.617283950617,0.037037037037,0.0740740740741
splade,bm25,35,100,shared,41,41,0,0,25,27,1,0,0.609756097561,0.658536585366
splade,bm25,35,100,method_only,59,42,17,0,23,24,0.71186440678,0.28813559322,0.389830508475,0.406779661017
splade,bm25,35,100,bm25_only,59,43,16,0,18,18,0.728813559322,0.271186440678,0.305084745763,0.305084745763
splade,bm25,36,100,shared,54,54,0,0,47,50,1,0,0.87037037037,0.925925925926
splade,bm25,36,100,method_only,46,39,7,0,29,30,0.847826086957,0.152173913043,0.630434782609,0.652173913043
splade,bm25,36,100,bm25_only,46,44,2,0,31,35,0.95652173913,0.0434782608696,0.673913043478,0.760869565217
splade,bm25,37,100,shared,56,56,0,0,27,45,1,0,0.482142857143,0.803571428571
splade,bm25,37,100,method_only,44,43,1,0,23,30,0.977272727273,0.0227272727273,0.522727272727,0.681818181818
splade,bm25,37,100,bm25_only,44,43,1,0,22,28,0.977272727273,0.0227272727273,0.5,0.636363636364
splade,bm25,38,100,shared,23,23,0,0,16,21,1,0,0.695652173913,0.913043478261
splade,bm25,38,100,method_only,77,69,8,0,50,68,0.896103896104,0.103896103896,0.649350649351,0.883116883117
splade,bm25,38,100,bm25_only,77,62,15,0,20,34,0.805194805195,0.194805194805,0.25974025974,0.441558441558
splade,bm25,39,100,shared,43,43,0,0,35,42,1,0,0.813953488372,0.976744186047
splade,bm25,39,100,method_only,57,48,9,0,29,46,0.842105263158,0.157894736842,0.508771929825,0.80701754386
splade,bm25,39,100,bm25_only,57,57,0,0,29,55,1,0,0.508771929825,0.964912280702
splade,bm25,40,100,shared,63,63,0,0,60,63,1,0,0.952380952381,1
splade,bm25,40,100,method_only,37,36,1,0,33,35,0.972972972973,0.027027027027,0.891891891892,0.945945945946
splade,bm25,40,100,bm25_only,37,36,1,0,26,34,0.972972972973,0.027027027027,0.702702702703,0.918918918919
splade,bm25,41,100,shared,38,38,0,0,27,30,1,0,0.710526315789,0.789473684211
splade,bm25,41,100,method_only,62,31,31,0,8,10,0.5,0.5,0.129032258065,0.161290322581
splade,bm25,41,100,bm25_only,62,59,3,0,28,32,0.951612903226,0.0483870967742,0.451612903226,0.516129032258
splade,bm25,42,100,shared,57,57,0,0,50,56,1,0,0.877192982456,0.982456140351
splade,bm25,42,100,method_only,43,40,3,0,29,33,0.93023255814,0.0697674418605,0.674418604651,0.767441860465
splade,bm25,42,100,bm25_only,43,38,5,0,11,13,0.883720930233,0.116279069767,0.255813953488,0.302325581395
splade,bm25,43,100,shared,21,20,1,0,13,17,0.952380952381,0.047619047619,0.619047619048,0.809523809524
splade,bm25,43,100,method_only,79,23,56,0,5,9,0.291139240506,0.708860759494,0.0632911392405,0.113924050633
splade,bm25,43,100,bm25_only,79,79,0,0,56,61,1,0,0.708860759494,0.772151898734
splade,bm25,44,100,shared,39,38,1,0,27,33,0.974358974359,0.025641025641,0.692307692308,0.846153846154
splade,bm25,44,100,method_only,61,53,8,0,31,41,0.868852459016,0.131147540984,0.508196721311,0.672131147541
splade,bm25,44,100,bm25_only,61,50,11,0,25,34,0.819672131148,0.180327868852,0.409836065574,0.55737704918
splade,bm25,45,100,shared,26,26,0,0,12,24,1,0,0.461538461538,0.923076923077
splade,bm25,45,100,method_only,74,71,3,0,46,66,0.959459459459,0.0405405405405,0.621621621622,0.891891891892
splade,bm25,45,100,bm25_only,74,64,10,0,20,57,0.864864864865,0.135135135135,0.27027027027,0.77027027027
splade,bm25,46,100,shared,31,31,0,0,18,22,1,0,0.58064516129,0.709677419355
splade,bm25,46,100,method_only,69,28,41,0,5,14,0.405797101449,0.594202898551,0.0724637681159,0.202898550725
splade,bm25,46,100,bm25_only,69,56,13,0,12,18,0.811594202899,0.188405797101,0.173913043478,0.260869565217
splade,bm25,47,100,shared,25,23,2,0,13,18,0.92,0.08,0.52,0.72
splade,bm25,47,100,method_only,75,59,16,0,31,39,0.786666666667,0.213333333333,0.413333333333,0.52
splade,bm25,47,100,bm25_only,75,37,38,0,12,13,0.493333333333,0.506666666667,0.16,0.173333333333
splade,bm25,48,100,shared,29,25,4,0,21,25,0.862068965517,0.137931034483,0.724137931034,0.862068965517
splade,bm25,48,100,method_only,71,48,23,0,31,41,0.676056338028,0.323943661972,0.43661971831,0.577464788732
splade,bm25,48,100,bm25_only,71,27,44,0,11,21,0.380281690141,0.619718309859,0.154929577465,0.295774647887
splade,bm25,49,100,shared,24,24,0,0,6,13,1,0,0.25,0.541666666667
splade,bm25,49,100,method_only,76,60,16,0,30,44,0.789473684211,0.210526315789,0.394736842105,0.578947368421
splade,bm25,49,100,bm25_only,76,53,23,0,1,7,0.697368421053,0.302631578947,0.0131578947368,0.0921052631579
splade,bm25,50,100,shared,26,26,0,0,8,17,1,0,0.307692307692,0.653846153846
splade,bm25,50,100,method_only,74,35,39,0,5,6,0.472972972973,0.527027027027,0.0675675675676,0.0810810810811
splade,bm25,50,100,bm25_only,74,50,24,0,4,14,0.675675675676,0.324324324324,0.0540540540541,0.189189189189
splade,bm25,1,1000,shared,309,170,139,0,35,90,0.550161812298,0.449838187702,0.113268608414,0.291262135922
splade,bm25,1,1000,method_only,691,85,606,0,25,46,0.123010130246,0.876989869754,0.0361794500724,0.0665701881331
splade,bm25,1,1000,bm25_only,691,157,534,0,42,75,0.227206946454,0.772793053546,0.0607814761216,0.108538350217
splade,bm25,2,1000,shared,133,68,65,0,45,48,0.511278195489,0.488721804511,0.338345864662,0.360902255639
splade,bm25,2,1000,method_only,867,131,736,0,79,83,0.151095732411,0.848904267589,0.0911188004614,0.0957324106113
splade,bm25,2,1000,bm25_only,867,135,732,0,28,46,0.155709342561,0.844290657439,0.0322952710496,0.0530565167243
splade,bm25,3,1000,shared,333,215,118,0,83,158,0.645645645646,0.354354354354,0.249249249249,0.474474474474
splade,bm25,3,1000,method_only,667,147,520,0,43,109,0.220389805097,0.779610194903,0.0644677661169,0.163418290855
splade,bm25,3,1000,bm25_only,667,187,480,0,9,58,0.28035982009,0.71964017991,0.0134932533733,0.0869565217391
splade,bm25,4,1000,shared,353,129,224,0,39,74,0.365439093484,0.634560906516,0.110481586402,0.209631728045
splade,bm25,4,1000,method_only,647,108,539,0,37,73,0.166924265842,0.833075734158,0.0571870170015,0.112828438949
splade,bm25,4,1000,bm25_only,647,165,482,0,25,59,0.255023183926,0.744976816074,0.0386398763524,0.0911901081917
splade,bm25,5,1000,shared,444,244,200,0,103,195,0.54954954955,0.45045045045,0.231981981982,0.439189189189
splade,bm25,5,1000,method_only,556,100,456,0,41,74,0.179856115108,0.820143884892,0.0737410071942,0.13309352518
splade,bm25,5,1000,bm25_only,556,177,379,0,35,76,0.318345323741,0.681654676259,0.0629496402878,0.136690647482
splade,bm25,6,1000,shared,364,245,119,0,207,222,0.673076923077,0.326923076923,0.568681318681,0.60989010989
splade,bm25,6,1000,method_only,636,167,469,0,127,145,0.262578616352,0.737421383648,0.199685534591,0.227987421384
splade,bm25,6,1000,bm25_only,636,133,503,0,42,87,0.209119496855,0.790880503145,0.0660377358491,0.13679245283
splade,bm25,7,1000,shared,583,379,204,0,252,265,0.650085763293,0.349914236707,0.432246998285,0.454545454545
splade,bm25,7,1000,method_only,417,86,331,0,44,47,0.20623501199,0.79376498801,0.10551558753,0.112709832134
splade,bm25,7,1000,bm25_only,417,124,293,0,44,48,0.297362110312,0.702637889688,0.10551558753,0.115107913669
splade,bm25,8,1000,shared,235,113,122,0,47,80,0.48085106383,0.51914893617,0.2,0.340425531915
splade,bm25,8,1000,method_only,765,106,659,0,45,74,0.138562091503,0.861437908497,0.0588235294118,0.0967320261438
splade,bm25,8,1000,bm25_only,765,151,614,0,34,76,0.197385620915,0.802614379085,0.0444444444444,0.0993464052288
splade,bm25,9,1000,shared,276,151,125,0,48,75,0.547101449275,0.452898550725,0.173913043478,0.271739130435
splade,bm25,9,1000,method_only,724,74,650,0,9,17,0.102209944751,0.897790055249,0.0124309392265,0.0234806629834
splade,bm25,9,1000,bm25_only,724,141,583,0,11,35,0.194751381215,0.805248618785,0.0151933701657,0.0483425414365
splade,bm25,10,1000,shared,600,326,274,0,136,213,0.543333333333,0.456666666667,0.226666666667,0.355
splade,bm25,10,1000,method_only,400,81,319,0,34,57,0.2025,0.7975,0.085,0.1425
splade,bm25,10,1000,bm25_only,400,104,296,0,26,58,0.26,0.74,0.065,0.145
splade,bm25,11,1000,shared,410,202,208,0,44,83,0.492682926829,0.507317073171,0.107317073171,0.20243902439
splade,bm25,11,1000,method_only,590,70,520,0,7,18,0.118644067797,0.881355932203,0.0118644067797,0.0305084745763
splade,bm25,11,1000,bm25_only,590,165,425,0,34,60,0.279661016949,0.720338983051,0.0576271186441,0.101694915254
splade,bm25,12,1000,shared,417,220,197,0,48,110,0.52757793765,0.47242206235,0.115107913669,0.263788968825
splade,bm25,12,1000,method_only,583,149,434,0,37,68,0.255574614065,0.744425385935,0.0634648370497,0.116638078902
splade,bm25,12,1000,bm25_only,583,107,476,0,20,56,0.183533447684,0.816466552316,0.0343053173242,0.0960548885077
splade,bm25,13,1000,shared,361,227,134,0,85,184,0.628808864266,0.371191135734,0.235457063712,0.509695290859
splade,bm25,13,1000,method_only,639,155,484,0,46,133,0.242566510172,0.757433489828,0.0719874804382,0.20813771518
splade,bm25,13,1000,bm25_only,639,134,505,0,13,62,0.209702660407,0.790297339593,0.0203442879499,0.0970266040689
splade,bm25,14,1000,shared,207,76,131,0,29,41,0.367149758454,0.632850241546,0.140096618357,0.19806763285
splade,bm25,14,1000,method_only,793,80,713,0,5,12,0.100882723834,0.899117276166,0.0063051702396,0.015132408575
splade,bm25,14,1000,bm25_only,793,167,626,0,18,49,0.210592686003,0.789407313997,0.0226986128625,0.061790668348
splade,bm25,15,1000,shared,49,30,19,0,1,1,0.612244897959,0.387755102041,0.0204081632653,0.0204081632653
splade,bm25,15,1000,method_only,951,77,874,0,15,33,0.080967402734,0.919032597266,0.0157728706625,0.0347003154574
splade,bm25,15,1000,bm25_only,951,199,752,0,6,16,0.209253417455,0.790746582545,0.00630914826498,0.0168243953733
splade,bm25,16,1000,shared,125,90,35,0,40,61,0.72,0.28,0.32,0.488
splade,bm25,16,1000,method_only,875,72,803,0,17,25,0.0822857142857,0.917714285714,0.0194285714286,0.0285714285714
splade,bm25,16,1000,bm25_only,875,182,693,0,13,34,0.208,0.792,0.0148571428571,0.0388571428571
splade,bm25,17,1000,shared,456,276,180,0,100,222,0.605263157895,0.394736842105,0.219298245614,0.486842105263
splade,bm25,17,1000,method_only,544,125,419,0,55,104,0.229779411765,0.770220588235,0.101102941176,0.191176470588
splade,bm25,17,1000,bm25_only,544,135,409,0,44,85,0.248161764706,0.751838235294,0.0808823529412,0.15625
splade,bm25,18,1000,shared,535,313,222,0,153,253,0.585046728972,0.414953271028,0.285981308411,0.472897196262
splade,bm25,18,1000,method_only,465,63,402,0,21,32,0.135483870968,0.864516129032,0.0451612903226,0.0688172043011
splade,bm25,18,1000,bm25_only,465,144,321,0,37,92,0.309677419355,0.690322580645,0.0795698924731,0.197849462366
splade,bm25,19,1000,shared,143,100,43,0,9,22,0.699300699301,0.300699300699,0.0629370629371,0.153846153846
splade,bm25,19,1000,method_only,857,63,794,0,3,5,0.073512252042,0.926487747958,0.00350058343057,0.00583430571762
splade,bm25,19,1000,bm25_only,857,187,670,0,14,40,0.218203033839,0.781796966161,0.0163360560093,0.046674445741
splade,bm25,20,1000,shared,523,291,232,0,248,281,0.556405353728,0.443594646272,0.474187380497,0.537284894837
splade,bm25,20,1000,method_only,477,44,433,0,20,37,0.0922431865828,0.907756813417,0.041928721174,0.0775681341719
splade,bm25,20,1000,bm25_only,477,215,262,0,65,134,0.450733752621,0.549266247379,0.136268343816,0.280922431866
splade,bm25,21,1000,shared,374,228,146,0,149,161,0.609625668449,0.390374331551,0.398395721925,0.430481283422
splade,bm25,21,1000,method_only,626,178,448,0,134,150,0.284345047923,0.715654952077,0.214057507987,0.239616613419
splade,bm25,21,1000,bm25_only,626,104,522,0,23,29,0.166134185304,0.833865814696,0.0367412140575,0.0463258785942
splade,bm25,22,1000,shared,386,213,173,0,160,196,0.551813471503,0.448186528497,0.414507772021,0.507772020725
splade,bm25,22,1000,method_only,614,116,498,0,70,101,0.188925081433,0.811074918567,0.114006514658,0.164495114007
splade,bm25,22,1000,bm25_only,614,94,520,0,26,58,0.153094462541,0.846905537459,0.042345276873,0.0944625407166
splade,bm25,23,1000,shared,379,171,208,0,79,119,0.451187335092,0.548812664908,0.208443271768,0.313984168865
splade,bm25,23,1000,method_only,621,72,549,0,9,28,0.115942028986,0.884057971014,0.0144927536232,0.0450885668277
splade,bm25,23,1000,bm25_only,621,127,494,0,39,64,0.204508856683,0.795491143317,0.0628019323671,0.10305958132
splade,bm25,24,1000,shared,488,245,243,0,174,218,0.502049180328,0.497950819672,0.356557377049,0.446721311475
splade,bm25,24,1000,method_only,512,57,455,0,16,32,0.111328125,0.888671875,0.03125,0.0625
splade,bm25,24,1000,bm25_only,512,100,412,0,42,54,0.1953125,0.8046875,0.08203125,0.10546875
splade,bm25,25,1000,shared,523,229,294,0,74,96,0.437858508604,0.562141491396,0.141491395793,0.183556405354
splade,bm25,25,1000,method_only,477,145,332,0,87,112,0.303983228512,0.696016771488,0.182389937107,0.234800838574
splade,bm25,25,1000,bm25_only,477,114,363,0,13,21,0.238993710692,0.761006289308,0.0272536687631,0.0440251572327
splade,bm25,26,1000,shared,271,155,116,0,117,134,0.571955719557,0.428044280443,0.431734317343,0.494464944649
splade,bm25,26,1000,method_only,729,144,585,0,101,117,0.197530864198,0.802469135802,0.138545953361,0.16049382716
splade,bm25,26,1000,bm25_only,729,169,560,0,92,109,0.23182441701,0.76817558299,0.126200274348,0.149519890261
splade,bm25,27,1000,shared,543,287,256,0,157,267,0.528545119705,0.471454880295,0.289134438306,0.491712707182
splade,bm25,27,1000,method_only,457,52,405,0,10,42,0.113785557987,0.886214442013,0.0218818380744,0.0919037199125
splade,bm25,27,1000,bm25_only,457,150,307,0,70,121,0.328227571116,0.671772428884,0.153172866521,0.2647702407
splade,bm25,28,1000,shared,643,350,293,0,312,326,0.54432348367,0.45567651633,0.485225505443,0.50699844479
splade,bm25,28,1000,method_only,357,72,285,0,42,58,0.201680672269,0.798319327731,0.117647058824,0.162464985994
splade,bm25,28,1000,bm25_only,357,73,284,0,51,57,0.204481792717,0.795518207283,0.142857142857,0.159663865546
splade,bm25,29,1000,shared,544,315,229,0,151,218,0.579044117647,0.420955882353,0.277573529412,0.400735294118
splade,bm25,29,1000,method_only,456,65,391,0,21,52,0.142543859649,0.857456140351,0.0460526315789,0.114035087719
splade,bm25,29,1000,bm25_only,456,162,294,0,48,88,0.355263157895,0.644736842105,0.105263157895,0.19298245614
splade,bm25,30,1000,shared,581,270,311,0,132,216,0.464716006885,0.535283993115,0.227194492255,0.371772805508
splade,bm25,30,1000,method_only,419,33,386,0,1,14,0.0787589498807,0.921241050119,0.00238663484487,0.0334128878282
splade,bm25,30,1000,bm25_only,419,67,352,0,18,36,0.159904534606,0.840095465394,0.0429594272076,0.0859188544153
splade,bm25,31,1000,shared,273,187,86,0,30,73,0.684981684982,0.315018315018,0.10989010989,0.267399267399
splade,bm25,31,1000,method_only,727,152,575,0,39,70,0.209078404402,0.790921595598,0.0536451169188,0.0962861072902
splade,bm25,31,1000,bm25_only,727,234,493,0,4,26,0.321870701513,0.678129298487,0.00550206327373,0.0357634112792
splade,bm25,32,1000,shared,252,82,170,0,18,27,0.325396825397,0.674603174603,0.0714285714286,0.107142857143
splade,bm25,32,1000,method_only,748,117,631,0,34,49,0.156417112299,0.843582887701,0.0454545454545,0.0655080213904
splade,bm25,32,1000,bm25_only,748,156,592,0,10,20,0.208556149733,0.791443850267,0.0133689839572,0.0267379679144
splade,bm25,33,1000,shared,224,146,78,0,70,95,0.651785714286,0.348214285714,0.3125,0.424107142857
splade,bm25,33,1000,method_only,776,53,723,0,14,29,0.0682989690722,0.931701030928,0.0180412371134,0.0373711340206
splade,bm25,33,1000,bm25_only,776,284,492,0,24,45,0.365979381443,0.634020618557,0.0309278350515,0.0579896907216
splade,bm25,34,1000,shared,188,102,86,0,19,32,0.542553191489,0.457446808511,0.101063829787,0.170212765957
splade,bm25,34,1000,method_only,812,176,636,0,24,36,0.216748768473,0.783251231527,0.0295566502463,0.0443349753695
splade,bm25,34,1000,bm25_only,812,129,683,0,17,25,0.158866995074,0.841133004926,0.0209359605911,0.0307881773399
splade,bm25,35,1000,shared,292,201,91,0,93,98,0.688356164384,0.311643835616,0.318493150685,0.335616438356
splade,bm25,35,1000,method_only,708,114,594,0,21,28,0.161016949153,0.838983050847,0.0296610169492,0.0395480225989
splade,bm25,35,1000,bm25_only,708,141,567,0,18,20,0.199152542373,0.800847457627,0.0254237288136,0.0282485875706
splade,bm25,36,1000,shared,715,462,253,0,331,363,0.646153846154,0.353846153846,0.462937062937,0.507692307692
splade,bm25,36,1000,method_only,285,60,225,0,30,38,0.210526315789,0.789473684211,0.105263157895,0.133333333333
splade,bm25,36,1000,bm25_only,285,106,179,0,48,67,0.371929824561,0.628070175439,0.168421052632,0.235087719298
splade,bm25,37,1000,shared,618,456,162,0,202,271,0.73786407767,0.26213592233,0.326860841424,0.438511326861
splade,bm25,37,1000,method_only,382,82,300,0,27,43,0.214659685864,0.785340314136,0.0706806282723,0.112565445026
splade,bm25,37,1000,bm25_only,382,113,269,0,29,36,0.295811518325,0.704188481675,0.0759162303665,0.0942408376963
splade,bm25,38,1000,shared,357,281,76,0,168,268,0.787114845938,0.212885154062,0.470588235294,0.750700280112
splade,bm25,38,1000,method_only,643,239,404,0,162,228,0.371695178849,0.628304821151,0.251944012442,0.354587869362
splade,bm25,38,1000,bm25_only,643,240,403,0,46,124,0.373250388802,0.626749611198,0.0715396578538,0.192846034215
splade,bm25,39,1000,shared,681,462,219,0,276,442,0.678414096916,0.321585903084,0.405286343612,0.649045521292
splade,bm25,39,1000,method_only,319,45,274,0,23,39,0.141065830721,0.858934169279,0.0721003134796,0.122257053292
splade,bm25,39,1000,bm25_only,319,168,151,0,73,152,0.526645768025,0.473354231975,0.228840125392,0.476489028213
splade,bm25,40,1000,shared,458,358,100,0,252,320,0.781659388646,0.218340611354,0.550218340611,0.698689956332
splade,bm25,40,1000,method_only,542,85,457,0,41,70,0.156826568266,0.843173431734,0.0756457564576,0.129151291513
splade,bm25,40,1000,bm25_only,542,198,344,0,26,54,0.365313653137,0.634686346863,0.0479704797048,0.09963099631
splade,bm25,41,1000,shared,267,152,115,0,64,77,0.569288389513,0.430711610487,0.239700374532,0.288389513109
splade,bm25,41,1000,method_only,733,96,637,0,46,52,0.130968622101,0.869031377899,0.06275579809,0.0709413369714
splade,bm25,41,1000,bm25_only,733,146,587,0,33,44,0.199181446112,0.800818553888,0.0450204638472,0.0600272851296
splade,bm25,42,1000,shared,342,210,132,0,146,163,0.614035087719,0.385964912281,0.426900584795,0.476608187135
splade,bm25,42,1000,method_only,658,36,622,0,11,13,0.0547112462006,0.945288753799,0.016717325228,0.0197568389058
splade,bm25,42,1000,bm25_only,658,125,533,0,24,25,0.189969604863,0.810030395137,0.0364741641337,0.0379939209726
splade,bm25,43,1000,shared,295,128,167,0,42,61,0.433898305085,0.566101694915,0.142372881356,0.206779661017
splade,bm25,43,1000,method_only,705,47,658,0,3,13,0.0666666666667,0.933333333333,0.00425531914894,0.0184397163121
splade,bm25,43,1000,bm25_only,705,197,508,0,85,101,0.279432624113,0.720567375887,0.120567375887,0.143262411348
splade,bm25,44,1000,shared,443,277,166,0,153,209,0.625282167043,0.374717832957,0.345372460497,0.471783295711
splade,bm25,44,1000,method_only,557,72,485,0,17,24,0.129263913824,0.870736086176,0.0305206463196,0.0430879712747
splade,bm25,44,1000,bm25_only,557,154,403,0,63,89,0.276481149013,0.723518850987,0.113105924596,0.159784560144
splade,bm25,45,1000,shared,563,419,144,0,223,379,0.744227353464,0.255772646536,0.396092362345,0.673179396092
splade,bm25,45,1000,method_only,437,81,356,0,60,72,0.185354691076,0.814645308924,0.137299771167,0.1647597254
splade,bm25,45,1000,bm25_only,437,150,287,0,58,126,0.343249427918,0.656750572082,0.132723112128,0.288329519451
splade,bm25,46,1000,shared,431,137,294,0,38,69,0.317865429234,0.682134570766,0.0881670533643,0.160092807425
splade,bm25,46,1000,method_only,569,50,519,0,10,21,0.0878734622144,0.912126537786,0.0175746924429,0.0369068541301
splade,bm25,46,1000,bm25_only,569,95,474,0,11,19,0.166959578207,0.833040421793,0.0193321616872,0.0333919156415
splade,bm25,47,1000,shared,373,222,151,0,116,154,0.595174262735,0.404825737265,0.310991957105,0.412868632708
splade,bm25,47,1000,method_only,627,124,503,0,64,74,0.197767145136,0.802232854864,0.102073365231,0.118022328549
splade,bm25,47,1000,bm25_only,627,129,498,0,27,34,0.205741626794,0.794258373206,0.0430622009569,0.0542264752791
splade,bm25,48,1000,shared,330,148,182,0,80,122,0.448484848485,0.551515151515,0.242424242424,0.369696969697
splade,bm25,48,1000,method_only,670,46,624,0,21,36,0.0686567164179,0.931343283582,0.0313432835821,0.0537313432836
splade,bm25,48,1000,bm25_only,670,132,538,0,62,100,0.197014925373,0.802985074627,0.0925373134328,0.149253731343
splade,bm25,49,1000,shared,222,163,59,0,41,82,0.734234234234,0.265765765766,0.184684684685,0.369369369369
splade,bm25,49,1000,method_only,778,175,603,0,39,66,0.224935732648,0.775064267352,0.0501285347044,0.0848329048843
splade,bm25,49,1000,bm25_only,778,159,619,0,5,11,0.204370179949,0.795629820051,0.00642673521851,0.0141388174807
splade,bm25,50,1000,shared,420,207,213,0,24,55,0.492857142857,0.507142857143,0.0571428571429,0.130952380952
splade,bm25,50,1000,method_only,580,38,542,0,4,9,0.0655172413793,0.934482758621,0.00689655172414,0.0155172413793
splade,bm25,50,1000,bm25_only,580,157,423,0,5,21,0.270689655172,0.729310344828,0.00862068965517,0.0362068965517
bge,bm25,1,20,shared,11,9,2,0,2,6,0.818181818182,0.181818181818,0.181818181818,0.545454545455
bge,bm25,1,20,method_only,9,7,2,0,3,4,0.777777777778,0.222222222222,0.333333333333,0.444444444444
bge,bm25,1,20,bm25_only,9,8,1,0,1,5,0.888888888889,0.111111111111,0.111111111111,0.555555555556
bge,bm25,2,20,shared,1,1,0,0,1,1,1,0,1,1
bge,bm25,2,20,method_only,19,17,2,0,15,16,0.894736842105,0.105263157895,0.789473684211,0.842105263158
bge,bm25,2,20,bm25_only,19,18,1,0,6,6,0.947368421053,0.0526315789474,0.315789473684,0.315789473684
bge,bm25,3,20,shared,0,0,0,0,0,0,,,,
bge,bm25,3,20,method_only,20,18,2,0,13,18,0.9,0.1,0.65,0.9
bge,bm25,3,20,bm25_only,20,18,2,0,4,7,0.9,0.1,0.2,0.35
bge,bm25,4,20,shared,2,2,0,0,1,1,1,0,0.5,0.5
bge,bm25,4,20,method_only,18,14,4,0,8,13,0.777777777778,0.222222222222,0.444444444444,0.722222222222
bge,bm25,4,20,bm25_only,18,18,0,0,1,2,1,0,0.0555555555556,0.111111111111
bge,bm25,5,20,shared,2,2,0,0,2,2,1,0,1,1
bge,bm25,5,20,method_only,18,12,6,0,5,7,0.666666666667,0.333333333333,0.277777777778,0.388888888889
bge,bm25,5,20,bm25_only,18,16,2,0,5,14,0.888888888889,0.111111111111,0.277777777778,0.777777777778
bge,bm25,6,20,shared,6,6,0,0,6,6,1,0,1,1
bge,bm25,6,20,method_only,14,12,2,0,12,12,0.857142857143,0.142857142857,0.857142857143,0.857142857143
bge,bm25,6,20,bm25_only,14,13,1,0,9,11,0.928571428571,0.0714285714286,0.642857142857,0.785714285714
bge,bm25,7,20,shared,4,4,0,0,4,4,1,0,1,1
bge,bm25,7,20,method_only,16,12,4,0,7,8,0.75,0.25,0.4375,0.5
bge,bm25,7,20,bm25_only,16,16,0,0,9,10,1,0,0.5625,0.625
bge,bm25,8,20,shared,6,4,2,0,4,4,0.666666666667,0.333333333333,0.666666666667,0.666666666667
bge,bm25,8,20,method_only,14,12,2,0,10,12,0.857142857143,0.142857142857,0.714285714286,0.857142857143
bge,bm25,8,20,bm25_only,14,11,3,0,5,8,0.785714285714,0.214285714286,0.357142857143,0.571428571429
bge,bm25,9,20,shared,2,2,0,0,1,1,1,0,0.5,0.5
bge,bm25,9,20,method_only,18,17,1,0,6,7,0.944444444444,0.0555555555556,0.333333333333,0.388888888889
bge,bm25,9,20,bm25_only,18,18,0,0,1,3,1,0,0.0555555555556,0.166666666667
bge,bm25,10,20,shared,5,5,0,0,4,5,1,0,0.8,1
bge,bm25,10,20,method_only,15,15,0,0,13,13,1,0,0.866666666667,0.866666666667
bge,bm25,10,20,bm25_only,15,15,0,0,10,13,1,0,0.666666666667,0.866666666667
bge,bm25,11,20,shared,5,5,0,0,3,3,1,0,0.6,0.6
bge,bm25,11,20,method_only,15,10,5,0,3,5,0.666666666667,0.333333333333,0.2,0.333333333333
bge,bm25,11,20,bm25_only,15,13,2,0,5,7,0.866666666667,0.133333333333,0.333333333333,0.466666666667
bge,bm25,12,20,shared,0,0,0,0,0,0,,,,
bge,bm25,12,20,method_only,20,9,11,0,2,6,0.45,0.55,0.1,0.3
bge,bm25,12,20,bm25_only,20,16,4,0,3,10,0.8,0.2,0.15,0.5
bge,bm25,13,20,shared,7,7,0,0,4,6,1,0,0.571428571429,0.857142857143
bge,bm25,13,20,method_only,13,12,1,0,8,12,0.923076923077,0.0769230769231,0.615384615385,0.923076923077
bge,bm25,13,20,bm25_only,13,12,1,0,3,10,0.923076923077,0.0769230769231,0.230769230769,0.769230769231
bge,bm25,14,20,shared,7,7,0,0,7,7,1,0,1,1
bge,bm25,14,20,method_only,13,10,3,0,8,10,0.769230769231,0.230769230769,0.615384615385,0.769230769231
bge,bm25,14,20,bm25_only,13,13,0,0,4,9,1,0,0.307692307692,0.692307692308
bge,bm25,15,20,shared,2,2,0,0,1,1,1,0,0.5,0.5
bge,bm25,15,20,method_only,18,16,2,0,9,15,0.888888888889,0.111111111111,0.5,0.833333333333
bge,bm25,15,20,bm25_only,18,12,6,0,1,3,0.666666666667,0.333333333333,0.0555555555556,0.166666666667
bge,bm25,16,20,shared,3,3,0,0,2,3,1,0,0.666666666667,1
bge,bm25,16,20,method_only,17,15,2,0,11,15,0.882352941176,0.117647058824,0.647058823529,0.882352941176
bge,bm25,16,20,bm25_only,17,14,3,0,2,3,0.823529411765,0.176470588235,0.117647058824,0.176470588235
bge,bm25,17,20,shared,3,3,0,0,2,3,1,0,0.666666666667,1
bge,bm25,17,20,method_only,17,17,0,0,13,17,1,0,0.764705882353,1
bge,bm25,17,20,bm25_only,17,15,2,0,5,9,0.882352941176,0.117647058824,0.294117647059,0.529411764706
bge,bm25,18,20,shared,5,5,0,0,4,5,1,0,0.8,1
bge,bm25,18,20,method_only,15,14,1,0,11,13,0.933333333333,0.0666666666667,0.733333333333,0.866666666667
bge,bm25,18,20,bm25_only,15,15,0,0,6,10,1,0,0.4,0.666666666667
bge,bm25,19,20,shared,11,11,0,0,4,9,1,0,0.363636363636,0.818181818182
bge,bm25,19,20,method_only,9,6,3,0,3,3,0.666666666667,0.333333333333,0.333333333333,0.333333333333
bge,bm25,19,20,bm25_only,9,9,0,0,1,5,1,0,0.111111111111,0.555555555556
bge,bm25,20,20,shared,3,3,0,0,3,3,1,0,1,1
bge,bm25,20,20,method_only,17,17,0,0,17,17,1,0,1,1
bge,bm25,20,20,bm25_only,17,15,2,0,14,14,0.882352941176,0.117647058824,0.823529411765,0.823529411765
bge,bm25,21,20,shared,2,2,0,0,2,2,1,0,1,1
bge,bm25,21,20,method_only,18,10,8,0,6,6,0.555555555556,0.444444444444,0.333333333333,0.333333333333
bge,bm25,21,20,bm25_only,18,16,2,0,5,7,0.888888888889,0.111111111111,0.277777777778,0.388888888889
bge,bm25,22,20,shared,8,8,0,0,8,8,1,0,1,1
bge,bm25,22,20,method_only,12,10,2,0,10,10,0.833333333333,0.166666666667,0.833333333333,0.833333333333
bge,bm25,22,20,bm25_only,12,8,4,0,6,8,0.666666666667,0.333333333333,0.5,0.666666666667
bge,bm25,23,20,shared,4,4,0,0,4,4,1,0,1,1
bge,bm25,23,20,method_only,16,14,2,0,8,13,0.875,0.125,0.5,0.8125
bge,bm25,23,20,bm25_only,16,15,1,0,11,12,0.9375,0.0625,0.6875,0.75
bge,bm25,24,20,shared,3,3,0,0,2,3,1,0,0.666666666667,1
bge,bm25,24,20,method_only,17,17,0,0,16,17,1,0,0.941176470588,1
bge,bm25,24,20,bm25_only,17,15,2,0,11,12,0.882352941176,0.117647058824,0.647058823529,0.705882352941
bge,bm25,25,20,shared,3,3,0,0,3,3,1,0,1,1
bge,bm25,25,20,method_only,17,17,0,0,15,16,1,0,0.882352941176,0.941176470588
bge,bm25,25,20,bm25_only,17,12,5,0,0,0,0.705882352941,0.294117647059,0,0
bge,bm25,26,20,shared,4,4,0,0,4,4,1,0,1,1
bge,bm25,26,20,method_only,16,9,7,0,8,8,0.5625,0.4375,0.5,0.5
bge,bm25,26,20,bm25_only,16,13,3,0,8,8,0.8125,0.1875,0.5,0.5
bge,bm25,27,20,shared,1,1,0,0,1,1,1,0,1,1
bge,bm25,27,20,method_only,19,19,0,0,16,19,1,0,0.842105263158,1
bge,bm25,27,20,bm25_only,19,17,2,0,15,16,0.894736842105,0.105263157895,0.789473684211,0.842105263158
bge,bm25,28,20,shared,2,2,0,0,2,2,1,0,1,1
bge,bm25,28,20,method_only,18,14,4,0,14,14,0.777777777778,0.222222222222,0.777777777778,0.777777777778
bge,bm25,28,20,bm25_only,18,18,0,0,15,16,1,0,0.833333333333,0.888888888889
bge,bm25,29,20,shared,8,8,0,0,6,8,1,0,0.75,1
bge,bm25,29,20,method_only,12,10,2,0,7,8,0.833333333333,0.166666666667,0.583333333333,0.666666666667
bge,bm25,29,20,bm25_only,12,12,0,0,7,9,1,0,0.583333333333,0.75
bge,bm25,30,20,shared,9,9,0,0,9,9,1,0,1,1
bge,bm25,30,20,method_only,11,11,0,0,11,11,1,0,1,1
bge,bm25,30,20,bm25_only,11,11,0,0,10,11,1,0,0.909090909091,1
bge,bm25,31,20,shared,0,0,0,0,0,0,,,,
bge,bm25,31,20,method_only,20,15,5,0,8,10,0.75,0.25,0.4,0.5
bge,bm25,31,20,bm25_only,20,19,1,0,2,4,0.95,0.05,0.1,0.2
bge,bm25,32,20,shared,3,3,0,0,3,3,1,0,1,1
bge,bm25,32,20,method_only,17,11,6,0,7,8,0.647058823529,0.352941176471,0.411764705882,0.470588235294
bge,bm25,32,20,bm25_only,17,17,0,0,3,6,1,0,0.176470588235,0.352941176471
bge,bm25,33,20,shared,5,5,0,0,3,5,1,0,0.6,1
bge,bm25,33,20,method_only,15,8,7,0,5,6,0.533333333333,0.466666666667,0.333333333333,0.4
bge,bm25,33,20,bm25_only,15,15,0,0,5,9,1,0,0.333333333333,0.6
bge,bm25,34,20,shared,1,1,0,0,1,1,1,0,1,1
bge,bm25,34,20,method_only,19,16,3,0,8,11,0.842105263158,0.157894736842,0.421052631579,0.578947368421
bge,bm25,34,20,bm25_only,19,13,6,0,4,6,0.684210526316,0.315789473684,0.210526315789,0.315789473684
bge,bm25,35,20,shared,2,2,0,0,2,2,1,0,1,1
bge,bm25,35,20,method_only,18,18,0,0,13,17,1,0,0.722222222222,0.944444444444
bge,bm25,35,20,bm25_only,18,18,0,0,7,7,1,0,0.388888888889,0.388888888889
bge,bm25,36,20,shared,7,7,0,0,7,7,1,0,1,1
bge,bm25,36,20,method_only,13,13,0,0,12,12,1,0,0.923076923077,0.923076923077
bge,bm25,36,20,bm25_only,13,13,0,0,11,12,1,0,0.846153846154,0.923076923077
bge,bm25,37,20,shared,4,4,0,0,1,4,1,0,0.25,1
bge,bm25,37,20,method_only,16,13,3,0,6,8,0.8125,0.1875,0.375,0.5
bge,bm25,37,20,bm25_only,16,16,0,0,8,12,1,0,0.5,0.75
bge,bm25,38,20,shared,4,4,0,0,4,4,1,0,1,1
bge,bm25,38,20,method_only,16,13,3,0,11,13,0.8125,0.1875,0.6875,0.8125
bge,bm25,38,20,bm25_only,16,16,0,0,7,8,1,0,0.4375,0.5
bge,bm25,39,20,shared,8,8,0,0,7,8,1,0,0.875,1
bge,bm25,39,20,method_only,12,12,0,0,11,12,1,0,0.916666666667,1
bge,bm25,39,20,bm25_only,12,12,0,0,10,12,1,0,0.833333333333,1
bge,bm25,40,20,shared,8,8,0,0,8,8,1,0,1,1
bge,bm25,40,20,method_only,12,12,0,0,11,12,1,0,0.916666666667,1
bge,bm25,40,20,bm25_only,12,12,0,0,12,12,1,0,1,1
bge,bm25,41,20,shared,5,5,0,0,3,3,1,0,0.6,0.6
bge,bm25,41,20,method_only,15,15,0,0,13,15,1,0,0.866666666667,1
bge,bm25,41,20,bm25_only,15,15,0,0,12,12,1,0,0.8,0.8
bge,bm25,42,20,shared,5,5,0,0,5,5,1,0,1,1
bge,bm25,42,20,method_only,15,15,0,0,14,15,1,0,0.933333333333,1
bge,bm25,42,20,bm25_only,15,15,0,0,7,10,1,0,0.466666666667,0.666666666667
bge,bm25,43,20,shared,9,9,0,0,5,7,1,0,0.555555555556,0.777777777778
bge,bm25,43,20,method_only,11,11,0,0,10,11,1,0,0.909090909091,1
bge,bm25,43,20,bm25_only,11,11,0,0,8,9,1,0,0.727272727273,0.818181818182
bge,bm25,44,20,shared,5,5,0,0,5,5,1,0,1,1
bge,bm25,44,20,method_only,15,15,0,0,14,15,1,0,0.933333333333,1
bge,bm25,44,20,bm25_only,15,14,1,0,9,13,0.933333333333,0.0666666666667,0.6,0.866666666667
bge,bm25,45,20,shared,3,3,0,0,2,2,1,0,0.666666666667,0.666666666667
bge,bm25,45,20,method_only,17,17,0,0,11,16,1,0,0.647058823529,0.941176470588
bge,bm25,45,20,bm25_only,17,16,1,0,9,16,0.941176470588,0.0588235294118,0.529411764706,0.941176470588
bge,bm25,46,20,shared,7,7,0,0,7,7,1,0,1,1
bge,bm25,46,20,method_only,13,13,0,0,11,12,1,0,0.846153846154,0.923076923077
bge,bm25,46,20,bm25_only,13,13,0,0,2,7,1,0,0.153846153846,0.538461538462
bge,bm25,47,20,shared,2,2,0,0,2,2,1,0,1,1
bge,bm25,47,20,method_only,18,18,0,0,16,16,1,0,0.888888888889,0.888888888889
bge,bm25,47,20,bm25_only,18,12,6,0,2,4,0.666666666667,0.333333333333,0.111111111111,0.222222222222
bge,bm25,48,20,shared,4,4,0,0,4,4,1,0,1,1
bge,bm25,48,20,method_only,16,16,0,0,15,16,1,0,0.9375,1
bge,bm25,48,20,bm25_only,16,13,3,0,11,12,0.8125,0.1875,0.6875,0.75
bge,bm25,49,20,shared,3,3,0,0,1,3,1,0,0.333333333333,1
bge,bm25,49,20,method_only,17,10,7,0,10,10,0.588235294118,0.411764705882,0.588235294118,0.588235294118
bge,bm25,49,20,bm25_only,17,16,1,0,2,4,0.941176470588,0.0588235294118,0.117647058824,0.235294117647
bge,bm25,50,20,shared,7,7,0,0,5,7,1,0,0.714285714286,1
bge,bm25,50,20,method_only,13,11,2,0,3,3,0.846153846154,0.153846153846,0.230769230769,0.230769230769
bge,bm25,50,20,bm25_only,13,13,0,0,2,8,1,0,0.153846153846,0.615384615385
bge,bm25,1,50,shared,16,14,2,0,4,11,0.875,0.125,0.25,0.6875
bge,bm25,1,50,method_only,34,13,21,0,2,6,0.382352941176,0.617647058824,0.0588235294118,0.176470588235
bge,bm25,1,50,bm25_only,34,18,16,0,2,5,0.529411764706,0.470588235294,0.0588235294118,0.147058823529
bge,bm25,2,50,shared,7,7,0,0,7,7,1,0,1,1
bge,bm25,2,50,method_only,43,35,8,0,28,29,0.813953488372,0.186046511628,0.651162790698,0.674418604651
bge,bm25,2,50,bm25_only,43,42,1,0,16,21,0.976744186047,0.0232558139535,0.372093023256,0.488372093023
bge,bm25,3,50,shared,7,7,0,0,7,7,1,0,1,1
bge,bm25,3,50,method_only,43,33,10,0,22,31,0.767441860465,0.232558139535,0.511627906977,0.720930232558
bge,bm25,3,50,bm25_only,43,36,7,0,5,17,0.837209302326,0.162790697674,0.116279069767,0.395348837209
bge,bm25,4,50,shared,8,8,0,0,5,7,1,0,0.625,0.875
bge,bm25,4,50,method_only,42,24,18,0,13,21,0.571428571429,0.428571428571,0.309523809524,0.5
bge,bm25,4,50,bm25_only,42,31,11,0,4,5,0.738095238095,0.261904761905,0.0952380952381,0.119047619048
bge,bm25,5,50,shared,12,10,2,0,3,6,0.833333333333,0.166666666667,0.25,0.5
bge,bm25,5,50,method_only,38,24,14,0,14,20,0.631578947368,0.368421052632,0.368421052632,0.526315789474
bge,bm25,5,50,bm25_only,38,31,7,0,10,26,0.815789473684,0.184210526316,0.263157894737,0.684210526316
bge,bm25,6,50,shared,10,10,0,0,10,10,1,0,1,1
bge,bm25,6,50,method_only,40,32,8,0,27,30,0.8,0.2,0.675,0.75
bge,bm25,6,50,bm25_only,40,29,11,0,18,23,0.725,0.275,0.45,0.575
bge,bm25,7,50,shared,13,13,0,0,12,13,1,0,0.923076923077,1
bge,bm25,7,50,method_only,37,27,10,0,13,13,0.72972972973,0.27027027027,0.351351351351,0.351351351351
bge,bm25,7,50,bm25_only,37,33,4,0,19,21,0.891891891892,0.108108108108,0.513513513514,0.567567567568
bge,bm25,8,50,shared,10,7,3,0,6,7,0.7,0.3,0.6,0.7
bge,bm25,8,50,method_only,40,27,13,0,21,26,0.675,0.325,0.525,0.65
bge,bm25,8,50,bm25_only,40,26,14,0,10,16,0.65,0.35,0.25,0.4
bge,bm25,9,50,shared,13,13,0,0,3,3,1,0,0.230769230769,0.230769230769
bge,bm25,9,50,method_only,37,28,9,0,13,16,0.756756756757,0.243243243243,0.351351351351,0.432432432432
bge,bm25,9,50,bm25_only,37,35,2,0,6,14,0.945945945946,0.0540540540541,0.162162162162,0.378378378378
bge,bm25,10,50,shared,13,13,0,0,11,13,1,0,0.846153846154,1
bge,bm25,10,50,method_only,37,35,2,0,23,29,0.945945945946,0.0540540540541,0.621621621622,0.783783783784
bge,bm25,10,50,bm25_only,37,32,5,0,16,25,0.864864864865,0.135135135135,0.432432432432,0.675675675676
bge,bm25,11,50,shared,14,12,2,0,5,7,0.857142857143,0.142857142857,0.357142857143,0.5
bge,bm25,11,50,method_only,36,16,20,0,4,6,0.444444444444,0.555555555556,0.111111111111,0.166666666667
bge,bm25,11,50,bm25_only,36,31,5,0,7,12,0.861111111111,0.138888888889,0.194444444444,0.333333333333
bge,bm25,12,50,shared,4,3,1,0,0,1,0.75,0.25,0,0.25
bge,bm25,12,50,method_only,46,20,26,0,7,12,0.434782608696,0.565217391304,0.152173913043,0.260869565217
bge,bm25,12,50,bm25_only,46,36,10,0,5,20,0.782608695652,0.217391304348,0.108695652174,0.434782608696
bge,bm25,13,50,shared,19,18,1,0,10,16,0.947368421053,0.0526315789474,0.526315789474,0.842105263158
bge,bm25,13,50,method_only,31,21,10,0,11,18,0.677419354839,0.322580645161,0.354838709677,0.58064516129
bge,bm25,13,50,bm25_only,31,28,3,0,6,18,0.903225806452,0.0967741935484,0.193548387097,0.58064516129
bge,bm25,14,50,shared,12,12,0,0,11,12,1,0,0.916666666667,1
bge,bm25,14,50,method_only,38,14,24,0,8,12,0.368421052632,0.631578947368,0.210526315789,0.315789473684
bge,bm25,14,50,bm25_only,38,38,0,0,12,28,1,0,0.315789473684,0.736842105263
bge,bm25,15,50,shared,3,3,0,0,1,1,1,0,0.333333333333,0.333333333333
bge,bm25,15,50,method_only,47,32,15,0,14,29,0.68085106383,0.31914893617,0.297872340426,0.617021276596
bge,bm25,15,50,bm25_only,47,29,18,0,2,5,0.617021276596,0.382978723404,0.0425531914894,0.106382978723
bge,bm25,16,50,shared,7,7,0,0,5,7,1,0,0.714285714286,1
bge,bm25,16,50,method_only,43,37,6,0,22,31,0.860465116279,0.139534883721,0.511627906977,0.720930232558
bge,bm25,16,50,bm25_only,43,29,14,0,2,5,0.674418604651,0.325581395349,0.046511627907,0.116279069767
bge,bm25,17,50,shared,10,10,0,0,7,10,1,0,0.7,1
bge,bm25,17,50,method_only,40,32,8,0,19,30,0.8,0.2,0.475,0.75
bge,bm25,17,50,bm25_only,40,33,7,0,10,24,0.825,0.175,0.25,0.6
bge,bm25,18,50,shared,13,13,0,0,10,13,1,0,0.769230769231,1
bge,bm25,18,50,method_only,37,34,3,0,21,30,0.918918918919,0.0810810810811,0.567567567568,0.810810810811
bge,bm25,18,50,bm25_only,37,36,1,0,17,28,0.972972972973,0.027027027027,0.459459459459,0.756756756757
bge,bm25,19,50,shared,18,18,0,0,6,11,1,0,0.333333333333,0.611111111111
bge,bm25,19,50,method_only,32,20,12,0,4,5,0.625,0.375,0.125,0.15625
bge,bm25,19,50,bm25_only,32,30,2,0,2,9,0.9375,0.0625,0.0625,0.28125
bge,bm25,20,50,shared,8,8,0,0,8,8,1,0,1,1
bge,bm25,20,50,method_only,42,41,1,0,40,40,0.97619047619,0.0238095238095,0.952380952381,0.952380952381
bge,bm25,20,50,bm25_only,42,37,5,0,21,26,0.880952380952,0.119047619048,0.5,0.619047619048
bge,bm25,21,50,shared,12,12,0,0,10,10,1,0,0.833333333333,0.833333333333
bge,bm25,21,50,method_only,38,22,16,0,14,14,0.578947368421,0.421052631579,0.368421052632,0.368421052632
bge,bm25,21,50,bm25_only,38,34,4,0,14,16,0.894736842105,0.105263157895,0.368421052632,0.421052631579
bge,bm25,22,50,shared,13,13,0,0,13,13,1,0,1,1
bge,bm25,22,50,method_only,37,29,8,0,28,29,0.783783783784,0.216216216216,0.756756756757,0.783783783784
bge,bm25,22,50,bm25_only,37,24,13,0,14,20,0.648648648649,0.351351351351,0.378378378378,0.540540540541
bge,bm25,23,50,shared,18,16,2,0,12,15,0.888888888889,0.111111111111,0.666666666667,0.833333333333
bge,bm25,23,50,method_only,32,25,7,0,16,24,0.78125,0.21875,0.5,0.75
bge,bm25,23,50,bm25_only,32,26,6,0,14,19,0.8125,0.1875,0.4375,0.59375
bge,bm25,24,50,shared,11,11,0,0,10,11,1,0,0.909090909091,1
bge,bm25,24,50,method_only,39,36,3,0,34,36,0.923076923077,0.0769230769231,0.871794871795,0.923076923077
bge,bm25,24,50,bm25_only,39,35,4,0,24,29,0.897435897436,0.102564102564,0.615384615385,0.74358974359
bge,bm25,25,50,shared,3,3,0,0,3,3,1,0,1,1
bge,bm25,25,50,method_only,47,41,6,0,36,40,0.872340425532,0.127659574468,0.765957446809,0.851063829787
bge,bm25,25,50,bm25_only,47,28,19,0,3,5,0.595744680851,0.404255319149,0.063829787234,0.106382978723
bge,bm25,26,50,shared,10,10,0,0,8,8,1,0,0.8,0.8
bge,bm25,26,50,method_only,40,23,17,0,22,22,0.575,0.425,0.55,0.55
bge,bm25,26,50,bm25_only,40,25,15,0,16,18,0.625,0.375,0.4,0.45
bge,bm25,27,50,shared,9,9,0,0,9,9,1,0,1,1
bge,bm25,27,50,method_only,41,36,5,0,31,36,0.878048780488,0.121951219512,0.756097560976,0.878048780488
bge,bm25,27,50,bm25_only,41,37,4,0,26,35,0.90243902439,0.0975609756098,0.634146341463,0.853658536585
bge,bm25,28,50,shared,6,6,0,0,6,6,1,0,1,1
bge,bm25,28,50,method_only,44,36,8,0,35,35,0.818181818182,0.181818181818,0.795454545455,0.795454545455
bge,bm25,28,50,bm25_only,44,40,4,0,33,34,0.909090909091,0.0909090909091,0.75,0.772727272727
bge,bm25,29,50,shared,18,18,0,0,13,17,1,0,0.722222222222,0.944444444444
bge,bm25,29,50,method_only,32,22,10,0,10,13,0.6875,0.3125,0.3125,0.40625
bge,bm25,29,50,bm25_only,32,32,0,0,14,23,1,0,0.4375,0.71875
bge,bm25,30,50,shared,20,20,0,0,18,20,1,0,0.9,1
bge,bm25,30,50,method_only,30,27,3,0,23,27,0.9,0.1,0.766666666667,0.9
bge,bm25,30,50,bm25_only,30,28,2,0,20,28,0.933333333333,0.0666666666667,0.666666666667,0.933333333333
bge,bm25,31,50,shared,0,0,0,0,0,0,,,,
bge,bm25,31,50,method_only,50,33,17,0,12,20,0.66,0.34,0.24,0.4
bge,bm25,31,50,bm25_only,50,49,1,0,4,10,0.98,0.02,0.08,0.2
bge,bm25,32,50,shared,5,5,0,0,4,5,1,0,0.8,1
bge,bm25,32,50,method_only,45,24,21,0,13,17,0.533333333333,0.466666666667,0.288888888889,0.377777777778
bge,bm25,32,50,bm25_only,45,45,0,0,8,11,1,0,0.177777777778,0.244444444444
bge,bm25,33,50,shared,12,12,0,0,5,11,1,0,0.416666666667,0.916666666667
bge,bm25,33,50,method_only,38,16,22,0,6,10,0.421052631579,0.578947368421,0.157894736842,0.263157894737
bge,bm25,33,50,bm25_only,38,35,3,0,16,20,0.921052631579,0.0789473684211,0.421052631579,0.526315789474
bge,bm25,34,50,shared,3,3,0,0,3,3,1,0,1,1
bge,bm25,34,50,method_only,47,33,14,0,15,20,0.702127659574,0.297872340426,0.31914893617,0.425531914894
bge,bm25,34,50,bm25_only,47,20,27,0,3,6,0.425531914894,0.574468085106,0.063829787234,0.127659574468
bge,bm25,35,50,shared,16,16,0,0,11,13,1,0,0.6875,0.8125
bge,bm25,35,50,method_only,34,32,2,0,23,26,0.941176470588,0.0588235294118,0.676470588235,0.764705882353
bge,bm25,35,50,bm25_only,34,30,4,0,12,12,0.882352941176,0.117647058824,0.352941176471,0.352941176471
bge,bm25,36,50,shared,17,17,0,0,16,16,1,0,0.941176470588,0.941176470588
bge,bm25,36,50,method_only,33,32,1,0,29,30,0.969696969697,0.030303030303,0.878787878788,0.909090909091
bge,bm25,36,50,bm25_only,33,33,0,0,26,29,1,0,0.787878787879,0.878787878788
bge,bm25,37,50,shared,15,15,0,0,6,12,1,0,0.4,0.8
bge,bm25,37,50,method_only,35,30,5,0,14,21,0.857142857143,0.142857142857,0.4,0.6
bge,bm25,37,50,bm25_only,35,35,0,0,19,30,1,0,0.542857142857,0.857142857143
bge,bm25,38,50,shared,12,11,1,0,9,9,0.916666666667,0.0833333333333,0.75,0.75
bge,bm25,38,50,method_only,38,32,6,0,25,32,0.842105263158,0.157894736842,0.657894736842,0.842105263158
bge,bm25,38,50,bm25_only,38,34,4,0,9,18,0.894736842105,0.105263157895,0.236842105263,0.473684210526
bge,bm25,39,50,shared,31,31,0,0,26,31,1,0,0.838709677419,1
bge,bm25,39,50,method_only,19,19,0,0,16,19,1,0,0.842105263158,1
bge,bm25,39,50,bm25_only,19,19,0,0,12,18,1,0,0.631578947368,0.947368421053
bge,bm25,40,50,shared,24,24,0,0,24,24,1,0,1,1
bge,bm25,40,50,method_only,26,23,3,0,21,23,0.884615384615,0.115384615385,0.807692307692,0.884615384615
bge,bm25,40,50,bm25_only,26,26,0,0,22,26,1,0,0.846153846154,1
bge,bm25,41,50,shared,15,15,0,0,12,13,1,0,0.8,0.866666666667
bge,bm25,41,50,method_only,35,34,1,0,28,32,0.971428571429,0.0285714285714,0.8,0.914285714286
bge,bm25,41,50,bm25_only,35,33,2,0,19,22,0.942857142857,0.0571428571429,0.542857142857,0.628571428571
bge,bm25,42,50,shared,21,21,0,0,21,21,1,0,1,1
bge,bm25,42,50,method_only,29,29,0,0,26,28,1,0,0.896551724138,0.965517241379
bge,bm25,42,50,bm25_only,29,29,0,0,13,17,1,0,0.448275862069,0.586206896552
bge,bm25,43,50,shared,20,20,0,0,14,17,1,0,0.7,0.85
bge,bm25,43,50,method_only,30,22,8,0,16,19,0.733333333333,0.266666666667,0.533333333333,0.633333333333
bge,bm25,43,50,bm25_only,30,30,0,0,23,24,1,0,0.766666666667,0.8
bge,bm25,44,50,shared,11,11,0,0,9,11,1,0,0.818181818182,1
bge,bm25,44,50,method_only,39,35,4,0,28,33,0.897435897436,0.102564102564,0.717948717949,0.846153846154
bge,bm25,44,50,bm25_only,39,34,5,0,20,24,0.871794871795,0.128205128205,0.512820512821,0.615384615385
bge,bm25,45,50,shared,13,12,1,0,8,10,0.923076923077,0.0769230769231,0.615384615385,0.769230769231
bge,bm25,45,50,method_only,37,33,4,0,24,32,0.891891891892,0.108108108108,0.648648648649,0.864864864865
bge,bm25,45,50,bm25_only,37,34,3,0,11,30,0.918918918919,0.0810810810811,0.297297297297,0.810810810811
bge,bm25,46,50,shared,21,21,0,0,19,21,1,0,0.904761904762,1
bge,bm25,46,50,method_only,29,22,7,0,8,18,0.758620689655,0.241379310345,0.275862068966,0.620689655172
bge,bm25,46,50,bm25_only,29,29,0,0,3,9,1,0,0.103448275862,0.310344827586
bge,bm25,47,50,shared,7,7,0,0,4,6,1,0,0.571428571429,0.857142857143
bge,bm25,47,50,method_only,43,35,8,0,25,29,0.813953488372,0.186046511628,0.581395348837,0.674418604651
bge,bm25,47,50,bm25_only,43,23,20,0,9,11,0.53488372093,0.46511627907,0.209302325581,0.255813953488
bge,bm25,48,50,shared,12,10,2,0,10,10,0.833333333333,0.166666666667,0.833333333333,0.833333333333
bge,bm25,48,50,method_only,38,33,5,0,28,32,0.868421052632,0.131578947368,0.736842105263,0.842105263158
bge,bm25,48,50,bm25_only,38,18,20,0,10,16,0.473684210526,0.526315789474,0.263157894737,0.421052631579
bge,bm25,49,50,shared,5,5,0,0,3,5,1,0,0.6,1
bge,bm25,49,50,method_only,45,29,16,0,20,24,0.644444444444,0.355555555556,0.444444444444,0.533333333333
bge,bm25,49,50,bm25_only,45,41,4,0,2,8,0.911111111111,0.0888888888889,0.0444444444444,0.177777777778
bge,bm25,50,50,shared,14,14,0,0,7,9,1,0,0.5,0.642857142857
bge,bm25,50,50,method_only,36,29,7,0,4,8,0.805555555556,0.194444444444,0.111111111111,0.222222222222
bge,bm25,50,50,bm25_only,36,26,10,0,1,8,0.722222222222,0.277777777778,0.0277777777778,0.222222222222
bge,bm25,1,100,shared,26,23,3,0,6,19,0.884615384615,0.115384615385,0.230769230769,0.730769230769
bge,bm25,1,100,method_only,74,30,44,0,7,16,0.405405405405,0.594594594595,0.0945945945946,0.216216216216
bge,bm25,1,100,bm25_only,74,31,43,0,8,12,0.418918918919,0.581081081081,0.108108108108,0.162162162162
bge,bm25,2,100,shared,21,21,0,0,20,20,1,0,0.952380952381,0.952380952381
bge,bm25,2,100,method_only,79,57,22,0,46,49,0.721518987342,0.278481012658,0.582278481013,0.620253164557
bge,bm25,2,100,bm25_only,79,57,22,0,17,23,0.721518987342,0.278481012658,0.215189873418,0.291139240506
bge,bm25,3,100,shared,19,19,0,0,16,19,1,0,0.842105263158,1
bge,bm25,3,100,method_only,81,49,32,0,32,43,0.604938271605,0.395061728395,0.395061728395,0.530864197531
bge,bm25,3,100,bm25_only,81,59,22,0,12,29,0.728395061728,0.271604938272,0.148148148148,0.358024691358
bge,bm25,4,100,shared,17,15,2,0,9,14,0.882352941176,0.117647058824,0.529411764706,0.823529411765
bge,bm25,4,100,method_only,83,49,34,0,24,43,0.590361445783,0.409638554217,0.289156626506,0.518072289157
bge,bm25,4,100,bm25_only,83,54,29,0,9,12,0.650602409639,0.349397590361,0.10843373494,0.144578313253
bge,bm25,5,100,shared,20,17,3,0,4,13,0.85,0.15,0.2,0.65
bge,bm25,5,100,method_only,80,50,30,0,28,44,0.625,0.375,0.35,0.55
bge,bm25,5,100,bm25_only,80,54,26,0,23,43,0.675,0.325,0.2875,0.5375
bge,bm25,6,100,shared,32,32,0,0,30,31,1,0,0.9375,0.96875
bge,bm25,6,100,method_only,68,48,20,0,41,46,0.705882352941,0.294117647059,0.602941176471,0.676470588235
bge,bm25,6,100,bm25_only,68,35,33,0,22,29,0.514705882353,0.485294117647,0.323529411765,0.426470588235
bge,bm25,7,100,shared,24,24,0,0,22,23,1,0,0.916666666667,0.958333333333
bge,bm25,7,100,method_only,76,58,18,0,32,33,0.763157894737,0.236842105263,0.421052631579,0.434210526316
bge,bm25,7,100,bm25_only,76,64,12,0,30,34,0.842105263158,0.157894736842,0.394736842105,0.447368421053
bge,bm25,8,100,shared,19,14,5,0,11,13,0.736842105263,0.263157894737,0.578947368421,0.684210526316
bge,bm25,8,100,method_only,81,43,38,0,35,42,0.530864197531,0.469135802469,0.432098765432,0.518518518519
bge,bm25,8,100,bm25_only,81,47,34,0,18,30,0.58024691358,0.41975308642,0.222222222222,0.37037037037
bge,bm25,9,100,shared,25,25,0,0,6,9,1,0,0.24,0.36
bge,bm25,9,100,method_only,75,30,45,0,11,15,0.4,0.6,0.146666666667,0.2
bge,bm25,9,100,bm25_only,75,63,12,0,11,21,0.84,0.16,0.146666666667,0.28
bge,bm25,10,100,shared,39,38,1,0,23,33,0.974358974359,0.025641025641,0.589743589744,0.846153846154
bge,bm25,10,100,method_only,61,54,7,0,29,41,0.885245901639,0.114754098361,0.475409836066,0.672131147541
bge,bm25,10,100,bm25_only,61,51,10,0,19,37,0.83606557377,0.16393442623,0.311475409836,0.606557377049
bge,bm25,11,100,shared,24,22,2,0,7,11,0.916666666667,0.0833333333333,0.291666666667,0.458333333333
bge,bm25,11,100,method_only,76,33,43,0,8,15,0.434210526316,0.565789473684,0.105263157895,0.197368421053
bge,bm25,11,100,bm25_only,76,63,13,0,13,23,0.828947368421,0.171052631579,0.171052631579,0.302631578947
bge,bm25,12,100,shared,15,14,1,0,7,10,0.933333333333,0.0666666666667,0.466666666667,0.666666666667
bge,bm25,12,100,method_only,85,28,57,0,9,16,0.329411764706,0.670588235294,0.105882352941,0.188235294118
bge,bm25,12,100,bm25_only,85,64,21,0,6,33,0.752941176471,0.247058823529,0.0705882352941,0.388235294118
bge,bm25,13,100,shared,34,31,3,0,16,28,0.911764705882,0.0882352941176,0.470588235294,0.823529411765
bge,bm25,13,100,method_only,66,37,29,0,20,33,0.560606060606,0.439393939394,0.30303030303,0.5
bge,bm25,13,100,bm25_only,66,46,20,0,12,30,0.69696969697,0.30303030303,0.181818181818,0.454545454545
bge,bm25,14,100,shared,25,25,0,0,20,23,1,0,0.8,0.92
bge,bm25,14,100,method_only,75,16,59,0,5,9,0.213333333333,0.786666666667,0.0666666666667,0.12
bge,bm25,14,100,bm25_only,75,71,4,0,15,42,0.946666666667,0.0533333333333,0.2,0.56
bge,bm25,15,100,shared,7,5,2,0,1,1,0.714285714286,0.285714285714,0.142857142857,0.142857142857
bge,bm25,15,100,method_only,93,52,41,0,22,42,0.559139784946,0.440860215054,0.236559139785,0.451612903226
bge,bm25,15,100,bm25_only,93,44,49,0,3,6,0.47311827957,0.52688172043,0.0322580645161,0.0645161290323
bge,bm25,16,100,shared,13,12,1,0,6,12,0.923076923077,0.0769230769231,0.461538461538,0.923076923077
bge,bm25,16,100,method_only,87,69,18,0,36,48,0.793103448276,0.206896551724,0.413793103448,0.551724137931
bge,bm25,16,100,bm25_only,87,50,37,0,4,6,0.574712643678,0.425287356322,0.0459770114943,0.0689655172414
bge,bm25,17,100,shared,25,22,3,0,16,22,0.88,0.12,0.64,0.88
bge,bm25,17,100,method_only,75,54,21,0,24,47,0.72,0.28,0.32,0.626666666667
bge,bm25,17,100,bm25_only,75,56,19,0,11,35,0.746666666667,0.253333333333,0.146666666667,0.466666666667
bge,bm25,18,100,shared,30,30,0,0,22,30,1,0,0.733333333333,1
bge,bm25,18,100,method_only,70,54,16,0,36,48,0.771428571429,0.228571428571,0.514285714286,0.685714285714
bge,bm25,18,100,bm25_only,70,58,12,0,25,45,0.828571428571,0.171428571429,0.357142857143,0.642857142857
bge,bm25,19,100,shared,31,31,0,0,6,12,1,0,0.193548387097,0.387096774194
bge,bm25,19,100,method_only,69,30,39,0,6,8,0.434782608696,0.565217391304,0.0869565217391,0.115942028986
bge,bm25,19,100,bm25_only,69,52,17,0,4,14,0.753623188406,0.246376811594,0.0579710144928,0.202898550725
bge,bm25,20,100,shared,23,23,0,0,23,23,1,0,1,1
bge,bm25,20,100,method_only,77,68,9,0,67,67,0.883116883117,0.116883116883,0.87012987013,0.87012987013
bge,bm25,20,100,bm25_only,77,67,10,0,37,47,0.87012987013,0.12987012987,0.480519480519,0.61038961039
bge,bm25,21,100,shared,28,26,2,0,20,20,0.928571428571,0.0714285714286,0.714285714286,0.714285714286
bge,bm25,21,100,method_only,72,40,32,0,20,21,0.555555555556,0.444444444444,0.277777777778,0.291666666667
bge,bm25,21,100,bm25_only,72,53,19,0,22,25,0.736111111111,0.263888888889,0.305555555556,0.347222222222
bge,bm25,22,100,shared,32,30,2,0,28,29,0.9375,0.0625,0.875,0.90625
bge,bm25,22,100,method_only,68,43,25,0,38,41,0.632352941176,0.367647058824,0.558823529412,0.602941176471
bge,bm25,22,100,bm25_only,68,43,25,0,21,33,0.632352941176,0.367647058824,0.308823529412,0.485294117647
bge,bm25,23,100,shared,36,34,2,0,25,31,0.944444444444,0.0555555555556,0.694444444444,0.861111111111
bge,bm25,23,100,method_only,64,37,27,0,17,26,0.578125,0.421875,0.265625,0.40625
bge,bm25,23,100,bm25_only,64,34,30,0,15,21,0.53125,0.46875,0.234375,0.328125
bge,bm25,24,100,shared,39,38,1,0,35,38,0.974358974359,0.025641025641,0.897435897436,0.974358974359
bge,bm25,24,100,method_only,61,48,13,0,41,47,0.786885245902,0.213114754098,0.672131147541,0.770491803279
bge,bm25,24,100,bm25_only,61,46,15,0,24,32,0.754098360656,0.245901639344,0.393442622951,0.524590163934
bge,bm25,25,100,shared,13,13,0,0,11,11,1,0,0.846153846154,0.846153846154
bge,bm25,25,100,method_only,87,64,23,0,56,62,0.735632183908,0.264367816092,0.64367816092,0.712643678161
bge,bm25,25,100,bm25_only,87,53,34,0,3,6,0.609195402299,0.390804597701,0.0344827586207,0.0689655172414
bge,bm25,26,100,shared,21,16,5,0,14,14,0.761904761905,0.238095238095,0.666666666667,0.666666666667
bge,bm25,26,100,method_only,79,38,41,0,33,34,0.481012658228,0.518987341772,0.417721518987,0.430379746835
bge,bm25,26,100,bm25_only,79,46,33,0,26,30,0.582278481013,0.417721518987,0.329113924051,0.379746835443
bge,bm25,27,100,shared,37,35,2,0,31,34,0.945945945946,0.0540540540541,0.837837837838,0.918918918919
bge,bm25,27,100,method_only,63,52,11,0,45,52,0.825396825397,0.174603174603,0.714285714286,0.825396825397
bge,bm25,27,100,bm25_only,63,55,8,0,31,53,0.873015873016,0.126984126984,0.492063492063,0.84126984127
bge,bm25,28,100,shared,35,31,4,0,28,28,0.885714285714,0.114285714286,0.8,0.8
bge,bm25,28,100,method_only,65,52,13,0,52,52,0.8,0.2,0.8,0.8
bge,bm25,28,100,bm25_only,65,53,12,0,43,46,0.815384615385,0.184615384615,0.661538461538,0.707692307692
bge,bm25,29,100,shared,38,38,0,0,20,26,1,0,0.526315789474,0.684210526316
bge,bm25,29,100,method_only,62,32,30,0,16,26,0.516129032258,0.483870967742,0.258064516129,0.41935483871
bge,bm25,29,100,bm25_only,62,58,4,0,26,38,0.935483870968,0.0645161290323,0.41935483871,0.612903225806
bge,bm25,30,100,shared,52,51,1,0,45,49,0.980769230769,0.0192307692308,0.865384615385,0.942307692308
bge,bm25,30,100,method_only,48,31,17,0,24,28,0.645833333333,0.354166666667,0.5,0.583333333333
bge,bm25,30,100,bm25_only,48,43,5,0,23,38,0.895833333333,0.104166666667,0.479166666667,0.791666666667
bge,bm25,31,100,shared,7,7,0,0,4,5,1,0,0.571428571429,0.714285714286
bge,bm25,31,100,method_only,93,53,40,0,24,36,0.569892473118,0.430107526882,0.258064516129,0.387096774194
bge,bm25,31,100,bm25_only,93,91,2,0,8,16,0.978494623656,0.0215053763441,0.0860215053763,0.172043010753
bge,bm25,32,100,shared,11,7,4,0,5,7,0.636363636364,0.363636363636,0.454545454545,0.636363636364
bge,bm25,32,100,method_only,89,41,48,0,20,27,0.460674157303,0.539325842697,0.224719101124,0.303370786517
bge,bm25,32,100,bm25_only,89,71,18,0,8,10,0.797752808989,0.202247191011,0.0898876404494,0.112359550562
bge,bm25,33,100,shared,13,13,0,0,5,11,1,0,0.384615384615,0.846153846154
bge,bm25,33,100,method_only,87,33,54,0,11,22,0.379310344828,0.620689655172,0.126436781609,0.252873563218
bge,bm25,33,100,bm25_only,87,71,16,0,25,33,0.816091954023,0.183908045977,0.287356321839,0.379310344828
bge,bm25,34,100,shared,11,11,0,0,6,8,1,0,0.545454545455,0.727272727273
bge,bm25,34,100,method_only,89,40,49,0,14,20,0.449438202247,0.550561797753,0.157303370787,0.224719101124
bge,bm25,34,100,bm25_only,89,38,51,0,3,8,0.426966292135,0.573033707865,0.0337078651685,0.0898876404494
bge,bm25,35,100,shared,34,34,0,0,27,29,1,0,0.794117647059,0.852941176471
bge,bm25,35,100,method_only,66,44,22,0,27,30,0.666666666667,0.333333333333,0.409090909091,0.454545454545
bge,bm25,35,100,bm25_only,66,50,16,0,16,16,0.757575757576,0.242424242424,0.242424242424,0.242424242424
bge,bm25,36,100,shared,47,47,0,0,43,44,1,0,0.914893617021,0.936170212766
bge,bm25,36,100,method_only,53,48,5,0,35,41,0.905660377358,0.0943396226415,0.660377358491,0.77358490566
bge,bm25,36,100,bm25_only,53,51,2,0,35,41,0.962264150943,0.0377358490566,0.660377358491,0.77358490566
bge,bm25,37,100,shared,30,29,1,0,15,24,0.966666666667,0.0333333333333,0.5,0.8
bge,bm25,37,100,method_only,70,58,12,0,27,37,0.828571428571,0.171428571429,0.385714285714,0.528571428571
bge,bm25,37,100,bm25_only,70,70,0,0,34,49,1,0,0.485714285714,0.7
bge,bm25,38,100,shared,22,21,1,0,16,19,0.954545454545,0.0454545454545,0.727272727273,0.863636363636
bge,bm25,38,100,method_only,78,52,26,0,41,52,0.666666666667,0.333333333333,0.525641025641,0.666666666667
bge,bm25,38,100,bm25_only,78,64,14,0,20,36,0.820512820513,0.179487179487,0.25641025641,0.461538461538
bge,bm25,39,100,shared,46,46,0,0,39,46,1,0,0.847826086957,1
bge,bm25,39,100,method_only,54,48,6,0,37,48,0.888888888889,0.111111111111,0.685185185185,0.888888888889
bge,bm25,39,100,bm25_only,54,54,0,0,25,51,1,0,0.462962962963,0.944444444444
bge,bm25,40,100,shared,54,54,0,0,50,53,1,0,0.925925925926,0.981481481481
bge,bm25,40,100,method_only,46,40,6,0,34,38,0.869565217391,0.130434782609,0.739130434783,0.826086956522
bge,bm25,40,100,bm25_only,46,45,1,0,36,44,0.978260869565,0.0217391304348,0.782608695652,0.95652173913
bge,bm25,41,100,shared,38,38,0,0,30,33,1,0,0.789473684211,0.868421052632
bge,bm25,41,100,method_only,62,55,7,0,42,48,0.887096774194,0.112903225806,0.677419354839,0.774193548387
bge,bm25,41,100,bm25_only,62,59,3,0,25,29,0.951612903226,0.0483870967742,0.403225806452,0.467741935484
bge,bm25,42,100,shared,47,47,0,0,46,47,1,0,0.978723404255,1
bge,bm25,42,100,method_only,53,52,1,0,47,50,0.981132075472,0.0188679245283,0.88679245283,0.943396226415
bge,bm25,42,100,bm25_only,53,48,5,0,15,22,0.905660377358,0.0943396226415,0.283018867925,0.415094339623
bge,bm25,43,100,shared,42,42,0,0,34,39,1,0,0.809523809524,0.928571428571
bge,bm25,43,100,method_only,58,28,30,0,11,17,0.48275862069,0.51724137931,0.189655172414,0.293103448276
bge,bm25,43,100,bm25_only,58,57,1,0,35,39,0.98275862069,0.0172413793103,0.603448275862,0.672413793103
bge,bm25,44,100,shared,27,27,0,0,20,26,1,0,0.740740740741,0.962962962963
bge,bm25,44,100,method_only,73,62,11,0,49,54,0.849315068493,0.150684931507,0.671232876712,0.739726027397
bge,bm25,44,100,bm25_only,73,61,12,0,32,41,0.835616438356,0.164383561644,0.438356164384,0.561643835616
bge,bm25,45,100,shared,36,35,1,0,15,31,0.972222222222,0.0277777777778,0.416666666667,0.861111111111
bge,bm25,45,100,method_only,64,54,10,0,33,52,0.84375,0.15625,0.515625,0.8125
bge,bm25,45,100,bm25_only,64,55,9,0,17,50,0.859375,0.140625,0.265625,0.78125
bge,bm25,46,100,shared,24,24,0,0,20,23,1,0,0.833333333333,0.958333333333
bge,bm25,46,100,method_only,76,38,38,0,14,31,0.5,0.5,0.184210526316,0.407894736842
bge,bm25,46,100,bm25_only,76,63,13,0,10,17,0.828947368421,0.171052631579,0.131578947368,0.223684210526
bge,bm25,47,100,shared,18,18,0,0,10,15,1,0,0.555555555556,0.833333333333
bge,bm25,47,100,method_only,82,57,25,0,37,44,0.69512195122,0.30487804878,0.451219512195,0.536585365854
bge,bm25,47,100,bm25_only,82,42,40,0,15,16,0.512195121951,0.487804878049,0.182926829268,0.19512195122
bge,bm25,48,100,shared,23,19,4,0,18,19,0.826086956522,0.173913043478,0.782608695652,0.826086956522
bge,bm25,48,100,method_only,77,45,32,0,34,43,0.584415584416,0.415584415584,0.441558441558,0.558441558442
bge,bm25,48,100,bm25_only,77,33,44,0,14,27,0.428571428571,0.571428571429,0.181818181818,0.350649350649
bge,bm25,49,100,shared,12,12,0,0,4,7,1,0,0.333333333333,0.583333333333
bge,bm25,49,100,method_only,88,55,33,0,33,41,0.625,0.375,0.375,0.465909090909
bge,bm25,49,100,bm25_only,88,65,23,0,3,13,0.738636363636,0.261363636364,0.0340909090909,0.147727272727
bge,bm25,50,100,shared,26,26,0,0,8,12,1,0,0.307692307692,0.461538461538
bge,bm25,50,100,method_only,74,45,29,0,7,11,0.608108108108,0.391891891892,0.0945945945946,0.148648648649
bge,bm25,50,100,bm25_only,74,50,24,0,4,19,0.675675675676,0.324324324324,0.0540540540541,0.256756756757
bge,bm25,1,1000,shared,203,120,83,0,30,71,0.591133004926,0.408866995074,0.147783251232,0.349753694581
bge,bm25,1,1000,method_only,797,68,729,0,24,40,0.0853199498118,0.914680050188,0.030112923463,0.0501882057716
bge,bm25,1,1000,bm25_only,797,207,590,0,47,94,0.259723964868,0.740276035132,0.0589711417817,0.117942283563
bge,bm25,2,1000,shared,148,90,58,0,67,73,0.608108108108,0.391891891892,0.452702702703,0.493243243243
bge,bm25,2,1000,method_only,852,166,686,0,113,119,0.194835680751,0.805164319249,0.132629107981,0.139671361502
bge,bm25,2,1000,bm25_only,852,113,739,0,6,21,0.132629107981,0.867370892019,0.00704225352113,0.0246478873239
bge,bm25,3,1000,shared,212,159,53,0,80,127,0.75,0.25,0.377358490566,0.599056603774
bge,bm25,3,1000,method_only,788,130,658,0,47,103,0.164974619289,0.835025380711,0.0596446700508,0.130710659898
bge,bm25,3,1000,bm25_only,788,243,545,0,12,89,0.308375634518,0.691624365482,0.0152284263959,0.112944162437
bge,bm25,4,1000,shared,203,112,91,0,42,78,0.551724137931,0.448275862069,0.206896551724,0.384236453202
bge,bm25,4,1000,method_only,797,137,660,0,49,118,0.171894604768,0.828105395232,0.0614805520703,0.148055207026
bge,bm25,4,1000,bm25_only,797,182,615,0,22,55,0.228356336261,0.771643663739,0.0276035131744,0.069008782936
bge,bm25,5,1000,shared,439,263,176,0,98,198,0.599088838269,0.400911161731,0.223234624146,0.451025056948
bge,bm25,5,1000,method_only,561,122,439,0,47,93,0.217468805704,0.782531194296,0.0837789661319,0.16577540107
bge,bm25,5,1000,bm25_only,561,158,403,0,40,73,0.281639928699,0.718360071301,0.0713012477718,0.130124777184
bge,bm25,6,1000,shared,315,230,85,0,197,211,0.730158730159,0.269841269841,0.625396825397,0.669841269841
bge,bm25,6,1000,method_only,685,149,536,0,108,127,0.217518248175,0.782481751825,0.157664233577,0.185401459854
bge,bm25,6,1000,bm25_only,685,148,537,0,52,98,0.216058394161,0.783941605839,0.0759124087591,0.143065693431
bge,bm25,7,1000,shared,492,347,145,0,242,252,0.705284552846,0.294715447154,0.491869918699,0.512195121951
bge,bm25,7,1000,method_only,508,120,388,0,62,68,0.236220472441,0.763779527559,0.122047244094,0.133858267717
bge,bm25,7,1000,bm25_only,508,156,352,0,54,61,0.307086614173,0.692913385827,0.106299212598,0.120078740157
bge,bm25,8,1000,shared,145,91,54,0,55,74,0.627586206897,0.372413793103,0.379310344828,0.510344827586
bge,bm25,8,1000,method_only,855,140,715,0,70,110,0.163742690058,0.836257309942,0.0818713450292,0.12865497076
bge,bm25,8,1000,bm25_only,855,173,682,0,26,82,0.202339181287,0.797660818713,0.0304093567251,0.0959064327485
bge,bm25,9,1000,shared,205,109,96,0,37,53,0.531707317073,0.468292682927,0.180487804878,0.258536585366
bge,bm25,9,1000,method_only,795,41,754,0,5,9,0.051572327044,0.948427672956,0.0062893081761,0.011320754717
bge,bm25,9,1000,bm25_only,795,183,612,0,22,57,0.230188679245,0.769811320755,0.0276729559748,0.0716981132075
bge,bm25,10,1000,shared,512,321,191,0,142,222,0.626953125,0.373046875,0.27734375,0.43359375
bge,bm25,10,1000,method_only,488,86,402,0,44,69,0.176229508197,0.823770491803,0.0901639344262,0.141393442623
bge,bm25,10,1000,bm25_only,488,109,379,0,20,49,0.223360655738,0.776639344262,0.0409836065574,0.100409836066
bge,bm25,11,1000,shared,370,196,174,0,47,85,0.52972972973,0.47027027027,0.127027027027,0.22972972973
bge,bm25,11,1000,method_only,630,68,562,0,6,22,0.107936507937,0.892063492063,0.00952380952381,0.0349206349206
bge,bm25,11,1000,bm25_only,630,171,459,0,31,58,0.271428571429,0.728571428571,0.0492063492063,0.0920634920635
bge,bm25,12,1000,shared,184,96,88,0,25,55,0.521739130435,0.478260869565,0.135869565217,0.298913043478
bge,bm25,12,1000,method_only,816,108,708,0,39,59,0.132352941176,0.867647058824,0.0477941176471,0.0723039215686
bge,bm25,12,1000,bm25_only,816,231,585,0,43,111,0.283088235294,0.716911764706,0.0526960784314,0.136029411765
bge,bm25,13,1000,shared,248,167,81,0,67,140,0.673387096774,0.326612903226,0.270161290323,0.564516129032
bge,bm25,13,1000,method_only,752,166,586,0,47,136,0.220744680851,0.779255319149,0.0625,0.18085106383
bge,bm25,13,1000,bm25_only,752,194,558,0,31,106,0.257978723404,0.742021276596,0.0412234042553,0.140957446809
bge,bm25,14,1000,shared,153,62,91,0,31,43,0.40522875817,0.59477124183,0.202614379085,0.281045751634
bge,bm25,14,1000,method_only,847,66,781,0,10,19,0.0779220779221,0.922077922078,0.0118063754427,0.0224321133412
bge,bm25,14,1000,bm25_only,847,181,666,0,16,47,0.213695395514,0.786304604486,0.0188902007084,0.0554899645809
bge,bm25,15,1000,shared,104,53,51,0,4,5,0.509615384615,0.490384615385,0.0384615384615,0.0480769230769
bge,bm25,15,1000,method_only,896,161,735,0,45,93,0.1796875,0.8203125,0.0502232142857,0.103794642857
bge,bm25,15,1000,bm25_only,896,176,720,0,3,12,0.196428571429,0.803571428571,0.00334821428571,0.0133928571429
bge,bm25,16,1000,shared,134,106,28,0,46,71,0.791044776119,0.208955223881,0.34328358209,0.529850746269
bge,bm25,16,1000,method_only,866,150,716,0,42,76,0.173210161663,0.826789838337,0.0484988452656,0.0877598152425
bge,bm25,16,1000,bm25_only,866,166,700,0,7,24,0.19168591224,0.80831408776,0.0080831408776,0.0277136258661
bge,bm25,17,1000,shared,408,260,148,0,104,217,0.637254901961,0.362745098039,0.254901960784,0.531862745098
bge,bm25,17,1000,method_only,592,115,477,0,43,96,0.194256756757,0.805743243243,0.0726351351351,0.162162162162
bge,bm25,17,1000,bm25_only,592,151,441,0,40,90,0.255067567568,0.744932432432,0.0675675675676,0.152027027027
bge,bm25,18,1000,shared,453,282,171,0,149,247,0.622516556291,0.377483443709,0.328918322296,0.545253863135
bge,bm25,18,1000,method_only,547,68,479,0,32,46,0.124314442413,0.875685557587,0.0585009140768,0.0840950639854
bge,bm25,18,1000,bm25_only,547,175,372,0,41,98,0.319926873857,0.680073126143,0.0749542961609,0.17915904936
bge,bm25,19,1000,shared,167,106,61,0,14,34,0.634730538922,0.365269461078,0.0838323353293,0.203592814371
bge,bm25,19,1000,method_only,833,83,750,0,7,13,0.0996398559424,0.900360144058,0.00840336134454,0.015606242497
bge,bm25,19,1000,bm25_only,833,181,652,0,9,28,0.217286914766,0.782713085234,0.0108043217287,0.0336134453782
bge,bm25,20,1000,shared,455,296,159,0,264,289,0.650549450549,0.349450549451,0.58021978022,0.635164835165
bge,bm25,20,1000,method_only,545,55,490,0,40,49,0.100917431193,0.899082568807,0.0733944954128,0.0899082568807
bge,bm25,20,1000,bm25_only,545,210,335,0,49,126,0.385321100917,0.614678899083,0.0899082568807,0.23119266055
bge,bm25,21,1000,shared,254,178,76,0,111,116,0.700787401575,0.299212598425,0.437007874016,0.456692913386
bge,bm25,21,1000,method_only,746,160,586,0,105,118,0.214477211796,0.785522788204,0.140750670241,0.1581769437
bge,bm25,21,1000,bm25_only,746,154,592,0,61,74,0.206434316354,0.793565683646,0.0817694369973,0.0991957104558
bge,bm25,22,1000,shared,309,202,107,0,162,191,0.653721682848,0.346278317152,0.52427184466,0.618122977346
bge,bm25,22,1000,method_only,691,113,578,0,75,104,0.163531114327,0.836468885673,0.108538350217,0.150506512301
bge,bm25,22,1000,bm25_only,691,105,586,0,24,63,0.151953690304,0.848046309696,0.0347322720695,0.0911722141823
bge,bm25,23,1000,shared,340,194,146,0,99,143,0.570588235294,0.429411764706,0.291176470588,0.420588235294
bge,bm25,23,1000,method_only,660,94,566,0,15,47,0.142424242424,0.857575757576,0.0227272727273,0.0712121212121
bge,bm25,23,1000,bm25_only,660,104,556,0,19,40,0.157575757576,0.842424242424,0.0287878787879,0.0606060606061
bge,bm25,24,1000,shared,522,286,236,0,213,258,0.547892720307,0.452107279693,0.408045977011,0.494252873563
bge,bm25,24,1000,method_only,478,66,412,0,26,50,0.138075313808,0.861924686192,0.0543933054393,0.10460251046
bge,bm25,24,1000,bm25_only,478,59,419,0,3,14,0.123430962343,0.876569037657,0.00627615062762,0.0292887029289
bge,bm25,25,1000,shared,248,158,90,0,74,92,0.637096774194,0.362903225806,0.298387096774,0.370967741935
bge,bm25,25,1000,method_only,752,237,515,0,166,215,0.315159574468,0.684840425532,0.220744680851,0.285904255319
bge,bm25,25,1000,bm25_only,752,185,567,0,13,25,0.246010638298,0.753989361702,0.0172872340426,0.0332446808511
bge,bm25,26,1000,shared,298,157,141,0,131,139,0.526845637584,0.473154362416,0.439597315436,0.46644295302
bge,bm25,26,1000,method_only,702,140,562,0,99,113,0.19943019943,0.80056980057,0.141025641026,0.160968660969
bge,bm25,26,1000,bm25_only,702,167,535,0,78,104,0.237891737892,0.762108262108,0.111111111111,0.148148148148
bge,bm25,27,1000,shared,473,285,188,0,197,276,0.602536997886,0.397463002114,0.416490486258,0.583509513742
bge,bm25,27,1000,method_only,527,44,483,0,14,37,0.0834914611006,0.916508538899,0.0265654648956,0.0702087286528
bge,bm25,27,1000,bm25_only,527,152,375,0,30,112,0.288425047438,0.711574952562,0.0569259962049,0.212523719165
bge,bm25,28,1000,shared,627,358,269,0,323,334,0.570972886762,0.429027113238,0.515151515152,0.532695374801
bge,bm25,28,1000,method_only,373,67,306,0,52,60,0.179624664879,0.820375335121,0.139410187668,0.160857908847
bge,bm25,28,1000,bm25_only,373,65,308,0,40,49,0.174262734584,0.825737265416,0.107238605898,0.131367292225
bge,bm25,29,1000,shared,528,311,217,0,149,213,0.589015151515,0.410984848485,0.282196969697,0.403409090909
bge,bm25,29,1000,method_only,472,64,408,0,23,50,0.135593220339,0.864406779661,0.0487288135593,0.10593220339
bge,bm25,29,1000,bm25_only,472,166,306,0,50,93,0.351694915254,0.648305084746,0.10593220339,0.197033898305
bge,bm25,30,1000,shared,446,208,238,0,118,177,0.466367713004,0.533632286996,0.264573991031,0.396860986547
bge,bm25,30,1000,method_only,554,52,502,0,4,24,0.0938628158845,0.906137184116,0.0072202166065,0.043321299639
bge,bm25,30,1000,bm25_only,554,129,425,0,32,75,0.23285198556,0.76714801444,0.057761732852,0.135379061372
bge,bm25,31,1000,shared,129,104,25,0,25,53,0.806201550388,0.193798449612,0.193798449612,0.410852713178
bge,bm25,31,1000,method_only,871,114,757,0,37,57,0.130884041332,0.869115958668,0.0424799081515,0.0654420206659
bge,bm25,31,1000,bm25_only,871,317,554,0,9,46,0.363949483352,0.636050516648,0.0103329506315,0.052812858783
bge,bm25,32,1000,shared,306,84,222,0,19,30,0.274509803922,0.725490196078,0.062091503268,0.0980392156863
bge,bm25,32,1000,method_only,694,149,545,0,63,87,0.21469740634,0.78530259366,0.0907780979827,0.125360230548
bge,bm25,32,1000,bm25_only,694,154,540,0,9,17,0.221902017291,0.778097982709,0.0129682997118,0.0244956772334
bge,bm25,33,1000,shared,128,101,27,0,45,69,0.7890625,0.2109375,0.3515625,0.5390625
bge,bm25,33,1000,method_only,872,75,797,0,20,38,0.0860091743119,0.913990825688,0.0229357798165,0.0435779816514
bge,bm25,33,1000,bm25_only,872,329,543,0,49,71,0.377293577982,0.622706422018,0.0561926605505,0.0814220183486
bge,bm25,34,1000,shared,131,86,45,0,22,38,0.656488549618,0.343511450382,0.167938931298,0.290076335878
bge,bm25,34,1000,method_only,869,124,745,0,25,37,0.142692750288,0.857307249712,0.0287686996548,0.0425776754891
bge,bm25,34,1000,bm25_only,869,145,724,0,14,19,0.166858457998,0.833141542002,0.0161104718067,0.0218642117376
bge,bm25,35,1000,shared,224,168,56,0,87,91,0.75,0.25,0.388392857143,0.40625
bge,bm25,35,1000,method_only,776,152,624,0,31,42,0.19587628866,0.80412371134,0.0399484536082,0.0541237113402
bge,bm25,35,1000,bm25_only,776,174,602,0,24,27,0.224226804124,0.775773195876,0.0309278350515,0.034793814433
bge,bm25,36,1000,shared,579,433,146,0,317,350,0.747841105354,0.252158894646,0.547495682211,0.604490500864
bge,bm25,36,1000,method_only,421,95,326,0,45,56,0.225653206651,0.774346793349,0.106888361045,0.133016627078
bge,bm25,36,1000,bm25_only,421,135,286,0,62,80,0.320665083135,0.679334916865,0.147268408551,0.190023752969
bge,bm25,37,1000,shared,519,381,138,0,165,227,0.734104046243,0.265895953757,0.317919075145,0.437379576108
bge,bm25,37,1000,method_only,481,89,392,0,29,48,0.185031185031,0.814968814969,0.0602910602911,0.0997920997921
bge,bm25,37,1000,bm25_only,481,188,293,0,66,80,0.390852390852,0.609147609148,0.137214137214,0.16632016632
bge,bm25,38,1000,shared,279,227,52,0,145,221,0.813620071685,0.186379928315,0.519713261649,0.792114695341
bge,bm25,38,1000,method_only,721,232,489,0,176,227,0.321775312067,0.678224687933,0.244105409154,0.314840499307
bge,bm25,38,1000,bm25_only,721,294,427,0,69,171,0.407766990291,0.592233009709,0.0957004160888,0.237170596394
bge,bm25,39,1000,shared,516,411,105,0,261,395,0.796511627907,0.203488372093,0.505813953488,0.765503875969
bge,bm25,39,1000,method_only,484,63,421,0,32,54,0.130165289256,0.869834710744,0.0661157024793,0.111570247934
bge,bm25,39,1000,bm25_only,484,219,265,0,88,199,0.452479338843,0.547520661157,0.181818181818,0.411157024793
bge,bm25,40,1000,shared,380,327,53,0,245,299,0.860526315789,0.139473684211,0.644736842105,0.786842105263
bge,bm25,40,1000,method_only,620,82,538,0,44,68,0.132258064516,0.867741935484,0.0709677419355,0.109677419355
bge,bm25,40,1000,bm25_only,620,229,391,0,33,75,0.36935483871,0.63064516129,0.0532258064516,0.120967741935
bge,bm25,41,1000,shared,245,167,78,0,80,96,0.681632653061,0.318367346939,0.326530612245,0.391836734694
bge,bm25,41,1000,method_only,755,201,554,0,104,137,0.266225165563,0.733774834437,0.137748344371,0.181456953642
bge,bm25,41,1000,bm25_only,755,131,624,0,17,25,0.173509933775,0.826490066225,0.0225165562914,0.0331125827815
bge,bm25,42,1000,shared,281,206,75,0,154,169,0.733096085409,0.266903914591,0.548042704626,0.601423487544
bge,bm25,42,1000,method_only,719,45,674,0,19,19,0.0625869262865,0.937413073713,0.0264255910987,0.0264255910987
bge,bm25,42,1000,bm25_only,719,129,590,0,16,19,0.179415855355,0.820584144645,0.0222531293463,0.0264255910987
bge,bm25,43,1000,shared,259,165,94,0,91,113,0.637065637066,0.362934362934,0.351351351351,0.436293436293
bge,bm25,43,1000,method_only,741,73,668,0,13,31,0.0985155195682,0.901484480432,0.0175438596491,0.0418353576248
bge,bm25,43,1000,bm25_only,741,160,581,0,36,49,0.215924426451,0.784075573549,0.0485829959514,0.0661268556005
bge,bm25,44,1000,shared,323,246,77,0,165,203,0.761609907121,0.238390092879,0.510835913313,0.628482972136
bge,bm25,44,1000,method_only,677,117,560,0,52,68,0.17282127031,0.82717872969,0.0768094534712,0.100443131462
bge,bm25,44,1000,bm25_only,677,185,492,0,51,95,0.273264401773,0.726735598227,0.0753323485968,0.140324963072
bge,bm25,45,1000,shared,588,416,172,0,211,388,0.707482993197,0.292517006803,0.358843537415,0.659863945578
bge,bm25,45,1000,method_only,412,68,344,0,50,63,0.165048543689,0.834951456311,0.121359223301,0.152912621359
bge,bm25,45,1000,bm25_only,412,153,259,0,70,117,0.371359223301,0.628640776699,0.169902912621,0.283980582524
bge,bm25,46,1000,shared,286,108,178,0,36,65,0.377622377622,0.622377622378,0.125874125874,0.227272727273
bge,bm25,46,1000,method_only,714,62,652,0,22,43,0.0868347338936,0.913165266106,0.03081232493,0.0602240896359
bge,bm25,46,1000,bm25_only,714,124,590,0,13,23,0.173669467787,0.826330532213,0.0182072829132,0.0322128851541
bge,bm25,47,1000,shared,279,201,78,0,104,138,0.720430107527,0.279569892473,0.372759856631,0.494623655914
bge,bm25,47,1000,method_only,721,126,595,0,63,72,0.174757281553,0.825242718447,0.0873786407767,0.0998613037448
bge,bm25,47,1000,bm25_only,721,150,571,0,39,50,0.208044382802,0.791955617198,0.0540915395284,0.0693481276006
bge,bm25,48,1000,shared,206,126,80,0,92,121,0.611650485437,0.388349514563,0.446601941748,0.587378640777
bge,bm25,48,1000,method_only,794,40,754,0,20,35,0.0503778337531,0.949622166247,0.0251889168766,0.044080604534
bge,bm25,48,1000,bm25_only,794,154,640,0,50,101,0.19395465995,0.80604534005,0.0629722921914,0.127204030227
bge,bm25,49,1000,shared,165,138,27,0,42,81,0.836363636364,0.163636363636,0.254545454545,0.490909090909
bge,bm25,49,1000,method_only,835,179,656,0,61,98,0.214371257485,0.785628742515,0.0730538922156,0.117365269461
bge,bm25,49,1000,bm25_only,835,184,651,0,4,12,0.220359281437,0.779640718563,0.00479041916168,0.014371257485
bge,bm25,50,1000,shared,357,210,147,0,26,57,0.588235294118,0.411764705882,0.0728291316527,0.159663865546
bge,bm25,50,1000,method_only,643,60,583,0,6,16,0.0933125972006,0.906687402799,0.00933125972006,0.0248833592535
bge,bm25,50,1000,bm25_only,643,154,489,0,3,19,0.239502332815,0.760497667185,0.00466562986003,0.0295489891135
bm25_ce,bm25,1,20,shared,6,6,0,0,1,5,1,0,0.166666666667,0.833333333333
bm25_ce,bm25,1,20,method_only,14,10,4,0,3,6,0.714285714286,0.285714285714,0.214285714286,0.428571428571
bm25_ce,bm25,1,20,bm25_only,14,11,3,0,2,6,0.785714285714,0.214285714286,0.142857142857,0.428571428571
bm25_ce,bm25,2,20,shared,2,2,0,0,2,2,1,0,1,1
bm25_ce,bm25,2,20,method_only,18,15,3,0,11,12,0.833333333333,0.166666666667,0.611111111111,0.666666666667
bm25_ce,bm25,2,20,bm25_only,18,17,1,0,5,5,0.944444444444,0.0555555555556,0.277777777778,0.277777777778
bm25_ce,bm25,3,20,shared,1,1,0,0,1,1,1,0,1,1
bm25_ce,bm25,3,20,method_only,19,18,1,0,13,17,0.947368421053,0.0526315789474,0.684210526316,0.894736842105
bm25_ce,bm25,3,20,bm25_only,19,17,2,0,3,6,0.894736842105,0.105263157895,0.157894736842,0.315789473684
bm25_ce,bm25,4,20,shared,1,1,0,0,1,1,1,0,1,1
bm25_ce,bm25,4,20,method_only,19,15,4,0,8,11,0.789473684211,0.210526315789,0.421052631579,0.578947368421
bm25_ce,bm25,4,20,bm25_only,19,19,0,0,1,2,1,0,0.0526315789474,0.105263157895
bm25_ce,bm25,5,20,shared,4,3,1,0,3,3,0.75,0.25,0.75,0.75
bm25_ce,bm25,5,20,method_only,16,13,3,0,2,10,0.8125,0.1875,0.125,0.625
bm25_ce,bm25,5,20,bm25_only,16,15,1,0,4,13,0.9375,0.0625,0.25,0.8125
bm25_ce,bm25,6,20,shared,5,5,0,0,4,4,1,0,0.8,0.8
bm25_ce,bm25,6,20,method_only,15,14,1,0,14,14,0.933333333333,0.0666666666667,0.933333333333,0.933333333333
bm25_ce,bm25,6,20,bm25_only,15,14,1,0,11,13,0.933333333333,0.0666666666667,0.733333333333,0.866666666667
bm25_ce,bm25,7,20,shared,10,10,0,0,8,8,1,0,0.8,0.8
bm25_ce,bm25,7,20,method_only,10,10,0,0,7,7,1,0,0.7,0.7
bm25_ce,bm25,7,20,bm25_only,10,10,0,0,5,6,1,0,0.5,0.6
bm25_ce,bm25,8,20,shared,5,3,2,0,3,3,0.6,0.4,0.6,0.6
bm25_ce,bm25,8,20,method_only,15,15,0,0,7,14,1,0,0.466666666667,0.933333333333
bm25_ce,bm25,8,20,bm25_only,15,12,3,0,6,9,0.8,0.2,0.4,0.6
bm25_ce,bm25,9,20,shared,7,7,0,0,1,1,1,0,0.142857142857,0.142857142857
bm25_ce,bm25,9,20,method_only,13,12,1,0,3,3,0.923076923077,0.0769230769231,0.230769230769,0.230769230769
bm25_ce,bm25,9,20,bm25_only,13,13,0,0,1,3,1,0,0.0769230769231,0.230769230769
bm25_ce,bm25,10,20,shared,6,6,0,0,4,6,1,0,0.666666666667,1
bm25_ce,bm25,10,20,method_only,14,13,1,0,8,11,0.928571428571,0.0714285714286,0.571428571429,0.785714285714
bm25_ce,bm25,10,20,bm25_only,14,14,0,0,10,12,1,0,0.714285714286,0.857142857143
bm25_ce,bm25,11,20,shared,11,11,0,0,5,6,1,0,0.454545454545,0.545454545455
bm25_ce,bm25,11,20,method_only,9,7,2,0,2,3,0.777777777778,0.222222222222,0.222222222222,0.333333333333
bm25_ce,bm25,11,20,bm25_only,9,7,2,0,3,4,0.777777777778,0.222222222222,0.333333333333,0.444444444444
bm25_ce,bm25,12,20,shared,6,5,1,0,0,2,0.833333333333,0.166666666667,0,0.333333333333
bm25_ce,bm25,12,20,method_only,14,13,1,0,4,7,0.928571428571,0.0714285714286,0.285714285714,0.5
bm25_ce,bm25,12,20,bm25_only,14,11,3,0,3,8,0.785714285714,0.214285714286,0.214285714286,0.571428571429
bm25_ce,bm25,13,20,shared,5,5,0,0,2,4,1,0,0.4,0.8
bm25_ce,bm25,13,20,method_only,15,14,1,0,8,14,0.933333333333,0.0666666666667,0.533333333333,0.933333333333
bm25_ce,bm25,13,20,bm25_only,15,14,1,0,5,12,0.933333333333,0.0666666666667,0.333333333333,0.8
bm25_ce,bm25,14,20,shared,4,4,0,0,3,3,1,0,0.75,0.75
bm25_ce,bm25,14,20,method_only,16,5,11,0,2,2,0.3125,0.6875,0.125,0.125
bm25_ce,bm25,14,20,bm25_only,16,16,0,0,8,13,1,0,0.5,0.8125
bm25_ce,bm25,15,20,shared,4,4,0,0,2,3,1,0,0.5,0.75
bm25_ce,bm25,15,20,method_only,16,10,6,0,1,1,0.625,0.375,0.0625,0.0625
bm25_ce,bm25,15,20,bm25_only,16,10,6,0,0,1,0.625,0.375,0,0.0625
bm25_ce,bm25,16,20,shared,3,3,0,0,2,3,1,0,0.666666666667,1
bm25_ce,bm25,16,20,method_only,17,16,1,0,9,15,0.941176470588,0.0588235294118,0.529411764706,0.882352941176
bm25_ce,bm25,16,20,bm25_only,17,14,3,0,2,3,0.823529411765,0.176470588235,0.117647058824,0.176470588235
bm25_ce,bm25,17,20,shared,5,5,0,0,4,5,1,0,0.8,1
bm25_ce,bm25,17,20,method_only,15,15,0,0,10,15,1,0,0.666666666667,1
bm25_ce,bm25,17,20,bm25_only,15,13,2,0,3,7,0.866666666667,0.133333333333,0.2,0.466666666667
bm25_ce,bm25,18,20,shared,5,5,0,0,5,5,1,0,1,1
bm25_ce,bm25,18,20,method_only,15,14,1,0,11,14,0.933333333333,0.0666666666667,0.733333333333,0.933333333333
bm25_ce,bm25,18,20,bm25_only,15,15,0,0,5,10,1,0,0.333333333333,0.666666666667
bm25_ce,bm25,19,20,shared,9,9,0,0,3,7,1,0,0.333333333333,0.777777777778
bm25_ce,bm25,19,20,method_only,11,11,0,0,0,2,1,0,0,0.181818181818
bm25_ce,bm25,19,20,bm25_only,11,11,0,0,2,7,1,0,0.181818181818,0.636363636364
bm25_ce,bm25,20,20,shared,5,5,0,0,5,5,1,0,1,1
bm25_ce,bm25,20,20,method_only,15,15,0,0,14,15,1,0,0.933333333333,1
bm25_ce,bm25,20,20,bm25_only,15,13,2,0,12,12,0.866666666667,0.133333333333,0.8,0.8
bm25_ce,bm25,21,20,shared,7,7,0,0,4,5,1,0,0.571428571429,0.714285714286
bm25_ce,bm25,21,20,method_only,13,12,1,0,9,9,0.923076923077,0.0769230769231,0.692307692308,0.692307692308
bm25_ce,bm25,21,20,bm25_only,13,11,2,0,3,4,0.846153846154,0.153846153846,0.230769230769,0.307692307692
bm25_ce,bm25,22,20,shared,9,9,0,0,8,9,1,0,0.888888888889,1
bm25_ce,bm25,22,20,method_only,11,11,0,0,9,11,1,0,0.818181818182,1
bm25_ce,bm25,22,20,bm25_only,11,7,4,0,6,7,0.636363636364,0.363636363636,0.545454545455,0.636363636364
bm25_ce,bm25,23,20,shared,6,6,0,0,5,5,1,0,0.833333333333,0.833333333333
bm25_ce,bm25,23,20,method_only,14,5,9,0,0,2,0.357142857143,0.642857142857,0,0.142857142857
bm25_ce,bm25,23,20,bm25_only,14,13,1,0,10,11,0.928571428571,0.0714285714286,0.714285714286,0.785714285714
bm25_ce,bm25,24,20,shared,3,3,0,0,2,3,1,0,0.666666666667,1
bm25_ce,bm25,24,20,method_only,17,15,2,0,11,13,0.882352941176,0.117647058824,0.647058823529,0.764705882353
bm25_ce,bm25,24,20,bm25_only,17,15,2,0,11,12,0.882352941176,0.117647058824,0.647058823529,0.705882352941
bm25_ce,bm25,25,20,shared,3,3,0,0,3,3,1,0,1,1
bm25_ce,bm25,25,20,method_only,17,14,3,0,11,13,0.823529411765,0.176470588235,0.647058823529,0.764705882353
bm25_ce,bm25,25,20,bm25_only,17,12,5,0,0,0,0.705882352941,0.294117647059,0,0
bm25_ce,bm25,26,20,shared,7,7,0,0,7,7,1,0,1,1
bm25_ce,bm25,26,20,method_only,13,10,3,0,9,10,0.769230769231,0.230769230769,0.692307692308,0.769230769231
bm25_ce,bm25,26,20,bm25_only,13,10,3,0,5,5,0.769230769231,0.230769230769,0.384615384615,0.384615384615
bm25_ce,bm25,27,20,shared,4,3,1,0,2,3,0.75,0.25,0.5,0.75
bm25_ce,bm25,27,20,method_only,16,10,6,0,9,10,0.625,0.375,0.5625,0.625
bm25_ce,bm25,27,20,bm25_only,16,15,1,0,14,14,0.9375,0.0625,0.875,0.875
bm25_ce,bm25,28,20,shared,5,5,0,0,5,5,1,0,1,1
bm25_ce,bm25,28,20,method_only,15,15,0,0,13,13,1,0,0.866666666667,0.866666666667
bm25_ce,bm25,28,20,bm25_only,15,15,0,0,12,13,1,0,0.8,0.866666666667
bm25_ce,bm25,29,20,shared,11,11,0,0,8,9,1,0,0.727272727273,0.818181818182
bm25_ce,bm25,29,20,method_only,9,9,0,0,5,7,1,0,0.555555555556,0.777777777778
bm25_ce,bm25,29,20,bm25_only,9,9,0,0,5,8,1,0,0.555555555556,0.888888888889
bm25_ce,bm25,30,20,shared,15,15,0,0,14,15,1,0,0.933333333333,1
bm25_ce,bm25,30,20,method_only,5,5,0,0,4,5,1,0,0.8,1
bm25_ce,bm25,30,20,bm25_only,5,5,0,0,5,5,1,0,1,1
bm25_ce,bm25,31,20,shared,1,1,0,0,0,1,1,0,0,1
bm25_ce,bm25,31,20,method_only,19,19,0,0,4,11,1,0,0.210526315789,0.578947368421
bm25_ce,bm25,31,20,bm25_only,19,18,1,0,2,3,0.947368421053,0.0526315789474,0.105263157895,0.157894736842
bm25_ce,bm25,32,20,shared,11,11,0,0,6,8,1,0,0.545454545455,0.727272727273
bm25_ce,bm25,32,20,method_only,9,5,4,0,0,1,0.555555555556,0.444444444444,0,0.111111111111
bm25_ce,bm25,32,20,bm25_only,9,9,0,0,0,1,1,0,0,0.111111111111
bm25_ce,bm25,33,20,shared,4,4,0,0,2,3,1,0,0.5,0.75
bm25_ce,bm25,33,20,method_only,16,16,0,0,11,14,1,0,0.6875,0.875
bm25_ce,bm25,33,20,bm25_only,16,16,0,0,6,11,1,0,0.375,0.6875
bm25_ce,bm25,34,20,shared,6,5,1,0,4,4,0.833333333333,0.166666666667,0.666666666667,0.666666666667
bm25_ce,bm25,34,20,method_only,14,13,1,0,1,4,0.928571428571,0.0714285714286,0.0714285714286,0.285714285714
bm25_ce,bm25,34,20,bm25_only,14,9,5,0,1,3,0.642857142857,0.357142857143,0.0714285714286,0.214285714286
bm25_ce,bm25,35,20,shared,8,8,0,0,6,6,1,0,0.75,0.75
bm25_ce,bm25,35,20,method_only,12,12,0,0,10,11,1,0,0.833333333333,0.916666666667
bm25_ce,bm25,35,20,bm25_only,12,12,0,0,3,3,1,0,0.25,0.25
bm25_ce,bm25,36,20,shared,4,4,0,0,3,4,1,0,0.75,1
bm25_ce,bm25,36,20,method_only,16,16,0,0,14,15,1,0,0.875,0.9375
bm25_ce,bm25,36,20,bm25_only,16,16,0,0,15,15,1,0,0.9375,0.9375
bm25_ce,bm25,37,20,shared,5,5,0,0,3,5,1,0,0.6,1
bm25_ce,bm25,37,20,method_only,15,15,0,0,13,15,1,0,0.866666666667,1
bm25_ce,bm25,37,20,bm25_only,15,15,0,0,6,11,1,0,0.4,0.733333333333
bm25_ce,bm25,38,20,shared,7,7,0,0,7,7,1,0,1,1
bm25_ce,bm25,38,20,method_only,13,12,1,0,6,10,0.923076923077,0.0769230769231,0.461538461538,0.769230769231
bm25_ce,bm25,38,20,bm25_only,13,13,0,0,4,5,1,0,0.307692307692,0.384615384615
bm25_ce,bm25,39,20,shared,10,10,0,0,9,10,1,0,0.9,1
bm25_ce,bm25,39,20,method_only,10,10,0,0,7,10,1,0,0.7,1
bm25_ce,bm25,39,20,bm25_only,10,10,0,0,8,10,1,0,0.8,1
bm25_ce,bm25,40,20,shared,8,8,0,0,8,8,1,0,1,1
bm25_ce,bm25,40,20,method_only,12,12,0,0,10,12,1,0,0.833333333333,1
bm25_ce,bm25,40,20,bm25_only,12,12,0,0,12,12,1,0,1,1
bm25_ce,bm25,41,20,shared,7,7,0,0,6,6,1,0,0.857142857143,0.857142857143
bm25_ce,bm25,41,20,method_only,13,13,0,0,10,12,1,0,0.769230769231,0.923076923077
bm25_ce,bm25,41,20,bm25_only,13,13,0,0,9,9,1,0,0.692307692308,0.692307692308
bm25_ce,bm25,42,20,shared,10,10,0,0,7,10,1,0,0.7,1
bm25_ce,bm25,42,20,method_only,10,10,0,0,10,10,1,0,1,1
bm25_ce,bm25,42,20,bm25_only,10,10,0,0,5,5,1,0,0.5,0.5
bm25_ce,bm25,43,20,shared,8,8,0,0,5,6,1,0,0.625,0.75
bm25_ce,bm25,43,20,method_only,12,12,0,0,11,12,1,0,0.916666666667,1
bm25_ce,bm25,43,20,bm25_only,12,12,0,0,8,10,1,0,0.666666666667,0.833333333333
bm25_ce,bm25,44,20,shared,5,5,0,0,5,5,1,0,1,1
bm25_ce,bm25,44,20,method_only,15,15,0,0,11,12,1,0,0.733333333333,0.8
bm25_ce,bm25,44,20,bm25_only,15,14,1,0,9,13,0.933333333333,0.0666666666667,0.6,0.866666666667
bm25_ce,bm25,45,20,shared,6,6,0,0,6,6,1,0,1,1
bm25_ce,bm25,45,20,method_only,14,13,1,0,3,11,0.928571428571,0.0714285714286,0.214285714286,0.785714285714
bm25_ce,bm25,45,20,bm25_only,14,13,1,0,5,12,0.928571428571,0.0714285714286,0.357142857143,0.857142857143
bm25_ce,bm25,46,20,shared,4,4,0,0,4,4,1,0,1,1
bm25_ce,bm25,46,20,method_only,16,12,4,0,2,3,0.75,0.25,0.125,0.1875
bm25_ce,bm25,46,20,bm25_only,16,16,0,0,5,10,1,0,0.3125,0.625
bm25_ce,bm25,47,20,shared,6,6,0,0,1,3,1,0,0.166666666667,0.5
bm25_ce,bm25,47,20,method_only,14,13,1,0,11,12,0.928571428571,0.0714285714286,0.785714285714,0.857142857143
bm25_ce,bm25,47,20,bm25_only,14,8,6,0,3,3,0.571428571429,0.428571428571,0.214285714286,0.214285714286
bm25_ce,bm25,48,20,shared,4,4,0,0,4,4,1,0,1,1
bm25_ce,bm25,48,20,method_only,16,16,0,0,13,16,1,0,0.8125,1
bm25_ce,bm25,48,20,bm25_only,16,13,3,0,11,12,0.8125,0.1875,0.6875,0.75
bm25_ce,bm25,49,20,shared,3,3,0,0,2,2,1,0,0.666666666667,0.666666666667
bm25_ce,bm25,49,20,method_only,17,17,0,0,8,11,1,0,0.470588235294,0.647058823529
bm25_ce,bm25,49,20,bm25_only,17,16,1,0,1,5,0.941176470588,0.0588235294118,0.0588235294118,0.294117647059
bm25_ce,bm25,50,20,shared,8,8,0,0,3,7,1,0,0.375,0.875
bm25_ce,bm25,50,20,method_only,12,7,5,0,1,2,0.583333333333,0.416666666667,0.0833333333333,0.166666666667
bm25_ce,bm25,50,20,bm25_only,12,12,0,0,4,8,1,0,0.333333333333,0.666666666667
bm25_ce,bm25,1,50,shared,11,11,0,0,2,8,1,0,0.181818181818,0.727272727273
bm25_ce,bm25,1,50,method_only,39,22,17,0,3,11,0.564102564103,0.435897435897,0.0769230769231,0.282051282051
bm25_ce,bm25,1,50,bm25_only,39,21,18,0,4,8,0.538461538462,0.461538461538,0.102564102564,0.205128205128
bm25_ce,bm25,2,50,shared,13,12,1,0,9,11,0.923076923077,0.0769230769231,0.692307692308,0.846153846154
bm25_ce,bm25,2,50,method_only,37,25,12,0,14,14,0.675675675676,0.324324324324,0.378378378378,0.378378378378
bm25_ce,bm25,2,50,bm25_only,37,37,0,0,14,17,1,0,0.378378378378,0.459459459459
bm25_ce,bm25,3,50,shared,12,12,0,0,9,12,1,0,0.75,1
bm25_ce,bm25,3,50,method_only,38,35,3,0,22,32,0.921052631579,0.0789473684211,0.578947368421,0.842105263158
bm25_ce,bm25,3,50,bm25_only,38,31,7,0,3,12,0.815789473684,0.184210526316,0.0789473684211,0.315789473684
bm25_ce,bm25,4,50,shared,5,5,0,0,4,4,1,0,0.8,0.8
bm25_ce,bm25,4,50,method_only,45,19,26,0,8,14,0.422222222222,0.577777777778,0.177777777778,0.311111111111
bm25_ce,bm25,4,50,bm25_only,45,34,11,0,5,8,0.755555555556,0.244444444444,0.111111111111,0.177777777778
bm25_ce,bm25,5,50,shared,9,7,2,0,4,6,0.777777777778,0.222222222222,0.444444444444,0.666666666667
bm25_ce,bm25,5,50,method_only,41,31,10,0,15,25,0.756097560976,0.243902439024,0.365853658537,0.609756097561
bm25_ce,bm25,5,50,bm25_only,41,34,7,0,9,26,0.829268292683,0.170731707317,0.219512195122,0.634146341463
bm25_ce,bm25,6,50,shared,19,19,0,0,18,18,1,0,0.947368421053,0.947368421053
bm25_ce,bm25,6,50,method_only,31,26,5,0,24,26,0.838709677419,0.161290322581,0.774193548387,0.838709677419
bm25_ce,bm25,6,50,bm25_only,31,20,11,0,10,15,0.645161290323,0.354838709677,0.322580645161,0.483870967742
bm25_ce,bm25,7,50,shared,22,22,0,0,18,19,1,0,0.818181818182,0.863636363636
bm25_ce,bm25,7,50,method_only,28,26,2,0,16,17,0.928571428571,0.0714285714286,0.571428571429,0.607142857143
bm25_ce,bm25,7,50,bm25_only,28,24,4,0,13,15,0.857142857143,0.142857142857,0.464285714286,0.535714285714
bm25_ce,bm25,8,50,shared,12,8,4,0,5,7,0.666666666667,0.333333333333,0.416666666667,0.583333333333
bm25_ce,bm25,8,50,method_only,38,28,10,0,16,25,0.736842105263,0.263157894737,0.421052631579,0.657894736842
bm25_ce,bm25,8,50,bm25_only,38,25,13,0,11,16,0.657894736842,0.342105263158,0.289473684211,0.421052631579
bm25_ce,bm25,9,50,shared,13,13,0,0,1,3,1,0,0.0769230769231,0.230769230769
bm25_ce,bm25,9,50,method_only,37,29,8,0,9,14,0.783783783784,0.216216216216,0.243243243243,0.378378378378
bm25_ce,bm25,9,50,bm25_only,37,35,2,0,8,14,0.945945945946,0.0540540540541,0.216216216216,0.378378378378
bm25_ce,bm25,10,50,shared,17,14,3,0,10,14,0.823529411765,0.176470588235,0.588235294118,0.823529411765
bm25_ce,bm25,10,50,method_only,33,26,7,0,18,22,0.787878787879,0.212121212121,0.545454545455,0.666666666667
bm25_ce,bm25,10,50,bm25_only,33,31,2,0,17,24,0.939393939394,0.0606060606061,0.515151515152,0.727272727273
bm25_ce,bm25,11,50,shared,19,19,0,0,8,9,1,0,0.421052631579,0.473684210526
bm25_ce,bm25,11,50,method_only,31,18,13,0,4,7,0.58064516129,0.41935483871,0.129032258065,0.225806451613
bm25_ce,bm25,11,50,bm25_only,31,24,7,0,4,10,0.774193548387,0.225806451613,0.129032258065,0.322580645161
bm25_ce,bm25,12,50,shared,17,14,3,0,3,7,0.823529411765,0.176470588235,0.176470588235,0.411764705882
bm25_ce,bm25,12,50,method_only,33,26,7,0,6,11,0.787878787879,0.212121212121,0.181818181818,0.333333333333
bm25_ce,bm25,12,50,bm25_only,33,25,8,0,2,14,0.757575757576,0.242424242424,0.0606060606061,0.424242424242
bm25_ce,bm25,13,50,shared,22,21,1,0,13,19,0.954545454545,0.0454545454545,0.590909090909,0.863636363636
bm25_ce,bm25,13,50,method_only,28,25,3,0,14,24,0.892857142857,0.107142857143,0.5,0.857142857143
bm25_ce,bm25,13,50,bm25_only,28,25,3,0,3,15,0.892857142857,0.107142857143,0.107142857143,0.535714285714
bm25_ce,bm25,14,50,shared,10,10,0,0,8,8,1,0,0.8,0.8
bm25_ce,bm25,14,50,method_only,40,14,26,0,4,5,0.35,0.65,0.1,0.125
bm25_ce,bm25,14,50,bm25_only,40,40,0,0,15,32,1,0,0.375,0.8
bm25_ce,bm25,15,50,shared,8,8,0,0,2,3,1,0,0.25,0.375
bm25_ce,bm25,15,50,method_only,42,21,21,0,1,1,0.5,0.5,0.0238095238095,0.0238095238095
bm25_ce,bm25,15,50,bm25_only,42,24,18,0,1,3,0.571428571429,0.428571428571,0.0238095238095,0.0714285714286
bm25_ce,bm25,16,50,shared,9,9,0,0,5,8,1,0,0.555555555556,0.888888888889
bm25_ce,bm25,16,50,method_only,41,35,6,0,18,30,0.853658536585,0.146341463415,0.439024390244,0.731707317073
bm25_ce,bm25,16,50,bm25_only,41,27,14,0,2,4,0.658536585366,0.341463414634,0.0487804878049,0.0975609756098
bm25_ce,bm25,17,50,shared,19,17,2,0,10,16,0.894736842105,0.105263157895,0.526315789474,0.842105263158
bm25_ce,bm25,17,50,method_only,31,24,7,0,11,19,0.774193548387,0.225806451613,0.354838709677,0.612903225806
bm25_ce,bm25,17,50,bm25_only,31,26,5,0,7,18,0.838709677419,0.161290322581,0.225806451613,0.58064516129
bm25_ce,bm25,18,50,shared,24,24,0,0,17,23,1,0,0.708333333333,0.958333333333
bm25_ce,bm25,18,50,method_only,26,21,5,0,14,21,0.807692307692,0.192307692308,0.538461538462,0.807692307692
bm25_ce,bm25,18,50,bm25_only,26,25,1,0,10,18,0.961538461538,0.0384615384615,0.384615384615,0.692307692308
bm25_ce,bm25,19,50,shared,21,19,2,0,4,11,0.904761904762,0.0952380952381,0.190476190476,0.52380952381
bm25_ce,bm25,19,50,method_only,29,26,3,0,0,4,0.896551724138,0.103448275862,0,0.137931034483
bm25_ce,bm25,19,50,bm25_only,29,29,0,0,4,9,1,0,0.137931034483,0.310344827586
bm25_ce,bm25,20,50,shared,9,9,0,0,9,9,1,0,1,1
bm25_ce,bm25,20,50,method_only,41,38,3,0,37,38,0.926829268293,0.0731707317073,0.90243902439,0.926829268293
bm25_ce,bm25,20,50,bm25_only,41,36,5,0,20,25,0.878048780488,0.121951219512,0.487804878049,0.609756097561
bm25_ce,bm25,21,50,shared,21,21,0,0,15,17,1,0,0.714285714286,0.809523809524
bm25_ce,bm25,21,50,method_only,29,23,6,0,12,13,0.793103448276,0.206896551724,0.413793103448,0.448275862069
bm25_ce,bm25,21,50,bm25_only,29,25,4,0,9,9,0.862068965517,0.137931034483,0.310344827586,0.310344827586
bm25_ce,bm25,22,50,shared,24,22,2,0,17,22,0.916666666667,0.0833333333333,0.708333333333,0.916666666667
bm25_ce,bm25,22,50,method_only,26,24,2,0,22,24,0.923076923077,0.0769230769231,0.846153846154,0.923076923077
bm25_ce,bm25,22,50,bm25_only,26,15,11,0,10,11,0.576923076923,0.423076923077,0.384615384615,0.423076923077
bm25_ce,bm25,23,50,shared,17,15,2,0,11,14,0.882352941176,0.117647058824,0.647058823529,0.823529411765
bm25_ce,bm25,23,50,method_only,33,14,19,0,2,6,0.424242424242,0.575757575758,0.0606060606061,0.181818181818
bm25_ce,bm25,23,50,bm25_only,33,27,6,0,15,20,0.818181818182,0.181818181818,0.454545454545,0.606060606061
bm25_ce,bm25,24,50,shared,19,19,0,0,15,18,1,0,0.789473684211,0.947368421053
bm25_ce,bm25,24,50,method_only,31,22,9,0,17,19,0.709677419355,0.290322580645,0.548387096774,0.612903225806
bm25_ce,bm25,24,50,bm25_only,31,27,4,0,19,22,0.870967741935,0.129032258065,0.612903225806,0.709677419355
bm25_ce,bm25,25,50,shared,13,7,6,0,3,3,0.538461538462,0.461538461538,0.230769230769,0.230769230769
bm25_ce,bm25,25,50,method_only,37,32,5,0,16,22,0.864864864865,0.135135135135,0.432432432432,0.594594594595
bm25_ce,bm25,25,50,bm25_only,37,24,13,0,3,5,0.648648648649,0.351351351351,0.0810810810811,0.135135135135
bm25_ce,bm25,26,50,shared,14,13,1,0,12,13,0.928571428571,0.0714285714286,0.857142857143,0.928571428571
bm25_ce,bm25,26,50,method_only,36,23,13,0,22,23,0.638888888889,0.361111111111,0.611111111111,0.638888888889
bm25_ce,bm25,26,50,bm25_only,36,22,14,0,12,13,0.611111111111,0.388888888889,0.333333333333,0.361111111111
bm25_ce,bm25,27,50,shared,17,16,1,0,13,16,0.941176470588,0.0588235294118,0.764705882353,0.941176470588
bm25_ce,bm25,27,50,method_only,33,21,12,0,14,19,0.636363636364,0.363636363636,0.424242424242,0.575757575758
bm25_ce,bm25,27,50,bm25_only,33,30,3,0,22,28,0.909090909091,0.0909090909091,0.666666666667,0.848484848485
bm25_ce,bm25,28,50,shared,21,20,1,0,16,17,0.952380952381,0.047619047619,0.761904761905,0.809523809524
bm25_ce,bm25,28,50,method_only,29,27,2,0,27,27,0.931034482759,0.0689655172414,0.931034482759,0.931034482759
bm25_ce,bm25,28,50,bm25_only,29,26,3,0,23,23,0.896551724138,0.103448275862,0.793103448276,0.793103448276
bm25_ce,bm25,29,50,shared,31,31,0,0,17,26,1,0,0.548387096774,0.838709677419
bm25_ce,bm25,29,50,method_only,19,17,2,0,6,7,0.894736842105,0.105263157895,0.315789473684,0.368421052632
bm25_ce,bm25,29,50,bm25_only,19,19,0,0,10,14,1,0,0.526315789474,0.736842105263
bm25_ce,bm25,30,50,shared,30,29,1,0,27,29,0.966666666667,0.0333333333333,0.9,0.966666666667
bm25_ce,bm25,30,50,method_only,20,17,3,0,13,14,0.85,0.15,0.65,0.7
bm25_ce,bm25,30,50,bm25_only,20,19,1,0,11,19,0.95,0.05,0.55,0.95
bm25_ce,bm25,31,50,shared,2,2,0,0,0,1,1,0,0,0.5
bm25_ce,bm25,31,50,method_only,48,44,4,0,8,19,0.916666666667,0.0833333333333,0.166666666667,0.395833333333
bm25_ce,bm25,31,50,bm25_only,48,47,1,0,4,9,0.979166666667,0.0208333333333,0.0833333333333,0.1875
bm25_ce,bm25,32,50,shared,15,15,0,0,8,10,1,0,0.533333333333,0.666666666667
bm25_ce,bm25,32,50,method_only,35,13,22,0,1,3,0.371428571429,0.628571428571,0.0285714285714,0.0857142857143
bm25_ce,bm25,32,50,bm25_only,35,35,0,0,4,6,1,0,0.114285714286,0.171428571429
bm25_ce,bm25,33,50,shared,26,26,0,0,17,25,1,0,0.653846153846,0.961538461538
bm25_ce,bm25,33,50,method_only,24,22,2,0,13,15,0.916666666667,0.0833333333333,0.541666666667,0.625
bm25_ce,bm25,33,50,bm25_only,24,21,3,0,4,6,0.875,0.125,0.166666666667,0.25
bm25_ce,bm25,34,50,shared,11,8,3,0,6,7,0.727272727273,0.272727272727,0.545454545455,0.636363636364
bm25_ce,bm25,34,50,method_only,39,32,7,0,8,13,0.820512820513,0.179487179487,0.205128205128,0.333333333333
bm25_ce,bm25,34,50,bm25_only,39,15,24,0,0,2,0.384615384615,0.615384615385,0,0.0512820512821
bm25_ce,bm25,35,50,shared,22,22,0,0,15,15,1,0,0.681818181818,0.681818181818
bm25_ce,bm25,35,50,method_only,28,26,2,0,15,16,0.928571428571,0.0714285714286,0.535714285714,0.571428571429
bm25_ce,bm25,35,50,bm25_only,28,24,4,0,8,10,0.857142857143,0.142857142857,0.285714285714,0.357142857143
bm25_ce,bm25,36,50,shared,22,22,0,0,20,22,1,0,0.909090909091,1
bm25_ce,bm25,36,50,method_only,28,28,0,0,25,26,1,0,0.892857142857,0.928571428571
bm25_ce,bm25,36,50,bm25_only,28,28,0,0,22,23,1,0,0.785714285714,0.821428571429
bm25_ce,bm25,37,50,shared,24,24,0,0,17,24,1,0,0.708333333333,1
bm25_ce,bm25,37,50,method_only,26,26,0,0,18,22,1,0,0.692307692308,0.846153846154
bm25_ce,bm25,37,50,bm25_only,26,26,0,0,8,18,1,0,0.307692307692,0.692307692308
bm25_ce,bm25,38,50,shared,20,18,2,0,11,16,0.9,0.1,0.55,0.8
bm25_ce,bm25,38,50,method_only,30,28,2,0,16,28,0.933333333333,0.0666666666667,0.533333333333,0.933333333333
bm25_ce,bm25,38,50,bm25_only,30,27,3,0,7,11,0.9,0.1,0.233333333333,0.366666666667
bm25_ce,bm25,39,50,shared,23,23,0,0,19,22,1,0,0.826086956522,0.95652173913
bm25_ce,bm25,39,50,method_only,27,26,1,0,16,26,0.962962962963,0.037037037037,0.592592592593,0.962962962963
bm25_ce,bm25,39,50,bm25_only,27,27,0,0,19,27,1,0,0.703703703704,1
bm25_ce,bm25,40,50,shared,30,30,0,0,28,30,1,0,0.933333333333,1
bm25_ce,bm25,40,50,method_only,20,20,0,0,19,20,1,0,0.95,1
bm25_ce,bm25,40,50,bm25_only,20,20,0,0,18,20,1,0,0.9,1
bm25_ce,bm25,41,50,shared,25,25,0,0,20,22,1,0,0.8,0.88
bm25_ce,bm25,41,50,method_only,25,22,3,0,11,14,0.88,0.12,0.44,0.56
bm25_ce,bm25,41,50,bm25_only,25,23,2,0,11,13,0.92,0.08,0.44,0.52
bm25_ce,bm25,42,50,shared,26,26,0,0,23,26,1,0,0.884615384615,1
bm25_ce,bm25,42,50,method_only,24,21,3,0,18,18,0.875,0.125,0.75,0.75
bm25_ce,bm25,42,50,bm25_only,24,24,0,0,11,12,1,0,0.458333333333,0.5
bm25_ce,bm25,43,50,shared,21,21,0,0,15,18,1,0,0.714285714286,0.857142857143
bm25_ce,bm25,43,50,method_only,29,26,3,0,16,24,0.896551724138,0.103448275862,0.551724137931,0.827586206897
bm25_ce,bm25,43,50,bm25_only,29,29,0,0,22,23,1,0,0.758620689655,0.793103448276
bm25_ce,bm25,44,50,shared,11,11,0,0,10,11,1,0,0.909090909091,1
bm25_ce,bm25,44,50,method_only,39,37,2,0,24,29,0.948717948718,0.0512820512821,0.615384615385,0.74358974359
bm25_ce,bm25,44,50,bm25_only,39,34,5,0,19,24,0.871794871795,0.128205128205,0.487179487179,0.615384615385
bm25_ce,bm25,45,50,shared,16,16,0,0,7,15,1,0,0.4375,0.9375
bm25_ce,bm25,45,50,method_only,34,30,4,0,12,28,0.882352941176,0.117647058824,0.352941176471,0.823529411765
bm25_ce,bm25,45,50,bm25_only,34,30,4,0,12,25,0.882352941176,0.117647058824,0.352941176471,0.735294117647
bm25_ce,bm25,46,50,shared,9,9,0,0,8,8,1,0,0.888888888889,0.888888888889
bm25_ce,bm25,46,50,method_only,41,24,17,0,2,7,0.585365853659,0.414634146341,0.0487804878049,0.170731707317
bm25_ce,bm25,46,50,bm25_only,41,41,0,0,14,22,1,0,0.341463414634,0.536585365854
bm25_ce,bm25,47,50,shared,12,12,0,0,5,9,1,0,0.416666666667,0.75
bm25_ce,bm25,47,50,method_only,38,31,7,0,25,28,0.815789473684,0.184210526316,0.657894736842,0.736842105263
bm25_ce,bm25,47,50,bm25_only,38,18,20,0,8,8,0.473684210526,0.526315789474,0.210526315789,0.210526315789
bm25_ce,bm25,48,50,shared,13,11,2,0,10,11,0.846153846154,0.153846153846,0.769230769231,0.846153846154
bm25_ce,bm25,48,50,method_only,37,33,4,0,25,31,0.891891891892,0.108108108108,0.675675675676,0.837837837838
bm25_ce,bm25,48,50,bm25_only,37,17,20,0,10,15,0.459459459459,0.540540540541,0.27027027027,0.405405405405
bm25_ce,bm25,49,50,shared,9,9,0,0,5,7,1,0,0.555555555556,0.777777777778
bm25_ce,bm25,49,50,method_only,41,39,2,0,19,30,0.951219512195,0.0487804878049,0.463414634146,0.731707317073
bm25_ce,bm25,49,50,bm25_only,41,37,4,0,0,6,0.90243902439,0.0975609756098,0,0.146341463415
bm25_ce,bm25,50,50,shared,16,13,3,0,4,9,0.8125,0.1875,0.25,0.5625
bm25_ce,bm25,50,50,method_only,34,25,9,0,2,5,0.735294117647,0.264705882353,0.0588235294118,0.147058823529
bm25_ce,bm25,50,50,bm25_only,34,27,7,0,4,8,0.794117647059,0.205882352941,0.117647058824,0.235294117647
bm25_ce,bm25,1,100,shared,19,17,2,0,3,11,0.894736842105,0.105263157895,0.157894736842,0.578947368421
bm25_ce,bm25,1,100,method_only,81,37,44,0,2,13,0.456790123457,0.543209876543,0.0246913580247,0.16049382716
bm25_ce,bm25,1,100,bm25_only,81,37,44,0,11,20,0.456790123457,0.543209876543,0.135802469136,0.246913580247
bm25_ce,bm25,2,100,shared,28,25,3,0,21,23,0.892857142857,0.107142857143,0.75,0.821428571429
bm25_ce,bm25,2,100,method_only,72,35,37,0,18,18,0.486111111111,0.513888888889,0.25,0.25
bm25_ce,bm25,2,100,bm25_only,72,53,19,0,16,20,0.736111111111,0.263888888889,0.222222222222,0.277777777778
bm25_ce,bm25,3,100,shared,32,30,2,0,21,28,0.9375,0.0625,0.65625,0.875
bm25_ce,bm25,3,100,method_only,68,53,15,0,31,47,0.779411764706,0.220588235294,0.455882352941,0.691176470588
bm25_ce,bm25,3,100,bm25_only,68,48,20,0,7,20,0.705882352941,0.294117647059,0.102941176471,0.294117647059
bm25_ce,bm25,4,100,shared,20,17,3,0,6,11,0.85,0.15,0.3,0.55
bm25_ce,bm25,4,100,method_only,80,32,48,0,12,24,0.4,0.6,0.15,0.3
bm25_ce,bm25,4,100,bm25_only,80,52,28,0,12,15,0.65,0.35,0.15,0.1875
bm25_ce,bm25,5,100,shared,23,18,5,0,9,15,0.782608695652,0.217391304348,0.391304347826,0.652173913043
bm25_ce,bm25,5,100,method_only,77,53,24,0,23,42,0.688311688312,0.311688311688,0.298701298701,0.545454545455
bm25_ce,bm25,5,100,bm25_only,77,53,24,0,18,41,0.688311688312,0.311688311688,0.233766233766,0.532467532468
bm25_ce,bm25,6,100,shared,36,36,0,0,35,35,1,0,0.972222222222,0.972222222222
bm25_ce,bm25,6,100,method_only,64,51,13,0,47,49,0.796875,0.203125,0.734375,0.765625
bm25_ce,bm25,6,100,bm25_only,64,31,33,0,17,25,0.484375,0.515625,0.265625,0.390625
bm25_ce,bm25,7,100,shared,36,35,1,0,27,29,0.972222222222,0.0277777777778,0.75,0.805555555556
bm25_ce,bm25,7,100,method_only,64,58,6,0,46,47,0.90625,0.09375,0.71875,0.734375
bm25_ce,bm25,7,100,bm25_only,64,53,11,0,25,28,0.828125,0.171875,0.390625,0.4375
bm25_ce,bm25,8,100,shared,29,23,6,0,13,17,0.793103448276,0.206896551724,0.448275862069,0.586206896552
bm25_ce,bm25,8,100,method_only,71,37,34,0,17,29,0.521126760563,0.478873239437,0.239436619718,0.408450704225
bm25_ce,bm25,8,100,bm25_only,71,38,33,0,16,26,0.535211267606,0.464788732394,0.225352112676,0.366197183099
bm25_ce,bm25,9,100,shared,39,37,2,0,6,10,0.948717948718,0.0512820512821,0.153846153846,0.25641025641
bm25_ce,bm25,9,100,method_only,61,47,14,0,17,26,0.770491803279,0.229508196721,0.27868852459,0.426229508197
bm25_ce,bm25,9,100,bm25_only,61,51,10,0,11,20,0.83606557377,0.16393442623,0.180327868852,0.327868852459
bm25_ce,bm25,10,100,shared,52,46,6,0,28,39,0.884615384615,0.115384615385,0.538461538462,0.75
bm25_ce,bm25,10,100,method_only,48,31,17,0,20,24,0.645833333333,0.354166666667,0.416666666667,0.5
bm25_ce,bm25,10,100,bm25_only,48,43,5,0,14,31,0.895833333333,0.104166666667,0.291666666667,0.645833333333
bm25_ce,bm25,11,100,shared,34,33,1,0,11,14,0.970588235294,0.0294117647059,0.323529411765,0.411764705882
bm25_ce,bm25,11,100,method_only,66,28,38,0,4,9,0.424242424242,0.575757575758,0.0606060606061,0.136363636364
bm25_ce,bm25,11,100,bm25_only,66,52,14,0,9,20,0.787878787879,0.212121212121,0.136363636364,0.30303030303
bm25_ce,bm25,12,100,shared,45,39,6,0,9,24,0.866666666667,0.133333333333,0.2,0.533333333333
bm25_ce,bm25,12,100,method_only,55,36,19,0,9,20,0.654545454545,0.345454545455,0.163636363636,0.363636363636
bm25_ce,bm25,12,100,bm25_only,55,39,16,0,4,19,0.709090909091,0.290909090909,0.0727272727273,0.345454545455
bm25_ce,bm25,13,100,shared,39,34,5,0,19,30,0.871794871795,0.128205128205,0.487179487179,0.769230769231
bm25_ce,bm25,13,100,method_only,61,47,14,0,20,38,0.770491803279,0.229508196721,0.327868852459,0.622950819672
bm25_ce,bm25,13,100,bm25_only,61,43,18,0,9,28,0.704918032787,0.295081967213,0.147540983607,0.459016393443
bm25_ce,bm25,14,100,shared,22,22,0,0,16,17,1,0,0.727272727273,0.772727272727
bm25_ce,bm25,14,100,method_only,78,15,63,0,1,1,0.192307692308,0.807692307692,0.0128205128205,0.0128205128205
bm25_ce,bm25,14,100,bm25_only,78,74,4,0,19,48,0.948717948718,0.0512820512821,0.24358974359,0.615384615385
bm25_ce,bm25,15,100,shared,14,13,1,0,2,3,0.928571428571,0.0714285714286,0.142857142857,0.214285714286
bm25_ce,bm25,15,100,method_only,86,33,53,0,1,1,0.383720930233,0.616279069767,0.0116279069767,0.0116279069767
bm25_ce,bm25,15,100,bm25_only,86,36,50,0,2,4,0.418604651163,0.581395348837,0.0232558139535,0.046511627907
bm25_ce,bm25,16,100,shared,21,19,2,0,7,13,0.904761904762,0.0952380952381,0.333333333333,0.619047619048
bm25_ce,bm25,16,100,method_only,79,49,30,0,26,39,0.620253164557,0.379746835443,0.329113924051,0.493670886076
bm25_ce,bm25,16,100,bm25_only,79,43,36,0,3,5,0.544303797468,0.455696202532,0.0379746835443,0.0632911392405
bm25_ce,bm25,17,100,shared,41,37,4,0,19,31,0.90243902439,0.0975609756098,0.463414634146,0.756097560976
bm25_ce,bm25,17,100,method_only,59,40,19,0,13,28,0.677966101695,0.322033898305,0.220338983051,0.474576271186
bm25_ce,bm25,17,100,bm25_only,59,41,18,0,8,26,0.694915254237,0.305084745763,0.135593220339,0.440677966102
bm25_ce,bm25,18,100,shared,53,52,1,0,31,48,0.981132075472,0.0188679245283,0.584905660377,0.905660377358
bm25_ce,bm25,18,100,method_only,47,32,15,0,17,28,0.68085106383,0.31914893617,0.36170212766,0.595744680851
bm25_ce,bm25,18,100,bm25_only,47,36,11,0,16,27,0.765957446809,0.234042553191,0.340425531915,0.574468085106
bm25_ce,bm25,19,100,shared,43,36,7,0,5,13,0.837209302326,0.162790697674,0.116279069767,0.302325581395
bm25_ce,bm25,19,100,method_only,57,29,28,0,1,4,0.508771929825,0.491228070175,0.0175438596491,0.0701754385965
bm25_ce,bm25,19,100,bm25_only,57,47,10,0,5,13,0.824561403509,0.175438596491,0.0877192982456,0.228070175439
bm25_ce,bm25,20,100,shared,33,29,4,0,28,29,0.878787878788,0.121212121212,0.848484848485,0.878787878788
bm25_ce,bm25,20,100,method_only,67,58,9,0,57,57,0.865671641791,0.134328358209,0.850746268657,0.850746268657
bm25_ce,bm25,20,100,bm25_only,67,61,6,0,32,41,0.910447761194,0.089552238806,0.477611940299,0.611940298507
bm25_ce,bm25,21,100,shared,46,45,1,0,29,31,0.978260869565,0.0217391304348,0.630434782609,0.673913043478
bm25_ce,bm25,21,100,method_only,54,37,17,0,17,18,0.685185185185,0.314814814815,0.314814814815,0.333333333333
bm25_ce,bm25,21,100,bm25_only,54,34,20,0,13,14,0.62962962963,0.37037037037,0.240740740741,0.259259259259
bm25_ce,bm25,22,100,shared,50,46,4,0,32,42,0.92,0.08,0.64,0.84
bm25_ce,bm25,22,100,method_only,50,41,9,0,38,41,0.82,0.18,0.76,0.82
bm25_ce,bm25,22,100,bm25_only,50,27,23,0,17,20,0.54,0.46,0.34,0.4
bm25_ce,bm25,23,100,shared,36,31,5,0,20,26,0.861111111111,0.138888888889,0.555555555556,0.722222222222
bm25_ce,bm25,23,100,method_only,64,25,39,0,2,12,0.390625,0.609375,0.03125,0.1875
bm25_ce,bm25,23,100,bm25_only,64,37,27,0,20,26,0.578125,0.421875,0.3125,0.40625
bm25_ce,bm25,24,100,shared,42,40,2,0,34,38,0.952380952381,0.047619047619,0.809523809524,0.904761904762
bm25_ce,bm25,24,100,method_only,58,31,27,0,24,28,0.534482758621,0.465517241379,0.413793103448,0.48275862069
bm25_ce,bm25,24,100,bm25_only,58,44,14,0,25,32,0.758620689655,0.241379310345,0.431034482759,0.551724137931
bm25_ce,bm25,25,100,shared,40,28,12,0,8,11,0.7,0.3,0.2,0.275
bm25_ce,bm25,25,100,method_only,60,45,15,0,26,33,0.75,0.25,0.433333333333,0.55
bm25_ce,bm25,25,100,bm25_only,60,38,22,0,6,6,0.633333333333,0.366666666667,0.1,0.1
bm25_ce,bm25,26,100,shared,40,28,12,0,24,25,0.7,0.3,0.6,0.625
bm25_ce,bm25,26,100,method_only,60,36,24,0,33,35,0.6,0.4,0.55,0.583333333333
bm25_ce,bm25,26,100,bm25_only,60,34,26,0,16,19,0.566666666667,0.433333333333,0.266666666667,0.316666666667
bm25_ce,bm25,27,100,shared,43,40,3,0,31,39,0.93023255814,0.0697674418605,0.720930232558,0.906976744186
bm25_ce,bm25,27,100,method_only,57,30,27,0,19,26,0.526315789474,0.473684210526,0.333333333333,0.456140350877
bm25_ce,bm25,27,100,bm25_only,57,50,7,0,31,48,0.877192982456,0.122807017544,0.543859649123,0.842105263158
bm25_ce,bm25,28,100,shared,50,47,3,0,39,40,0.94,0.06,0.78,0.8
bm25_ce,bm25,28,100,method_only,50,42,8,0,41,41,0.84,0.16,0.82,0.82
bm25_ce,bm25,28,100,bm25_only,50,37,13,0,32,34,0.74,0.26,0.64,0.68
bm25_ce,bm25,29,100,shared,62,62,0,0,28,40,1,0,0.451612903226,0.645161290323
bm25_ce,bm25,29,100,method_only,38,31,7,0,12,16,0.815789473684,0.184210526316,0.315789473684,0.421052631579
bm25_ce,bm25,29,100,bm25_only,38,34,4,0,18,24,0.894736842105,0.105263157895,0.473684210526,0.631578947368
bm25_ce,bm25,30,100,shared,61,59,2,0,48,55,0.967213114754,0.0327868852459,0.786885245902,0.901639344262
bm25_ce,bm25,30,100,method_only,39,23,16,0,12,21,0.589743589744,0.410256410256,0.307692307692,0.538461538462
bm25_ce,bm25,30,100,bm25_only,39,35,4,0,20,32,0.897435897436,0.102564102564,0.512820512821,0.820512820513
bm25_ce,bm25,31,100,shared,16,16,0,0,4,7,1,0,0.25,0.4375
bm25_ce,bm25,31,100,method_only,84,62,22,0,12,30,0.738095238095,0.261904761905,0.142857142857,0.357142857143
bm25_ce,bm25,31,100,bm25_only,84,82,2,0,8,14,0.97619047619,0.0238095238095,0.0952380952381,0.166666666667
bm25_ce,bm25,32,100,shared,23,21,2,0,8,10,0.913043478261,0.0869565217391,0.347826086957,0.434782608696
bm25_ce,bm25,32,100,method_only,77,22,55,0,5,7,0.285714285714,0.714285714286,0.0649350649351,0.0909090909091
bm25_ce,bm25,32,100,bm25_only,77,57,20,0,5,7,0.74025974026,0.25974025974,0.0649350649351,0.0909090909091
bm25_ce,bm25,33,100,shared,43,43,0,0,26,36,1,0,0.604651162791,0.837209302326
bm25_ce,bm25,33,100,method_only,57,35,22,0,16,23,0.614035087719,0.385964912281,0.280701754386,0.40350877193
bm25_ce,bm25,33,100,bm25_only,57,41,16,0,4,8,0.719298245614,0.280701754386,0.0701754385965,0.140350877193
bm25_ce,bm25,34,100,shared,26,23,3,0,8,13,0.884615384615,0.115384615385,0.307692307692,0.5
bm25_ce,bm25,34,100,method_only,74,50,24,0,12,19,0.675675675676,0.324324324324,0.162162162162,0.256756756757
bm25_ce,bm25,34,100,bm25_only,74,26,48,0,1,3,0.351351351351,0.648648648649,0.0135135135135,0.0405405405405
bm25_ce,bm25,35,100,shared,50,49,1,0,31,32,0.98,0.02,0.62,0.64
bm25_ce,bm25,35,100,method_only,50,34,16,0,16,17,0.68,0.32,0.32,0.34
bm25_ce,bm25,35,100,bm25_only,50,35,15,0,12,13,0.7,0.3,0.24,0.26
bm25_ce,bm25,36,100,shared,57,57,0,0,50,53,1,0,0.877192982456,0.929824561404
bm25_ce,bm25,36,100,method_only,43,41,2,0,37,38,0.953488372093,0.046511627907,0.860465116279,0.883720930233
bm25_ce,bm25,36,100,bm25_only,43,41,2,0,28,32,0.953488372093,0.046511627907,0.651162790698,0.744186046512
bm25_ce,bm25,37,100,shared,52,52,0,0,31,44,1,0,0.596153846154,0.846153846154
bm25_ce,bm25,37,100,method_only,48,48,0,0,29,35,1,0,0.604166666667,0.729166666667
bm25_ce,bm25,37,100,bm25_only,48,47,1,0,18,29,0.979166666667,0.0208333333333,0.375,0.604166666667
bm25_ce,bm25,38,100,shared,35,33,2,0,19,30,0.942857142857,0.0571428571429,0.542857142857,0.857142857143
bm25_ce,bm25,38,100,method_only,65,56,9,0,33,55,0.861538461538,0.138461538462,0.507692307692,0.846153846154
bm25_ce,bm25,38,100,bm25_only,65,52,13,0,17,25,0.8,0.2,0.261538461538,0.384615384615
bm25_ce,bm25,39,100,shared,41,41,0,0,33,40,1,0,0.80487804878,0.975609756098
bm25_ce,bm25,39,100,method_only,59,51,8,0,38,51,0.864406779661,0.135593220339,0.64406779661,0.864406779661
bm25_ce,bm25,39,100,bm25_only,59,59,0,0,31,57,1,0,0.525423728814,0.966101694915
bm25_ce,bm25,40,100,shared,62,62,0,0,58,62,1,0,0.935483870968,1
bm25_ce,bm25,40,100,method_only,38,38,0,0,33,37,1,0,0.868421052632,0.973684210526
bm25_ce,bm25,40,100,bm25_only,38,37,1,0,28,35,0.973684210526,0.0263157894737,0.736842105263,0.921052631579
bm25_ce,bm25,41,100,shared,53,53,0,0,36,42,1,0,0.679245283019,0.792452830189
bm25_ce,bm25,41,100,method_only,47,26,21,0,10,12,0.553191489362,0.446808510638,0.212765957447,0.255319148936
bm25_ce,bm25,41,100,bm25_only,47,44,3,0,19,20,0.936170212766,0.063829787234,0.404255319149,0.425531914894
bm25_ce,bm25,42,100,shared,51,49,2,0,42,46,0.960784313725,0.0392156862745,0.823529411765,0.901960784314
bm25_ce,bm25,42,100,method_only,49,36,13,0,27,28,0.734693877551,0.265306122449,0.551020408163,0.571428571429
bm25_ce,bm25,42,100,bm25_only,49,46,3,0,19,23,0.938775510204,0.0612244897959,0.387755102041,0.469387755102
bm25_ce,bm25,43,100,shared,54,54,0,0,42,50,1,0,0.777777777778,0.925925925926
bm25_ce,bm25,43,100,method_only,46,30,16,0,10,18,0.652173913043,0.347826086957,0.217391304348,0.391304347826
bm25_ce,bm25,43,100,bm25_only,46,45,1,0,27,28,0.978260869565,0.0217391304348,0.586956521739,0.608695652174
bm25_ce,bm25,44,100,shared,38,37,1,0,26,31,0.973684210526,0.0263157894737,0.684210526316,0.815789473684
bm25_ce,bm25,44,100,method_only,62,47,15,0,23,30,0.758064516129,0.241935483871,0.370967741935,0.483870967742
bm25_ce,bm25,44,100,bm25_only,62,51,11,0,26,36,0.822580645161,0.177419354839,0.41935483871,0.58064516129
bm25_ce,bm25,45,100,shared,41,41,0,0,13,38,1,0,0.317073170732,0.926829268293
bm25_ce,bm25,45,100,method_only,59,51,8,0,22,44,0.864406779661,0.135593220339,0.372881355932,0.745762711864
bm25_ce,bm25,45,100,bm25_only,59,49,10,0,19,43,0.830508474576,0.169491525424,0.322033898305,0.728813559322
bm25_ce,bm25,46,100,shared,26,25,1,0,13,16,0.961538461538,0.0384615384615,0.5,0.615384615385
bm25_ce,bm25,46,100,method_only,74,29,45,0,2,7,0.391891891892,0.608108108108,0.027027027027,0.0945945945946
bm25_ce,bm25,46,100,bm25_only,74,62,12,0,17,24,0.837837837838,0.162162162162,0.22972972973,0.324324324324
bm25_ce,bm25,47,100,shared,25,25,0,0,15,20,1,0,0.6,0.8
bm25_ce,bm25,47,100,method_only,75,55,20,0,39,43,0.733333333333,0.266666666667,0.52,0.573333333333
bm25_ce,bm25,47,100,bm25_only,75,35,40,0,10,11,0.466666666667,0.533333333333,0.133333333333,0.146666666667
bm25_ce,bm25,48,100,shared,33,27,6,0,20,27,0.818181818182,0.181818181818,0.606060606061,0.818181818182
bm25_ce,bm25,48,100,method_only,67,43,24,0,28,39,0.641791044776,0.358208955224,0.417910447761,0.582089552239
bm25_ce,bm25,48,100,bm25_only,67,25,42,0,12,19,0.373134328358,0.626865671642,0.179104477612,0.283582089552
bm25_ce,bm25,49,100,shared,20,20,0,0,7,12,1,0,0.35,0.6
bm25_ce,bm25,49,100,method_only,80,71,9,0,27,43,0.8875,0.1125,0.3375,0.5375
bm25_ce,bm25,49,100,bm25_only,80,57,23,0,0,8,0.7125,0.2875,0,0.1
bm25_ce,bm25,50,100,shared,36,31,5,0,8,17,0.861111111111,0.138888888889,0.222222222222,0.472222222222
bm25_ce,bm25,50,100,method_only,64,42,22,0,3,7,0.65625,0.34375,0.046875,0.109375
bm25_ce,bm25,50,100,bm25_only,64,45,19,0,4,14,0.703125,0.296875,0.0625,0.21875
bm25_ce,bm25,1,1000,shared,1000,327,673,0,77,165,0.327,0.673,0.077,0.165
bm25_ce,bm25,1,1000,method_only,0,0,0,0,0,0,,,,
bm25_ce,bm25,1,1000,bm25_only,0,0,0,0,0,0,,,,
bm25_ce,bm25,2,1000,shared,1000,203,797,0,73,94,0.203,0.797,0.073,0.094
bm25_ce,bm25,2,1000,method_only,0,0,0,0,0,0,,,,
bm25_ce,bm25,2,1000,bm25_only,0,0,0,0,0,0,,,,
bm25_ce,bm25,3,1000,shared,1000,402,598,0,92,216,0.402,0.598,0.092,0.216
bm25_ce,bm25,3,1000,method_only,0,0,0,0,0,0,,,,
bm25_ce,bm25,3,1000,bm25_only,0,0,0,0,0,0,,,,
bm25_ce,bm25,4,1000,shared,1000,294,706,0,64,133,0.294,0.706,0.064,0.133
bm25_ce,bm25,4,1000,method_only,0,0,0,0,0,0,,,,
bm25_ce,bm25,4,1000,bm25_only,0,0,0,0,0,0,,,,
bm25_ce,bm25,5,1000,shared,1000,421,579,0,138,271,0.421,0.579,0.138,0.271
bm25_ce,bm25,5,1000,method_only,0,0,0,0,0,0,,,,
bm25_ce,bm25,5,1000,bm25_only,0,0,0,0,0,0,,,,
bm25_ce,bm25,6,1000,shared,1000,378,622,0,249,309,0.378,0.622,0.249,0.309
bm25_ce,bm25,6,1000,method_only,0,0,0,0,0,0,,,,
bm25_ce,bm25,6,1000,bm25_only,0,0,0,0,0,0,,,,
bm25_ce,bm25,7,1000,shared,1000,503,497,0,296,313,0.503,0.497,0.296,0.313
bm25_ce,bm25,7,1000,method_only,0,0,0,0,0,0,,,,
bm25_ce,bm25,7,1000,bm25_only,0,0,0,0,0,0,,,,
bm25_ce,bm25,8,1000,shared,1000,264,736,0,81,156,0.264,0.736,0.081,0.156
bm25_ce,bm25,8,1000,method_only,0,0,0,0,0,0,,,,
bm25_ce,bm25,8,1000,bm25_only,0,0,0,0,0,0,,,,
bm25_ce,bm25,9,1000,shared,1000,292,708,0,59,110,0.292,0.708,0.059,0.11
bm25_ce,bm25,9,1000,method_only,0,0,0,0,0,0,,,,
bm25_ce,bm25,9,1000,bm25_only,0,0,0,0,0,0,,,,
bm25_ce,bm25,10,1000,shared,1000,430,570,0,162,271,0.43,0.57,0.162,0.271
bm25_ce,bm25,10,1000,method_only,0,0,0,0,0,0,,,,
bm25_ce,bm25,10,1000,bm25_only,0,0,0,0,0,0,,,,
bm25_ce,bm25,11,1000,shared,1000,367,633,0,78,143,0.367,0.633,0.078,0.143
bm25_ce,bm25,11,1000,method_only,0,0,0,0,0,0,,,,
bm25_ce,bm25,11,1000,bm25_only,0,0,0,0,0,0,,,,
bm25_ce,bm25,12,1000,shared,1000,327,673,0,68,166,0.327,0.673,0.068,0.166
bm25_ce,bm25,12,1000,method_only,0,0,0,0,0,0,,,,
bm25_ce,bm25,12,1000,bm25_only,0,0,0,0,0,0,,,,
bm25_ce,bm25,13,1000,shared,1000,361,639,0,98,246,0.361,0.639,0.098,0.246
bm25_ce,bm25,13,1000,method_only,0,0,0,0,0,0,,,,
bm25_ce,bm25,13,1000,bm25_only,0,0,0,0,0,0,,,,
bm25_ce,bm25,14,1000,shared,1000,243,757,0,47,90,0.243,0.757,0.047,0.09
bm25_ce,bm25,14,1000,method_only,0,0,0,0,0,0,,,,
bm25_ce,bm25,14,1000,bm25_only,0,0,0,0,0,0,,,,
bm25_ce,bm25,15,1000,shared,1000,229,771,0,7,17,0.229,0.771,0.007,0.017
bm25_ce,bm25,15,1000,method_only,0,0,0,0,0,0,,,,
bm25_ce,bm25,15,1000,bm25_only,0,0,0,0,0,0,,,,
bm25_ce,bm25,16,1000,shared,1000,272,728,0,53,95,0.272,0.728,0.053,0.095
bm25_ce,bm25,16,1000,method_only,0,0,0,0,0,0,,,,
bm25_ce,bm25,16,1000,bm25_only,0,0,0,0,0,0,,,,
bm25_ce,bm25,17,1000,shared,1000,411,589,0,144,307,0.411,0.589,0.144,0.307
bm25_ce,bm25,17,1000,method_only,0,0,0,0,0,0,,,,
bm25_ce,bm25,17,1000,bm25_only,0,0,0,0,0,0,,,,
bm25_ce,bm25,18,1000,shared,1000,457,543,0,190,345,0.457,0.543,0.19,0.345
bm25_ce,bm25,18,1000,method_only,0,0,0,0,0,0,,,,
bm25_ce,bm25,18,1000,bm25_only,0,0,0,0,0,0,,,,
bm25_ce,bm25,19,1000,shared,1000,287,713,0,23,62,0.287,0.713,0.023,0.062
bm25_ce,bm25,19,1000,method_only,0,0,0,0,0,0,,,,
bm25_ce,bm25,19,1000,bm25_only,0,0,0,0,0,0,,,,
bm25_ce,bm25,20,1000,shared,1000,506,494,0,313,415,0.506,0.494,0.313,0.415
bm25_ce,bm25,20,1000,method_only,0,0,0,0,0,0,,,,
bm25_ce,bm25,20,1000,bm25_only,0,0,0,0,0,0,,,,
bm25_ce,bm25,21,1000,shared,1000,332,668,0,172,190,0.332,0.668,0.172,0.19
bm25_ce,bm25,21,1000,method_only,0,0,0,0,0,0,,,,
bm25_ce,bm25,21,1000,bm25_only,0,0,0,0,0,0,,,,
bm25_ce,bm25,22,1000,shared,1000,307,693,0,186,254,0.307,0.693,0.186,0.254
bm25_ce,bm25,22,1000,method_only,0,0,0,0,0,0,,,,
bm25_ce,bm25,22,1000,bm25_only,0,0,0,0,0,0,,,,
bm25_ce,bm25,23,1000,shared,1000,298,702,0,118,183,0.298,0.702,0.118,0.183
bm25_ce,bm25,23,1000,method_only,0,0,0,0,0,0,,,,
bm25_ce,bm25,23,1000,bm25_only,0,0,0,0,0,0,,,,
bm25_ce,bm25,24,1000,shared,1000,345,655,0,216,272,0.345,0.655,0.216,0.272
bm25_ce,bm25,24,1000,method_only,0,0,0,0,0,0,,,,
bm25_ce,bm25,24,1000,bm25_only,0,0,0,0,0,0,,,,
bm25_ce,bm25,25,1000,shared,1000,343,657,0,87,117,0.343,0.657,0.087,0.117
bm25_ce,bm25,25,1000,method_only,0,0,0,0,0,0,,,,
bm25_ce,bm25,25,1000,bm25_only,0,0,0,0,0,0,,,,
bm25_ce,bm25,26,1000,shared,1000,324,676,0,209,243,0.324,0.676,0.209,0.243
bm25_ce,bm25,26,1000,method_only,0,0,0,0,0,0,,,,
bm25_ce,bm25,26,1000,bm25_only,0,0,0,0,0,0,,,,
bm25_ce,bm25,27,1000,shared,1000,437,563,0,227,388,0.437,0.563,0.227,0.388
bm25_ce,bm25,27,1000,method_only,0,0,0,0,0,0,,,,
bm25_ce,bm25,27,1000,bm25_only,0,0,0,0,0,0,,,,
bm25_ce,bm25,28,1000,shared,1000,423,577,0,363,383,0.423,0.577,0.363,0.383
bm25_ce,bm25,28,1000,method_only,0,0,0,0,0,0,,,,
bm25_ce,bm25,28,1000,bm25_only,0,0,0,0,0,0,,,,
bm25_ce,bm25,29,1000,shared,1000,477,523,0,199,306,0.477,0.523,0.199,0.306
bm25_ce,bm25,29,1000,method_only,0,0,0,0,0,0,,,,
bm25_ce,bm25,29,1000,bm25_only,0,0,0,0,0,0,,,,
bm25_ce,bm25,30,1000,shared,1000,337,663,0,150,252,0.337,0.663,0.15,0.252
bm25_ce,bm25,30,1000,method_only,0,0,0,0,0,0,,,,
bm25_ce,bm25,30,1000,bm25_only,0,0,0,0,0,0,,,,
bm25_ce,bm25,31,1000,shared,1000,421,579,0,34,99,0.421,0.579,0.034,0.099
bm25_ce,bm25,31,1000,method_only,0,0,0,0,0,0,,,,
bm25_ce,bm25,31,1000,bm25_only,0,0,0,0,0,0,,,,
bm25_ce,bm25,32,1000,shared,1000,238,762,0,28,47,0.238,0.762,0.028,0.047
bm25_ce,bm25,32,1000,method_only,0,0,0,0,0,0,,,,
bm25_ce,bm25,32,1000,bm25_only,0,0,0,0,0,0,,,,
bm25_ce,bm25,33,1000,shared,1000,430,570,0,94,140,0.43,0.57,0.094,0.14
bm25_ce,bm25,33,1000,method_only,0,0,0,0,0,0,,,,
bm25_ce,bm25,33,1000,bm25_only,0,0,0,0,0,0,,,,
bm25_ce,bm25,34,1000,shared,1000,231,769,0,36,57,0.231,0.769,0.036,0.057
bm25_ce,bm25,34,1000,method_only,0,0,0,0,0,0,,,,
bm25_ce,bm25,34,1000,bm25_only,0,0,0,0,0,0,,,,
bm25_ce,bm25,35,1000,shared,1000,342,658,0,111,118,0.342,0.658,0.111,0.118
bm25_ce,bm25,35,1000,method_only,0,0,0,0,0,0,,,,
bm25_ce,bm25,35,1000,bm25_only,0,0,0,0,0,0,,,,
bm25_ce,bm25,36,1000,shared,1000,568,432,0,379,430,0.568,0.432,0.379,0.43
bm25_ce,bm25,36,1000,method_only,0,0,0,0,0,0,,,,
bm25_ce,bm25,36,1000,bm25_only,0,0,0,0,0,0,,,,
bm25_ce,bm25,37,1000,shared,1000,569,431,0,231,307,0.569,0.431,0.231,0.307
bm25_ce,bm25,37,1000,method_only,0,0,0,0,0,0,,,,
bm25_ce,bm25,37,1000,bm25_only,0,0,0,0,0,0,,,,
bm25_ce,bm25,38,1000,shared,1000,521,479,0,214,392,0.521,0.479,0.214,0.392
bm25_ce,bm25,38,1000,method_only,0,0,0,0,0,0,,,,
bm25_ce,bm25,38,1000,bm25_only,0,0,0,0,0,0,,,,
bm25_ce,bm25,39,1000,shared,1000,630,370,0,349,594,0.63,0.37,0.349,0.594
bm25_ce,bm25,39,1000,method_only,0,0,0,0,0,0,,,,
bm25_ce,bm25,39,1000,bm25_only,0,0,0,0,0,0,,,,
bm25_ce,bm25,40,1000,shared,1000,556,444,0,278,374,0.556,0.444,0.278,0.374
bm25_ce,bm25,40,1000,method_only,0,0,0,0,0,0,,,,
bm25_ce,bm25,40,1000,bm25_only,0,0,0,0,0,0,,,,
bm25_ce,bm25,41,1000,shared,1000,298,702,0,97,121,0.298,0.702,0.097,0.121
bm25_ce,bm25,41,1000,method_only,0,0,0,0,0,0,,,,
bm25_ce,bm25,41,1000,bm25_only,0,0,0,0,0,0,,,,
bm25_ce,bm25,42,1000,shared,1000,335,665,0,170,188,0.335,0.665,0.17,0.188
bm25_ce,bm25,42,1000,method_only,0,0,0,0,0,0,,,,
bm25_ce,bm25,42,1000,bm25_only,0,0,0,0,0,0,,,,
bm25_ce,bm25,43,1000,shared,1000,325,675,0,127,162,0.325,0.675,0.127,0.162
bm25_ce,bm25,43,1000,method_only,0,0,0,0,0,0,,,,
bm25_ce,bm25,43,1000,bm25_only,0,0,0,0,0,0,,,,
bm25_ce,bm25,44,1000,shared,1000,431,569,0,216,298,0.431,0.569,0.216,0.298
bm25_ce,bm25,44,1000,method_only,0,0,0,0,0,0,,,,
bm25_ce,bm25,44,1000,bm25_only,0,0,0,0,0,0,,,,
bm25_ce,bm25,45,1000,shared,1000,569,431,0,281,505,0.569,0.431,0.281,0.505
bm25_ce,bm25,45,1000,method_only,0,0,0,0,0,0,,,,
bm25_ce,bm25,45,1000,bm25_only,0,0,0,0,0,0,,,,
bm25_ce,bm25,46,1000,shared,1000,232,768,0,49,88,0.232,0.768,0.049,0.088
bm25_ce,bm25,46,1000,method_only,0,0,0,0,0,0,,,,
bm25_ce,bm25,46,1000,bm25_only,0,0,0,0,0,0,,,,
bm25_ce,bm25,47,1000,shared,1000,351,649,0,143,188,0.351,0.649,0.143,0.188
bm25_ce,bm25,47,1000,method_only,0,0,0,0,0,0,,,,
bm25_ce,bm25,47,1000,bm25_only,0,0,0,0,0,0,,,,
bm25_ce,bm25,48,1000,shared,1000,280,720,0,142,222,0.28,0.72,0.142,0.222
bm25_ce,bm25,48,1000,method_only,0,0,0,0,0,0,,,,
bm25_ce,bm25,48,1000,bm25_only,0,0,0,0,0,0,,,,
bm25_ce,bm25,49,1000,shared,1000,322,678,0,46,93,0.322,0.678,0.046,0.093
bm25_ce,bm25,49,1000,method_only,0,0,0,0,0,0,,,,
bm25_ce,bm25,49,1000,bm25_only,0,0,0,0,0,0,,,,
bm25_ce,bm25,50,1000,shared,1000,364,636,0,29,76,0.364,0.636,0.029,0.076
bm25_ce,bm25,50,1000,method_only,0,0,0,0,0,0,,,,
bm25_ce,bm25,50,1000,bm25_only,0,0,0,0,0,0,,,,
