method,baseline,query_id,k,n_shared,n_method_only,n_bm25_only,n_union,overlap_fraction,jaccard
mpnet,bm25,1,20,2,18,18,38,0.1,0.0526315789474
mpnet,bm25,2,20,0,20,20,40,0,0
mpnet,bm25,3,20,0,20,20,40,0,0
mpnet,bm25,4,20,1,19,19,39,0.05,0.025641025641
mpnet,bm25,5,20,1,19,19,39,0.05,0.025641025641
mpnet,bm25,6,20,1,19,19,39,0.05,0.025641025641
mpnet,bm25,7,20,1,19,19,39,0.05,0.025641025641
mpnet,bm25,8,20,2,18,18,38,0.1,0.0526315789474
mpnet,bm25,9,20,1,19,19,39,0.05,0.025641025641
mpnet,bm25,10,20,1,19,19,39,0.05,0.025641025641
mpnet,bm25,11,20,0,20,20,40,0,0
mpnet,bm25,12,20,0,20,20,40,0,0
mpnet,bm25,13,20,1,19,19,39,0.05,0.025641025641
mpnet,bm25,14,20,6,14,14,34,0.3,0.176470588235
mpnet,bm25,15,20,1,19,19,39,0.05,0.025641025641
mpnet,bm25,16,20,2,18,18,38,0.1,0.0526315789474
mpnet,bm25,17,20,2,18,18,38,0.1,0.0526315789474
mpnet,bm25,18,20,2,18,18,38,0.1,0.0526315789474
mpnet,bm25,19,20,3,17,17,37,0.15,0.0810810810811
mpnet,bm25,20,20,4,16,16,36,0.2,0.111111111111
mpnet,bm25,21,20,1,19,19,39,0.05,0.025641025641
mpnet,bm25,22,20,4,16,16,36,0.2,0.111111111111
mpnet,bm25,23,20,3,17,17,37,0.15,0.0810810810811
mpnet,bm25,24,20,0,20,20,40,0,0
mpnet,bm25,25,20,3,17,17,37,0.15,0.0810810810811
mpnet,bm25,26,20,0,20,20,40,0,0
mpnet,bm25,27,20,4,16,16,36,0.2,0.111111111111
mpnet,bm25,28,20,0,20,20,40,0,0
mpnet,bm25,29,20,4,16,16,36,0.2,0.111111111111
mpnet,bm25,30,20,2,18,18,38,0.1,0.0526315789474
mpnet,bm25,31,20,0,20,20,40,0,0
mpnet,bm25,32,20,0,20,20,40,0,0
mpnet,bm25,33,20,2,18,18,38,0.1,0.0526315789474
mpnet,bm25,34,20,0,20,20,40,0,0
mpnet,bm25,35,20,0,20,20,40,0,0
mpnet,bm25,36,20,4,16,16,36,0.2,0.111111111111
mpnet,bm25,37,20,4,16,16,36,0.2,0.111111111111
mpnet,bm25,38,20,0,20,20,40,0,0
mpnet,bm25,39,20,9,11,11,31,0.45,0.290322580645
mpnet,bm25,40,20,6,14,14,34,0.3,0.176470588235
mpnet,bm25,41,20,3,17,17,37,0.15,0.0810810810811
mpnet,bm25,42,20,0,20,20,40,0,0
mpnet,bm25,43,20,3,17,17,37,0.15,0.0810810810811
mpnet,bm25,44,20,1,19,19,39,0.05,0.025641025641
mpnet,bm25,45,20,0,20,20,40,0,0
mpnet,bm25,46,20,9,11,11,31,0.45,0.290322580645
mpnet,bm25,47,20,0,20,20,40,0,0
mpnet,bm25,48,20,0,20,20,40,0,0
mpnet,bm25,49,20,0,20,20,40,0,0
mpnet,bm25,50,20,6,14,14,34,0.3,0.176470588235
mpnet,bm25,1,50,4,46,46,96,0.08,0.0416666666667
mpnet,bm25,2,50,0,50,50,100,0,0
mpnet,bm25,3,50,1,49,49,99,0.02,0.010101010101
mpnet,bm25,4,50,4,46,46,96,0.08,0.0416666666667
mpnet,bm25,5,50,4,46,46,96,0.08,0.0416666666667
mpnet,bm25,6,50,7,43,43,93,0.14,0.0752688172043
mpnet,bm25,7,50,8,42,42,92,0.16,0.0869565217391
mpnet,bm25,8,50,3,47,47,97,0.06,0.0309278350515
mpnet,bm25,9,50,11,39,39,89,0.22,0.123595505618
mpnet,bm25,10,50,5,45,45,95,0.1,0.0526315789474
mpnet,bm25,11,50,1,49,49,99,0.02,0.010101010101
mpnet,bm25,12,50,1,49,49,99,0.02,0.010101010101
mpnet,bm25,13,50,4,46,46,96,0.08,0.0416666666667
mpnet,bm25,14,50,9,41,41,91,0.18,0.0989010989011
mpnet,bm25,15,50,1,49,49,99,0.02,0.010101010101
mpnet,bm25,16,50,4,46,46,96,0.08,0.0416666666667
mpnet,bm25,17,50,5,45,45,95,0.1,0.0526315789474
mpnet,bm25,18,50,10,40,40,90,0.2,0.111111111111
mpnet,bm25,19,50,14,36,36,86,0.28,0.162790697674
mpnet,bm25,20,50,8,42,42,92,0.16,0.0869565217391
mpnet,bm25,21,50,5,45,45,95,0.1,0.0526315789474
mpnet,bm25,22,50,7,43,43,93,0.14,0.0752688172043
mpnet,bm25,23,50,12,38,38,88,0.24,0.136363636364
mpnet,bm25,24,50,1,49,49,99,0.02,0.010101010101
mpnet,bm25,25,50,3,47,47,97,0.06,0.0309278350515
mpnet,bm25,26,50,0,50,50,100,0,0
mpnet,bm25,27,50,8,42,42,92,0.16,0.0869565217391
mpnet,bm25,28,50,4,46,46,96,0.08,0.0416666666667
mpnet,bm25,29,50,10,40,40,90,0.2,0.111111111111
mpnet,bm25,30,50,16,34,34,84,0.32,0.190476190476
mpnet,bm25,31,50,0,50,50,100,0,0
mpnet,bm25,32,50,0,50,50,100,0,0
mpnet,bm25,33,50,4,46,46,96,0.08,0.0416666666667
mpnet,bm25,34,50,0,50,50,100,0,0
mpnet,bm25,35,50,0,50,50,100,0,0
mpnet,bm25,36,50,12,38,38,88,0.24,0.136363636364
mpnet,bm25,37,50,20,30,30,80,0.4,0.25
mpnet,bm25,38,50,0,50,50,100,0,0
mpnet,bm25,39,50,16,34,34,84,0.32,0.190476190476
mpnet,bm25,40,50,17,33,33,83,0.34,0.204819277108
mpnet,bm25,41,50,9,41,41,91,0.18,0.0989010989011
mpnet,bm25,42,50,8,42,42,92,0.16,0.0869565217391
mpnet,bm25,43,50,12,38,38,88,0.24,0.136363636364
mpnet,bm25,44,50,5,45,45,95,0.1,0.0526315789474
mpnet,bm25,45,50,8,42,42,92,0.16,0.0869565217391
mpnet,bm25,46,50,21,29,29,79,0.42,0.26582278481
mpnet,bm25,47,50,0,50,50,100,0,0
mpnet,bm25,48,50,7,43,43,93,0.14,0.0752688172043
mpnet,bm25,49,50,1,49,49,99,0.02,0.010101010101
mpnet,bm25,50,50,10,40,40,90,0.2,0.111111111111
mpnet,bm25,1,100,9,91,91,191,0.09,0.0471204188482
mpnet,bm25,2,100,3,97,97,197,0.03,0.0152284263959
mpnet,bm25,3,100,6,94,94,194,0.06,0.0309278350515
mpnet,bm25,4,100,9,91,91,191,0.09,0.0471204188482
mpnet,bm25,5,100,8,92,92,192,0.08,0.0416666666667
mpnet,bm25,6,100,16,84,84,184,0.16,0.0869565217391
mpnet,bm25,7,100,21,79,79,179,0.21,0.117318435754
mpnet,bm25,8,100,12,88,88,188,0.12,0.063829787234
mpnet,bm25,9,100,28,72,72,172,0.28,0.162790697674
mpnet,bm25,10,100,23,77,77,177,0.23,0.129943502825
mpnet,bm25,11,100,7,93,93,193,0.07,0.0362694300518
mpnet,bm25,12,100,6,94,94,194,0.06,0.0309278350515
mpnet,bm25,13,100,4,96,96,196,0.04,0.0204081632653
mpnet,bm25,14,100,15,85,85,185,0.15,0.0810810810811
mpnet,bm25,15,100,1,99,99,199,0.01,0.00502512562814
mpnet,bm25,16,100,10,90,90,190,0.1,0.0526315789474
mpnet,bm25,17,100,12,88,88,188,0.12,0.063829787234
mpnet,bm25,18,100,20,80,80,180,0.2,0.111111111111
mpnet,bm25,19,100,25,75,75,175,0.25,0.142857142857
mpnet,bm25,20,100,18,82,82,182,0.18,0.0989010989011
mpnet,bm25,21,100,7,93,93,193,0.07,0.0362694300518
mpnet,bm25,22,100,16,84,84,184,0.16,0.0869565217391
mpnet,bm25,23,100,29,71,71,171,0.29,0.169590643275
mpnet,bm25,24,100,8,92,92,192,0.08,0.0416666666667
mpnet,bm25,25,100,13,87,87,187,0.13,0.0695187165775
mpnet,bm25,26,100,0,100,100,200,0,0
mpnet,bm25,27,100,19,81,81,181,0.19,0.104972375691
mpnet,bm25,28,100,18,82,82,182,0.18,0.0989010989011
mpnet,bm25,29,100,20,80,80,180,0.2,0.111111111111
mpnet,bm25,30,100,45,55,55,155,0.45,0.290322580645
mpnet,bm25,31,100,1,99,99,199,0.01,0.00502512562814
mpnet,bm25,32,100,0,100,100,200,0,0
mpnet,bm25,33,100,5,95,95,195,0.05,0.025641025641
mpnet,bm25,34,100,2,98,98,198,0.02,0.010101010101
mpnet,bm25,35,100,3,97,97,197,0.03,0.0152284263959
mpnet,bm25,36,100,33,67,67,167,0.33,0.197604790419
mpnet,bm25,37,100,33,67,67,167,0.33,0.197604790419
mpnet,bm25,38,100,5,95,95,195,0.05,0.025641025641
mpnet,bm25,39,100,39,61,61,161,0.39,0.242236024845
mpnet,bm25,40,100,54,46,46,146,0.54,0.369863013699
mpnet,bm25,41,100,36,64,64,164,0.36,0.219512195122
mpnet,bm25,42,100,38,62,62,162,0.38,0.234567901235
mpnet,bm25,43,100,37,63,63,163,0.37,0.226993865031
mpnet,bm25,44,100,16,84,84,184,0.16,0.0869565217391
mpnet,bm25,45,100,19,81,81,181,0.19,0.104972375691
mpnet,bm25,46,100,24,76,76,176,0.24,0.136363636364
mpnet,bm25,47,100,4,96,96,196,0.04,0.0204081632653
mpnet,bm25,48,100,17,83,83,183,0.17,0.0928961748634
mpnet,bm25,49,100,6,94,94,194,0.06,0.0309278350515
mpnet,bm25,50,100,20,80,80,180,0.2,0.111111111111
mpnet,bm25,1,1000,82,918,918,1918,0.082,0.0427528675704
mpnet,bm25,2,1000,56,944,944,1944,0.056,0.0288065843621
mpnet,bm25,3,1000,121,879,879,1879,0.121,0.0643959552954
mpnet,bm25,4,1000,126,874,874,1874,0.126,0.0672358591249
mpnet,bm25,5,1000,231,769,769,1769,0.231,0.130582249859
mpnet,bm25,6,1000,217,783,783,1783,0.217,0.121704991587
mpnet,bm25,7,1000,394,606,606,1606,0.394,0.245330012453
mpnet,bm25,8,1000,100,900,900,1900,0.1,0.0526315789474
mpnet,bm25,9,1000,119,881,881,1881,0.119,0.063264221159
mpnet,bm25,10,1000,476,524,524,1524,0.476,0.312335958005
mpnet,bm25,11,1000,182,818,818,1818,0.182,0.100110011001
mpnet,bm25,12,1000,90,910,910,1910,0.09,0.0471204188482
mpnet,bm25,13,1000,117,883,883,1883,0.117,0.0621348911312
mpnet,bm25,14,1000,44,956,956,1956,0.044,0.0224948875256
mpnet,bm25,15,1000,38,962,962,1962,0.038,0.0193679918451
mpnet,bm25,16,1000,97,903,903,1903,0.097,0.050972149238
mpnet,bm25,17,1000,249,751,751,1751,0.249,0.142204454597
mpnet,bm25,18,1000,489,511,511,1511,0.489,0.32362673726
mpnet,bm25,19,1000,158,842,842,1842,0.158,0.085776330076
mpnet,bm25,20,1000,516,484,484,1484,0.516,0.347708894879
mpnet,bm25,21,1000,151,849,849,1849,0.151,0.0816657652785
mpnet,bm25,22,1000,369,631,631,1631,0.369,0.226241569589
mpnet,bm25,23,1000,282,718,718,1718,0.282,0.1641443539
mpnet,bm25,24,1000,438,562,562,1562,0.438,0.280409731114
mpnet,bm25,25,1000,152,848,848,1848,0.152,0.0822510822511
mpnet,bm25,26,1000,135,865,865,1865,0.135,0.0723860589812
mpnet,bm25,27,1000,139,861,861,1861,0.139,0.0746910263299
mpnet,bm25,28,1000,643,357,357,1357,0.643,0.473839351511
mpnet,bm25,29,1000,314,686,686,1686,0.314,0.186239620403
mpnet,bm25,30,1000,348,652,652,1652,0.348,0.210653753027
mpnet,bm25,31,1000,97,903,903,1903,0.097,0.050972149238
mpnet,bm25,32,1000,79,921,921,1921,0.079,0.0411244143675
mpnet,bm25,33,1000,122,878,878,1878,0.122,0.0649627263046
mpnet,bm25,34,1000,43,957,957,1957,0.043,0.021972406745
mpnet,bm25,35,1000,58,942,942,1942,0.058,0.0298661174047
mpnet,bm25,36,1000,564,436,436,1436,0.564,0.392757660167
mpnet,bm25,37,1000,552,448,448,1448,0.552,0.381215469613
mpnet,bm25,38,1000,171,829,829,1829,0.171,0.0934937124112
mpnet,bm25,39,1000,451,549,549,1549,0.451,0.291155584248
mpnet,bm25,40,1000,390,610,610,1610,0.39,0.242236024845
mpnet,bm25,41,1000,162,838,838,1838,0.162,0.0881392818281
mpnet,bm25,42,1000,290,710,710,1710,0.29,0.169590643275
mpnet,bm25,43,1000,127,873,873,1873,0.127,0.06780565937
mpnet,bm25,44,1000,383,617,617,1617,0.383,0.236858379716
mpnet,bm25,45,1000,473,527,527,1527,0.473,0.309757694826
mpnet,bm25,46,1000,159,841,841,1841,0.159,0.0863661053775
mpnet,bm25,47,1000,236,764,764,1764,0.236,0.133786848073
mpnet,bm25,48,1000,208,792,792,1792,0.208,0.116071428571
mpnet,bm25,49,1000,118,882,882,1882,0.118,0.0626992561105
mpnet,bm25,50,1000,359,641,641,1641,0.359,0.218769043266
direct,bm25,1,20,13,7,7,27,0.65,0.481481481481
direct,bm25,2,20,8,12,12,32,0.4,0.25
direct,bm25,3,20,10,10,10,30,0.5,0.333333333333
direct,bm25,4,20,11,9,9,29,0.55,0.379310344828
direct,bm25,5,20,11,9,9,29,0.55,0.379310344828
direct,bm25,6,20,11,9,9,29,0.55,0.379310344828
direct,bm25,7,20,14,6,6,26,0.7,0.538461538462
direct,bm25,8,20,15,5,5,25,0.75,0.6
direct,bm25,9,20,9,11,11,31,0.45,0.290322580645
direct,bm25,10,20,14,6,6,26,0.7,0.538461538462
direct,bm25,11,20,10,10,10,30,0.5,0.333333333333
direct,bm25,12,20,8,12,12,32,0.4,0.25
direct,bm25,13,20,15,5,5,25,0.75,0.6
direct,bm25,14,20,18,2,2,22,0.9,0.818181818182
direct,bm25,15,20,9,11,11,31,0.45,0.290322580645
direct,bm25,16,20,6,14,14,34,0.3,0.176470588235
direct,bm25,17,20,10,10,10,30,0.5,0.333333333333
direct,bm25,18,20,11,9,9,29,0.55,0.379310344828
direct,bm25,19,20,13,7,7,27,0.65,0.481481481481
direct,bm25,20,20,15,5,5,25,0.75,0.6
direct,bm25,21,20,13,7,7,27,0.65,0.481481481481
direct,bm25,22,20,17,3,3,23,0.85,0.739130434783
direct,bm25,23,20,14,6,6,26,0.7,0.538461538462
direct,bm25,24,20,9,11,11,31,0.45,0.290322580645
direct,bm25,25,20,6,14,14,34,0.3,0.176470588235
direct,bm25,26,20,15,5,5,25,0.75,0.6
direct,bm25,27,20,6,14,14,34,0.3,0.176470588235
direct,bm25,28,20,9,11,11,31,0.45,0.290322580645
direct,bm25,29,20,14,6,6,26,0.7,0.538461538462
direct,bm25,30,20,14,6,6,26,0.7,0.538461538462
direct,bm25,31,20,15,5,5,25,0.75,0.6
direct,bm25,32,20,14,6,6,26,0.7,0.538461538462
direct,bm25,33,20,11,9,9,29,0.55,0.379310344828
direct,bm25,34,20,8,12,12,32,0.4,0.25
direct,bm25,35,20,10,10,10,30,0.5,0.333333333333
direct,bm25,36,20,14,6,6,26,0.7,0.538461538462
direct,bm25,37,20,15,5,5,25,0.75,0.6
direct,bm25,38,20,10,10,10,30,0.5,0.333333333333
direct,bm25,39,20,14,6,6,26,0.7,0.538461538462
direct,bm25,40,20,14,6,6,26,0.7,0.538461538462
direct,bm25,41,20,11,9,9,29,0.55,0.379310344828
direct,bm25,42,20,12,8,8,28,0.6,0.428571428571
direct,bm25,43,20,13,7,7,27,0.65,0.481481481481
direct,bm25,44,20,12,8,8,28,0.6,0.428571428571
direct,bm25,45,20,10,10,10,30,0.5,0.333333333333
direct,bm25,46,20,11,9,9,29,0.55,0.379310344828
direct,bm25,47,20,6,14,14,34,0.3,0.176470588235
direct,bm25,48,20,11,9,9,29,0.55,0.379310344828
direct,bm25,49,20,9,11,11,31,0.45,0.290322580645
direct,bm25,50,20,14,6,6,26,0.7,0.538461538462
direct,bm25,1,50,26,24,24,74,0.52,0.351351351351
direct,bm25,2,50,34,16,16,66,0.68,0.515151515152
direct,bm25,3,50,29,21,21,71,0.58,0.408450704225
direct,bm25,4,50,33,17,17,67,0.66,0.492537313433
direct,bm25,5,50,24,26,26,76,0.48,0.315789473684
direct,bm25,6,50,26,24,24,74,0.52,0.351351351351
direct,bm25,7,50,34,16,16,66,0.68,0.515151515152
direct,bm25,8,50,28,22,22,72,0.56,0.388888888889
direct,bm25,9,50,34,16,16,66,0.68,0.515151515152
direct,bm25,10,50,29,21,21,71,0.58,0.408450704225
direct,bm25,11,50,33,17,17,67,0.66,0.492537313433
direct,bm25,12,50,28,22,22,72,0.56,0.388888888889
direct,bm25,13,50,38,12,12,62,0.76,0.612903225806
direct,bm25,14,50,43,7,7,57,0.86,0.754385964912
direct,bm25,15,50,16,34,34,84,0.32,0.190476190476
direct,bm25,16,50,15,35,35,85,0.3,0.176470588235
direct,bm25,17,50,21,29,29,79,0.42,0.26582278481
direct,bm25,18,50,32,18,18,68,0.64,0.470588235294
direct,bm25,19,50,41,9,9,59,0.82,0.694915254237
direct,bm25,20,50,29,21,21,71,0.58,0.408450704225
direct,bm25,21,50,34,16,16,66,0.68,0.515151515152
direct,bm25,22,50,34,16,16,66,0.68,0.515151515152
direct,bm25,23,50,30,20,20,70,0.6,0.428571428571
direct,bm25,24,50,33,17,17,67,0.66,0.492537313433
direct,bm25,25,50,16,34,34,84,0.32,0.190476190476
direct,bm25,26,50,34,16,16,66,0.68,0.515151515152
direct,bm25,27,50,19,31,31,81,0.38,0.234567901235
direct,bm25,28,50,30,20,20,70,0.6,0.428571428571
direct,bm25,29,50,39,11,11,61,0.78,0.639344262295
direct,bm25,30,50,34,16,16,66,0.68,0.515151515152
direct,bm25,31,50,28,22,22,72,0.56,0.388888888889
direct,bm25,32,50,27,23,23,73,0.54,0.369863013699
direct,bm25,33,50,32,18,18,68,0.64,0.470588235294
direct,bm25,34,50,20,30,30,80,0.4,0.25
direct,bm25,35,50,33,17,17,67,0.66,0.492537313433
direct,bm25,36,50,37,13,13,63,0.74,0.587301587302
direct,bm25,37,50,41,9,9,59,0.82,0.694915254237
direct,bm25,38,50,24,26,26,76,0.48,0.315789473684
direct,bm25,39,50,36,14,14,64,0.72,0.5625
direct,bm25,40,50,40,10,10,60,0.8,0.666666666667
direct,bm25,41,50,34,16,16,66,0.68,0.515151515152
direct,bm25,42,50,31,19,19,69,0.62,0.449275362319
direct,bm25,43,50,34,16,16,66,0.68,0.515151515152
direct,bm25,44,50,32,18,18,68,0.64,0.470588235294
direct,bm25,45,50,25,25,25,75,0.5,0.333333333333
direct,bm25,46,50,38,12,12,62,0.76,0.612903225806
direct,bm25,47,50,21,29,29,79,0.42,0.26582278481
direct,bm25,48,50,21,29,29,79,0.42,0.26582278481
direct,bm25,49,50,17,33,33,83,0.34,0.204819277108
direct,bm25,50,50,21,29,29,79,0.42,0.26582278481
direct,bm25,1,100,51,49,49,149,0.51,0.342281879195
direct,bm25,2,100,68,32,32,132,0.68,0.515151515152
direct,bm25,3,100,66,34,34,134,0.66,0.492537313433
direct,bm25,4,100,72,28,28,128,0.72,0.5625
direct,bm25,5,100,47,53,53,153,0.47,0.307189542484
direct,bm25,6,100,47,53,53,153,0.47,0.307189542484
direct,bm25,7,100,68,32,32,132,0.68,0.515151515152
direct,bm25,8,100,55,45,45,145,0.55,0.379310344828
direct,bm25,9,100,69,31,31,131,0.69,0.526717557252
direct,bm25,10,100,66,34,34,134,0.66,0.492537313433
direct,bm25,11,100,74,26,26,126,0.74,0.587301587302
direct,bm25,12,100,58,42,42,142,0.58,0.408450704225
direct,bm25,13,100,66,34,34,134,0.66,0.492537313433
direct,bm25,14,100,76,24,24,124,0.76,0.612903225806
direct,bm25,15,100,30,70,70,170,0.3,0.176470588235
direct,bm25,16,100,31,69,69,169,0.31,0.183431952663
direct,bm25,17,100,51,49,49,149,0.51,0.342281879195
direct,bm25,18,100,65,35,35,135,0.65,0.481481481481
direct,bm25,19,100,71,29,29,129,0.71,0.550387596899
direct,bm25,20,100,59,41,41,141,0.59,0.418439716312
direct,bm25,21,100,67,33,33,133,0.67,0.503759398496
direct,bm25,22,100,68,32,32,132,0.68,0.515151515152
direct,bm25,23,100,58,42,42,142,0.58,0.408450704225
direct,bm25,24,100,65,35,35,135,0.65,0.481481481481
direct,bm25,25,100,44,56,56,156,0.44,0.282051282051
direct,bm25,26,100,73,27,27,127,0.73,0.574803149606
direct,bm25,27,100,57,43,43,143,0.57,0.398601398601
direct,bm25,28,100,75,25,25,125,0.75,0.6
direct,bm25,29,100,80,20,20,120,0.8,0.666666666667
direct,bm25,30,100,67,33,33,133,0.67,0.503759398496
direct,bm25,31,100,56,44,44,144,0.56,0.388888888889
direct,bm25,32,100,33,67,67,167,0.33,0.197604790419
direct,bm25,33,100,65,35,35,135,0.65,0.481481481481
direct,bm25,34,100,40,60,60,160,0.4,0.25
direct,bm25,35,100,61,39,39,139,0.61,0.438848920863
direct,bm25,36,100,71,29,29,129,0.71,0.550387596899
direct,bm25,37,100,78,22,22,122,0.78,0.639344262295
direct,bm25,38,100,55,45,45,145,0.55,0.379310344828
direct,bm25,39,100,70,30,30,130,0.7,0.538461538462
direct,bm25,40,100,85,15,15,115,0.85,0.739130434783
direct,bm25,41,100,72,28,28,128,0.72,0.5625
direct,bm25,42,100,58,42,42,142,0.58,0.408450704225
direct,bm25,43,100,70,30,30,130,0.7,0.538461538462
direct,bm25,44,100,62,38,38,138,0.62,0.449275362319
direct,bm25,45,100,60,40,40,140,0.6,0.428571428571
direct,bm25,46,100,60,40,40,140,0.6,0.428571428571
direct,bm25,47,100,38,62,62,162,0.38,0.234567901235
direct,bm25,48,100,44,56,56,156,0.44,0.282051282051
direct,bm25,49,100,42,58,58,158,0.42,0.26582278481
direct,bm25,50,100,56,44,44,144,0.56,0.388888888889
direct,bm25,1,1000,754,246,246,1246,0.754,0.605136436597
direct,bm25,2,1000,449,551,551,1551,0.449,0.289490651193
direct,bm25,3,1000,767,233,233,1233,0.767,0.622060016221
direct,bm25,4,1000,797,203,203,1203,0.797,0.66251039069
direct,bm25,5,1000,765,235,235,1235,0.765,0.619433198381
direct,bm25,6,1000,657,343,343,1343,0.657,0.489203276247
direct,bm25,7,1000,775,225,225,1225,0.775,0.632653061224
direct,bm25,8,1000,594,406,406,1406,0.594,0.422475106686
direct,bm25,9,1000,752,248,248,1248,0.752,0.602564102564
direct,bm25,10,1000,791,209,209,1209,0.791,0.654259718776
direct,bm25,11,1000,800,200,200,1200,0.8,0.666666666667
direct,bm25,12,1000,729,271,271,1271,0.729,0.573564122738
direct,bm25,13,1000,744,256,256,1256,0.744,0.592356687898
direct,bm25,14,1000,320,680,680,1680,0.32,0.190476190476
direct,bm25,15,1000,418,582,582,1582,0.418,0.264222503161
direct,bm25,16,1000,586,414,414,1414,0.586,0.414427157001
direct,bm25,17,1000,812,188,188,1188,0.812,0.683501683502
direct,bm25,18,1000,819,181,181,1181,0.819,0.693480101609
direct,bm25,19,1000,598,402,402,1402,0.598,0.426533523538
direct,bm25,20,1000,840,160,160,1160,0.84,0.724137931034
direct,bm25,21,1000,688,312,312,1312,0.688,0.524390243902
direct,bm25,22,1000,785,215,215,1215,0.785,0.646090534979
direct,bm25,23,1000,735,265,265,1265,0.735,0.581027667984
direct,bm25,24,1000,709,291,291,1291,0.709,0.549186676995
direct,bm25,25,1000,746,254,254,1254,0.746,0.594896331738
direct,bm25,26,1000,776,224,224,1224,0.776,0.633986928105
direct,bm25,27,1000,910,90,90,1090,0.91,0.834862385321
direct,bm25,28,1000,830,170,170,1170,0.83,0.709401709402
direct,bm25,29,1000,809,191,191,1191,0.809,0.679261125105
direct,bm25,30,1000,759,241,241,1241,0.759,0.611603545528
direct,bm25,31,1000,744,256,256,1256,0.744,0.592356687898
direct,bm25,32,1000,426,574,574,1574,0.426,0.270648030496
direct,bm25,33,1000,685,315,315,1315,0.685,0.520912547529
direct,bm25,34,1000,583,417,417,1417,0.583,0.411432604093
direct,bm25,35,1000,751,249,249,1249,0.751,0.60128102482
direct,bm25,36,1000,861,139,139,1139,0.861,0.755926251097
direct,bm25,37,1000,840,160,160,1160,0.84,0.724137931034
direct,bm25,38,1000,691,309,309,1309,0.691,0.527883880825
direct,bm25,39,1000,889,111,111,1111,0.889,0.800180018002
direct,bm25,40,1000,717,283,283,1283,0.717,0.558846453624
direct,bm25,41,1000,642,358,358,1358,0.642,0.472754050074
direct,bm25,42,1000,766,234,234,1234,0.766,0.62074554295
direct,bm25,43,1000,453,547,547,1547,0.453,0.292824822237
direct,bm25,44,1000,710,290,290,1290,0.71,0.550387596899
direct,bm25,45,1000,795,205,205,1205,0.795,0.659751037344
direct,bm25,46,1000,687,313,313,1313,0.687,0.523229246002
direct,bm25,47,1000,622,378,378,1378,0.622,0.451378809869
direct,bm25,48,1000,781,219,219,1219,0.781,0.640689089418
direct,bm25,49,1000,676,324,324,1324,0.676,0.510574018127
direct,bm25,50,1000,765,235,235,1235,0.765,0.619433198381
direct_minmax,bm25,1,20,13,7,7,27,0.65,0.481481481481
direct_minmax,bm25,2,20,8,12,12,32,0.4,0.25
direct_minmax,bm25,3,20,10,10,10,30,0.5,0.333333333333
direct_minmax,bm25,4,20,10,10,10,30,0.5,0.333333333333
direct_minmax,bm25,5,20,9,11,11,31,0.45,0.290322580645
direct_minmax,bm25,6,20,12,8,8,28,0.6,0.428571428571
direct_minmax,bm25,7,20,13,7,7,27,0.65,0.481481481481
direct_minmax,bm25,8,20,16,4,4,24,0.8,0.666666666667
direct_minmax,bm25,9,20,9,11,11,31,0.45,0.290322580645
direct_minmax,bm25,10,20,13,7,7,27,0.65,0.481481481481
direct_minmax,bm25,11,20,10,10,10,30,0.5,0.333333333333
direct_minmax,bm25,12,20,8,12,12,32,0.4,0.25
direct_minmax,bm25,13,20,15,5,5,25,0.75,0.6
direct_minmax,bm25,14,20,18,2,2,22,0.9,0.818181818182
direct_minmax,bm25,15,20,9,11,11,31,0.45,0.290322580645
direct_minmax,bm25,16,20,6,14,14,34,0.3,0.176470588235
direct_minmax,bm25,17,20,9,11,11,31,0.45,0.290322580645
direct_minmax,bm25,18,20,11,9,9,29,0.55,0.379310344828
direct_minmax,bm25,19,20,13,7,7,27,0.65,0.481481481481
direct_minmax,bm25,20,20,15,5,5,25,0.75,0.6
direct_minmax,bm25,21,20,13,7,7,27,0.65,0.481481481481
direct_minmax,bm25,22,20,17,3,3,23,0.85,0.739130434783
direct_minmax,bm25,23,20,14,6,6,26,0.7,0.538461538462
direct_minmax,bm25,24,20,9,11,11,31,0.45,0.290322580645
direct_minmax,bm25,25,20,6,14,14,34,0.3,0.176470588235
direct_minmax,bm25,26,20,15,5,5,25,0.75,0.6
direct_minmax,bm25,27,20,6,14,14,34,0.3,0.176470588235
direct_minmax,bm25,28,20,9,11,11,31,0.45,0.290322580645
direct_minmax,bm25,29,20,13,7,7,27,0.65,0.481481481481
direct_minmax,bm25,30,20,14,6,6,26,0.7,0.538461538462
direct_minmax,bm25,31,20,15,5,5,25,0.75,0.6
direct_minmax,bm25,32,20,14,6,6,26,0.7,0.538461538462
direct_minmax,bm25,33,20,11,9,9,29,0.55,0.379310344828
direct_minmax,bm25,34,20,8,12,12,32,0.4,0.25
direct_minmax,bm25,35,20,11,9,9,29,0.55,0.379310344828
direct_minmax,bm25,36,20,13,7,7,27,0.65,0.481481481481
direct_minmax,bm25,37,20,14,6,6,26,0.7,0.538461538462
direct_minmax,bm25,38,20,8,12,12,32,0.4,0.25
direct_minmax,bm25,39,20,13,7,7,27,0.65,0.481481481481
direct_minmax,bm25,40,20,14,6,6,26,0.7,0.538461538462
direct_minmax,bm25,41,20,11,9,9,29,0.55,0.379310344828
direct_minmax,bm25,42,20,12,8,8,28,0.6,0.428571428571
direct_minmax,bm25,43,20,13,7,7,27,0.65,0.481481481481
direct_minmax,bm25,44,20,12,8,8,28,0.6,0.428571428571
direct_minmax,bm25,45,20,9,11,11,31,0.45,0.290322580645
direct_minmax,bm25,46,20,11,9,9,29,0.55,0.379310344828
direct_minmax,bm25,47,20,7,13,13,33,0.35,0.212121212121
direct_minmax,bm25,48,20,11,9,9,29,0.55,0.379310344828
direct_minmax,bm25,49,20,9,11,11,31,0.45,0.290322580645
direct_minmax,bm25,50,20,12,8,8,28,0.6,0.428571428571
direct_minmax,bm25,1,50,26,24,24,74,0.52,0.351351351351
direct_minmax,bm25,2,50,35,15,15,65,0.7,0.538461538462
direct_minmax,bm25,3,50,27,23,23,73,0.54,0.369863013699
direct_minmax,bm25,4,50,32,18,18,68,0.64,0.470588235294
direct_minmax,bm25,5,50,17,33,33,83,0.34,0.204819277108
direct_minmax,bm25,6,50,26,24,24,74,0.52,0.351351351351
direct_minmax,bm25,7,50,34,16,16,66,0.68,0.515151515152
direct_minmax,bm25,8,50,28,22,22,72,0.56,0.388888888889
direct_minmax,bm25,9,50,34,16,16,66,0.68,0.515151515152
direct_minmax,bm25,10,50,25,25,25,75,0.5,0.333333333333
direct_minmax,bm25,11,50,32,18,18,68,0.64,0.470588235294
direct_minmax,bm25,12,50,29,21,21,71,0.58,0.408450704225
direct_minmax,bm25,13,50,38,12,12,62,0.76,0.612903225806
direct_minmax,bm25,14,50,44,6,6,56,0.88,0.785714285714
direct_minmax,bm25,15,50,18,32,32,82,0.36,0.219512195122
direct_minmax,bm25,16,50,16,34,34,84,0.32,0.190476190476
direct_minmax,bm25,17,50,20,30,30,80,0.4,0.25
direct_minmax,bm25,18,50,32,18,18,68,0.64,0.470588235294
direct_minmax,bm25,19,50,42,8,8,58,0.84,0.724137931034
direct_minmax,bm25,20,50,28,22,22,72,0.56,0.388888888889
direct_minmax,bm25,21,50,33,17,17,67,0.66,0.492537313433
direct_minmax,bm25,22,50,35,15,15,65,0.7,0.538461538462
direct_minmax,bm25,23,50,31,19,19,69,0.62,0.449275362319
direct_minmax,bm25,24,50,34,16,16,66,0.68,0.515151515152
direct_minmax,bm25,25,50,16,34,34,84,0.32,0.190476190476
direct_minmax,bm25,26,50,34,16,16,66,0.68,0.515151515152
direct_minmax,bm25,27,50,16,34,34,84,0.32,0.190476190476
direct_minmax,bm25,28,50,30,20,20,70,0.6,0.428571428571
direct_minmax,bm25,29,50,35,15,15,65,0.7,0.538461538462
direct_minmax,bm25,30,50,32,18,18,68,0.64,0.470588235294
direct_minmax,bm25,31,50,29,21,21,71,0.58,0.408450704225
direct_minmax,bm25,32,50,26,24,24,74,0.52,0.351351351351
direct_minmax,bm25,33,50,32,18,18,68,0.64,0.470588235294
direct_minmax,bm25,34,50,21,29,29,79,0.42,0.26582278481
direct_minmax,bm25,35,50,33,17,17,67,0.66,0.492537313433
direct_minmax,bm25,36,50,34,16,16,66,0.68,0.515151515152
direct_minmax,bm25,37,50,39,11,11,61,0.78,0.639344262295
direct_minmax,bm25,38,50,20,30,30,80,0.4,0.25
direct_minmax,bm25,39,50,35,15,15,65,0.7,0.538461538462
direct_minmax,bm25,40,50,37,13,13,63,0.74,0.587301587302
direct_minmax,bm25,41,50,34,16,16,66,0.68,0.515151515152
direct_minmax,bm25,42,50,31,19,19,69,0.62,0.449275362319
direct_minmax,bm25,43,50,33,17,17,67,0.66,0.492537313433
direct_minmax,bm25,44,50,32,18,18,68,0.64,0.470588235294
direct_minmax,bm25,45,50,22,28,28,78,0.44,0.282051282051
direct_minmax,bm25,46,50,37,13,13,63,0.74,0.587301587302
direct_minmax,bm25,47,50,21,29,29,79,0.42,0.26582278481
direct_minmax,bm25,48,50,22,28,28,78,0.44,0.282051282051
direct_minmax,bm25,49,50,15,35,35,85,0.3,0.176470588235
direct_minmax,bm25,50,50,19,31,31,81,0.38,0.234567901235
direct_minmax,bm25,1,100,57,43,43,143,0.57,0.398601398601
direct_minmax,bm25,2,100,71,29,29,129,0.71,0.550387596899
direct_minmax,bm25,3,100,64,36,36,136,0.64,0.470588235294
direct_minmax,bm25,4,100,69,31,31,131,0.69,0.526717557252
direct_minmax,bm25,5,100,41,59,59,159,0.41,0.25786163522
direct_minmax,bm25,6,100,48,52,52,152,0.48,0.315789473684
direct_minmax,bm25,7,100,62,38,38,138,0.62,0.449275362319
direct_minmax,bm25,8,100,56,44,44,144,0.56,0.388888888889
direct_minmax,bm25,9,100,69,31,31,131,0.69,0.526717557252
direct_minmax,bm25,10,100,55,45,45,145,0.55,0.379310344828
direct_minmax,bm25,11,100,72,28,28,128,0.72,0.5625
direct_minmax,bm25,12,100,58,42,42,142,0.58,0.408450704225
direct_minmax,bm25,13,100,67,33,33,133,0.67,0.503759398496
direct_minmax,bm25,14,100,78,22,22,122,0.78,0.639344262295
direct_minmax,bm25,15,100,36,64,64,164,0.36,0.219512195122
direct_minmax,bm25,16,100,35,65,65,165,0.35,0.212121212121
direct_minmax,bm25,17,100,49,51,51,151,0.49,0.324503311258
direct_minmax,bm25,18,100,62,38,38,138,0.62,0.449275362319
direct_minmax,bm25,19,100,71,29,29,129,0.71,0.550387596899
direct_minmax,bm25,20,100,51,49,49,149,0.51,0.342281879195
direct_minmax,bm25,21,100,64,36,36,136,0.64,0.470588235294
direct_minmax,bm25,22,100,70,30,30,130,0.7,0.538461538462
direct_minmax,bm25,23,100,60,40,40,140,0.6,0.428571428571
direct_minmax,bm25,24,100,66,34,34,134,0.66,0.492537313433
direct_minmax,bm25,25,100,44,56,56,156,0.44,0.282051282051
direct_minmax,bm25,26,100,73,27,27,127,0.73,0.574803149606
direct_minmax,bm25,27,100,55,45,45,145,0.55,0.379310344828
direct_minmax,bm25,28,100,75,25,25,125,0.75,0.6
direct_minmax,bm25,29,100,75,25,25,125,0.75,0.6
direct_minmax,bm25,30,100,65,35,35,135,0.65,0.481481481481
direct_minmax,bm25,31,100,57,43,43,143,0.57,0.398601398601
direct_minmax,bm25,32,100,33,67,67,167,0.33,0.197604790419
direct_minmax,bm25,33,100,64,36,36,136,0.64,0.470588235294
direct_minmax,bm25,34,100,42,58,58,158,0.42,0.26582278481
direct_minmax,bm25,35,100,62,38,38,138,0.62,0.449275362319
direct_minmax,bm25,36,100,65,35,35,135,0.65,0.481481481481
direct_minmax,bm25,37,100,71,29,29,129,0.71,0.550387596899
direct_minmax,bm25,38,100,49,51,51,151,0.49,0.324503311258
direct_minmax,bm25,39,100,64,36,36,136,0.64,0.470588235294
direct_minmax,bm25,40,100,83,17,17,117,0.83,0.709401709402
direct_minmax,bm25,41,100,72,28,28,128,0.72,0.5625
direct_minmax,bm25,42,100,59,41,41,141,0.59,0.418439716312
direct_minmax,bm25,43,100,70,30,30,130,0.7,0.538461538462
direct_minmax,bm25,44,100,62,38,38,138,0.62,0.449275362319
direct_minmax,bm25,45,100,49,51,51,151,0.49,0.324503311258
direct_minmax,bm25,46,100,58,42,42,142,0.58,0.408450704225
direct_minmax,bm25,47,100,38,62,62,162,0.38,0.234567901235
direct_minmax,bm25,48,100,45,55,55,155,0.45,0.290322580645
direct_minmax,bm25,49,100,38,62,62,162,0.38,0.234567901235
direct_minmax,bm25,50,100,42,58,58,158,0.42,0.26582278481
direct_minmax,bm25,1,1000,800,200,200,1200,0.8,0.666666666667
direct_minmax,bm25,2,1000,540,460,460,1460,0.54,0.369863013699
direct_minmax,bm25,3,1000,739,261,261,1261,0.739,0.586042823156
direct_minmax,bm25,4,1000,787,213,213,1213,0.787,0.648804616653
direct_minmax,bm25,5,1000,643,357,357,1357,0.643,0.473839351511
direct_minmax,bm25,6,1000,680,320,320,1320,0.68,0.515151515152
direct_minmax,bm25,7,1000,748,252,252,1252,0.748,0.597444089457
direct_minmax,bm25,8,1000,601,399,399,1399,0.601,0.429592566119
direct_minmax,bm25,9,1000,746,254,254,1254,0.746,0.594896331738
direct_minmax,bm25,10,1000,740,260,260,1260,0.74,0.587301587302
direct_minmax,bm25,11,1000,774,226,226,1226,0.774,0.63132137031
direct_minmax,bm25,12,1000,731,269,269,1269,0.731,0.576044129236
direct_minmax,bm25,13,1000,767,233,233,1233,0.767,0.622060016221
direct_minmax,bm25,14,1000,368,632,632,1632,0.368,0.225490196078
direct_minmax,bm25,15,1000,477,523,523,1523,0.477,0.313197636244
direct_minmax,bm25,16,1000,632,368,368,1368,0.632,0.461988304094
direct_minmax,bm25,17,1000,806,194,194,1194,0.806,0.675041876047
direct_minmax,bm25,18,1000,815,185,185,1185,0.815,0.68776371308
direct_minmax,bm25,19,1000,630,370,370,1370,0.63,0.459854014599
direct_minmax,bm25,20,1000,812,188,188,1188,0.812,0.683501683502
direct_minmax,bm25,21,1000,655,345,345,1345,0.655,0.486988847584
direct_minmax,bm25,22,1000,793,207,207,1207,0.793,0.6570008285
direct_minmax,bm25,23,1000,752,248,248,1248,0.752,0.602564102564
direct_minmax,bm25,24,1000,719,281,281,1281,0.719,0.561280249805
direct_minmax,bm25,25,1000,744,256,256,1256,0.744,0.592356687898
direct_minmax,bm25,26,1000,778,222,222,1222,0.778,0.636661211129
direct_minmax,bm25,27,1000,882,118,118,1118,0.882,0.788908765653
direct_minmax,bm25,28,1000,831,169,169,1169,0.831,0.710863986313
direct_minmax,bm25,29,1000,759,241,241,1241,0.759,0.611603545528
direct_minmax,bm25,30,1000,720,280,280,1280,0.72,0.5625
direct_minmax,bm25,31,1000,758,242,242,1242,0.758,0.610305958132
direct_minmax,bm25,32,1000,425,575,575,1575,0.425,0.269841269841
direct_minmax,bm25,33,1000,674,326,326,1326,0.674,0.508295625943
direct_minmax,bm25,34,1000,597,403,403,1403,0.597,0.425516749822
direct_minmax,bm25,35,1000,770,230,230,1230,0.77,0.626016260163
direct_minmax,bm25,36,1000,833,167,167,1167,0.833,0.713796058269
direct_minmax,bm25,37,1000,795,205,205,1205,0.795,0.659751037344
direct_minmax,bm25,38,1000,639,361,361,1361,0.639,0.469507714916
direct_minmax,bm25,39,1000,856,144,144,1144,0.856,0.748251748252
direct_minmax,bm25,40,1000,696,304,304,1304,0.696,0.533742331288
direct_minmax,bm25,41,1000,647,353,353,1353,0.647,0.478196600148
direct_minmax,bm25,42,1000,771,229,229,1229,0.771,0.627339300244
direct_minmax,bm25,43,1000,421,579,579,1579,0.421,0.266624445852
direct_minmax,bm25,44,1000,709,291,291,1291,0.709,0.549186676995
direct_minmax,bm25,45,1000,765,235,235,1235,0.765,0.619433198381
direct_minmax,bm25,46,1000,667,333,333,1333,0.667,0.500375093773
direct_minmax,bm25,47,1000,632,368,368,1368,0.632,0.461988304094
direct_minmax,bm25,48,1000,783,217,217,1217,0.783,0.64338537387
direct_minmax,bm25,49,1000,665,335,335,1335,0.665,0.498127340824
direct_minmax,bm25,50,1000,714,286,286,1286,0.714,0.555209953344
uniform_random,bm25,1,20,0,20,20,40,0,0
uniform_random,bm25,2,20,0,20,20,40,0,0
uniform_random,bm25,3,20,0,20,20,40,0,0
uniform_random,bm25,4,20,0,20,20,40,0,0
uniform_random,bm25,5,20,0,20,20,40,0,0
uniform_random,bm25,6,20,0,20,20,40,0,0
uniform_random,bm25,7,20,0,20,20,40,0,0
uniform_random,bm25,8,20,0,20,20,40,0,0
uniform_random,bm25,9,20,0,20,20,40,0,0
uniform_random,bm25,10,20,0,20,20,40,0,0
uniform_random,bm25,11,20,0,20,20,40,0,0
uniform_random,bm25,12,20,0,20,20,40,0,0
uniform_random,bm25,13,20,0,20,20,40,0,0
uniform_random,bm25,14,20,0,20,20,40,0,0
uniform_random,bm25,15,20,0,20,20,40,0,0
uniform_random,bm25,16,20,0,20,20,40,0,0
uniform_random,bm25,17,20,0,20,20,40,0,0
uniform_random,bm25,18,20,0,20,20,40,0,0
uniform_random,bm25,19,20,0,20,20,40,0,0
uniform_random,bm25,20,20,0,20,20,40,0,0
uniform_random,bm25,21,20,0,20,20,40,0,0
uniform_random,bm25,22,20,0,20,20,40,0,0
uniform_random,bm25,23,20,0,20,20,40,0,0
uniform_random,bm25,24,20,0,20,20,40,0,0
uniform_random,bm25,25,20,0,20,20,40,0,0
uniform_random,bm25,26,20,0,20,20,40,0,0
uniform_random,bm25,27,20,1,19,19,39,0.05,0.025641025641
uniform_random,bm25,28,20,0,20,20,40,0,0
uniform_random,bm25,29,20,0,20,20,40,0,0
uniform_random,bm25,30,20,0,20,20,40,0,0
uniform_random,bm25,31,20,0,20,20,40,0,0
uniform_random,bm25,32,20,0,20,20,40,0,0
uniform_random,bm25,33,20,0,20,20,40,0,0
uniform_random,bm25,34,20,0,20,20,40,0,0
uniform_random,bm25,35,20,0,20,20,40,0,0
uniform_random,bm25,36,20,0,20,20,40,0,0
uniform_random,bm25,37,20,0,20,20,40,0,0
uniform_random,bm25,38,20,0,20,20,40,0,0
uniform_random,bm25,39,20,0,20,20,40,0,0
uniform_random,bm25,40,20,0,20,20,40,0,0
uniform_random,bm25,41,20,0,20,20,40,0,0
uniform_random,bm25,42,20,0,20,20,40,0,0
uniform_random,bm25,43,20,0,20,20,40,0,0
uniform_random,bm25,44,20,0,20,20,40,0,0
uniform_random,bm25,45,20,0,20,20,40,0,0
uniform_random,bm25,46,20,0,20,20,40,0,0
uniform_random,bm25,47,20,0,20,20,40,0,0
uniform_random,bm25,48,20,0,20,20,40,0,0
uniform_random,bm25,49,20,0,20,20,40,0,0
uniform_random,bm25,50,20,0,20,20,40,0,0
uniform_random,bm25,1,50,0,50,50,100,0,0
uniform_random,bm25,2,50,0,50,50,100,0,0
uniform_random,bm25,3,50,0,50,50,100,0,0
uniform_random,bm25,4,50,0,50,50,100,0,0
uniform_random,bm25,5,50,0,50,50,100,0,0
uniform_random,bm25,6,50,0,50,50,100,0,0
uniform_random,bm25,7,50,0,50,50,100,0,0
uniform_random,bm25,8,50,0,50,50,100,0,0
uniform_random,bm25,9,50,0,50,50,100,0,0
uniform_random,bm25,10,50,0,50,50,100,0,0
uniform_random,bm25,11,50,0,50,50,100,0,0
uniform_random,bm25,12,50,0,50,50,100,0,0
uniform_random,bm25,13,50,0,50,50,100,0,0
uniform_random,bm25,14,50,0,50,50,100,0,0
uniform_random,bm25,15,50,0,50,50,100,0,0
uniform_random,bm25,16,50,0,50,50,100,0,0
uniform_random,bm25,17,50,0,50,50,100,0,0
uniform_random,bm25,18,50,0,50,50,100,0,0
uniform_random,bm25,19,50,0,50,50,100,0,0
uniform_random,bm25,20,50,0,50,50,100,0,0
uniform_random,bm25,21,50,0,50,50,100,0,0
uniform_random,bm25,22,50,0,50,50,100,0,0
uniform_random,bm25,23,50,0,50,50,100,0,0
uniform_random,bm25,24,50,0,50,50,100,0,0
uniform_random,bm25,25,50,0,50,50,100,0,0
uniform_random,bm25,26,50,0,50,50,100,0,0
uniform_random,bm25,27,50,1,49,49,99,0.02,0.010101010101
uniform_random,bm25,28,50,0,50,50,100,0,0
uniform_random,bm25,29,50,0,50,50,100,0,0
uniform_random,bm25,30,50,0,50,50,100,0,0
uniform_random,bm25,31,50,0,50,50,100,0,0
uniform_random,bm25,32,50,0,50,50,100,0,0
uniform_random,bm25,33,50,0,50,50,100,0,0
uniform_random,bm25,34,50,0,50,50,100,0,0
uniform_random,bm25,35,50,0,50,50,100,0,0
uniform_random,bm25,36,50,0,50,50,100,0,0
uniform_random,bm25,37,50,0,50,50,100,0,0
uniform_random,bm25,38,50,0,50,50,100,0,0
uniform_random,bm25,39,50,0,50,50,100,0,0
uniform_random,bm25,40,50,0,50,50,100,0,0
uniform_random,bm25,41,50,0,50,50,100,0,0
uniform_random,bm25,42,50,0,50,50,100,0,0
uniform_random,bm25,43,50,0,50,50,100,0,0
uniform_random,bm25,44,50,0,50,50,100,0,0
uniform_random,bm25,45,50,0,50,50,100,0,0
uniform_random,bm25,46,50,0,50,50,100,0,0
uniform_random,bm25,47,50,0,50,50,100,0,0
uniform_random,bm25,48,50,0,50,50,100,0,0
uniform_random,bm25,49,50,0,50,50,100,0,0
uniform_random,bm25,50,50,0,50,50,100,0,0
uniform_random,bm25,1,100,0,100,100,200,0,0
uniform_random,bm25,2,100,0,100,100,200,0,0
uniform_random,bm25,3,100,0,100,100,200,0,0
uniform_random,bm25,4,100,0,100,100,200,0,0
uniform_random,bm25,5,100,0,100,100,200,0,0
uniform_random,bm25,6,100,0,100,100,200,0,0
uniform_random,bm25,7,100,0,100,100,200,0,0
uniform_random,bm25,8,100,0,100,100,200,0,0
uniform_random,bm25,9,100,0,100,100,200,0,0
uniform_random,bm25,10,100,0,100,100,200,0,0
uniform_random,bm25,11,100,1,99,99,199,0.01,0.00502512562814
uniform_random,bm25,12,100,0,100,100,200,0,0
uniform_random,bm25,13,100,0,100,100,200,0,0
uniform_random,bm25,14,100,0,100,100,200,0,0
uniform_random,bm25,15,100,0,100,100,200,0,0
uniform_random,bm25,16,100,0,100,100,200,0,0
uniform_random,bm25,17,100,0,100,100,200,0,0
uniform_random,bm25,18,100,0,100,100,200,0,0
uniform_random,bm25,19,100,0,100,100,200,0,0
uniform_random,bm25,20,100,0,100,100,200,0,0
uniform_random,bm25,21,100,0,100,100,200,0,0
uniform_random,bm25,22,100,0,100,100,200,0,0
uniform_random,bm25,23,100,0,100,100,200,0,0
uniform_random,bm25,24,100,0,100,100,200,0,0
uniform_random,bm25,25,100,0,100,100,200,0,0
uniform_random,bm25,26,100,0,100,100,200,0,0
uniform_random,bm25,27,100,1,99,99,199,0.01,0.00502512562814
uniform_random,bm25,28,100,0,100,100,200,0,0
uniform_random,bm25,29,100,0,100,100,200,0,0
uniform_random,bm25,30,100,0,100,100,200,0,0
uniform_random,bm25,31,100,0,100,100,200,0,0
uniform_random,bm25,32,100,0,100,100,200,0,0
uniform_random,bm25,33,100,0,100,100,200,0,0
uniform_random,bm25,34,100,0,100,100,200,0,0
uniform_random,bm25,35,100,0,100,100,200,0,0
uniform_random,bm25,36,100,1,99,99,199,0.01,0.00502512562814
uniform_random,bm25,37,100,0,100,100,200,0,0
uniform_random,bm25,38,100,0,100,100,200,0,0
uniform_random,bm25,39,100,0,100,100,200,0,0
uniform_random,bm25,40,100,0,100,100,200,0,0
uniform_random,bm25,41,100,0,100,100,200,0,0
uniform_random,bm25,42,100,0,100,100,200,0,0
uniform_random,bm25,43,100,0,100,100,200,0,0
uniform_random,bm25,44,100,0,100,100,200,0,0
uniform_random,bm25,45,100,0,100,100,200,0,0
uniform_random,bm25,46,100,0,100,100,200,0,0
uniform_random,bm25,47,100,0,100,100,200,0,0
uniform_random,bm25,48,100,0,100,100,200,0,0
uniform_random,bm25,49,100,0,100,100,200,0,0
uniform_random,bm25,50,100,0,100,100,200,0,0
uniform_random,bm25,1,1000,7,993,993,1993,0.007,0.00351229302559
uniform_random,bm25,2,1000,4,996,996,1996,0.004,0.00200400801603
uniform_random,bm25,3,1000,3,997,997,1997,0.003,0.00150225338007
uniform_random,bm25,4,1000,5,995,995,1995,0.005,0.00250626566416
uniform_random,bm25,5,1000,9,991,991,1991,0.009,0.00452034153692
uniform_random,bm25,6,1000,6,994,994,1994,0.006,0.00300902708124
uniform_random,bm25,7,1000,3,997,997,1997,0.003,0.00150225338007
uniform_random,bm25,8,1000,6,994,994,1994,0.006,0.00300902708124
uniform_random,bm25,9,1000,6,994,994,1994,0.006,0.00300902708124
uniform_random,bm25,10,1000,6,994,994,1994,0.006,0.00300902708124
uniform_random,bm25,11,1000,2,998,998,1998,0.002,0.001001001001
uniform_random,bm25,12,1000,10,990,990,1990,0.01,0.00502512562814
uniform_random,bm25,13,1000,8,992,992,1992,0.008,0.00401606425703
uniform_random,bm25,14,1000,5,995,995,1995,0.005,0.00250626566416
uniform_random,bm25,15,1000,6,994,994,1994,0.006,0.00300902708124
uniform_random,bm25,16,1000,5,995,995,1995,0.005,0.00250626566416
uniform_random,bm25,17,1000,7,993,993,1993,0.007,0.00351229302559
uniform_random,bm25,18,1000,5,995,995,1995,0.005,0.00250626566416
uniform_random,bm25,19,1000,6,994,994,1994,0.006,0.00300902708124
uniform_random,bm25,20,1000,8,992,992,1992,0.008,0.00401606425703
uniform_random,bm25,21,1000,5,995,995,1995,0.005,0.00250626566416
uniform_random,bm25,22,1000,5,995,995,1995,0.005,0.00250626566416
uniform_random,bm25,23,1000,2,998,998,1998,0.002,0.001001001001
uniform_random,bm25,24,1000,7,993,993,1993,0.007,0.00351229302559
uniform_random,bm25,25,1000,3,997,997,1997,0.003,0.00150225338007
uniform_random,bm25,26,1000,3,997,997,1997,0.003,0.00150225338007
uniform_random,bm25,27,1000,5,995,995,1995,0.005,0.00250626566416
uniform_random,bm25,28,1000,5,995,995,1995,0.005,0.00250626566416
uniform_random,bm25,29,1000,6,994,994,1994,0.006,0.00300902708124
uniform_random,bm25,30,1000,5,995,995,1995,0.005,0.00250626566416
uniform_random,bm25,31,1000,2,998,998,1998,0.002,0.001001001001
uniform_random,bm25,32,1000,6,994,994,1994,0.006,0.00300902708124
uniform_random,bm25,33,1000,8,992,992,1992,0.008,0.00401606425703
uniform_random,bm25,34,1000,13,987,987,1987,0.013,0.00654252642174
uniform_random,bm25,35,1000,10,990,990,1990,0.01,0.00502512562814
uniform_random,bm25,36,1000,5,995,995,1995,0.005,0.00250626566416
uniform_random,bm25,37,1000,7,993,993,1993,0.007,0.00351229302559
uniform_random,bm25,38,1000,4,996,996,1996,0.004,0.00200400801603
uniform_random,bm25,39,1000,5,995,995,1995,0.005,0.00250626566416
uniform_random,bm25,40,1000,6,994,994,1994,0.006,0.00300902708124
uniform_random,bm25,41,1000,8,992,992,1992,0.008,0.00401606425703
uniform_random,bm25,42,1000,7,993,993,1993,0.007,0.00351229302559
uniform_random,bm25,43,1000,2,998,998,1998,0.002,0.001001001001
uniform_random,bm25,44,1000,8,992,992,1992,0.008,0.00401606425703
uniform_random,bm25,45,1000,11,989,989,1989,0.011,0.00553041729512
uniform_random,bm25,46,1000,6,994,994,1994,0.006,0.00300902708124
uniform_random,bm25,47,1000,6,994,994,1994,0.006,0.00300902708124
uniform_random,bm25,48,1000,8,992,992,1992,0.008,0.00401606425703
uniform_random,bm25,49,1000,8,992,992,1992,0.008,0.00401606425703
uniform_random,bm25,50,1000,7,993,993,1993,0.007,0.00351229302559
direct_mmr,bm25,1,20,2,18,18,38,0.1,0.0526315789474
direct_mmr,bm25,2,20,2,18,18,38,0.1,0.0526315789474
direct_mmr,bm25,3,20,0,20,20,40,0,0
direct_mmr,bm25,4,20,0,20,20,40,0,0
direct_mmr,bm25,5,20,0,20,20,40,0,0
direct_mmr,bm25,6,20,0,20,20,40,0,0
direct_mmr,bm25,7,20,0,20,20,40,0,0
direct_mmr,bm25,8,20,0,20,20,40,0,0
direct_mmr,bm25,9,20,0,20,20,40,0,0
direct_mmr,bm25,10,20,1,19,19,39,0.05,0.025641025641
direct_mmr,bm25,11,20,0,20,20,40,0,0
direct_mmr,bm25,12,20,0,20,20,40,0,0
direct_mmr,bm25,13,20,0,20,20,40,0,0
direct_mmr,bm25,14,20,1,19,19,39,0.05,0.025641025641
direct_mmr,bm25,15,20,3,17,17,37,0.15,0.0810810810811
direct_mmr,bm25,16,20,1,19,19,39,0.05,0.025641025641
direct_mmr,bm25,17,20,0,20,20,40,0,0
direct_mmr,bm25,18,20,0,20,20,40,0,0
direct_mmr,bm25,19,20,0,20,20,40,0,0
direct_mmr,bm25,20,20,1,19,19,39,0.05,0.025641025641
direct_mmr,bm25,21,20,0,20,20,40,0,0
direct_mmr,bm25,22,20,0,20,20,40,0,0
direct_mmr,bm25,23,20,0,20,20,40,0,0
direct_mmr,bm25,24,20,0,20,20,40,0,0
direct_mmr,bm25,25,20,0,20,20,40,0,0
direct_mmr,bm25,26,20,0,20,20,40,0,0
direct_mmr,bm25,27,20,1,19,19,39,0.05,0.025641025641
direct_mmr,bm25,28,20,0,20,20,40,0,0
direct_mmr,bm25,29,20,0,20,20,40,0,0
direct_mmr,bm25,30,20,0,20,20,40,0,0
direct_mmr,bm25,31,20,0,20,20,40,0,0
direct_mmr,bm25,32,20,0,20,20,40,0,0
direct_mmr,bm25,33,20,0,20,20,40,0,0
direct_mmr,bm25,34,20,1,19,19,39,0.05,0.025641025641
direct_mmr,bm25,35,20,1,19,19,39,0.05,0.025641025641
direct_mmr,bm25,36,20,0,20,20,40,0,0
direct_mmr,bm25,37,20,0,20,20,40,0,0
direct_mmr,bm25,38,20,0,20,20,40,0,0
direct_mmr,bm25,39,20,0,20,20,40,0,0
direct_mmr,bm25,40,20,0,20,20,40,0,0
direct_mmr,bm25,41,20,0,20,20,40,0,0
direct_mmr,bm25,42,20,0,20,20,40,0,0
direct_mmr,bm25,43,20,0,20,20,40,0,0
direct_mmr,bm25,44,20,0,20,20,40,0,0
direct_mmr,bm25,45,20,0,20,20,40,0,0
direct_mmr,bm25,46,20,0,20,20,40,0,0
direct_mmr,bm25,47,20,0,20,20,40,0,0
direct_mmr,bm25,48,20,0,20,20,40,0,0
direct_mmr,bm25,49,20,0,20,20,40,0,0
direct_mmr,bm25,50,20,1,19,19,39,0.05,0.025641025641
direct_mmr,bm25,1,50,4,46,46,96,0.08,0.0416666666667
direct_mmr,bm25,2,50,2,48,48,98,0.04,0.0204081632653
direct_mmr,bm25,3,50,1,49,49,99,0.02,0.010101010101
direct_mmr,bm25,4,50,0,50,50,100,0,0
direct_mmr,bm25,5,50,0,50,50,100,0,0
direct_mmr,bm25,6,50,2,48,48,98,0.04,0.0204081632653
direct_mmr,bm25,7,50,1,49,49,99,0.02,0.010101010101
direct_mmr,bm25,8,50,5,45,45,95,0.1,0.0526315789474
direct_mmr,bm25,9,50,3,47,47,97,0.06,0.0309278350515
direct_mmr,bm25,10,50,1,49,49,99,0.02,0.010101010101
direct_mmr,bm25,11,50,2,48,48,98,0.04,0.0204081632653
direct_mmr,bm25,12,50,2,48,48,98,0.04,0.0204081632653
direct_mmr,bm25,13,50,3,47,47,97,0.06,0.0309278350515
direct_mmr,bm25,14,50,1,49,49,99,0.02,0.010101010101
direct_mmr,bm25,15,50,4,46,46,96,0.08,0.0416666666667
direct_mmr,bm25,16,50,3,47,47,97,0.06,0.0309278350515
direct_mmr,bm25,17,50,0,50,50,100,0,0
direct_mmr,bm25,18,50,0,50,50,100,0,0
direct_mmr,bm25,19,50,0,50,50,100,0,0
direct_mmr,bm25,20,50,1,49,49,99,0.02,0.010101010101
direct_mmr,bm25,21,50,0,50,50,100,0,0
direct_mmr,bm25,22,50,1,49,49,99,0.02,0.010101010101
direct_mmr,bm25,23,50,0,50,50,100,0,0
direct_mmr,bm25,24,50,0,50,50,100,0,0
direct_mmr,bm25,25,50,0,50,50,100,0,0
direct_mmr,bm25,26,50,0,50,50,100,0,0
direct_mmr,bm25,27,50,2,48,48,98,0.04,0.0204081632653
direct_mmr,bm25,28,50,0,50,50,100,0,0
direct_mmr,bm25,29,50,1,49,49,99,0.02,0.010101010101
direct_mmr,bm25,30,50,0,50,50,100,0,0
direct_mmr,bm25,31,50,2,48,48,98,0.04,0.0204081632653
direct_mmr,bm25,32,50,3,47,47,97,0.06,0.0309278350515
direct_mmr,bm25,33,50,0,50,50,100,0,0
direct_mmr,bm25,34,50,2,48,48,98,0.04,0.0204081632653
direct_mmr,bm25,35,50,3,47,47,97,0.06,0.0309278350515
direct_mmr,bm25,36,50,0,50,50,100,0,0
direct_mmr,bm25,37,50,0,50,50,100,0,0
direct_mmr,bm25,38,50,1,49,49,99,0.02,0.010101010101
direct_mmr,bm25,39,50,1,49,49,99,0.02,0.010101010101
direct_mmr,bm25,40,50,0,50,50,100,0,0
direct_mmr,bm25,41,50,3,47,47,97,0.06,0.0309278350515
direct_mmr,bm25,42,50,0,50,50,100,0,0
direct_mmr,bm25,43,50,1,49,49,99,0.02,0.010101010101
direct_mmr,bm25,44,50,1,49,49,99,0.02,0.010101010101
direct_mmr,bm25,45,50,1,49,49,99,0.02,0.010101010101
direct_mmr,bm25,46,50,3,47,47,97,0.06,0.0309278350515
direct_mmr,bm25,47,50,1,49,49,99,0.02,0.010101010101
direct_mmr,bm25,48,50,0,50,50,100,0,0
direct_mmr,bm25,49,50,0,50,50,100,0,0
direct_mmr,bm25,50,50,2,48,48,98,0.04,0.0204081632653
direct_mmr,bm25,1,100,9,91,91,191,0.09,0.0471204188482
direct_mmr,bm25,2,100,9,91,91,191,0.09,0.0471204188482
direct_mmr,bm25,3,100,4,96,96,196,0.04,0.0204081632653
direct_mmr,bm25,4,100,3,97,97,197,0.03,0.0152284263959
direct_mmr,bm25,5,100,1,99,99,199,0.01,0.00502512562814
direct_mmr,bm25,6,100,4,96,96,196,0.04,0.0204081632653
direct_mmr,bm25,7,100,2,98,98,198,0.02,0.010101010101
direct_mmr,bm25,8,100,12,88,88,188,0.12,0.063829787234
direct_mmr,bm25,9,100,9,91,91,191,0.09,0.0471204188482
direct_mmr,bm25,10,100,1,99,99,199,0.01,0.00502512562814
direct_mmr,bm25,11,100,4,96,96,196,0.04,0.0204081632653
direct_mmr,bm25,12,100,7,93,93,193,0.07,0.0362694300518
direct_mmr,bm25,13,100,3,97,97,197,0.03,0.0152284263959
direct_mmr,bm25,14,100,6,94,94,194,0.06,0.0309278350515
direct_mmr,bm25,15,100,9,91,91,191,0.09,0.0471204188482
direct_mmr,bm25,16,100,14,86,86,186,0.14,0.0752688172043
direct_mmr,bm25,17,100,1,99,99,199,0.01,0.00502512562814
direct_mmr,bm25,18,100,1,99,99,199,0.01,0.00502512562814
direct_mmr,bm25,19,100,5,95,95,195,0.05,0.025641025641
direct_mmr,bm25,20,100,1,99,99,199,0.01,0.00502512562814
direct_mmr,bm25,21,100,4,96,96,196,0.04,0.0204081632653
direct_mmr,bm25,22,100,3,97,97,197,0.03,0.0152284263959
direct_mmr,bm25,23,100,2,98,98,198,0.02,0.010101010101
direct_mmr,bm25,24,100,3,97,97,197,0.03,0.0152284263959
direct_mmr,bm25,25,100,1,99,99,199,0.01,0.00502512562814
direct_mmr,bm25,26,100,0,100,100,200,0,0
direct_mmr,bm25,27,100,2,98,98,198,0.02,0.010101010101
direct_mmr,bm25,28,100,1,99,99,199,0.01,0.00502512562814
direct_mmr,bm25,29,100,1,99,99,199,0.01,0.00502512562814
direct_mmr,bm25,30,100,1,99,99,199,0.01,0.00502512562814
direct_mmr,bm25,31,100,4,96,96,196,0.04,0.0204081632653
direct_mmr,bm25,32,100,5,95,95,195,0.05,0.025641025641
direct_mmr,bm25,33,100,0,100,100,200,0,0
direct_mmr,bm25,34,100,8,92,92,192,0.08,0.0416666666667
direct_mmr,bm25,35,100,4,96,96,196,0.04,0.0204081632653
direct_mmr,bm25,36,100,0,100,100,200,0,0
direct_mmr,bm25,37,100,1,99,99,199,0.01,0.00502512562814
direct_mmr,bm25,38,100,4,96,96,196,0.04,0.0204081632653
direct_mmr,bm25,39,100,2,98,98,198,0.02,0.010101010101
direct_mmr,bm25,40,100,0,100,100,200,0,0
direct_mmr,bm25,41,100,6,94,94,194,0.06,0.0309278350515
direct_mmr,bm25,42,100,1,99,99,199,0.01,0.00502512562814
direct_mmr,bm25,43,100,6,94,94,194,0.06,0.0309278350515
direct_mmr,bm25,44,100,2,98,98,198,0.02,0.010101010101
direct_mmr,bm25,45,100,1,99,99,199,0.01,0.00502512562814
direct_mmr,bm25,46,100,8,92,92,192,0.08,0.0416666666667
direct_mmr,bm25,47,100,2,98,98,198,0.02,0.010101010101
direct_mmr,bm25,48,100,2,98,98,198,0.02,0.010101010101
direct_mmr,bm25,49,100,1,99,99,199,0.01,0.00502512562814
direct_mmr,bm25,50,100,4,96,96,196,0.04,0.0204081632653
direct_mmr,bm25,1,1000,231,769,769,1769,0.231,0.130582249859
direct_mmr,bm25,2,1000,171,829,829,1829,0.171,0.0934937124112
direct_mmr,bm25,3,1000,241,759,759,1759,0.241,0.137009664582
direct_mmr,bm25,4,1000,210,790,790,1790,0.21,0.117318435754
direct_mmr,bm25,5,1000,184,816,816,1816,0.184,0.101321585903
direct_mmr,bm25,6,1000,213,787,787,1787,0.213,0.11919418019
direct_mmr,bm25,7,1000,176,824,824,1824,0.176,0.0964912280702
direct_mmr,bm25,8,1000,189,811,811,1811,0.189,0.104362230812
direct_mmr,bm25,9,1000,339,661,661,1661,0.339,0.204093919326
direct_mmr,bm25,10,1000,258,742,742,1742,0.258,0.148105625718
direct_mmr,bm25,11,1000,218,782,782,1782,0.218,0.122334455668
direct_mmr,bm25,12,1000,215,785,785,1785,0.215,0.120448179272
direct_mmr,bm25,13,1000,231,769,769,1769,0.231,0.130582249859
direct_mmr,bm25,14,1000,141,859,859,1859,0.141,0.0758472296934
direct_mmr,bm25,15,1000,146,854,854,1854,0.146,0.0787486515642
direct_mmr,bm25,16,1000,204,796,796,1796,0.204,0.113585746102
direct_mmr,bm25,17,1000,234,766,766,1766,0.234,0.132502831257
direct_mmr,bm25,18,1000,259,741,741,1741,0.259,0.148765077542
direct_mmr,bm25,19,1000,241,759,759,1759,0.241,0.137009664582
direct_mmr,bm25,20,1000,269,731,731,1731,0.269,0.155401502022
direct_mmr,bm25,21,1000,196,804,804,1804,0.196,0.108647450111
direct_mmr,bm25,22,1000,246,754,754,1754,0.246,0.140250855188
direct_mmr,bm25,23,1000,238,762,762,1762,0.238,0.135073779796
direct_mmr,bm25,24,1000,265,735,735,1735,0.265,0.152737752161
direct_mmr,bm25,25,1000,185,815,815,1815,0.185,0.101928374656
direct_mmr,bm25,26,1000,201,799,799,1799,0.201,0.111728738188
direct_mmr,bm25,27,1000,205,795,795,1795,0.205,0.114206128134
direct_mmr,bm25,28,1000,239,761,761,1761,0.239,0.135718341851
direct_mmr,bm25,29,1000,246,754,754,1754,0.246,0.140250855188
direct_mmr,bm25,30,1000,242,758,758,1758,0.242,0.137656427759
direct_mmr,bm25,31,1000,287,713,713,1713,0.287,0.167542323409
direct_mmr,bm25,32,1000,116,884,884,1884,0.116,0.0615711252654
direct_mmr,bm25,33,1000,203,797,797,1797,0.203,0.112966054535
direct_mmr,bm25,34,1000,199,801,801,1801,0.199,0.110494169906
direct_mmr,bm25,35,1000,217,783,783,1783,0.217,0.121704991587
direct_mmr,bm25,36,1000,201,799,799,1799,0.201,0.111728738188
direct_mmr,bm25,37,1000,230,770,770,1770,0.23,0.129943502825
direct_mmr,bm25,38,1000,259,741,741,1741,0.259,0.148765077542
direct_mmr,bm25,39,1000,229,771,771,1771,0.229,0.129305477132
direct_mmr,bm25,40,1000,302,698,698,1698,0.302,0.177856301531
direct_mmr,bm25,41,1000,230,770,770,1770,0.23,0.129943502825
direct_mmr,bm25,42,1000,286,714,714,1714,0.286,0.166861143524
direct_mmr,bm25,43,1000,177,823,823,1823,0.177,0.0970927043335
direct_mmr,bm25,44,1000,248,752,752,1752,0.248,0.141552511416
direct_mmr,bm25,45,1000,214,786,786,1786,0.214,0.119820828667
direct_mmr,bm25,46,1000,211,789,789,1789,0.211,0.117942984908
direct_mmr,bm25,47,1000,235,765,765,1765,0.235,0.133144475921
direct_mmr,bm25,48,1000,270,730,730,1730,0.27,0.156069364162
direct_mmr,bm25,49,1000,196,804,804,1804,0.196,0.108647450111
direct_mmr,bm25,50,1000,219,781,781,1781,0.219,0.122964626614
direct_mmr_rerank,bm25,1,20,3,17,17,37,0.15,0.0810810810811
direct_mmr_rerank,bm25,2,20,3,17,17,37,0.15,0.0810810810811
direct_mmr_rerank,bm25,3,20,0,20,20,40,0,0
direct_mmr_rerank,bm25,4,20,0,20,20,40,0,0
direct_mmr_rerank,bm25,5,20,0,20,20,40,0,0
direct_mmr_rerank,bm25,6,20,0,20,20,40,0,0
direct_mmr_rerank,bm25,7,20,0,20,20,40,0,0
direct_mmr_rerank,bm25,8,20,1,19,19,39,0.05,0.025641025641
direct_mmr_rerank,bm25,9,20,0,20,20,40,0,0
direct_mmr_rerank,bm25,10,20,0,20,20,40,0,0
direct_mmr_rerank,bm25,11,20,1,19,19,39,0.05,0.025641025641
direct_mmr_rerank,bm25,12,20,0,20,20,40,0,0
direct_mmr_rerank,bm25,13,20,0,20,20,40,0,0
direct_mmr_rerank,bm25,14,20,1,19,19,39,0.05,0.025641025641
direct_mmr_rerank,bm25,15,20,4,16,16,36,0.2,0.111111111111
direct_mmr_rerank,bm25,16,20,1,19,19,39,0.05,0.025641025641
direct_mmr_rerank,bm25,17,20,0,20,20,40,0,0
direct_mmr_rerank,bm25,18,20,0,20,20,40,0,0
direct_mmr_rerank,bm25,19,20,0,20,20,40,0,0
direct_mmr_rerank,bm25,20,20,1,19,19,39,0.05,0.025641025641
direct_mmr_rerank,bm25,21,20,1,19,19,39,0.05,0.025641025641
direct_mmr_rerank,bm25,22,20,0,20,20,40,0,0
direct_mmr_rerank,bm25,23,20,1,19,19,39,0.05,0.025641025641
direct_mmr_rerank,bm25,24,20,1,19,19,39,0.05,0.025641025641
direct_mmr_rerank,bm25,25,20,0,20,20,40,0,0
direct_mmr_rerank,bm25,26,20,0,20,20,40,0,0
direct_mmr_rerank,bm25,27,20,2,18,18,38,0.1,0.0526315789474
direct_mmr_rerank,bm25,28,20,0,20,20,40,0,0
direct_mmr_rerank,bm25,29,20,0,20,20,40,0,0
direct_mmr_rerank,bm25,30,20,0,20,20,40,0,0
direct_mmr_rerank,bm25,31,20,1,19,19,39,0.05,0.025641025641
direct_mmr_rerank,bm25,32,20,4,16,16,36,0.2,0.111111111111
direct_mmr_rerank,bm25,33,20,0,20,20,40,0,0
direct_mmr_rerank,bm25,34,20,2,18,18,38,0.1,0.0526315789474
direct_mmr_rerank,bm25,35,20,0,20,20,40,0,0
direct_mmr_rerank,bm25,36,20,0,20,20,40,0,0
direct_mmr_rerank,bm25,37,20,0,20,20,40,0,0
direct_mmr_rerank,bm25,38,20,0,20,20,40,0,0
direct_mmr_rerank,bm25,39,20,0,20,20,40,0,0
direct_mmr_rerank,bm25,40,20,0,20,20,40,0,0
direct_mmr_rerank,bm25,41,20,2,18,18,38,0.1,0.0526315789474
direct_mmr_rerank,bm25,42,20,1,19,19,39,0.05,0.025641025641
direct_mmr_rerank,bm25,43,20,3,17,17,37,0.15,0.0810810810811
direct_mmr_rerank,bm25,44,20,1,19,19,39,0.05,0.025641025641
direct_mmr_rerank,bm25,45,20,0,20,20,40,0,0
direct_mmr_rerank,bm25,46,20,0,20,20,40,0,0
direct_mmr_rerank,bm25,47,20,1,19,19,39,0.05,0.025641025641
direct_mmr_rerank,bm25,48,20,0,20,20,40,0,0
direct_mmr_rerank,bm25,49,20,1,19,19,39,0.05,0.025641025641
direct_mmr_rerank,bm25,50,20,2,18,18,38,0.1,0.0526315789474
direct_mmr_rerank,bm25,1,50,6,44,44,94,0.12,0.063829787234
direct_mmr_rerank,bm25,2,50,6,44,44,94,0.12,0.063829787234
direct_mmr_rerank,bm25,3,50,4,46,46,96,0.08,0.0416666666667
direct_mmr_rerank,bm25,4,50,0,50,50,100,0,0
direct_mmr_rerank,bm25,5,50,1,49,49,99,0.02,0.010101010101
direct_mmr_rerank,bm25,6,50,8,42,42,92,0.16,0.0869565217391
direct_mmr_rerank,bm25,7,50,3,47,47,97,0.06,0.0309278350515
direct_mmr_rerank,bm25,8,50,7,43,43,93,0.14,0.0752688172043
direct_mmr_rerank,bm25,9,50,3,47,47,97,0.06,0.0309278350515
direct_mmr_rerank,bm25,10,50,1,49,49,99,0.02,0.010101010101
direct_mmr_rerank,bm25,11,50,4,46,46,96,0.08,0.0416666666667
direct_mmr_rerank,bm25,12,50,2,48,48,98,0.04,0.0204081632653
direct_mmr_rerank,bm25,13,50,2,48,48,98,0.04,0.0204081632653
direct_mmr_rerank,bm25,14,50,6,44,44,94,0.12,0.063829787234
direct_mmr_rerank,bm25,15,50,8,42,42,92,0.16,0.0869565217391
direct_mmr_rerank,bm25,16,50,3,47,47,97,0.06,0.0309278350515
direct_mmr_rerank,bm25,17,50,2,48,48,98,0.04,0.0204081632653
direct_mmr_rerank,bm25,18,50,0,50,50,100,0,0
direct_mmr_rerank,bm25,19,50,3,47,47,97,0.06,0.0309278350515
direct_mmr_rerank,bm25,20,50,4,46,46,96,0.08,0.0416666666667
direct_mmr_rerank,bm25,21,50,3,47,47,97,0.06,0.0309278350515
direct_mmr_rerank,bm25,22,50,4,46,46,96,0.08,0.0416666666667
direct_mmr_rerank,bm25,23,50,4,46,46,96,0.08,0.0416666666667
direct_mmr_rerank,bm25,24,50,3,47,47,97,0.06,0.0309278350515
direct_mmr_rerank,bm25,25,50,2,48,48,98,0.04,0.0204081632653
direct_mmr_rerank,bm25,26,50,2,48,48,98,0.04,0.0204081632653
direct_mmr_rerank,bm25,27,50,2,48,48,98,0.04,0.0204081632653
direct_mmr_rerank,bm25,28,50,0,50,50,100,0,0
direct_mmr_rerank,bm25,29,50,4,46,46,96,0.08,0.0416666666667
direct_mmr_rerank,bm25,30,50,1,49,49,99,0.02,0.010101010101
direct_mmr_rerank,bm25,31,50,6,44,44,94,0.12,0.063829787234
direct_mmr_rerank,bm25,32,50,10,40,40,90,0.2,0.111111111111
direct_mmr_rerank,bm25,33,50,3,47,47,97,0.06,0.0309278350515
direct_mmr_rerank,bm25,34,50,4,46,46,96,0.08,0.0416666666667
direct_mmr_rerank,bm25,35,50,4,46,46,96,0.08,0.0416666666667
direct_mmr_rerank,bm25,36,50,1,49,49,99,0.02,0.010101010101
direct_mmr_rerank,bm25,37,50,0,50,50,100,0,0
direct_mmr_rerank,bm25,38,50,9,41,41,91,0.18,0.0989010989011
direct_mmr_rerank,bm25,39,50,1,49,49,99,0.02,0.010101010101
direct_mmr_rerank,bm25,40,50,1,49,49,99,0.02,0.010101010101
direct_mmr_rerank,bm25,41,50,3,47,47,97,0.06,0.0309278350515
direct_mmr_rerank,bm25,42,50,1,49,49,99,0.02,0.010101010101
direct_mmr_rerank,bm25,43,50,9,41,41,91,0.18,0.0989010989011
direct_mmr_rerank,bm25,44,50,2,48,48,98,0.04,0.0204081632653
direct_mmr_rerank,bm25,45,50,6,44,44,94,0.12,0.063829787234
direct_mmr_rerank,bm25,46,50,9,41,41,91,0.18,0.0989010989011
direct_mmr_rerank,bm25,47,50,9,41,41,91,0.18,0.0989010989011
direct_mmr_rerank,bm25,48,50,2,48,48,98,0.04,0.0204081632653
direct_mmr_rerank,bm25,49,50,3,47,47,97,0.06,0.0309278350515
direct_mmr_rerank,bm25,50,50,6,44,44,94,0.12,0.063829787234
direct_mmr_rerank,bm25,1,100,15,85,85,185,0.15,0.0810810810811
direct_mmr_rerank,bm25,2,100,20,80,80,180,0.2,0.111111111111
direct_mmr_rerank,bm25,3,100,15,85,85,185,0.15,0.0810810810811
direct_mmr_rerank,bm25,4,100,13,87,87,187,0.13,0.0695187165775
direct_mmr_rerank,bm25,5,100,3,97,97,197,0.03,0.0152284263959
direct_mmr_rerank,bm25,6,100,13,87,87,187,0.13,0.0695187165775
direct_mmr_rerank,bm25,7,100,14,86,86,186,0.14,0.0752688172043
direct_mmr_rerank,bm25,8,100,19,81,81,181,0.19,0.104972375691
direct_mmr_rerank,bm25,9,100,13,87,87,187,0.13,0.0695187165775
direct_mmr_rerank,bm25,10,100,7,93,93,193,0.07,0.0362694300518
direct_mmr_rerank,bm25,11,100,12,88,88,188,0.12,0.063829787234
direct_mmr_rerank,bm25,12,100,14,86,86,186,0.14,0.0752688172043
direct_mmr_rerank,bm25,13,100,7,93,93,193,0.07,0.0362694300518
direct_mmr_rerank,bm25,14,100,18,82,82,182,0.18,0.0989010989011
direct_mmr_rerank,bm25,15,100,15,85,85,185,0.15,0.0810810810811
direct_mmr_rerank,bm25,16,100,14,86,86,186,0.14,0.0752688172043
direct_mmr_rerank,bm25,17,100,8,92,92,192,0.08,0.0416666666667
direct_mmr_rerank,bm25,18,100,5,95,95,195,0.05,0.025641025641
direct_mmr_rerank,bm25,19,100,16,84,84,184,0.16,0.0869565217391
direct_mmr_rerank,bm25,20,100,8,92,92,192,0.08,0.0416666666667
direct_mmr_rerank,bm25,21,100,13,87,87,187,0.13,0.0695187165775
direct_mmr_rerank,bm25,22,100,15,85,85,185,0.15,0.0810810810811
direct_mmr_rerank,bm25,23,100,10,90,90,190,0.1,0.0526315789474
direct_mmr_rerank,bm25,24,100,11,89,89,189,0.11,0.0582010582011
direct_mmr_rerank,bm25,25,100,8,92,92,192,0.08,0.0416666666667
direct_mmr_rerank,bm25,26,100,8,92,92,192,0.08,0.0416666666667
direct_mmr_rerank,bm25,27,100,7,93,93,193,0.07,0.0362694300518
direct_mmr_rerank,bm25,28,100,4,96,96,196,0.04,0.0204081632653
direct_mmr_rerank,bm25,29,100,7,93,93,193,0.07,0.0362694300518
direct_mmr_rerank,bm25,30,100,9,91,91,191,0.09,0.0471204188482
direct_mmr_rerank,bm25,31,100,16,84,84,184,0.16,0.0869565217391
direct_mmr_rerank,bm25,32,100,15,85,85,185,0.15,0.0810810810811
direct_mmr_rerank,bm25,33,100,9,91,91,191,0.09,0.0471204188482
direct_mmr_rerank,bm25,34,100,18,82,82,182,0.18,0.0989010989011
direct_mmr_rerank,bm25,35,100,12,88,88,188,0.12,0.063829787234
direct_mmr_rerank,bm25,36,100,7,93,93,193,0.07,0.0362694300518
direct_mmr_rerank,bm25,37,100,6,94,94,194,0.06,0.0309278350515
direct_mmr_rerank,bm25,38,100,22,78,78,178,0.22,0.123595505618
direct_mmr_rerank,bm25,39,100,6,94,94,194,0.06,0.0309278350515
direct_mmr_rerank,bm25,40,100,6,94,94,194,0.06,0.0309278350515
direct_mmr_rerank,bm25,41,100,14,86,86,186,0.14,0.0752688172043
direct_mmr_rerank,bm25,42,100,9,91,91,191,0.09,0.0471204188482
direct_mmr_rerank,bm25,43,100,22,78,78,178,0.22,0.123595505618
direct_mmr_rerank,bm25,44,100,14,86,86,186,0.14,0.0752688172043
direct_mmr_rerank,bm25,45,100,9,91,91,191,0.09,0.0471204188482
direct_mmr_rerank,bm25,46,100,29,71,71,171,0.29,0.169590643275
direct_mmr_rerank,bm25,47,100,15,85,85,185,0.15,0.0810810810811
direct_mmr_rerank,bm25,48,100,9,91,91,191,0.09,0.0471204188482
direct_mmr_rerank,bm25,49,100,11,89,89,189,0.11,0.0582010582011
direct_mmr_rerank,bm25,50,100,16,84,84,184,0.16,0.0869565217391
direct_mmr_rerank,bm25,1,1000,754,246,246,1246,0.754,0.605136436597
direct_mmr_rerank,bm25,2,1000,449,551,551,1551,0.449,0.289490651193
direct_mmr_rerank,bm25,3,1000,767,233,233,1233,0.767,0.622060016221
direct_mmr_rerank,bm25,4,1000,797,203,203,1203,0.797,0.66251039069
direct_mmr_rerank,bm25,5,1000,765,235,235,1235,0.765,0.619433198381
direct_mmr_rerank,bm25,6,1000,657,343,343,1343,0.657,0.489203276247
direct_mmr_rerank,bm25,7,1000,775,225,225,1225,0.775,0.632653061224
direct_mmr_rerank,bm25,8,1000,594,406,406,1406,0.594,0.422475106686
direct_mmr_rerank,bm25,9,1000,752,248,248,1248,0.752,0.602564102564
direct_mmr_rerank,bm25,10,1000,791,209,209,1209,0.791,0.654259718776
direct_mmr_rerank,bm25,11,1000,800,200,200,1200,0.8,0.666666666667
direct_mmr_rerank,bm25,12,1000,729,271,271,1271,0.729,0.573564122738
direct_mmr_rerank,bm25,13,1000,744,256,256,1256,0.744,0.592356687898
direct_mmr_rerank,bm25,14,1000,320,680,680,1680,0.32,0.190476190476
direct_mmr_rerank,bm25,15,1000,418,582,582,1582,0.418,0.264222503161
direct_mmr_rerank,bm25,16,1000,586,414,414,1414,0.586,0.414427157001
direct_mmr_rerank,bm25,17,1000,812,188,188,1188,0.812,0.683501683502
direct_mmr_rerank,bm25,18,1000,819,181,181,1181,0.819,0.693480101609
direct_mmr_rerank,bm25,19,1000,598,402,402,1402,0.598,0.426533523538
direct_mmr_rerank,bm25,20,1000,840,160,160,1160,0.84,0.724137931034
direct_mmr_rerank,bm25,21,1000,688,312,312,1312,0.688,0.524390243902
direct_mmr_rerank,bm25,22,1000,785,215,215,1215,0.785,0.646090534979
direct_mmr_rerank,bm25,23,1000,735,265,265,1265,0.735,0.581027667984
direct_mmr_rerank,bm25,24,1000,709,291,291,1291,0.709,0.549186676995
direct_mmr_rerank,bm25,25,1000,746,254,254,1254,0.746,0.594896331738
direct_mmr_rerank,bm25,26,1000,776,224,224,1224,0.776,0.633986928105
direct_mmr_rerank,bm25,27,1000,910,90,90,1090,0.91,0.834862385321
direct_mmr_rerank,bm25,28,1000,830,170,170,1170,0.83,0.709401709402
direct_mmr_rerank,bm25,29,1000,809,191,191,1191,0.809,0.679261125105
direct_mmr_rerank,bm25,30,1000,759,241,241,1241,0.759,0.611603545528
direct_mmr_rerank,bm25,31,1000,744,256,256,1256,0.744,0.592356687898
direct_mmr_rerank,bm25,32,1000,426,574,574,1574,0.426,0.270648030496
direct_mmr_rerank,bm25,33,1000,685,315,315,1315,0.685,0.520912547529
direct_mmr_rerank,bm25,34,1000,583,417,417,1417,0.583,0.411432604093
direct_mmr_rerank,bm25,35,1000,751,249,249,1249,0.751,0.60128102482
direct_mmr_rerank,bm25,36,1000,861,139,139,1139,0.861,0.755926251097
direct_mmr_rerank,bm25,37,1000,840,160,160,1160,0.84,0.724137931034
direct_mmr_rerank,bm25,38,1000,691,309,309,1309,0.691,0.527883880825
direct_mmr_rerank,bm25,39,1000,889,111,111,1111,0.889,0.800180018002
direct_mmr_rerank,bm25,40,1000,717,283,283,1283,0.717,0.558846453624
direct_mmr_rerank,bm25,41,1000,642,358,358,1358,0.642,0.472754050074
direct_mmr_rerank,bm25,42,1000,766,234,234,1234,0.766,0.62074554295
direct_mmr_rerank,bm25,43,1000,453,547,547,1547,0.453,0.292824822237
direct_mmr_rerank,bm25,44,1000,710,290,290,1290,0.71,0.550387596899
direct_mmr_rerank,bm25,45,1000,795,205,205,1205,0.795,0.659751037344
direct_mmr_rerank,bm25,46,1000,687,313,313,1313,0.687,0.523229246002
direct_mmr_rerank,bm25,47,1000,622,378,378,1378,0.622,0.451378809869
direct_mmr_rerank,bm25,48,1000,781,219,219,1219,0.781,0.640689089418
direct_mmr_rerank,bm25,49,1000,676,324,324,1324,0.676,0.510574018127
direct_mmr_rerank,bm25,50,1000,765,235,235,1235,0.765,0.619433198381
query_expansion,bm25,1,20,14,6,6,26,0.7,0.538461538462
query_expansion,bm25,2,20,10,10,10,30,0.5,0.333333333333
query_expansion,bm25,3,20,12,8,8,28,0.6,0.428571428571
query_expansion,bm25,4,20,11,9,9,29,0.55,0.379310344828
query_expansion,bm25,5,20,11,9,9,29,0.55,0.379310344828
query_expansion,bm25,6,20,11,9,9,29,0.55,0.379310344828
query_expansion,bm25,7,20,13,7,7,27,0.65,0.481481481481
query_expansion,bm25,8,20,16,4,4,24,0.8,0.666666666667
query_expansion,bm25,9,20,9,11,11,31,0.45,0.290322580645
query_expansion,bm25,10,20,15,5,5,25,0.75,0.6
query_expansion,bm25,11,20,12,8,8,28,0.6,0.428571428571
query_expansion,bm25,12,20,10,10,10,30,0.5,0.333333333333
query_expansion,bm25,13,20,16,4,4,24,0.8,0.666666666667
query_expansion,bm25,14,20,17,3,3,23,0.85,0.739130434783
query_expansion,bm25,15,20,8,12,12,32,0.4,0.25
query_expansion,bm25,16,20,4,16,16,36,0.2,0.111111111111
query_expansion,bm25,17,20,10,10,10,30,0.5,0.333333333333
query_expansion,bm25,18,20,12,8,8,28,0.6,0.428571428571
query_expansion,bm25,19,20,14,6,6,26,0.7,0.538461538462
query_expansion,bm25,20,20,16,4,4,24,0.8,0.666666666667
query_expansion,bm25,21,20,11,9,9,29,0.55,0.379310344828
query_expansion,bm25,22,20,17,3,3,23,0.85,0.739130434783
query_expansion,bm25,23,20,12,8,8,28,0.6,0.428571428571
query_expansion,bm25,24,20,9,11,11,31,0.45,0.290322580645
query_expansion,bm25,25,20,6,14,14,34,0.3,0.176470588235
query_expansion,bm25,26,20,16,4,4,24,0.8,0.666666666667
query_expansion,bm25,27,20,6,14,14,34,0.3,0.176470588235
query_expansion,bm25,28,20,10,10,10,30,0.5,0.333333333333
query_expansion,bm25,29,20,14,6,6,26,0.7,0.538461538462
query_expansion,bm25,30,20,14,6,6,26,0.7,0.538461538462
query_expansion,bm25,31,20,15,5,5,25,0.75,0.6
query_expansion,bm25,32,20,13,7,7,27,0.65,0.481481481481
query_expansion,bm25,33,20,13,7,7,27,0.65,0.481481481481
query_expansion,bm25,34,20,9,11,11,31,0.45,0.290322580645
query_expansion,bm25,35,20,9,11,11,31,0.45,0.290322580645
query_expansion,bm25,36,20,14,6,6,26,0.7,0.538461538462
query_expansion,bm25,37,20,15,5,5,25,0.75,0.6
query_expansion,bm25,38,20,11,9,9,29,0.55,0.379310344828
query_expansion,bm25,39,20,14,6,6,26,0.7,0.538461538462
query_expansion,bm25,40,20,14,6,6,26,0.7,0.538461538462
query_expansion,bm25,41,20,10,10,10,30,0.5,0.333333333333
query_expansion,bm25,42,20,12,8,8,28,0.6,0.428571428571
query_expansion,bm25,43,20,13,7,7,27,0.65,0.481481481481
query_expansion,bm25,44,20,11,9,9,29,0.55,0.379310344828
query_expansion,bm25,45,20,9,11,11,31,0.45,0.290322580645
query_expansion,bm25,46,20,12,8,8,28,0.6,0.428571428571
query_expansion,bm25,47,20,7,13,13,33,0.35,0.212121212121
query_expansion,bm25,48,20,12,8,8,28,0.6,0.428571428571
query_expansion,bm25,49,20,9,11,11,31,0.45,0.290322580645
query_expansion,bm25,50,20,13,7,7,27,0.65,0.481481481481
query_expansion,bm25,1,50,27,23,23,73,0.54,0.369863013699
query_expansion,bm25,2,50,33,17,17,67,0.66,0.492537313433
query_expansion,bm25,3,50,29,21,21,71,0.58,0.408450704225
query_expansion,bm25,4,50,34,16,16,66,0.68,0.515151515152
query_expansion,bm25,5,50,22,28,28,78,0.44,0.282051282051
query_expansion,bm25,6,50,25,25,25,75,0.5,0.333333333333
query_expansion,bm25,7,50,32,18,18,68,0.64,0.470588235294
query_expansion,bm25,8,50,28,22,22,72,0.56,0.388888888889
query_expansion,bm25,9,50,30,20,20,70,0.6,0.428571428571
query_expansion,bm25,10,50,29,21,21,71,0.58,0.408450704225
query_expansion,bm25,11,50,34,16,16,66,0.68,0.515151515152
query_expansion,bm25,12,50,26,24,24,74,0.52,0.351351351351
query_expansion,bm25,13,50,38,12,12,62,0.76,0.612903225806
query_expansion,bm25,14,50,43,7,7,57,0.86,0.754385964912
query_expansion,bm25,15,50,16,34,34,84,0.32,0.190476190476
query_expansion,bm25,16,50,15,35,35,85,0.3,0.176470588235
query_expansion,bm25,17,50,20,30,30,80,0.4,0.25
query_expansion,bm25,18,50,31,19,19,69,0.62,0.449275362319
query_expansion,bm25,19,50,40,10,10,60,0.8,0.666666666667
query_expansion,bm25,20,50,30,20,20,70,0.6,0.428571428571
query_expansion,bm25,21,50,33,17,17,67,0.66,0.492537313433
query_expansion,bm25,22,50,35,15,15,65,0.7,0.538461538462
query_expansion,bm25,23,50,30,20,20,70,0.6,0.428571428571
query_expansion,bm25,24,50,30,20,20,70,0.6,0.428571428571
query_expansion,bm25,25,50,15,35,35,85,0.3,0.176470588235
query_expansion,bm25,26,50,31,19,19,69,0.62,0.449275362319
query_expansion,bm25,27,50,18,32,32,82,0.36,0.219512195122
query_expansion,bm25,28,50,29,21,21,71,0.58,0.408450704225
query_expansion,bm25,29,50,37,13,13,63,0.74,0.587301587302
query_expansion,bm25,30,50,34,16,16,66,0.68,0.515151515152
query_expansion,bm25,31,50,28,22,22,72,0.56,0.388888888889
query_expansion,bm25,32,50,23,27,27,77,0.46,0.298701298701
query_expansion,bm25,33,50,32,18,18,68,0.64,0.470588235294
query_expansion,bm25,34,50,20,30,30,80,0.4,0.25
query_expansion,bm25,35,50,34,16,16,66,0.68,0.515151515152
query_expansion,bm25,36,50,37,13,13,63,0.74,0.587301587302
query_expansion,bm25,37,50,38,12,12,62,0.76,0.612903225806
query_expansion,bm25,38,50,24,26,26,76,0.48,0.315789473684
query_expansion,bm25,39,50,36,14,14,64,0.72,0.5625
query_expansion,bm25,40,50,39,11,11,61,0.78,0.639344262295
query_expansion,bm25,41,50,33,17,17,67,0.66,0.492537313433
query_expansion,bm25,42,50,31,19,19,69,0.62,0.449275362319
query_expansion,bm25,43,50,33,17,17,67,0.66,0.492537313433
query_expansion,bm25,44,50,29,21,21,71,0.58,0.408450704225
query_expansion,bm25,45,50,24,26,26,76,0.48,0.315789473684
query_expansion,bm25,46,50,39,11,11,61,0.78,0.639344262295
query_expansion,bm25,47,50,21,29,29,79,0.42,0.26582278481
query_expansion,bm25,48,50,24,26,26,76,0.48,0.315789473684
query_expansion,bm25,49,50,17,33,33,83,0.34,0.204819277108
query_expansion,bm25,50,50,20,30,30,80,0.4,0.25
query_expansion,bm25,1,100,54,46,46,146,0.54,0.369863013699
query_expansion,bm25,2,100,70,30,30,130,0.7,0.538461538462
query_expansion,bm25,3,100,63,37,37,137,0.63,0.459854014599
query_expansion,bm25,4,100,65,35,35,135,0.65,0.481481481481
query_expansion,bm25,5,100,46,54,54,154,0.46,0.298701298701
query_expansion,bm25,6,100,50,50,50,150,0.5,0.333333333333
query_expansion,bm25,7,100,63,37,37,137,0.63,0.459854014599
query_expansion,bm25,8,100,54,46,46,146,0.54,0.369863013699
query_expansion,bm25,9,100,69,31,31,131,0.69,0.526717557252
query_expansion,bm25,10,100,66,34,34,134,0.66,0.492537313433
query_expansion,bm25,11,100,77,23,23,123,0.77,0.626016260163
query_expansion,bm25,12,100,55,45,45,145,0.55,0.379310344828
query_expansion,bm25,13,100,65,35,35,135,0.65,0.481481481481
query_expansion,bm25,14,100,80,20,20,120,0.8,0.666666666667
query_expansion,bm25,15,100,37,63,63,163,0.37,0.226993865031
query_expansion,bm25,16,100,32,68,68,168,0.32,0.190476190476
query_expansion,bm25,17,100,51,49,49,149,0.51,0.342281879195
query_expansion,bm25,18,100,59,41,41,141,0.59,0.418439716312
query_expansion,bm25,19,100,66,34,34,134,0.66,0.492537313433
query_expansion,bm25,20,100,64,36,36,136,0.64,0.470588235294
query_expansion,bm25,21,100,65,35,35,135,0.65,0.481481481481
query_expansion,bm25,22,100,65,35,35,135,0.65,0.481481481481
query_expansion,bm25,23,100,57,43,43,143,0.57,0.398601398601
query_expansion,bm25,24,100,60,40,40,140,0.6,0.428571428571
query_expansion,bm25,25,100,39,61,61,161,0.39,0.242236024845
query_expansion,bm25,26,100,67,33,33,133,0.67,0.503759398496
query_expansion,bm25,27,100,57,43,43,143,0.57,0.398601398601
query_expansion,bm25,28,100,76,24,24,124,0.76,0.612903225806
query_expansion,bm25,29,100,78,22,22,122,0.78,0.639344262295
query_expansion,bm25,30,100,65,35,35,135,0.65,0.481481481481
query_expansion,bm25,31,100,57,43,43,143,0.57,0.398601398601
query_expansion,bm25,32,100,32,68,68,168,0.32,0.190476190476
query_expansion,bm25,33,100,70,30,30,130,0.7,0.538461538462
query_expansion,bm25,34,100,41,59,59,159,0.41,0.25786163522
query_expansion,bm25,35,100,61,39,39,139,0.61,0.438848920863
query_expansion,bm25,36,100,68,32,32,132,0.68,0.515151515152
query_expansion,bm25,37,100,73,27,27,127,0.73,0.574803149606
query_expansion,bm25,38,100,56,44,44,144,0.56,0.388888888889
query_expansion,bm25,39,100,66,34,34,134,0.66,0.492537313433
query_expansion,bm25,40,100,85,15,15,115,0.85,0.739130434783
query_expansion,bm25,41,100,73,27,27,127,0.73,0.574803149606
query_expansion,bm25,42,100,59,41,41,141,0.59,0.418439716312
query_expansion,bm25,43,100,71,29,29,129,0.71,0.550387596899
query_expansion,bm25,44,100,55,45,45,145,0.55,0.379310344828
query_expansion,bm25,45,100,59,41,41,141,0.59,0.418439716312
query_expansion,bm25,46,100,59,41,41,141,0.59,0.418439716312
query_expansion,bm25,47,100,38,62,62,162,0.38,0.234567901235
query_expansion,bm25,48,100,50,50,50,150,0.5,0.333333333333
query_expansion,bm25,49,100,39,61,61,161,0.39,0.242236024845
query_expansion,bm25,50,100,52,48,48,148,0.52,0.351351351351
query_expansion,bm25,1,1000,714,286,286,1286,0.714,0.555209953344
query_expansion,bm25,2,1000,518,482,482,1482,0.518,0.349527665317
query_expansion,bm25,3,1000,671,329,329,1329,0.671,0.50489089541
query_expansion,bm25,4,1000,662,338,338,1338,0.662,0.494768310912
query_expansion,bm25,5,1000,583,417,417,1417,0.583,0.411432604093
query_expansion,bm25,6,1000,583,417,417,1417,0.583,0.411432604093
query_expansion,bm25,7,1000,668,332,332,1332,0.668,0.501501501502
query_expansion,bm25,8,1000,553,447,447,1447,0.553,0.382170006911
query_expansion,bm25,9,1000,761,239,239,1239,0.761,0.614205004036
query_expansion,bm25,10,1000,725,275,275,1275,0.725,0.56862745098
query_expansion,bm25,11,1000,714,286,286,1286,0.714,0.555209953344
query_expansion,bm25,12,1000,601,399,399,1399,0.601,0.429592566119
query_expansion,bm25,13,1000,701,299,299,1299,0.701,0.539645881447
query_expansion,bm25,14,1000,344,656,656,1656,0.344,0.207729468599
query_expansion,bm25,15,1000,456,544,544,1544,0.456,0.295336787565
query_expansion,bm25,16,1000,537,463,463,1463,0.537,0.367053998633
query_expansion,bm25,17,1000,657,343,343,1343,0.657,0.489203276247
query_expansion,bm25,18,1000,632,368,368,1368,0.632,0.461988304094
query_expansion,bm25,19,1000,570,430,430,1430,0.57,0.398601398601
query_expansion,bm25,20,1000,729,271,271,1271,0.729,0.573564122738
query_expansion,bm25,21,1000,545,455,455,1455,0.545,0.374570446735
query_expansion,bm25,22,1000,652,348,348,1348,0.652,0.483679525223
query_expansion,bm25,23,1000,622,378,378,1378,0.622,0.451378809869
query_expansion,bm25,24,1000,574,426,426,1426,0.574,0.40252454418
query_expansion,bm25,25,1000,644,356,356,1356,0.644,0.474926253687
query_expansion,bm25,26,1000,682,318,318,1318,0.682,0.517450682853
query_expansion,bm25,27,1000,768,232,232,1232,0.768,0.623376623377
query_expansion,bm25,28,1000,681,319,319,1319,0.681,0.516300227445
query_expansion,bm25,29,1000,667,333,333,1333,0.667,0.500375093773
query_expansion,bm25,30,1000,633,367,367,1367,0.633,0.463057790783
query_expansion,bm25,31,1000,721,279,279,1279,0.721,0.563721657545
query_expansion,bm25,32,1000,455,545,545,1545,0.455,0.294498381877
query_expansion,bm25,33,1000,581,419,419,1419,0.581,0.409443269908
query_expansion,bm25,34,1000,603,397,397,1397,0.603,0.431639226915
query_expansion,bm25,35,1000,602,398,398,1398,0.602,0.430615164521
query_expansion,bm25,36,1000,687,313,313,1313,0.687,0.523229246002
query_expansion,bm25,37,1000,707,293,293,1293,0.707,0.546790409899
query_expansion,bm25,38,1000,575,425,425,1425,0.575,0.40350877193
query_expansion,bm25,39,1000,786,214,214,1214,0.786,0.64744645799
query_expansion,bm25,40,1000,654,346,346,1346,0.654,0.48588410104
query_expansion,bm25,41,1000,524,476,476,1476,0.524,0.355013550136
query_expansion,bm25,42,1000,629,371,371,1371,0.629,0.45878920496
query_expansion,bm25,43,1000,421,579,579,1579,0.421,0.266624445852
query_expansion,bm25,44,1000,575,425,425,1425,0.575,0.40350877193
query_expansion,bm25,45,1000,660,340,340,1340,0.66,0.492537313433
query_expansion,bm25,46,1000,537,463,463,1463,0.537,0.367053998633
query_expansion,bm25,47,1000,562,438,438,1438,0.562,0.390820584145
query_expansion,bm25,48,1000,749,251,251,1251,0.749,0.598721023181
query_expansion,bm25,49,1000,472,528,528,1528,0.472,0.30890052356
query_expansion,bm25,50,1000,613,387,387,1387,0.613,0.441961067051
retrieval_random,bm25,1,20,1,19,19,39,0.05,0.025641025641
retrieval_random,bm25,2,20,2,18,18,38,0.1,0.0526315789474
retrieval_random,bm25,3,20,3,17,17,37,0.15,0.0810810810811
retrieval_random,bm25,4,20,8,12,12,32,0.4,0.25
retrieval_random,bm25,5,20,4,16,16,36,0.2,0.111111111111
retrieval_random,bm25,6,20,3,17,17,37,0.15,0.0810810810811
retrieval_random,bm25,7,20,4,16,16,36,0.2,0.111111111111
retrieval_random,bm25,8,20,2,18,18,38,0.1,0.0526315789474
retrieval_random,bm25,9,20,5,15,15,35,0.25,0.142857142857
retrieval_random,bm25,10,20,3,17,17,37,0.15,0.0810810810811
retrieval_random,bm25,11,20,7,13,13,33,0.35,0.212121212121
retrieval_random,bm25,12,20,3,17,17,37,0.15,0.0810810810811
retrieval_random,bm25,13,20,6,14,14,34,0.3,0.176470588235
retrieval_random,bm25,14,20,8,12,12,32,0.4,0.25
retrieval_random,bm25,15,20,4,16,16,36,0.2,0.111111111111
retrieval_random,bm25,16,20,1,19,19,39,0.05,0.025641025641
retrieval_random,bm25,17,20,2,18,18,38,0.1,0.0526315789474
retrieval_random,bm25,18,20,7,13,13,33,0.35,0.212121212121
retrieval_random,bm25,19,20,4,16,16,36,0.2,0.111111111111
retrieval_random,bm25,20,20,8,12,12,32,0.4,0.25
retrieval_random,bm25,21,20,6,14,14,34,0.3,0.176470588235
retrieval_random,bm25,22,20,2,18,18,38,0.1,0.0526315789474
retrieval_random,bm25,23,20,5,15,15,35,0.25,0.142857142857
retrieval_random,bm25,24,20,4,16,16,36,0.2,0.111111111111
retrieval_random,bm25,25,20,0,20,20,40,0,0
retrieval_random,bm25,26,20,4,16,16,36,0.2,0.111111111111
retrieval_random,bm25,27,20,2,18,18,38,0.1,0.0526315789474
retrieval_random,bm25,28,20,4,16,16,36,0.2,0.111111111111
retrieval_random,bm25,29,20,2,18,18,38,0.1,0.0526315789474
retrieval_random,bm25,30,20,6,14,14,34,0.3,0.176470588235
retrieval_random,bm25,31,20,5,15,15,35,0.25,0.142857142857
retrieval_random,bm25,32,20,4,16,16,36,0.2,0.111111111111
retrieval_random,bm25,33,20,2,18,18,38,0.1,0.0526315789474
retrieval_random,bm25,34,20,4,16,16,36,0.2,0.111111111111
retrieval_random,bm25,35,20,6,14,14,34,0.3,0.176470588235
retrieval_random,bm25,36,20,5,15,15,35,0.25,0.142857142857
retrieval_random,bm25,37,20,3,17,17,37,0.15,0.0810810810811
retrieval_random,bm25,38,20,6,14,14,34,0.3,0.176470588235
retrieval_random,bm25,39,20,3,17,17,37,0.15,0.0810810810811
retrieval_random,bm25,40,20,4,16,16,36,0.2,0.111111111111
retrieval_random,bm25,41,20,6,14,14,34,0.3,0.176470588235
retrieval_random,bm25,42,20,2,18,18,38,0.1,0.0526315789474
retrieval_random,bm25,43,20,4,16,16,36,0.2,0.111111111111
retrieval_random,bm25,44,20,4,16,16,36,0.2,0.111111111111
retrieval_random,bm25,45,20,7,13,13,33,0.35,0.212121212121
retrieval_random,bm25,46,20,3,17,17,37,0.15,0.0810810810811
retrieval_random,bm25,47,20,1,19,19,39,0.05,0.025641025641
retrieval_random,bm25,48,20,4,16,16,36,0.2,0.111111111111
retrieval_random,bm25,49,20,3,17,17,37,0.15,0.0810810810811
retrieval_random,bm25,50,20,6,14,14,34,0.3,0.176470588235
retrieval_random,bm25,1,50,5,45,45,95,0.1,0.0526315789474
retrieval_random,bm25,2,50,8,42,42,92,0.16,0.0869565217391
retrieval_random,bm25,3,50,7,43,43,93,0.14,0.0752688172043
retrieval_random,bm25,4,50,14,36,36,86,0.28,0.162790697674
retrieval_random,bm25,5,50,7,43,43,93,0.14,0.0752688172043
retrieval_random,bm25,6,50,8,42,42,92,0.16,0.0869565217391
retrieval_random,bm25,7,50,13,37,37,87,0.26,0.149425287356
retrieval_random,bm25,8,50,9,41,41,91,0.18,0.0989010989011
retrieval_random,bm25,9,50,16,34,34,84,0.32,0.190476190476
retrieval_random,bm25,10,50,13,37,37,87,0.26,0.149425287356
retrieval_random,bm25,11,50,14,36,36,86,0.28,0.162790697674
retrieval_random,bm25,12,50,9,41,41,91,0.18,0.0989010989011
retrieval_random,bm25,13,50,9,41,41,91,0.18,0.0989010989011
retrieval_random,bm25,14,50,14,36,36,86,0.28,0.162790697674
retrieval_random,bm25,15,50,5,45,45,95,0.1,0.0526315789474
retrieval_random,bm25,16,50,5,45,45,95,0.1,0.0526315789474
retrieval_random,bm25,17,50,10,40,40,90,0.2,0.111111111111
retrieval_random,bm25,18,50,15,35,35,85,0.3,0.176470588235
retrieval_random,bm25,19,50,9,41,41,91,0.18,0.0989010989011
retrieval_random,bm25,20,50,14,36,36,86,0.28,0.162790697674
retrieval_random,bm25,21,50,12,38,38,88,0.24,0.136363636364
retrieval_random,bm25,22,50,7,43,43,93,0.14,0.0752688172043
retrieval_random,bm25,23,50,8,42,42,92,0.16,0.0869565217391
retrieval_random,bm25,24,50,9,41,41,91,0.18,0.0989010989011
retrieval_random,bm25,25,50,3,47,47,97,0.06,0.0309278350515
retrieval_random,bm25,26,50,11,39,39,89,0.22,0.123595505618
retrieval_random,bm25,27,50,9,41,41,91,0.18,0.0989010989011
retrieval_random,bm25,28,50,9,41,41,91,0.18,0.0989010989011
retrieval_random,bm25,29,50,4,46,46,96,0.08,0.0416666666667
retrieval_random,bm25,30,50,11,39,39,89,0.22,0.123595505618
retrieval_random,bm25,31,50,11,39,39,89,0.22,0.123595505618
retrieval_random,bm25,32,50,8,42,42,92,0.16,0.0869565217391
retrieval_random,bm25,33,50,11,39,39,89,0.22,0.123595505618
retrieval_random,bm25,34,50,9,41,41,91,0.18,0.0989010989011
retrieval_random,bm25,35,50,12,38,38,88,0.24,0.136363636364
retrieval_random,bm25,36,50,11,39,39,89,0.22,0.123595505618
retrieval_random,bm25,37,50,12,38,38,88,0.24,0.136363636364
retrieval_random,bm25,38,50,14,36,36,86,0.28,0.162790697674
retrieval_random,bm25,39,50,14,36,36,86,0.28,0.162790697674
retrieval_random,bm25,40,50,11,39,39,89,0.22,0.123595505618
retrieval_random,bm25,41,50,9,41,41,91,0.18,0.0989010989011
retrieval_random,bm25,42,50,15,35,35,85,0.3,0.176470588235
retrieval_random,bm25,43,50,14,36,36,86,0.28,0.162790697674
retrieval_random,bm25,44,50,7,43,43,93,0.14,0.0752688172043
retrieval_random,bm25,45,50,12,38,38,88,0.24,0.136363636364
retrieval_random,bm25,46,50,8,42,42,92,0.16,0.0869565217391
retrieval_random,bm25,47,50,5,45,45,95,0.1,0.0526315789474
retrieval_random,bm25,48,50,8,42,42,92,0.16,0.0869565217391
retrieval_random,bm25,49,50,5,45,45,95,0.1,0.0526315789474
retrieval_random,bm25,50,50,9,41,41,91,0.18,0.0989010989011
retrieval_random,bm25,1,100,13,87,87,187,0.13,0.0695187165775
retrieval_random,bm25,2,100,17,83,83,183,0.17,0.0928961748634
retrieval_random,bm25,3,100,17,83,83,183,0.17,0.0928961748634
retrieval_random,bm25,4,100,22,78,78,178,0.22,0.123595505618
retrieval_random,bm25,5,100,16,84,84,184,0.16,0.0869565217391
retrieval_random,bm25,6,100,18,82,82,182,0.18,0.0989010989011
retrieval_random,bm25,7,100,23,77,77,177,0.23,0.129943502825
retrieval_random,bm25,8,100,21,79,79,179,0.21,0.117318435754
retrieval_random,bm25,9,100,25,75,75,175,0.25,0.142857142857
retrieval_random,bm25,10,100,22,78,78,178,0.22,0.123595505618
retrieval_random,bm25,11,100,27,73,73,173,0.27,0.156069364162
retrieval_random,bm25,12,100,15,85,85,185,0.15,0.0810810810811
retrieval_random,bm25,13,100,21,79,79,179,0.21,0.117318435754
retrieval_random,bm25,14,100,23,77,77,177,0.23,0.129943502825
retrieval_random,bm25,15,100,7,93,93,193,0.07,0.0362694300518
retrieval_random,bm25,16,100,11,89,89,189,0.11,0.0582010582011
retrieval_random,bm25,17,100,19,81,81,181,0.19,0.104972375691
retrieval_random,bm25,18,100,23,77,77,177,0.23,0.129943502825
retrieval_random,bm25,19,100,16,84,84,184,0.16,0.0869565217391
retrieval_random,bm25,20,100,25,75,75,175,0.25,0.142857142857
retrieval_random,bm25,21,100,24,76,76,176,0.24,0.136363636364
retrieval_random,bm25,22,100,15,85,85,185,0.15,0.0810810810811
retrieval_random,bm25,23,100,18,82,82,182,0.18,0.0989010989011
retrieval_random,bm25,24,100,18,82,82,182,0.18,0.0989010989011
retrieval_random,bm25,25,100,11,89,89,189,0.11,0.0582010582011
retrieval_random,bm25,26,100,22,78,78,178,0.22,0.123595505618
retrieval_random,bm25,27,100,17,83,83,183,0.17,0.0928961748634
retrieval_random,bm25,28,100,15,85,85,185,0.15,0.0810810810811
retrieval_random,bm25,29,100,17,83,83,183,0.17,0.0928961748634
retrieval_random,bm25,30,100,22,78,78,178,0.22,0.123595505618
retrieval_random,bm25,31,100,25,75,75,175,0.25,0.142857142857
retrieval_random,bm25,32,100,12,88,88,188,0.12,0.063829787234
retrieval_random,bm25,33,100,24,76,76,176,0.24,0.136363636364
retrieval_random,bm25,34,100,17,83,83,183,0.17,0.0928961748634
retrieval_random,bm25,35,100,20,80,80,180,0.2,0.111111111111
retrieval_random,bm25,36,100,18,82,82,182,0.18,0.0989010989011
retrieval_random,bm25,37,100,18,82,82,182,0.18,0.0989010989011
retrieval_random,bm25,38,100,20,80,80,180,0.2,0.111111111111
retrieval_random,bm25,39,100,22,78,78,178,0.22,0.123595505618
retrieval_random,bm25,40,100,24,76,76,176,0.24,0.136363636364
retrieval_random,bm25,41,100,19,81,81,181,0.19,0.104972375691
retrieval_random,bm25,42,100,22,78,78,178,0.22,0.123595505618
retrieval_random,bm25,43,100,23,77,77,177,0.23,0.129943502825
retrieval_random,bm25,44,100,16,84,84,184,0.16,0.0869565217391
retrieval_random,bm25,45,100,20,80,80,180,0.2,0.111111111111
retrieval_random,bm25,46,100,17,83,83,183,0.17,0.0928961748634
retrieval_random,bm25,47,100,12,88,88,188,0.12,0.063829787234
retrieval_random,bm25,48,100,18,82,82,182,0.18,0.0989010989011
retrieval_random,bm25,49,100,14,86,86,186,0.14,0.0752688172043
retrieval_random,bm25,50,100,21,79,79,179,0.21,0.117318435754
retrieval_random,bm25,1,1000,184,816,816,1816,0.184,0.101321585903
retrieval_random,bm25,2,1000,148,852,852,1852,0.148,0.0799136069114
retrieval_random,bm25,3,1000,201,799,799,1799,0.201,0.111728738188
retrieval_random,bm25,4,1000,213,787,787,1787,0.213,0.11919418019
retrieval_random,bm25,5,1000,196,804,804,1804,0.196,0.108647450111
retrieval_random,bm25,6,1000,188,812,812,1812,0.188,0.103752759382
retrieval_random,bm25,7,1000,221,779,779,1779,0.221,0.124227093873
retrieval_random,bm25,8,1000,181,819,819,1819,0.181,0.0995052226498
retrieval_random,bm25,9,1000,188,812,812,1812,0.188,0.103752759382
retrieval_random,bm25,10,1000,225,775,775,1775,0.225,0.12676056338
retrieval_random,bm25,11,1000,205,795,795,1795,0.205,0.114206128134
retrieval_random,bm25,12,1000,201,799,799,1799,0.201,0.111728738188
retrieval_random,bm25,13,1000,170,830,830,1830,0.17,0.0928961748634
retrieval_random,bm25,14,1000,122,878,878,1878,0.122,0.0649627263046
retrieval_random,bm25,15,1000,112,888,888,1888,0.112,0.0593220338983
retrieval_random,bm25,16,1000,139,861,861,1861,0.139,0.0746910263299
retrieval_random,bm25,17,1000,177,823,823,1823,0.177,0.0970927043335
retrieval_random,bm25,18,1000,205,795,795,1795,0.205,0.114206128134
retrieval_random,bm25,19,1000,151,849,849,1849,0.151,0.0816657652785
retrieval_random,bm25,20,1000,195,805,805,1805,0.195,0.108033240997
retrieval_random,bm25,21,1000,205,795,795,1795,0.205,0.114206128134
retrieval_random,bm25,22,1000,178,822,822,1822,0.178,0.0976948408342
retrieval_random,bm25,23,1000,194,806,806,1806,0.194,0.107419712071
retrieval_random,bm25,24,1000,199,801,801,1801,0.199,0.110494169906
retrieval_random,bm25,25,1000,202,798,798,1798,0.202,0.11234705228
retrieval_random,bm25,26,1000,188,812,812,1812,0.188,0.103752759382
retrieval_random,bm25,27,1000,189,811,811,1811,0.189,0.104362230812
retrieval_random,bm25,28,1000,205,795,795,1795,0.205,0.114206128134
retrieval_random,bm25,29,1000,196,804,804,1804,0.196,0.108647450111
retrieval_random,bm25,30,1000,177,823,823,1823,0.177,0.0970927043335
retrieval_random,bm25,31,1000,178,822,822,1822,0.178,0.0976948408342
retrieval_random,bm25,32,1000,188,812,812,1812,0.188,0.103752759382
retrieval_random,bm25,33,1000,213,787,787,1787,0.213,0.11919418019
retrieval_random,bm25,34,1000,137,863,863,1863,0.137,0.0735373054214
retrieval_random,bm25,35,1000,187,813,813,1813,0.187,0.103143960287
retrieval_random,bm25,36,1000,206,794,794,1794,0.206,0.114827201784
retrieval_random,bm25,37,1000,215,785,785,1785,0.215,0.120448179272
retrieval_random,bm25,38,1000,180,820,820,1820,0.18,0.0989010989011
retrieval_random,bm25,39,1000,191,809,809,1809,0.191,0.105583195135
retrieval_random,bm25,40,1000,190,810,810,1810,0.19,0.104972375691
retrieval_random,bm25,41,1000,192,808,808,1808,0.192,0.106194690265
retrieval_random,bm25,42,1000,197,803,803,1803,0.197,0.109262340544
retrieval_random,bm25,43,1000,145,855,855,1855,0.145,0.078167115903
retrieval_random,bm25,44,1000,205,795,795,1795,0.205,0.114206128134
retrieval_random,bm25,45,1000,193,807,807,1807,0.193,0.106806862203
retrieval_random,bm25,46,1000,176,824,824,1824,0.176,0.0964912280702
retrieval_random,bm25,47,1000,203,797,797,1797,0.203,0.112966054535
retrieval_random,bm25,48,1000,201,799,799,1799,0.201,0.111728738188
retrieval_random,bm25,49,1000,180,820,820,1820,0.18,0.0989010989011
retrieval_random,bm25,50,1000,216,784,784,1784,0.216,0.121076233184
splade,bm25,1,20,3,17,17,37,0.15,0.0810810810811
splade,bm25,2,20,0,20,20,40,0,0
splade,bm25,3,20,1,19,19,39,0.05,0.025641025641
splade,bm25,4,20,1,19,19,39,0.05,0.025641025641
splade,bm25,5,20,6,14,14,34,0.3,0.176470588235
splade,bm25,6,20,7,13,13,33,0.35,0.212121212121
splade,bm25,7,20,6,14,14,34,0.3,0.176470588235
splade,bm25,8,20,2,18,18,38,0.1,0.0526315789474
splade,bm25,9,20,3,17,17,37,0.15,0.0810810810811
splade,bm25,10,20,9,11,11,31,0.45,0.290322580645
splade,bm25,11,20,7,13,13,33,0.35,0.212121212121
splade,bm25,12,20,3,17,17,37,0.15,0.0810810810811
splade,bm25,13,20,4,16,16,36,0.2,0.111111111111
splade,bm25,14,20,6,14,14,34,0.3,0.176470588235
splade,bm25,15,20,0,20,20,40,0,0
splade,bm25,16,20,3,17,17,37,0.15,0.0810810810811
splade,bm25,17,20,5,15,15,35,0.25,0.142857142857
splade,bm25,18,20,6,14,14,34,0.3,0.176470588235
splade,bm25,19,20,8,12,12,32,0.4,0.25
splade,bm25,20,20,5,15,15,35,0.25,0.142857142857
splade,bm25,21,20,6,14,14,34,0.3,0.176470588235
splade,bm25,22,20,6,14,14,34,0.3,0.176470588235
splade,bm25,23,20,6,14,14,34,0.3,0.176470588235
splade,bm25,24,20,5,15,15,35,0.25,0.142857142857
splade,bm25,25,20,3,17,17,37,0.15,0.0810810810811
splade,bm25,26,20,6,14,14,34,0.3,0.176470588235
splade,bm25,27,20,0,20,20,40,0,0
splade,bm25,28,20,3,17,17,37,0.15,0.0810810810811
splade,bm25,29,20,10,10,10,30,0.5,0.333333333333
splade,bm25,30,20,8,12,12,32,0.4,0.25
splade,bm25,31,20,1,19,19,39,0.05,0.025641025641
splade,bm25,32,20,5,15,15,35,0.25,0.142857142857
splade,bm25,33,20,1,19,19,39,0.05,0.025641025641
splade,bm25,34,20,5,15,15,35,0.25,0.142857142857
splade,bm25,35,20,4,16,16,36,0.2,0.111111111111
splade,bm25,36,20,4,16,16,36,0.2,0.111111111111
splade,bm25,37,20,7,13,13,33,0.35,0.212121212121
splade,bm25,38,20,4,16,16,36,0.2,0.111111111111
splade,bm25,39,20,12,8,8,28,0.6,0.428571428571
splade,bm25,40,20,9,11,11,31,0.45,0.290322580645
splade,bm25,41,20,7,13,13,33,0.35,0.212121212121
splade,bm25,42,20,9,11,11,31,0.45,0.290322580645
splade,bm25,43,20,9,11,11,31,0.45,0.290322580645
splade,bm25,44,20,10,10,10,30,0.5,0.333333333333
splade,bm25,45,20,3,17,17,37,0.15,0.0810810810811
splade,bm25,46,20,10,10,10,30,0.5,0.333333333333
splade,bm25,47,20,5,15,15,35,0.25,0.142857142857
splade,bm25,48,20,7,13,13,33,0.35,0.212121212121
splade,bm25,49,20,4,16,16,36,0.2,0.111111111111
splade,bm25,50,20,7,13,13,33,0.35,0.212121212121
splade,bm25,1,50,6,44,44,94,0.12,0.063829787234
splade,bm25,2,50,9,41,41,91,0.18,0.0989010989011
splade,bm25,3,50,13,37,37,87,0.26,0.149425287356
splade,bm25,4,50,3,47,47,97,0.06,0.0309278350515
splade,bm25,5,50,14,36,36,86,0.28,0.162790697674
splade,bm25,6,50,16,34,34,84,0.32,0.190476190476
splade,bm25,7,50,16,34,34,84,0.32,0.190476190476
splade,bm25,8,50,4,46,46,96,0.08,0.0416666666667
splade,bm25,9,50,12,38,38,88,0.24,0.136363636364
splade,bm25,10,50,18,32,32,82,0.36,0.219512195122
splade,bm25,11,50,17,33,33,83,0.34,0.204819277108
splade,bm25,12,50,8,42,42,92,0.16,0.0869565217391
splade,bm25,13,50,21,29,29,79,0.42,0.26582278481
splade,bm25,14,50,15,35,35,85,0.3,0.176470588235
splade,bm25,15,50,2,48,48,98,0.04,0.0204081632653
splade,bm25,16,50,7,43,43,93,0.14,0.0752688172043
splade,bm25,17,50,10,40,40,90,0.2,0.111111111111
splade,bm25,18,50,21,29,29,79,0.42,0.26582278481
splade,bm25,19,50,21,29,29,79,0.42,0.26582278481
splade,bm25,20,50,11,39,39,89,0.22,0.123595505618
splade,bm25,21,50,23,27,27,77,0.46,0.298701298701
splade,bm25,22,50,19,31,31,81,0.38,0.234567901235
splade,bm25,23,50,14,36,36,86,0.28,0.162790697674
splade,bm25,24,50,17,33,33,83,0.34,0.204819277108
splade,bm25,25,50,11,39,39,89,0.22,0.123595505618
splade,bm25,26,50,10,40,40,90,0.2,0.111111111111
splade,bm25,27,50,16,34,34,84,0.32,0.190476190476
splade,bm25,28,50,11,39,39,89,0.22,0.123595505618
splade,bm25,29,50,25,25,25,75,0.5,0.333333333333
splade,bm25,30,50,29,21,21,71,0.58,0.408450704225
splade,bm25,31,50,2,48,48,98,0.04,0.0204081632653
splade,bm25,32,50,10,40,40,90,0.2,0.111111111111
splade,bm25,33,50,16,34,34,84,0.32,0.190476190476
splade,bm25,34,50,8,42,42,92,0.16,0.0869565217391
splade,bm25,35,50,18,32,32,82,0.36,0.219512195122
splade,bm25,36,50,21,29,29,79,0.42,0.26582278481
splade,bm25,37,50,30,20,20,70,0.6,0.428571428571
splade,bm25,38,50,14,36,36,86,0.28,0.162790697674
splade,bm25,39,50,25,25,25,75,0.5,0.333333333333
splade,bm25,40,50,28,22,22,72,0.56,0.388888888889
splade,bm25,41,50,19,31,31,81,0.38,0.234567901235
splade,bm25,42,50,29,21,21,71,0.58,0.408450704225
splade,bm25,43,50,15,35,35,85,0.3,0.176470588235
splade,bm25,44,50,16,34,34,84,0.32,0.190476190476
splade,bm25,45,50,8,42,42,92,0.16,0.0869565217391
splade,bm25,46,50,18,32,32,82,0.36,0.219512195122
splade,bm25,47,50,12,38,38,88,0.24,0.136363636364
splade,bm25,48,50,12,38,38,88,0.24,0.136363636364
splade,bm25,49,50,12,38,38,88,0.24,0.136363636364
splade,bm25,50,50,12,38,38,88,0.24,0.136363636364
splade,bm25,1,100,11,89,89,189,0.11,0.0582010582011
splade,bm25,2,100,17,83,83,183,0.17,0.0928961748634
splade,bm25,3,100,32,68,68,168,0.32,0.190476190476
splade,bm25,4,100,9,91,91,191,0.09,0.0471204188482
splade,bm25,5,100,23,77,77,177,0.23,0.129943502825
splade,bm25,6,100,28,72,72,172,0.28,0.162790697674
splade,bm25,7,100,38,62,62,162,0.38,0.234567901235
splade,bm25,8,100,14,86,86,186,0.14,0.0752688172043
splade,bm25,9,100,30,70,70,170,0.3,0.176470588235
splade,bm25,10,100,44,56,56,156,0.44,0.282051282051
splade,bm25,11,100,39,61,61,161,0.39,0.242236024845
splade,bm25,12,100,33,67,67,167,0.33,0.197604790419
splade,bm25,13,100,42,58,58,158,0.42,0.26582278481
splade,bm25,14,100,23,77,77,177,0.23,0.129943502825
splade,bm25,15,100,2,98,98,198,0.02,0.010101010101
splade,bm25,16,100,14,86,86,186,0.14,0.0752688172043
splade,bm25,17,100,32,68,68,168,0.32,0.190476190476
splade,bm25,18,100,47,53,53,153,0.47,0.307189542484
splade,bm25,19,100,40,60,60,160,0.4,0.25
splade,bm25,20,100,25,75,75,175,0.25,0.142857142857
splade,bm25,21,100,37,63,63,163,0.37,0.226993865031
splade,bm25,22,100,38,62,62,162,0.38,0.234567901235
splade,bm25,23,100,30,70,70,170,0.3,0.176470588235
splade,bm25,24,100,42,58,58,158,0.42,0.26582278481
splade,bm25,25,100,26,74,74,174,0.26,0.149425287356
splade,bm25,26,100,25,75,75,175,0.25,0.142857142857
splade,bm25,27,100,48,52,52,152,0.48,0.315789473684
splade,bm25,28,100,26,74,74,174,0.26,0.149425287356
splade,bm25,29,100,56,44,44,144,0.56,0.388888888889
splade,bm25,30,100,59,41,41,141,0.59,0.418439716312
splade,bm25,31,100,14,86,86,186,0.14,0.0752688172043
splade,bm25,32,100,18,82,82,182,0.18,0.0989010989011
splade,bm25,33,100,33,67,67,167,0.33,0.197604790419
splade,bm25,34,100,19,81,81,181,0.19,0.104972375691
splade,bm25,35,100,41,59,59,159,0.41,0.25786163522
splade,bm25,36,100,54,46,46,146,0.54,0.369863013699
splade,bm25,37,100,56,44,44,144,0.56,0.388888888889
splade,bm25,38,100,23,77,77,177,0.23,0.129943502825
splade,bm25,39,100,43,57,57,157,0.43,0.273885350318
splade,bm25,40,100,63,37,37,137,0.63,0.459854014599
splade,bm25,41,100,38,62,62,162,0.38,0.234567901235
splade,bm25,42,100,57,43,43,143,0.57,0.398601398601
splade,bm25,43,100,21,79,79,179,0.21,0.117318435754
splade,bm25,44,100,39,61,61,161,0.39,0.242236024845
splade,bm25,45,100,26,74,74,174,0.26,0.149425287356
splade,bm25,46,100,31,69,69,169,0.31,0.183431952663
splade,bm25,47,100,25,75,75,175,0.25,0.142857142857
splade,bm25,48,100,29,71,71,171,0.29,0.169590643275
splade,bm25,49,100,24,76,76,176,0.24,0.136363636364
splade,bm25,50,100,26,74,74,174,0.26,0.149425287356
splade,bm25,1,1000,309,691,691,1691,0.309,0.182732111177
splade,bm25,2,1000,133,867,867,1867,0.133,0.0712372790573
splade,bm25,3,1000,333,667,667,1667,0.333,0.19976004799
splade,bm25,4,1000,353,647,647,1647,0.353,0.214329083182
splade,bm25,5,1000,444,556,556,1556,0.444,0.285347043702
splade,bm25,6,1000,364,636,636,1636,0.364,0.222493887531
splade,bm25,7,1000,583,417,417,1417,0.583,0.411432604093
splade,bm25,8,1000,235,765,765,1765,0.235,0.133144475921
splade,bm25,9,1000,276,724,724,1724,0.276,0.160092807425
splade,bm25,10,1000,600,400,400,1400,0.6,0.428571428571
splade,bm25,11,1000,410,590,590,1590,0.41,0.25786163522
splade,bm25,12,1000,417,583,583,1583,0.417,0.263423878711
splade,bm25,13,1000,361,639,639,1639,0.361,0.220256253813
splade,bm25,14,1000,207,793,793,1793,0.207,0.11544896821
splade,bm25,15,1000,49,951,951,1951,0.049,0.0251153254741
splade,bm25,16,1000,125,875,875,1875,0.125,0.0666666666667
splade,bm25,17,1000,456,544,544,1544,0.456,0.295336787565
splade,bm25,18,1000,535,465,465,1465,0.535,0.365187713311
splade,bm25,19,1000,143,857,857,1857,0.143,0.0770059235326
splade,bm25,20,1000,523,477,477,1477,0.523,0.354096140826
splade,bm25,21,1000,374,626,626,1626,0.374,0.230012300123
splade,bm25,22,1000,386,614,614,1614,0.386,0.239157372986
splade,bm25,23,1000,379,621,621,1621,0.379,0.233806292412
splade,bm25,24,1000,488,512,512,1512,0.488,0.322751322751
splade,bm25,25,1000,523,477,477,1477,0.523,0.354096140826
splade,bm25,26,1000,271,729,729,1729,0.271,0.156737998843
splade,bm25,27,1000,543,457,457,1457,0.543,0.372683596431
splade,bm25,28,1000,643,357,357,1357,0.643,0.473839351511
splade,bm25,29,1000,544,456,456,1456,0.544,0.373626373626
splade,bm25,30,1000,581,419,419,1419,0.581,0.409443269908
splade,bm25,31,1000,273,727,727,1727,0.273,0.158077591199
splade,bm25,32,1000,252,748,748,1748,0.252,0.144164759725
splade,bm25,33,1000,224,776,776,1776,0.224,0.126126126126
splade,bm25,34,1000,188,812,812,1812,0.188,0.103752759382
splade,bm25,35,1000,292,708,708,1708,0.292,0.170960187354
splade,bm25,36,1000,715,285,285,1285,0.715,0.556420233463
splade,bm25,37,1000,618,382,382,1382,0.618,0.447178002894
splade,bm25,38,1000,357,643,643,1643,0.357,0.217285453439
splade,bm25,39,1000,681,319,319,1319,0.681,0.516300227445
splade,bm25,40,1000,458,542,542,1542,0.458,0.297016861219
splade,bm25,41,1000,267,733,733,1733,0.267,0.154068090017
splade,bm25,42,1000,342,658,658,1658,0.342,0.206272617612
splade,bm25,43,1000,295,705,705,1705,0.295,0.173020527859
splade,bm25,44,1000,443,557,557,1557,0.443,0.284521515735
splade,bm25,45,1000,563,437,437,1437,0.563,0.391788448156
splade,bm25,46,1000,431,569,569,1569,0.431,0.274697259401
splade,bm25,47,1000,373,627,627,1627,0.373,0.229256299939
splade,bm25,48,1000,330,670,670,1670,0.33,0.197604790419
splade,bm25,49,1000,222,778,778,1778,0.222,0.124859392576
splade,bm25,50,1000,420,580,580,1580,0.42,0.26582278481
bge,bm25,1,20,11,9,9,29,0.55,0.379310344828
bge,bm25,2,20,1,19,19,39,0.05,0.025641025641
bge,bm25,3,20,0,20,20,40,0,0
bge,bm25,4,20,2,18,18,38,0.1,0.0526315789474
bge,bm25,5,20,2,18,18,38,0.1,0.0526315789474
bge,bm25,6,20,6,14,14,34,0.3,0.176470588235
bge,bm25,7,20,4,16,16,36,0.2,0.111111111111
bge,bm25,8,20,6,14,14,34,0.3,0.176470588235
bge,bm25,9,20,2,18,18,38,0.1,0.0526315789474
bge,bm25,10,20,5,15,15,35,0.25,0.142857142857
bge,bm25,11,20,5,15,15,35,0.25,0.142857142857
bge,bm25,12,20,0,20,20,40,0,0
bge,bm25,13,20,7,13,13,33,0.35,0.212121212121
bge,bm25,14,20,7,13,13,33,0.35,0.212121212121
bge,bm25,15,20,2,18,18,38,0.1,0.0526315789474
bge,bm25,16,20,3,17,17,37,0.15,0.0810810810811
bge,bm25,17,20,3,17,17,37,0.15,0.0810810810811
bge,bm25,18,20,5,15,15,35,0.25,0.142857142857
bge,bm25,19,20,11,9,9,29,0.55,0.379310344828
bge,bm25,20,20,3,17,17,37,0.15,0.0810810810811
bge,bm25,21,20,2,18,18,38,0.1,0.0526315789474
bge,bm25,22,20,8,12,12,32,0.4,0.25
bge,bm25,23,20,4,16,16,36,0.2,0.111111111111
bge,bm25,24,20,3,17,17,37,0.15,0.0810810810811
bge,bm25,25,20,3,17,17,37,0.15,0.0810810810811
bge,bm25,26,20,4,16,16,36,0.2,0.111111111111
bge,bm25,27,20,1,19,19,39,0.05,0.025641025641
bge,bm25,28,20,2,18,18,38,0.1,0.0526315789474
bge,bm25,29,20,8,12,12,32,0.4,0.25
bge,bm25,30,20,9,11,11,31,0.45,0.290322580645
bge,bm25,31,20,0,20,20,40,0,0
bge,bm25,32,20,3,17,17,37,0.15,0.0810810810811
bge,bm25,33,20,5,15,15,35,0.25,0.142857142857
bge,bm25,34,20,1,19,19,39,0.05,0.025641025641
bge,bm25,35,20,2,18,18,38,0.1,0.0526315789474
bge,bm25,36,20,7,13,13,33,0.35,0.212121212121
bge,bm25,37,20,4,16,16,36,0.2,0.111111111111
bge,bm25,38,20,4,16,16,36,0.2,0.111111111111
bge,bm25,39,20,8,12,12,32,0.4,0.25
bge,bm25,40,20,8,12,12,32,0.4,0.25
bge,bm25,41,20,5,15,15,35,0.25,0.142857142857
bge,bm25,42,20,5,15,15,35,0.25,0.142857142857
bge,bm25,43,20,9,11,11,31,0.45,0.290322580645
bge,bm25,44,20,5,15,15,35,0.25,0.142857142857
bge,bm25,45,20,3,17,17,37,0.15,0.0810810810811
bge,bm25,46,20,7,13,13,33,0.35,0.212121212121
bge,bm25,47,20,2,18,18,38,0.1,0.0526315789474
bge,bm25,48,20,4,16,16,36,0.2,0.111111111111
bge,bm25,49,20,3,17,17,37,0.15,0.0810810810811
bge,bm25,50,20,7,13,13,33,0.35,0.212121212121
bge,bm25,1,50,16,34,34,84,0.32,0.190476190476
bge,bm25,2,50,7,43,43,93,0.14,0.0752688172043
bge,bm25,3,50,7,43,43,93,0.14,0.0752688172043
bge,bm25,4,50,8,42,42,92,0.16,0.0869565217391
bge,bm25,5,50,12,38,38,88,0.24,0.136363636364
bge,bm25,6,50,10,40,40,90,0.2,0.111111111111
bge,bm25,7,50,13,37,37,87,0.26,0.149425287356
bge,bm25,8,50,10,40,40,90,0.2,0.111111111111
bge,bm25,9,50,13,37,37,87,0.26,0.149425287356
bge,bm25,10,50,13,37,37,87,0.26,0.149425287356
bge,bm25,11,50,14,36,36,86,0.28,0.162790697674
bge,bm25,12,50,4,46,46,96,0.08,0.0416666666667
bge,bm25,13,50,19,31,31,81,0.38,0.234567901235
bge,bm25,14,50,12,38,38,88,0.24,0.136363636364
bge,bm25,15,50,3,47,47,97,0.06,0.0309278350515
bge,bm25,16,50,7,43,43,93,0.14,0.0752688172043
bge,bm25,17,50,10,40,40,90,0.2,0.111111111111
bge,bm25,18,50,13,37,37,87,0.26,0.149425287356
bge,bm25,19,50,18,32,32,82,0.36,0.219512195122
bge,bm25,20,50,8,42,42,92,0.16,0.0869565217391
bge,bm25,21,50,12,38,38,88,0.24,0.136363636364
bge,bm25,22,50,13,37,37,87,0.26,0.149425287356
bge,bm25,23,50,18,32,32,82,0.36,0.219512195122
bge,bm25,24,50,11,39,39,89,0.22,0.123595505618
bge,bm25,25,50,3,47,47,97,0.06,0.0309278350515
bge,bm25,26,50,10,40,40,90,0.2,0.111111111111
bge,bm25,27,50,9,41,41,91,0.18,0.0989010989011
bge,bm25,28,50,6,44,44,94,0.12,0.063829787234
bge,bm25,29,50,18,32,32,82,0.36,0.219512195122
bge,bm25,30,50,20,30,30,80,0.4,0.25
bge,bm25,31,50,0,50,50,100,0,0
bge,bm25,32,50,5,45,45,95,0.1,0.0526315789474
bge,bm25,33,50,12,38,38,88,0.24,0.136363636364
bge,bm25,34,50,3,47,47,97,0.06,0.0309278350515
bge,bm25,35,50,16,34,34,84,0.32,0.190476190476
bge,bm25,36,50,17,33,33,83,0.34,0.204819277108
bge,bm25,37,50,15,35,35,85,0.3,0.176470588235
bge,bm25,38,50,12,38,38,88,0.24,0.136363636364
bge,bm25,39,50,31,19,19,69,0.62,0.449275362319
bge,bm25,40,50,24,26,26,76,0.48,0.315789473684
bge,bm25,41,50,15,35,35,85,0.3,0.176470588235
bge,bm25,42,50,21,29,29,79,0.42,0.26582278481
bge,bm25,43,50,20,30,30,80,0.4,0.25
bge,bm25,44,50,11,39,39,89,0.22,0.123595505618
bge,bm25,45,50,13,37,37,87,0.26,0.149425287356
bge,bm25,46,50,21,29,29,79,0.42,0.26582278481
bge,bm25,47,50,7,43,43,93,0.14,0.0752688172043
bge,bm25,48,50,12,38,38,88,0.24,0.136363636364
bge,bm25,49,50,5,45,45,95,0.1,0.0526315789474
bge,bm25,50,50,14,36,36,86,0.28,0.162790697674
bge,bm25,1,100,26,74,74,174,0.26,0.149425287356
bge,bm25,2,100,21,79,79,179,0.21,0.117318435754
bge,bm25,3,100,19,81,81,181,0.19,0.104972375691
bge,bm25,4,100,17,83,83,183,0.17,0.0928961748634
bge,bm25,5,100,20,80,80,180,0.2,0.111111111111
bge,bm25,6,100,32,68,68,168,0.32,0.190476190476
bge,bm25,7,100,24,76,76,176,0.24,0.136363636364
bge,bm25,8,100,19,81,81,181,0.19,0.104972375691
bge,bm25,9,100,25,75,75,175,0.25,0.142857142857
bge,bm25,10,100,39,61,61,161,0.39,0.242236024845
bge,bm25,11,100,24,76,76,176,0.24,0.136363636364
bge,bm25,12,100,15,85,85,185,0.15,0.0810810810811
bge,bm25,13,100,34,66,66,166,0.34,0.204819277108
bge,bm25,14,100,25,75,75,175,0.25,0.142857142857
bge,bm25,15,100,7,93,93,193,0.07,0.0362694300518
bge,bm25,16,100,13,87,87,187,0.13,0.0695187165775
bge,bm25,17,100,25,75,75,175,0.25,0.142857142857
bge,bm25,18,100,30,70,70,170,0.3,0.176470588235
bge,bm25,19,100,31,69,69,169,0.31,0.183431952663
bge,bm25,20,100,23,77,77,177,0.23,0.129943502825
bge,bm25,21,100,28,72,72,172,0.28,0.162790697674
bge,bm25,22,100,32,68,68,168,0.32,0.190476190476
bge,bm25,23,100,36,64,64,164,0.36,0.219512195122
bge,bm25,24,100,39,61,61,161,0.39,0.242236024845
bge,bm25,25,100,13,87,87,187,0.13,0.0695187165775
bge,bm25,26,100,21,79,79,179,0.21,0.117318435754
bge,bm25,27,100,37,63,63,163,0.37,0.226993865031
bge,bm25,28,100,35,65,65,165,0.35,0.212121212121
bge,bm25,29,100,38,62,62,162,0.38,0.234567901235
bge,bm25,30,100,52,48,48,148,0.52,0.351351351351
bge,bm25,31,100,7,93,93,193,0.07,0.0362694300518
bge,bm25,32,100,11,89,89,189,0.11,0.0582010582011
bge,bm25,33,100,13,87,87,187,0.13,0.0695187165775
bge,bm25,34,100,11,89,89,189,0.11,0.0582010582011
bge,bm25,35,100,34,66,66,166,0.34,0.204819277108
bge,bm25,36,100,47,53,53,153,0.47,0.307189542484
bge,bm25,37,100,30,70,70,170,0.3,0.176470588235
bge,bm25,38,100,22,78,78,178,0.22,0.123595505618
bge,bm25,39,100,46,54,54,154,0.46,0.298701298701
bge,bm25,40,100,54,46,46,146,0.54,0.369863013699
bge,bm25,41,100,38,62,62,162,0.38,0.234567901235
bge,bm25,42,100,47,53,53,153,0.47,0.307189542484
bge,bm25,43,100,42,58,58,158,0.42,0.26582278481
bge,bm25,44,100,27,73,73,173,0.27,0.156069364162
bge,bm25,45,100,36,64,64,164,0.36,0.219512195122
bge,bm25,46,100,24,76,76,176,0.24,0.136363636364
bge,bm25,47,100,18,82,82,182,0.18,0.0989010989011
bge,bm25,48,100,23,77,77,177,0.23,0.129943502825
bge,bm25,49,100,12,88,88,188,0.12,0.063829787234
bge,bm25,50,100,26,74,74,174,0.26,0.149425287356
bge,bm25,1,1000,203,797,797,1797,0.203,0.112966054535
bge,bm25,2,1000,148,852,852,1852,0.148,0.0799136069114
bge,bm25,3,1000,212,788,788,1788,0.212,0.118568232662
bge,bm25,4,1000,203,797,797,1797,0.203,0.112966054535
bge,bm25,5,1000,439,561,561,1561,0.439,0.281229980782
bge,bm25,6,1000,315,685,685,1685,0.315,0.186943620178
bge,bm25,7,1000,492,508,508,1508,0.492,0.32625994695
bge,bm25,8,1000,145,855,855,1855,0.145,0.078167115903
bge,bm25,9,1000,205,795,795,1795,0.205,0.114206128134
bge,bm25,10,1000,512,488,488,1488,0.512,0.344086021505
bge,bm25,11,1000,370,630,630,1630,0.37,0.226993865031
bge,bm25,12,1000,184,816,816,1816,0.184,0.101321585903
bge,bm25,13,1000,248,752,752,1752,0.248,0.141552511416
bge,bm25,14,1000,153,847,847,1847,0.153,0.0828370330265
bge,bm25,15,1000,104,896,896,1896,0.104,0.0548523206751
bge,bm25,16,1000,134,866,866,1866,0.134,0.0718113612004
bge,bm25,17,1000,408,592,592,1592,0.408,0.256281407035
bge,bm25,18,1000,453,547,547,1547,0.453,0.292824822237
bge,bm25,19,1000,167,833,833,1833,0.167,0.0911074740862
bge,bm25,20,1000,455,545,545,1545,0.455,0.294498381877
bge,bm25,21,1000,254,746,746,1746,0.254,0.145475372279
bge,bm25,22,1000,309,691,691,1691,0.309,0.182732111177
bge,bm25,23,1000,340,660,660,1660,0.34,0.204819277108
bge,bm25,24,1000,522,478,478,1478,0.522,0.353179972936
bge,bm25,25,1000,248,752,752,1752,0.248,0.141552511416
bge,bm25,26,1000,298,702,702,1702,0.298,0.17508813161
bge,bm25,27,1000,473,527,527,1527,0.473,0.309757694826
bge,bm25,28,1000,627,373,373,1373,0.627,0.456664238893
bge,bm25,29,1000,528,472,472,1472,0.528,0.358695652174
bge,bm25,30,1000,446,554,554,1554,0.446,0.287001287001
bge,bm25,31,1000,129,871,871,1871,0.129,0.0689470871192
bge,bm25,32,1000,306,694,694,1694,0.306,0.180637544274
bge,bm25,33,1000,128,872,872,1872,0.128,0.0683760683761
bge,bm25,34,1000,131,869,869,1869,0.131,0.0700909577314
bge,bm25,35,1000,224,776,776,1776,0.224,0.126126126126
bge,bm25,36,1000,579,421,421,1421,0.579,0.407459535538
bge,bm25,37,1000,519,481,481,1481,0.519,0.35043889264
bge,bm25,38,1000,279,721,721,1721,0.279,0.16211504939
bge,bm25,39,1000,516,484,484,1484,0.516,0.347708894879
bge,bm25,40,1000,380,620,620,1620,0.38,0.234567901235
bge,bm25,41,1000,245,755,755,1755,0.245,0.139601139601
bge,bm25,42,1000,281,719,719,1719,0.281,0.163467132054
bge,bm25,43,1000,259,741,741,1741,0.259,0.148765077542
bge,bm25,44,1000,323,677,677,1677,0.323,0.192605843769
bge,bm25,45,1000,588,412,412,1412,0.588,0.416430594901
bge,bm25,46,1000,286,714,714,1714,0.286,0.166861143524
bge,bm25,47,1000,279,721,721,1721,0.279,0.16211504939
bge,bm25,48,1000,206,794,794,1794,0.206,0.114827201784
bge,bm25,49,1000,165,835,835,1835,0.165,0.0899182561308
bge,bm25,50,1000,357,643,643,1643,0.357,0.217285453439
bm25_ce,bm25,1,20,6,14,14,34,0.3,0.176470588235
bm25_ce,bm25,2,20,2,18,18,38,0.1,0.0526315789474
bm25_ce,bm25,3,20,1,19,19,39,0.05,0.025641025641
bm25_ce,bm25,4,20,1,19,19,39,0.05,0.025641025641
bm25_ce,bm25,5,20,4,16,16,36,0.2,0.111111111111
bm25_ce,bm25,6,20,5,15,15,35,0.25,0.142857142857
bm25_ce,bm25,7,20,10,10,10,30,0.5,0.333333333333
bm25_ce,bm25,8,20,5,15,15,35,0.25,0.142857142857
bm25_ce,bm25,9,20,7,13,13,33,0.35,0.212121212121
bm25_ce,bm25,10,20,6,14,14,34,0.3,0.176470588235
bm25_ce,bm25,11,20,11,9,9,29,0.55,0.379310344828
bm25_ce,bm25,12,20,6,14,14,34,0.3,0.176470588235
bm25_ce,bm25,13,20,5,15,15,35,0.25,0.142857142857
bm25_ce,bm25,14,20,4,16,16,36,0.2,0.111111111111
bm25_ce,bm25,15,20,4,16,16,36,0.2,0.111111111111
bm25_ce,bm25,16,20,3,17,17,37,0.15,0.0810810810811
bm25_ce,bm25,17,20,5,15,15,35,0.25,0.142857142857
bm25_ce,bm25,18,20,5,15,15,35,0.25,0.142857142857
bm25_ce,bm25,19,20,9,11,11,31,0.45,0.290322580645
bm25_ce,bm25,20,20,5,15,15,35,0.25,0.142857142857
bm25_ce,bm25,21,20,7,13,13,33,0.35,0.212121212121
bm25_ce,bm25,22,20,9,11,11,31,0.45,0.290322580645
bm25_ce,bm25,23,20,6,14,14,34,0.3,0.176470588235
bm25_ce,bm25,24,20,3,17,17,37,0.15,0.0810810810811
bm25_ce,bm25,25,20,3,17,17,37,0.15,0.0810810810811
bm25_ce,bm25,26,20,7,13,13,33,0.35,0.212121212121
bm25_ce,bm25,27,20,4,16,16,36,0.2,0.111111111111
bm25_ce,bm25,28,20,5,15,15,35,0.25,0.142857142857
bm25_ce,bm25,29,20,11,9,9,29,0.55,0.379310344828
bm25_ce,bm25,30,20,15,5,5,25,0.75,0.6
bm25_ce,bm25,31,20,1,19,19,39,0.05,0.025641025641
bm25_ce,bm25,32,20,11,9,9,29,0.55,0.379310344828
bm25_ce,bm25,33,20,4,16,16,36,0.2,0.111111111111
bm25_ce,bm25,34,20,6,14,14,34,0.3,0.176470588235
bm25_ce,bm25,35,20,8,12,12,32,0.4,0.25
bm25_ce,bm25,36,20,4,16,16,36,0.2,0.111111111111
bm25_ce,bm25,37,20,5,15,15,35,0.25,0.142857142857
bm25_ce,bm25,38,20,7,13,13,33,0.35,0.212121212121
bm25_ce,bm25,39,20,10,10,10,30,0.5,0.333333333333
bm25_ce,bm25,40,20,8,12,12,32,0.4,0.25
bm25_ce,bm25,41,20,7,13,13,33,0.35,0.212121212121
bm25_ce,bm25,42,20,10,10,10,30,0.5,0.333333333333
bm25_ce,bm25,43,20,8,12,12,32,0.4,0.25
bm25_ce,bm25,44,20,5,15,15,35,0.25,0.142857142857
bm25_ce,bm25,45,20,6,14,14,34,0.3,0.176470588235
bm25_ce,bm25,46,20,4,16,16,36,0.2,0.111111111111
bm25_ce,bm25,47,20,6,14,14,34,0.3,0.176470588235
bm25_ce,bm25,48,20,4,16,16,36,0.2,0.111111111111
bm25_ce,bm25,49,20,3,17,17,37,0.15,0.0810810810811
bm25_ce,bm25,50,20,8,12,12,32,0.4,0.25
bm25_ce,bm25,1,50,11,39,39,89,0.22,0.123595505618
bm25_ce,bm25,2,50,13,37,37,87,0.26,0.149425287356
bm25_ce,bm25,3,50,12,38,38,88,0.24,0.136363636364
bm25_ce,bm25,4,50,5,45,45,95,0.1,0.0526315789474
bm25_ce,bm25,5,50,9,41,41,91,0.18,0.0989010989011
bm25_ce,bm25,6,50,19,31,31,81,0.38,0.234567901235
bm25_ce,bm25,7,50,22,28,28,78,0.44,0.282051282051
bm25_ce,bm25,8,50,12,38,38,88,0.24,0.136363636364
bm25_ce,bm25,9,50,13,37,37,87,0.26,0.149425287356
bm25_ce,bm25,10,50,17,33,33,83,0.34,0.204819277108
bm25_ce,bm25,11,50,19,31,31,81,0.38,0.234567901235
bm25_ce,bm25,12,50,17,33,33,83,0.34,0.204819277108
bm25_ce,bm25,13,50,22,28,28,78,0.44,0.282051282051
bm25_ce,bm25,14,50,10,40,40,90,0.2,0.111111111111
bm25_ce,bm25,15,50,8,42,42,92,0.16,0.0869565217391
bm25_ce,bm25,16,50,9,41,41,91,0.18,0.0989010989011
bm25_ce,bm25,17,50,19,31,31,81,0.38,0.234567901235
bm25_ce,bm25,18,50,24,26,26,76,0.48,0.315789473684
bm25_ce,bm25,19,50,21,29,29,79,0.42,0.26582278481
bm25_ce,bm25,20,50,9,41,41,91,0.18,0.0989010989011
bm25_ce,bm25,21,50,21,29,29,79,0.42,0.26582278481
bm25_ce,bm25,22,50,24,26,26,76,0.48,0.315789473684
bm25_ce,bm25,23,50,17,33,33,83,0.34,0.204819277108
bm25_ce,bm25,24,50,19,31,31,81,0.38,0.234567901235
bm25_ce,bm25,25,50,13,37,37,87,0.26,0.149425287356
bm25_ce,bm25,26,50,14,36,36,86,0.28,0.162790697674
bm25_ce,bm25,27,50,17,33,33,83,0.34,0.204819277108
bm25_ce,bm25,28,50,21,29,29,79,0.42,0.26582278481
bm25_ce,bm25,29,50,31,19,19,69,0.62,0.449275362319
bm25_ce,bm25,30,50,30,20,20,70,0.6,0.428571428571
bm25_ce,bm25,31,50,2,48,48,98,0.04,0.0204081632653
bm25_ce,bm25,32,50,15,35,35,85,0.3,0.176470588235
bm25_ce,bm25,33,50,26,24,24,74,0.52,0.351351351351
bm25_ce,bm25,34,50,11,39,39,89,0.22,0.123595505618
bm25_ce,bm25,35,50,22,28,28,78,0.44,0.282051282051
bm25_ce,bm25,36,50,22,28,28,78,0.44,0.282051282051
bm25_ce,bm25,37,50,24,26,26,76,0.48,0.315789473684
bm25_ce,bm25,38,50,20,30,30,80,0.4,0.25
bm25_ce,bm25,39,50,23,27,27,77,0.46,0.298701298701
bm25_ce,bm25,40,50,30,20,20,70,0.6,0.428571428571
bm25_ce,bm25,41,50,25,25,25,75,0.5,0.333333333333
bm25_ce,bm25,42,50,26,24,24,74,0.52,0.351351351351
bm25_ce,bm25,43,50,21,29,29,79,0.42,0.26582278481
bm25_ce,bm25,44,50,11,39,39,89,0.22,0.123595505618
bm25_ce,bm25,45,50,16,34,34,84,0.32,0.190476190476
bm25_ce,bm25,46,50,9,41,41,91,0.18,0.0989010989011
bm25_ce,bm25,47,50,12,38,38,88,0.24,0.136363636364
bm25_ce,bm25,48,50,13,37,37,87,0.26,0.149425287356
bm25_ce,bm25,49,50,9,41,41,91,0.18,0.0989010989011
bm25_ce,bm25,50,50,16,34,34,84,0.32,0.190476190476
bm25_ce,bm25,1,100,19,81,81,181,0.19,0.104972375691
bm25_ce,bm25,2,100,28,72,72,172,0.28,0.162790697674
bm25_ce,bm25,3,100,32,68,68,168,0.32,0.190476190476
bm25_ce,bm25,4,100,20,80,80,180,0.2,0.111111111111
bm25_ce,bm25,5,100,23,77,77,177,0.23,0.129943502825
bm25_ce,bm25,6,100,36,64,64,164,0.36,0.219512195122
bm25_ce,bm25,7,100,36,64,64,164,0.36,0.219512195122
bm25_ce,bm25,8,100,29,71,71,171,0.29,0.169590643275
bm25_ce,bm25,9,100,39,61,61,161,0.39,0.242236024845
bm25_ce,bm25,10,100,52,48,48,148,0.52,0.351351351351
bm25_ce,bm25,11,100,34,66,66,166,0.34,0.204819277108
bm25_ce,bm25,12,100,45,55,55,155,0.45,0.290322580645
bm25_ce,bm25,13,100,39,61,61,161,0.39,0.242236024845
bm25_ce,bm25,14,100,22,78,78,178,0.22,0.123595505618
bm25_ce,bm25,15,100,14,86,86,186,0.14,0.0752688172043
bm25_ce,bm25,16,100,21,79,79,179,0.21,0.117318435754
bm25_ce,bm25,17,100,41,59,59,159,0.41,0.25786163522
bm25_ce,bm25,18,100,53,47,47,147,0.53,0.360544217687
bm25_ce,bm25,19,100,43,57,57,157,0.43,0.273885350318
bm25_ce,bm25,20,100,33,67,67,167,0.33,0.197604790419
bm25_ce,bm25,21,100,46,54,54,154,0.46,0.298701298701
bm25_ce,bm25,22,100,50,50,50,150,0.5,0.333333333333
bm25_ce,bm25,23,100,36,64,64,164,0.36,0.219512195122
bm25_ce,bm25,24,100,42,58,58,158,0.42,0.26582278481
bm25_ce,bm25,25,100,40,60,60,160,0.4,0.25
bm25_ce,bm25,26,100,40,60,60,160,0.4,0.25
bm25_ce,bm25,27,100,43,57,57,157,0.43,0.273885350318
bm25_ce,bm25,28,100,50,50,50,150,0.5,0.333333333333
bm25_ce,bm25,29,100,62,38,38,138,0.62,0.449275362319
bm25_ce,bm25,30,100,61,39,39,139,0.61,0.438848920863
bm25_ce,bm25,31,100,16,84,84,184,0.16,0.0869565217391
bm25_ce,bm25,32,100,23,77,77,177,0.23,0.129943502825
bm25_ce,bm25,33,100,43,57,57,157,0.43,0.273885350318
bm25_ce,bm25,34,100,26,74,74,174,0.26,0.149425287356
bm25_ce,bm25,35,100,50,50,50,150,0.5,0.333333333333
bm25_ce,bm25,36,100,57,43,43,143,0.57,0.398601398601
bm25_ce,bm25,37,100,52,48,48,148,0.52,0.351351351351
bm25_ce,bm25,38,100,35,65,65,165,0.35,0.212121212121
bm25_ce,bm25,39,100,41,59,59,159,0.41,0.25786163522
bm25_ce,bm25,40,100,62,38,38,138,0.62,0.449275362319
bm25_ce,bm25,41,100,53,47,47,147,0.53,0.360544217687
bm25_ce,bm25,42,100,51,49,49,149,0.51,0.342281879195
bm25_ce,bm25,43,100,54,46,46,146,0.54,0.369863013699
bm25_ce,bm25,44,100,38,62,62,162,0.38,0.234567901235
bm25_ce,bm25,45,100,41,59,59,159,0.41,0.25786163522
bm25_ce,bm25,46,100,26,74,74,174,0.26,0.149425287356
bm25_ce,bm25,47,100,25,75,75,175,0.25,0.142857142857
bm25_ce,bm25,48,100,33,67,67,167,0.33,0.197604790419
bm25_ce,bm25,49,100,20,80,80,180,0.2,0.111111111111
bm25_ce,bm25,50,100,36,64,64,164,0.36,0.219512195122
bm25_ce,bm25,1,1000,1000,0,0,1000,1,1
bm25_ce,bm25,2,1000,1000,0,0,1000,1,1
bm25_ce,bm25,3,1000,1000,0,0,1000,1,1
bm25_ce,bm25,4,1000,1000,0,0,1000,1,1
bm25_ce,bm25,5,1000,1000,0,0,1000,1,1
bm25_ce,bm25,6,1000,1000,0,0,1000,1,1
bm25_ce,bm25,7,1000,1000,0,0,1000,1,1
bm25_ce,bm25,8,1000,1000,0,0,1000,1,1
bm25_ce,bm25,9,1000,1000,0,0,1000,1,1
bm25_ce,bm25,10,1000,1000,0,0,1000,1,1
bm25_ce,bm25,11,1000,1000,0,0,1000,1,1
bm25_ce,bm25,12,1000,1000,0,0,1000,1,1
bm25_ce,bm25,13,1000,1000,0,0,1000,1,1
bm25_ce,bm25,14,1000,1000,0,0,1000,1,1
bm25_ce,bm25,15,1000,1000,0,0,1000,1,1
bm25_ce,bm25,16,1000,1000,0,0,1000,1,1
bm25_ce,bm25,17,1000,1000,0,0,1000,1,1
bm25_ce,bm25,18,1000,1000,0,0,1000,1,1
bm25_ce,bm25,19,1000,1000,0,0,1000,1,1
bm25_ce,bm25,20,1000,1000,0,0,1000,1,1
bm25_ce,bm25,21,1000,1000,0,0,1000,1,1
bm25_ce,bm25,22,1000,1000,0,0,1000,1,1
bm25_ce,bm25,23,1000,1000,0,0,1000,1,1
bm25_ce,bm25,24,1000,1000,0,0,1000,1,1
bm25_ce,bm25,25,1000,1000,0,0,1000,1,1
bm25_ce,bm25,26,1000,1000,0,0,1000,1,1
bm25_ce,bm25,27,1000,1000,0,0,1000,1,1
bm25_ce,bm25,28,1000,1000,0,0,1000,1,1
bm25_ce,bm25,29,1000,1000,0,0,1000,1,1
bm25_ce,bm25,30,1000,1000,0,0,1000,1,1
bm25_ce,bm25,31,1000,1000,0,0,1000,1,1
bm25_ce,bm25,32,1000,1000,0,0,1000,1,1
bm25_ce,bm25,33,1000,1000,0,0,1000,1,1
bm25_ce,bm25,34,1000,1000,0,0,1000,1,1
bm25_ce,bm25,35,1000,1000,0,0,1000,1,1
bm25_ce,bm25,36,1000,1000,0,0,1000,1,1
bm25_ce,bm25,37,1000,1000,0,0,1000,1,1
bm25_ce,bm25,38,1000,1000,0,0,1000,1,1
bm25_ce,bm25,39,1000,1000,0,0,1000,1,1
bm25_ce,bm25,40,1000,1000,0,0,1000,1,1
bm25_ce,bm25,41,1000,1000,0,0,1000,1,1
bm25_ce,bm25,42,1000,1000,0,0,1000,1,1
bm25_ce,bm25,43,1000,1000,0,0,1000,1,1
bm25_ce,bm25,44,1000,1000,0,0,1000,1,1
bm25_ce,bm25,45,1000,1000,0,0,1000,1,1
bm25_ce,bm25,46,1000,1000,0,0,1000,1,1
bm25_ce,bm25,47,1000,1000,0,0,1000,1,1
bm25_ce,bm25,48,1000,1000,0,0,1000,1,1
bm25_ce,bm25,49,1000,1000,0,0,1000,1,1
bm25_ce,bm25,50,1000,1000,0,0,1000,1,1
