method_a,method_b,query_id,k,label_rule,observed_delta,lower_bound,upper_bound,unjudged_a,unjudged_b,unjudged_shared,unjudged_a_only,unjudged_b_only
mpnet,bm25,1,20,strict_eq2,-0.15,-0.3,0.75,18,3,0,18,3
mpnet,bm25,2,20,strict_eq2,-0.3,-0.35,0.6,18,1,0,18,1
mpnet,bm25,3,20,strict_eq2,0,-0.1,0.75,15,2,0,15,2
mpnet,bm25,4,20,strict_eq2,0.1,0.1,0.6,10,0,0,10,0
mpnet,bm25,5,20,strict_eq2,-0.1,-0.2,0.5,12,2,0,12,2
mpnet,bm25,6,20,strict_eq2,-0.4,-0.45,0.05,9,1,0,9,1
mpnet,bm25,7,20,strict_eq2,-0.3,-0.3,0.2,10,0,0,10,0
mpnet,bm25,8,20,strict_eq2,0,-0.25,0.55,11,5,0,11,5
mpnet,bm25,9,20,strict_eq2,0.1,0.1,0.45,7,0,0,7,0
mpnet,bm25,10,20,strict_eq2,-0.25,-0.25,0.1,7,0,0,7,0
mpnet,bm25,11,20,strict_eq2,-0.3,-0.4,0.3,12,2,0,12,2
mpnet,bm25,12,20,strict_eq2,-0.05,-0.25,0.7,15,4,0,15,4
mpnet,bm25,13,20,strict_eq2,-0.35,-0.4,0.45,16,1,0,16,1
mpnet,bm25,14,20,strict_eq2,-0.1,-0.1,0.3,8,0,0,8,0
mpnet,bm25,15,20,strict_eq2,0,-0.3,0.9,18,6,0,18,6
mpnet,bm25,16,20,strict_eq2,0.65,0.5,0.7,1,3,0,1,3
mpnet,bm25,17,20,strict_eq2,-0.05,-0.15,0.45,10,2,0,10,2
mpnet,bm25,18,20,strict_eq2,0.05,0.05,0.3,5,0,0,5,0
mpnet,bm25,19,20,strict_eq2,0.05,0.05,0.2,3,0,0,3,0
mpnet,bm25,20,20,strict_eq2,0.1,0.05,0.1,1,2,1,0,1
mpnet,bm25,21,20,strict_eq2,-0.15,-0.25,0.55,14,2,0,14,2
mpnet,bm25,22,20,strict_eq2,-0.05,-0.25,0.25,6,4,0,6,4
mpnet,bm25,23,20,strict_eq2,-0.1,-0.15,0.05,3,1,0,3,1
mpnet,bm25,24,20,strict_eq2,-0.25,-0.35,0.1,7,2,0,7,2
mpnet,bm25,25,20,strict_eq2,0.3,0.05,0.8,10,5,0,10,5
mpnet,bm25,26,20,strict_eq2,-0.45,-0.6,0.4,17,3,0,17,3
mpnet,bm25,27,20,strict_eq2,-0.05,-0.15,0.15,4,2,0,4,2
mpnet,bm25,28,20,strict_eq2,-0.35,-0.35,0.15,10,0,0,10,0
mpnet,bm25,29,20,strict_eq2,-0.1,-0.1,0.25,7,0,0,7,0
mpnet,bm25,30,20,strict_eq2,-0.25,-0.25,0,5,0,0,5,0
mpnet,bm25,31,20,strict_eq2,-0.1,-0.15,0.8,18,1,0,18,1
mpnet,bm25,32,20,strict_eq2,-0.3,-0.3,0.55,17,0,0,17,0
mpnet,bm25,33,20,strict_eq2,-0.15,-0.15,0.3,9,0,0,9,0
mpnet,bm25,34,20,strict_eq2,-0.15,-0.45,0.5,13,6,0,13,6
mpnet,bm25,35,20,strict_eq2,-0.35,-0.35,0.45,16,0,0,16,0
mpnet,bm25,36,20,strict_eq2,-0.15,-0.15,0,3,0,0,3,0
mpnet,bm25,37,20,strict_eq2,0,0,0,0,0,0,0,0
mpnet,bm25,38,20,strict_eq2,-0.25,-0.25,0.15,8,0,0,8,0
mpnet,bm25,39,20,strict_eq2,-0.05,-0.05,-0.05,0,0,0,0,0
mpnet,bm25,40,20,strict_eq2,-0.1,-0.1,-0.1,0,0,0,0,0
mpnet,bm25,41,20,strict_eq2,0.15,0.15,0.2,1,0,0,1,0
mpnet,bm25,42,20,strict_eq2,0.35,0.35,0.35,0,0,0,0,0
mpnet,bm25,43,20,strict_eq2,0.3,0.3,0.3,0,0,0,0,0
mpnet,bm25,44,20,strict_eq2,0.15,0.1,0.2,1,1,0,1,1
mpnet,bm25,45,20,strict_eq2,-0.35,-0.4,-0.3,1,1,0,1,1
mpnet,bm25,46,20,strict_eq2,0.4,0.4,0.4,0,0,0,0,0
mpnet,bm25,47,20,strict_eq2,0.1,-0.2,0.65,11,6,0,11,6
mpnet,bm25,48,20,strict_eq2,0,-0.15,0.1,2,3,0,2,3
mpnet,bm25,49,20,strict_eq2,0.35,0.3,0.75,8,1,0,8,1
mpnet,bm25,50,20,strict_eq2,-0.15,-0.15,0.15,6,0,0,6,0
mpnet,bm25,1,20,relaxed_ge1,-0.45,-0.6,0.45,18,3,0,18,3
mpnet,bm25,2,20,relaxed_ge1,-0.3,-0.35,0.6,18,1,0,18,1
mpnet,bm25,3,20,relaxed_ge1,-0.1,-0.2,0.65,15,2,0,15,2
mpnet,bm25,4,20,relaxed_ge1,0.2,0.2,0.7,10,0,0,10,0
mpnet,bm25,5,20,relaxed_ge1,-0.5,-0.6,0.1,12,2,0,12,2
mpnet,bm25,6,20,relaxed_ge1,-0.35,-0.4,0.1,9,1,0,9,1
mpnet,bm25,7,20,relaxed_ge1,-0.35,-0.35,0.15,10,0,0,10,0
mpnet,bm25,8,20,relaxed_ge1,-0.15,-0.4,0.4,11,5,0,11,5
mpnet,bm25,9,20,relaxed_ge1,0.1,0.1,0.45,7,0,0,7,0
mpnet,bm25,10,20,relaxed_ge1,-0.45,-0.45,-0.1,7,0,0,7,0
mpnet,bm25,11,20,relaxed_ge1,-0.35,-0.45,0.25,12,2,0,12,2
mpnet,bm25,12,20,relaxed_ge1,-0.35,-0.55,0.4,15,4,0,15,4
mpnet,bm25,13,20,relaxed_ge1,-0.6,-0.65,0.2,16,1,0,16,1
mpnet,bm25,14,20,relaxed_ge1,-0.2,-0.2,0.2,8,0,0,8,0
mpnet,bm25,15,20,relaxed_ge1,-0.1,-0.4,0.8,18,6,0,18,6
mpnet,bm25,16,20,relaxed_ge1,0.65,0.5,0.7,1,3,0,1,3
mpnet,bm25,17,20,relaxed_ge1,-0.1,-0.2,0.4,10,2,0,10,2
mpnet,bm25,18,20,relaxed_ge1,-0.05,-0.05,0.2,5,0,0,5,0
mpnet,bm25,19,20,relaxed_ge1,-0.15,-0.15,0,3,0,0,3,0
mpnet,bm25,20,20,relaxed_ge1,0.1,0.05,0.1,1,2,1,0,1
mpnet,bm25,21,20,relaxed_ge1,-0.15,-0.25,0.55,14,2,0,14,2
mpnet,bm25,22,20,relaxed_ge1,-0.1,-0.3,0.2,6,4,0,6,4
mpnet,bm25,23,20,relaxed_ge1,0.05,0,0.2,3,1,0,3,1
mpnet,bm25,24,20,relaxed_ge1,-0.15,-0.25,0.2,7,2,0,7,2
mpnet,bm25,25,20,relaxed_ge1,0.35,0.1,0.85,10,5,0,10,5
mpnet,bm25,26,20,relaxed_ge1,-0.45,-0.6,0.4,17,3,0,17,3
mpnet,bm25,27,20,relaxed_ge1,-0.05,-0.15,0.15,4,2,0,4,2
mpnet,bm25,28,20,relaxed_ge1,-0.4,-0.4,0.1,10,0,0,10,0
mpnet,bm25,29,20,relaxed_ge1,-0.25,-0.25,0.1,7,0,0,7,0
mpnet,bm25,30,20,relaxed_ge1,-0.25,-0.25,0,5,0,0,5,0
mpnet,bm25,31,20,relaxed_ge1,-0.15,-0.2,0.75,18,1,0,18,1
mpnet,bm25,32,20,relaxed_ge1,-0.45,-0.45,0.4,17,0,0,17,0
mpnet,bm25,33,20,relaxed_ge1,-0.35,-0.35,0.1,9,0,0,9,0
mpnet,bm25,34,20,relaxed_ge1,-0.2,-0.5,0.45,13,6,0,13,6
mpnet,bm25,35,20,relaxed_ge1,-0.25,-0.25,0.55,16,0,0,16,0
mpnet,bm25,36,20,relaxed_ge1,-0.15,-0.15,0,3,0,0,3,0
mpnet,bm25,37,20,relaxed_ge1,-0.25,-0.25,-0.25,0,0,0,0,0
mpnet,bm25,38,20,relaxed_ge1,-0.1,-0.1,0.3,8,0,0,8,0
mpnet,bm25,39,20,relaxed_ge1,0,0,0,0,0,0,0,0
mpnet,bm25,40,20,relaxed_ge1,0,0,0,0,0,0,0,0
mpnet,bm25,41,20,relaxed_ge1,0.2,0.2,0.25,1,0,0,1,0
mpnet,bm25,42,20,relaxed_ge1,0.25,0.25,0.25,0,0,0,0,0
mpnet,bm25,43,20,relaxed_ge1,0.2,0.2,0.2,0,0,0,0,0
mpnet,bm25,44,20,relaxed_ge1,0.05,0,0.1,1,1,0,1,1
mpnet,bm25,45,20,relaxed_ge1,0.05,0,0.1,1,1,0,1,1
mpnet,bm25,46,20,relaxed_ge1,0.3,0.3,0.3,0,0,0,0,0
mpnet,bm25,47,20,relaxed_ge1,0,-0.3,0.55,11,6,0,11,6
mpnet,bm25,48,20,relaxed_ge1,0.1,-0.05,0.2,2,3,0,2,3
mpnet,bm25,49,20,relaxed_ge1,0.2,0.15,0.6,8,1,0,8,1
mpnet,bm25,50,20,relaxed_ge1,-0.35,-0.35,-0.05,6,0,0,6,0
mpnet,bm25,1,100,strict_eq2,-0.11,-0.55,0.73,86,46,2,84,44
mpnet,bm25,2,100,strict_eq2,-0.26,-0.48,0.61,87,22,0,87,22
mpnet,bm25,3,100,strict_eq2,-0.12,-0.34,0.63,75,22,0,75,22
mpnet,bm25,4,100,strict_eq2,-0.04,-0.33,0.66,72,31,2,70,29
mpnet,bm25,5,100,strict_eq2,-0.08,-0.36,0.55,64,29,1,63,28
mpnet,bm25,6,100,strict_eq2,-0.17,-0.5,0.41,58,33,0,58,33
mpnet,bm25,7,100,strict_eq2,-0.06,-0.16,0.33,41,12,2,39,10
mpnet,bm25,8,100,strict_eq2,-0.04,-0.4,0.61,68,39,3,65,36
mpnet,bm25,9,100,strict_eq2,-0.02,-0.13,0.48,51,12,1,50,11
mpnet,bm25,10,100,strict_eq2,0.04,-0.07,0.25,21,11,0,21,11
mpnet,bm25,11,100,strict_eq2,-0.11,-0.25,0.62,74,15,1,73,14
mpnet,bm25,12,100,strict_eq2,-0.01,-0.23,0.68,69,22,0,69,22
mpnet,bm25,13,100,strict_eq2,-0.26,-0.49,0.61,87,23,0,87,23
mpnet,bm25,14,100,strict_eq2,-0.22,-0.26,0.54,76,4,0,76,4
mpnet,bm25,15,100,strict_eq2,0,-0.51,0.9,90,51,0,90,51
mpnet,bm25,16,100,strict_eq2,0.32,-0.05,0.64,33,38,1,32,37
mpnet,bm25,17,100,strict_eq2,0.02,-0.2,0.49,47,22,0,47,22
mpnet,bm25,18,100,strict_eq2,0.06,-0.06,0.31,25,12,0,25,12
mpnet,bm25,19,100,strict_eq2,0.03,-0.14,0.43,40,17,0,40,17
mpnet,bm25,20,100,strict_eq2,0.26,0.17,0.38,13,10,1,12,9
mpnet,bm25,21,100,strict_eq2,-0.16,-0.36,0.47,64,21,1,63,20
mpnet,bm25,22,100,strict_eq2,-0.16,-0.42,0.41,58,27,1,57,26
mpnet,bm25,23,100,strict_eq2,0.13,-0.18,0.41,29,32,1,28,31
mpnet,bm25,24,100,strict_eq2,-0.14,-0.3,0.33,47,16,0,47,16
mpnet,bm25,25,100,strict_eq2,0.26,-0.08,0.7,44,34,0,44,34
mpnet,bm25,26,100,strict_eq2,-0.19,-0.57,0.58,77,38,0,77,38
mpnet,bm25,27,100,strict_eq2,-0.27,-0.37,0.31,58,10,0,58,10
mpnet,bm25,28,100,strict_eq2,-0.12,-0.25,0.25,40,16,3,37,13
mpnet,bm25,29,100,strict_eq2,-0.11,-0.14,0.44,56,4,1,55,3
mpnet,bm25,30,100,strict_eq2,-0.01,-0.05,0.17,20,6,2,18,4
mpnet,bm25,31,100,strict_eq2,-0.06,-0.08,0.75,81,2,0,81,2
mpnet,bm25,32,100,strict_eq2,-0.12,-0.34,0.77,89,22,0,89,22
mpnet,bm25,33,100,strict_eq2,-0.13,-0.29,0.46,59,16,0,59,16
mpnet,bm25,34,100,strict_eq2,-0.01,-0.52,0.74,75,51,0,75,51
mpnet,bm25,35,100,strict_eq2,-0.33,-0.49,0.43,76,16,0,76,16
mpnet,bm25,36,100,strict_eq2,-0.22,-0.24,0.03,25,2,0,25,2
mpnet,bm25,37,100,strict_eq2,-0.09,-0.1,0.04,13,1,0,13,1
mpnet,bm25,38,100,strict_eq2,0.16,0.02,0.5,35,15,1,34,14
mpnet,bm25,39,100,strict_eq2,0.07,0.07,0.13,6,0,0,6,0
mpnet,bm25,40,100,strict_eq2,-0.07,-0.08,0.01,8,1,0,8,1
mpnet,bm25,41,100,strict_eq2,0.19,0.16,0.3,11,3,0,11,3
mpnet,bm25,42,100,strict_eq2,0.34,0.29,0.34,0,5,0,0,5
mpnet,bm25,43,100,strict_eq2,-0.16,-0.17,0.24,40,1,0,40,1
mpnet,bm25,44,100,strict_eq2,0.23,0.11,0.43,20,12,0,20,12
mpnet,bm25,45,100,strict_eq2,-0.05,-0.14,0.22,28,10,1,27,9
mpnet,bm25,46,100,strict_eq2,0,-0.13,0.53,53,13,0,53,13
mpnet,bm25,47,100,strict_eq2,0.08,-0.32,0.69,61,40,0,61,40
mpnet,bm25,48,100,strict_eq2,0.32,-0.16,0.54,22,48,0,22,48
mpnet,bm25,49,100,strict_eq2,0.24,0.01,0.77,53,23,0,53,23
mpnet,bm25,50,100,strict_eq2,0.01,-0.23,0.35,34,24,0,34,24
mpnet,bm25,1,100,relaxed_ge1,-0.22,-0.66,0.62,86,46,2,84,44
mpnet,bm25,2,100,relaxed_ge1,-0.32,-0.54,0.55,87,22,0,87,22
mpnet,bm25,3,100,relaxed_ge1,-0.26,-0.48,0.49,75,22,0,75,22
mpnet,bm25,4,100,relaxed_ge1,-0.07,-0.36,0.63,72,31,2,70,29
mpnet,bm25,5,100,relaxed_ge1,-0.29,-0.57,0.34,64,29,1,63,28
mpnet,bm25,6,100,relaxed_ge1,-0.2,-0.53,0.38,58,33,0,58,33
mpnet,bm25,7,100,relaxed_ge1,-0.1,-0.2,0.29,41,12,2,39,10
mpnet,bm25,8,100,relaxed_ge1,-0.13,-0.49,0.52,68,39,3,65,36
mpnet,bm25,9,100,relaxed_ge1,-0.06,-0.17,0.44,51,12,1,50,11
mpnet,bm25,10,100,relaxed_ge1,-0.1,-0.21,0.11,21,11,0,21,11
mpnet,bm25,11,100,relaxed_ge1,-0.22,-0.36,0.51,74,15,1,73,14
mpnet,bm25,12,100,relaxed_ge1,-0.22,-0.44,0.47,69,22,0,69,22
mpnet,bm25,13,100,relaxed_ge1,-0.47,-0.7,0.4,87,23,0,87,23
mpnet,bm25,14,100,relaxed_ge1,-0.47,-0.51,0.29,76,4,0,76,4
mpnet,bm25,15,100,relaxed_ge1,-0.02,-0.53,0.88,90,51,0,90,51
mpnet,bm25,16,100,relaxed_ge1,0.41,0.04,0.73,33,38,1,32,37
mpnet,bm25,17,100,relaxed_ge1,-0.1,-0.32,0.37,47,22,0,47,22
mpnet,bm25,18,100,relaxed_ge1,-0.05,-0.17,0.2,25,12,0,25,12
mpnet,bm25,19,100,relaxed_ge1,0,-0.17,0.4,40,17,0,40,17
mpnet,bm25,20,100,relaxed_ge1,0.16,0.07,0.28,13,10,1,12,9
mpnet,bm25,21,100,relaxed_ge1,-0.13,-0.33,0.5,64,21,1,63,20
mpnet,bm25,22,100,relaxed_ge1,-0.22,-0.48,0.35,58,27,1,57,26
mpnet,bm25,23,100,relaxed_ge1,0.08,-0.23,0.36,29,32,1,28,31
mpnet,bm25,24,100,relaxed_ge1,-0.19,-0.35,0.28,47,16,0,47,16
mpnet,bm25,25,100,relaxed_ge1,0.33,-0.01,0.77,44,34,0,44,34
mpnet,bm25,26,100,relaxed_ge1,-0.22,-0.6,0.55,77,38,0,77,38
mpnet,bm25,27,100,relaxed_ge1,-0.45,-0.55,0.13,58,10,0,58,10
mpnet,bm25,28,100,relaxed_ge1,-0.14,-0.27,0.23,40,16,3,37,13
mpnet,bm25,29,100,relaxed_ge1,-0.24,-0.27,0.31,56,4,1,55,3
mpnet,bm25,30,100,relaxed_ge1,-0.09,-0.13,0.09,20,6,2,18,4
mpnet,bm25,31,100,relaxed_ge1,-0.12,-0.14,0.69,81,2,0,81,2
mpnet,bm25,32,100,relaxed_ge1,-0.16,-0.38,0.73,89,22,0,89,22
mpnet,bm25,33,100,relaxed_ge1,-0.15,-0.31,0.44,59,16,0,59,16
mpnet,bm25,34,100,relaxed_ge1,-0.03,-0.54,0.72,75,51,0,75,51
mpnet,bm25,35,100,relaxed_ge1,-0.3,-0.46,0.46,76,16,0,76,16
mpnet,bm25,36,100,relaxed_ge1,-0.24,-0.26,0.01,25,2,0,25,2
mpnet,bm25,37,100,relaxed_ge1,-0.18,-0.19,-0.05,13,1,0,13,1
mpnet,bm25,38,100,relaxed_ge1,0.08,-0.06,0.42,35,15,1,34,14
mpnet,bm25,39,100,relaxed_ge1,-0.05,-0.05,0.01,6,0,0,6,0
mpnet,bm25,40,100,relaxed_ge1,-0.09,-0.1,-0.01,8,1,0,8,1
mpnet,bm25,41,100,relaxed_ge1,0.17,0.14,0.28,11,3,0,11,3
mpnet,bm25,42,100,relaxed_ge1,0.3,0.25,0.3,0,5,0,0,5
mpnet,bm25,43,100,relaxed_ge1,-0.21,-0.22,0.19,40,1,0,40,1
mpnet,bm25,44,100,relaxed_ge1,0.12,0,0.32,20,12,0,20,12
mpnet,bm25,45,100,relaxed_ge1,-0.1,-0.19,0.17,28,10,1,27,9
mpnet,bm25,46,100,relaxed_ge1,0.02,-0.11,0.55,53,13,0,53,13
mpnet,bm25,47,100,relaxed_ge1,0.03,-0.37,0.64,61,40,0,61,40
mpnet,bm25,48,100,relaxed_ge1,0.29,-0.19,0.51,22,48,0,22,48
mpnet,bm25,49,100,relaxed_ge1,0.19,-0.04,0.72,53,23,0,53,23
mpnet,bm25,50,100,relaxed_ge1,0.02,-0.22,0.36,34,24,0,34,24
direct,bm25,1,20,strict_eq2,0.1,0.05,0.15,3,3,2,1,1
direct,bm25,2,20,strict_eq2,0.35,0.35,0.35,1,1,1,0,0
direct,bm25,3,20,strict_eq2,0.4,0.35,0.4,1,2,1,0,1
direct,bm25,4,20,strict_eq2,0.1,0.1,0.25,3,0,0,3,0
direct,bm25,5,20,strict_eq2,0.1,0.05,0.25,4,2,1,3,1
direct,bm25,6,20,strict_eq2,0.15,0.1,0.15,0,1,0,0,1
direct,bm25,7,20,strict_eq2,0.15,0.15,0.15,0,0,0,0,0
direct,bm25,8,20,strict_eq2,0.1,0.05,0.1,4,5,4,0,1
direct,bm25,9,20,strict_eq2,0.15,0.15,0.15,0,0,0,0,0
direct,bm25,10,20,strict_eq2,0.2,0.2,0.2,0,0,0,0,0
direct,bm25,11,20,strict_eq2,0.35,0.25,0.4,1,2,0,1,2
direct,bm25,12,20,strict_eq2,0.05,-0.05,0.05,2,4,2,0,2
direct,bm25,13,20,strict_eq2,0.1,0.1,0.15,2,1,1,1,0
direct,bm25,14,20,strict_eq2,0.05,0.05,0.05,0,0,0,0,0
direct,bm25,15,20,strict_eq2,0.1,-0.15,0.35,6,6,1,5,5
direct,bm25,16,20,strict_eq2,0.35,0.2,0.4,1,3,0,1,3
direct,bm25,17,20,strict_eq2,0.15,0.05,0.25,2,2,0,2,2
direct,bm25,18,20,strict_eq2,0.2,0.2,0.2,0,0,0,0,0
direct,bm25,19,20,strict_eq2,0.1,0.1,0.1,0,0,0,0,0
direct,bm25,20,20,strict_eq2,0.1,0.05,0.1,1,2,1,0,1
direct,bm25,21,20,strict_eq2,0.25,0.2,0.3,2,2,1,1,1
direct,bm25,22,20,strict_eq2,-0.05,-0.1,-0.05,3,4,3,0,1
direct,bm25,23,20,strict_eq2,0.1,0.05,0.1,0,1,0,0,1
direct,bm25,24,20,strict_eq2,0.3,0.2,0.3,0,2,0,0,2
direct,bm25,25,20,strict_eq2,0.3,0.05,0.45,3,5,0,3,5
direct,bm25,26,20,strict_eq2,0,-0.1,0.05,2,3,1,1,2
direct,bm25,27,20,strict_eq2,0.05,-0.05,0.05,0,2,0,0,2
direct,bm25,28,20,strict_eq2,0,0,0.15,3,0,0,3,0
direct,bm25,29,20,strict_eq2,0.05,0.05,0.1,1,0,0,1,0
direct,bm25,30,20,strict_eq2,0.05,0.05,0.05,0,0,0,0,0
direct,bm25,31,20,strict_eq2,0.05,0.05,0.05,1,1,1,0,0
direct,bm25,32,20,strict_eq2,0.05,0.05,0.25,4,0,0,4,0
direct,bm25,33,20,strict_eq2,0.05,0.05,0.05,0,0,0,0,0
direct,bm25,34,20,strict_eq2,0,-0.25,0.05,2,6,1,1,5
direct,bm25,35,20,strict_eq2,0.2,0.2,0.2,0,0,0,0,0
direct,bm25,36,20,strict_eq2,0.05,0.05,0.05,0,0,0,0,0
direct,bm25,37,20,strict_eq2,0.05,0.05,0.05,0,0,0,0,0
direct,bm25,38,20,strict_eq2,0.25,0.25,0.3,1,0,0,1,0
direct,bm25,39,20,strict_eq2,0.05,0.05,0.05,0,0,0,0,0
direct,bm25,40,20,strict_eq2,-0.05,-0.05,-0.05,0,0,0,0,0
direct,bm25,41,20,strict_eq2,0.1,0.1,0.1,0,0,0,0,0
direct,bm25,42,20,strict_eq2,0.25,0.25,0.25,0,0,0,0,0
direct,bm25,43,20,strict_eq2,0.1,0.1,0.1,0,0,0,0,0
direct,bm25,44,20,strict_eq2,0.25,0.2,0.25,0,1,0,0,1
direct,bm25,45,20,strict_eq2,-0.1,-0.15,-0.05,1,1,0,1,1
direct,bm25,46,20,strict_eq2,0.4,0.4,0.4,0,0,0,0,0
direct,bm25,47,20,strict_eq2,0.6,0.3,0.6,0,6,0,0,6
direct,bm25,48,20,strict_eq2,0.2,0.05,0.2,0,3,0,0,3
direct,bm25,49,20,strict_eq2,0.25,0.2,0.25,0,1,0,0,1
direct,bm25,50,20,strict_eq2,0,0,0,0,0,0,0,0
direct,bm25,1,20,relaxed_ge1,0.15,0.1,0.2,3,3,2,1,1
direct,bm25,2,20,relaxed_ge1,0.45,0.45,0.45,1,1,1,0,0
direct,bm25,3,20,relaxed_ge1,0.5,0.45,0.5,1,2,1,0,1
direct,bm25,4,20,relaxed_ge1,0.25,0.25,0.4,3,0,0,3,0
direct,bm25,5,20,relaxed_ge1,-0.05,-0.1,0.1,4,2,1,3,1
direct,bm25,6,20,relaxed_ge1,0.1,0.05,0.1,0,1,0,0,1
direct,bm25,7,20,relaxed_ge1,0.15,0.15,0.15,0,0,0,0,0
direct,bm25,8,20,relaxed_ge1,0.1,0.05,0.1,4,5,4,0,1
direct,bm25,9,20,relaxed_ge1,0.25,0.25,0.25,0,0,0,0,0
direct,bm25,10,20,relaxed_ge1,0.05,0.05,0.05,0,0,0,0,0
direct,bm25,11,20,relaxed_ge1,0.4,0.3,0.45,1,2,0,1,2
direct,bm25,12,20,relaxed_ge1,0.1,0,0.1,2,4,2,0,2
direct,bm25,13,20,relaxed_ge1,0,0,0.05,2,1,1,1,0
direct,bm25,14,20,relaxed_ge1,0.05,0.05,0.05,0,0,0,0,0
direct,bm25,15,20,relaxed_ge1,0.1,-0.15,0.35,6,6,1,5,5
direct,bm25,16,20,relaxed_ge1,0.65,0.5,0.7,1,3,0,1,3
direct,bm25,17,20,relaxed_ge1,0.2,0.1,0.3,2,2,0,2,2
direct,bm25,18,20,relaxed_ge1,0.2,0.2,0.2,0,0,0,0,0
direct,bm25,19,20,relaxed_ge1,-0.1,-0.1,-0.1,0,0,0,0,0
direct,bm25,20,20,relaxed_ge1,0.1,0.05,0.1,1,2,1,0,1
direct,bm25,21,20,relaxed_ge1,0.25,0.2,0.3,2,2,1,1,1
direct,bm25,22,20,relaxed_ge1,0.05,0,0.05,3,4,3,0,1
direct,bm25,23,20,relaxed_ge1,0.2,0.15,0.2,0,1,0,0,1
direct,bm25,24,20,relaxed_ge1,0.25,0.15,0.25,0,2,0,0,2
direct,bm25,25,20,relaxed_ge1,0.35,0.1,0.5,3,5,0,3,5
direct,bm25,26,20,relaxed_ge1,0.05,-0.05,0.1,2,3,1,1,2
direct,bm25,27,20,relaxed_ge1,0.15,0.05,0.15,0,2,0,0,2
direct,bm25,28,20,relaxed_ge1,-0.05,-0.05,0.1,3,0,0,3,0
direct,bm25,29,20,relaxed_ge1,0.05,0.05,0.1,1,0,0,1,0
direct,bm25,30,20,relaxed_ge1,0,0,0,0,0,0,0,0
direct,bm25,31,20,relaxed_ge1,0.15,0.15,0.15,1,1,1,0,0
direct,bm25,32,20,relaxed_ge1,0,0,0.2,4,0,0,4,0
direct,bm25,33,20,relaxed_ge1,0.15,0.15,0.15,0,0,0,0,0
direct,bm25,34,20,relaxed_ge1,0.05,-0.2,0.1,2,6,1,1,5
direct,bm25,35,20,relaxed_ge1,0.25,0.25,0.25,0,0,0,0,0
direct,bm25,36,20,relaxed_ge1,0,0,0,0,0,0,0,0
direct,bm25,37,20,relaxed_ge1,0.05,0.05,0.05,0,0,0,0,0
direct,bm25,38,20,relaxed_ge1,0.3,0.3,0.35,1,0,0,1,0
direct,bm25,39,20,relaxed_ge1,0,0,0,0,0,0,0,0
direct,bm25,40,20,relaxed_ge1,0,0,0,0,0,0,0,0
direct,bm25,41,20,relaxed_ge1,0.15,0.15,0.15,0,0,0,0,0
direct,bm25,42,20,relaxed_ge1,0.25,0.25,0.25,0,0,0,0,0
direct,bm25,43,20,relaxed_ge1,0,0,0,0,0,0,0,0
direct,bm25,44,20,relaxed_ge1,0.1,0.05,0.1,0,1,0,0,1
direct,bm25,45,20,relaxed_ge1,0.05,0,0.1,1,1,0,1,1
direct,bm25,46,20,relaxed_ge1,0.25,0.25,0.25,0,0,0,0,0
direct,bm25,47,20,relaxed_ge1,0.5,0.2,0.5,0,6,0,0,6
direct,bm25,48,20,relaxed_ge1,0.2,0.05,0.2,0,3,0,0,3
direct,bm25,49,20,relaxed_ge1,0.4,0.35,0.4,0,1,0,0,1
direct,bm25,50,20,relaxed_ge1,-0.05,-0.05,-0.05,0,0,0,0,0
direct,bm25,1,100,strict_eq2,0.06,-0.24,0.17,27,46,16,11,30
direct,bm25,2,100,strict_eq2,0.14,-0.03,0.21,12,22,5,7,17
direct,bm25,3,100,strict_eq2,0.07,-0.05,0.15,18,22,10,8,12
direct,bm25,4,100,strict_eq2,0.08,-0.03,0.16,28,31,20,8,11
direct,bm25,5,100,strict_eq2,0.08,-0.12,0.27,28,29,9,19,20
direct,bm25,6,100,strict_eq2,0.21,-0.11,0.4,20,33,1,19,32
direct,bm25,7,100,strict_eq2,0.21,0.11,0.25,6,12,2,4,10
direct,bm25,8,100,strict_eq2,0.18,-0.08,0.36,31,39,13,18,26
direct,bm25,9,100,strict_eq2,0.03,-0.03,0.11,14,12,6,8,6
direct,bm25,10,100,strict_eq2,0.11,0.04,0.14,7,11,4,3,7
direct,bm25,11,100,strict_eq2,0.03,-0.02,0.14,21,15,10,11,5
direct,bm25,12,100,strict_eq2,0.05,-0.08,0.19,23,22,9,14,13
direct,bm25,13,100,strict_eq2,0.08,-0.05,0.16,18,23,10,8,13
direct,bm25,14,100,strict_eq2,0.04,0,0.12,8,4,0,8,4
direct,bm25,15,100,strict_eq2,0.04,-0.4,0.46,49,51,7,42,44
direct,bm25,16,100,strict_eq2,0.4,0.04,0.49,11,38,2,9,36
direct,bm25,17,100,strict_eq2,0.08,-0.08,0.21,19,22,6,13,16
direct,bm25,18,100,strict_eq2,0.08,-0.02,0.11,5,12,2,3,10
direct,bm25,19,100,strict_eq2,0.03,-0.09,0.05,7,17,5,2,12
direct,bm25,20,100,strict_eq2,0.26,0.21,0.31,10,10,5,5,5
direct,bm25,21,100,strict_eq2,0.11,-0.05,0.19,13,21,5,8,16
direct,bm25,22,100,strict_eq2,0.21,0.05,0.26,16,27,11,5,16
direct,bm25,23,100,strict_eq2,0.26,-0.01,0.32,11,32,5,6,27
direct,bm25,24,100,strict_eq2,0.22,0.08,0.25,5,16,2,3,14
direct,bm25,25,100,strict_eq2,0.19,-0.05,0.43,34,34,10,24,24
direct,bm25,26,100,strict_eq2,0.14,0.02,0.23,35,38,26,9,12
direct,bm25,27,100,strict_eq2,0.12,0.05,0.22,13,10,3,10,7
direct,bm25,28,100,strict_eq2,0.09,0.02,0.12,12,16,9,3,7
direct,bm25,29,100,strict_eq2,0.01,-0.02,0.05,5,4,1,4,3
direct,bm25,30,100,strict_eq2,0.05,0.02,0.16,14,6,3,11,3
direct,bm25,31,100,strict_eq2,0.08,0.07,0.15,8,2,1,7,1
direct,bm25,32,100,strict_eq2,-0.03,-0.24,0.54,58,22,1,57,21
direct,bm25,33,100,strict_eq2,0.11,-0.03,0.13,4,16,2,2,14
direct,bm25,34,100,strict_eq2,0.06,-0.36,0.3,33,51,9,24,42
direct,bm25,35,100,strict_eq2,-0.01,-0.13,0.09,14,16,4,10,12
direct,bm25,36,100,strict_eq2,0.02,0.01,0.05,4,2,1,3,1
direct,bm25,37,100,strict_eq2,-0.02,-0.02,-0.02,1,1,1,0,0
direct,bm25,38,100,strict_eq2,0.24,0.11,0.27,5,15,2,3,13
direct,bm25,39,100,strict_eq2,0.1,0.1,0.11,1,0,0,1,0
direct,bm25,40,100,strict_eq2,0.01,0.01,0.01,1,1,1,0,0
direct,bm25,41,100,strict_eq2,0.08,0.07,0.1,4,3,2,2,1
direct,bm25,42,100,strict_eq2,0.26,0.21,0.26,0,5,0,0,5
direct,bm25,43,100,strict_eq2,0.14,0.13,0.17,3,1,0,3,1
direct,bm25,44,100,strict_eq2,0.27,0.15,0.27,0,12,0,0,12
direct,bm25,45,100,strict_eq2,0.01,-0.05,0.05,8,10,4,4,6
direct,bm25,46,100,strict_eq2,-0.01,-0.13,0.2,22,13,1,21,12
direct,bm25,47,100,strict_eq2,0.27,-0.1,0.42,18,40,3,15,37
direct,bm25,48,100,strict_eq2,0.39,-0.01,0.43,12,48,8,4,40
direct,bm25,49,100,strict_eq2,0.23,0.01,0.25,3,23,1,2,22
direct,bm25,50,100,strict_eq2,0.02,-0.15,0.08,13,24,7,6,17
direct,bm25,1,100,relaxed_ge1,0.25,-0.05,0.36,27,46,16,11,30
direct,bm25,2,100,relaxed_ge1,0.18,0.01,0.25,12,22,5,7,17
direct,bm25,3,100,relaxed_ge1,0.1,-0.02,0.18,18,22,10,8,12
direct,bm25,4,100,relaxed_ge1,0.13,0.02,0.21,28,31,20,8,11
direct,bm25,5,100,relaxed_ge1,0.02,-0.18,0.21,28,29,9,19,20
direct,bm25,6,100,relaxed_ge1,0.16,-0.16,0.35,20,33,1,19,32
direct,bm25,7,100,relaxed_ge1,0.2,0.1,0.24,6,12,2,4,10
direct,bm25,8,100,relaxed_ge1,0.19,-0.07,0.37,31,39,13,18,26
direct,bm25,9,100,relaxed_ge1,0.05,-0.01,0.13,14,12,6,8,6
direct,bm25,10,100,relaxed_ge1,0.06,-0.01,0.09,7,11,4,3,7
direct,bm25,11,100,relaxed_ge1,0.04,-0.01,0.15,21,15,10,11,5
direct,bm25,12,100,relaxed_ge1,0.01,-0.12,0.15,23,22,9,14,13
direct,bm25,13,100,relaxed_ge1,0.09,-0.04,0.17,18,23,10,8,13
direct,bm25,14,100,relaxed_ge1,0.05,0.01,0.13,8,4,0,8,4
direct,bm25,15,100,relaxed_ge1,0.05,-0.39,0.47,49,51,7,42,44
direct,bm25,16,100,relaxed_ge1,0.54,0.18,0.63,11,38,2,9,36
direct,bm25,17,100,relaxed_ge1,0.08,-0.08,0.21,19,22,6,13,16
direct,bm25,18,100,relaxed_ge1,0.08,-0.02,0.11,5,12,2,3,10
direct,bm25,19,100,relaxed_ge1,0.04,-0.08,0.06,7,17,5,2,12
direct,bm25,20,100,relaxed_ge1,0.18,0.13,0.23,10,10,5,5,5
direct,bm25,21,100,relaxed_ge1,0.14,-0.02,0.22,13,21,5,8,16
direct,bm25,22,100,relaxed_ge1,0.2,0.04,0.25,16,27,11,5,16
direct,bm25,23,100,relaxed_ge1,0.3,0.03,0.36,11,32,5,6,27
direct,bm25,24,100,relaxed_ge1,0.23,0.09,0.26,5,16,2,3,14
direct,bm25,25,100,relaxed_ge1,0.22,-0.02,0.46,34,34,10,24,24
direct,bm25,26,100,relaxed_ge1,0.14,0.02,0.23,35,38,26,9,12
direct,bm25,27,100,relaxed_ge1,-0.01,-0.08,0.09,13,10,3,10,7
direct,bm25,28,100,relaxed_ge1,0.07,0,0.1,12,16,9,3,7
direct,bm25,29,100,relaxed_ge1,0.03,0,0.07,5,4,1,4,3
direct,bm25,30,100,relaxed_ge1,-0.03,-0.06,0.08,14,6,3,11,3
direct,bm25,31,100,relaxed_ge1,0.14,0.13,0.21,8,2,1,7,1
direct,bm25,32,100,relaxed_ge1,-0.02,-0.23,0.55,58,22,1,57,21
direct,bm25,33,100,relaxed_ge1,0.15,0.01,0.17,4,16,2,2,14
direct,bm25,34,100,relaxed_ge1,0.09,-0.33,0.33,33,51,9,24,42
direct,bm25,35,100,relaxed_ge1,0,-0.12,0.1,14,16,4,10,12
direct,bm25,36,100,relaxed_ge1,0,-0.01,0.03,4,2,1,3,1
direct,bm25,37,100,relaxed_ge1,-0.02,-0.02,-0.02,1,1,1,0,0
direct,bm25,38,100,relaxed_ge1,0.31,0.18,0.34,5,15,2,3,13
direct,bm25,39,100,relaxed_ge1,0.02,0.02,0.03,1,0,0,1,0
direct,bm25,40,100,relaxed_ge1,0.01,0.01,0.01,1,1,1,0,0
direct,bm25,41,100,relaxed_ge1,0.1,0.09,0.12,4,3,2,2,1
direct,bm25,42,100,relaxed_ge1,0.25,0.2,0.25,0,5,0,0,5
direct,bm25,43,100,relaxed_ge1,0.12,0.11,0.15,3,1,0,3,1
direct,bm25,44,100,relaxed_ge1,0.27,0.15,0.27,0,12,0,0,12
direct,bm25,45,100,relaxed_ge1,0.07,0.01,0.11,8,10,4,4,6
direct,bm25,46,100,relaxed_ge1,0.09,-0.03,0.3,22,13,1,21,12
direct,bm25,47,100,relaxed_ge1,0.35,-0.02,0.5,18,40,3,15,37
direct,bm25,48,100,relaxed_ge1,0.41,0.01,0.45,12,48,8,4,40
direct,bm25,49,100,relaxed_ge1,0.38,0.16,0.4,3,23,1,2,22
direct,bm25,50,100,relaxed_ge1,0.07,-0.1,0.13,13,24,7,6,17
direct_minmax,bm25,1,20,strict_eq2,0.1,0.05,0.15,3,3,2,1,1
direct_minmax,bm25,2,20,strict_eq2,0.35,0.35,0.35,1,1,1,0,0
direct_minmax,bm25,3,20,strict_eq2,0.4,0.35,0.4,1,2,1,0,1
direct_minmax,bm25,4,20,strict_eq2,0.1,0.1,0.25,3,0,0,3,0
direct_minmax,bm25,5,20,strict_eq2,0.05,-0.05,0.3,5,2,0,5,2
direct_minmax,bm25,6,20,strict_eq2,0.15,0.1,0.15,0,1,0,0,1
direct_minmax,bm25,7,20,strict_eq2,0.15,0.15,0.15,0,0,0,0,0
direct_minmax,bm25,8,20,strict_eq2,0.1,0.05,0.1,4,5,4,0,1
direct_minmax,bm25,9,20,strict_eq2,0.15,0.15,0.15,0,0,0,0,0
direct_minmax,bm25,10,20,strict_eq2,0.15,0.15,0.15,0,0,0,0,0
direct_minmax,bm25,11,20,strict_eq2,0.35,0.25,0.4,1,2,0,1,2
direct_minmax,bm25,12,20,strict_eq2,0.05,-0.05,0.05,2,4,2,0,2
direct_minmax,bm25,13,20,strict_eq2,0.1,0.1,0.15,2,1,1,1,0
direct_minmax,bm25,14,20,strict_eq2,0.05,0.05,0.05,0,0,0,0,0
direct_minmax,bm25,15,20,strict_eq2,0.1,-0.15,0.3,5,6,1,4,5
direct_minmax,bm25,16,20,strict_eq2,0.35,0.2,0.4,1,3,0,1,3
direct_minmax,bm25,17,20,strict_eq2,0.15,0.05,0.3,3,2,0,3,2
direct_minmax,bm25,18,20,strict_eq2,0.2,0.2,0.2,0,0,0,0,0
direct_minmax,bm25,19,20,strict_eq2,0.1,0.1,0.1,0,0,0,0,0
direct_minmax,bm25,20,20,strict_eq2,0.1,0.05,0.1,1,2,1,0,1
direct_minmax,bm25,21,20,strict_eq2,0.2,0.15,0.3,3,2,1,2,1
direct_minmax,bm25,22,20,strict_eq2,-0.05,-0.1,-0.05,3,4,3,0,1
direct_minmax,bm25,23,20,strict_eq2,0.1,0.05,0.1,0,1,0,0,1
direct_minmax,bm25,24,20,strict_eq2,0.3,0.2,0.3,0,2,0,0,2
direct_minmax,bm25,25,20,strict_eq2,0.3,0.05,0.5,4,5,0,4,5
direct_minmax,bm25,26,20,strict_eq2,0,-0.1,0.05,2,3,1,1,2
direct_minmax,bm25,27,20,strict_eq2,0.05,-0.05,0.05,0,2,0,0,2
direct_minmax,bm25,28,20,strict_eq2,0.05,0.05,0.15,2,0,0,2,0
direct_minmax,bm25,29,20,strict_eq2,0.05,0.05,0.1,1,0,0,1,0
direct_minmax,bm25,30,20,strict_eq2,0.05,0.05,0.05,0,0,0,0,0
direct_minmax,bm25,31,20,strict_eq2,0.05,0.05,0.05,1,1,1,0,0
direct_minmax,bm25,32,20,strict_eq2,0.05,0.05,0.25,4,0,0,4,0
direct_minmax,bm25,33,20,strict_eq2,0.05,0.05,0.05,0,0,0,0,0
direct_minmax,bm25,34,20,strict_eq2,0,-0.25,0.05,2,6,1,1,5
direct_minmax,bm25,35,20,strict_eq2,0.25,0.25,0.25,0,0,0,0,0
direct_minmax,bm25,36,20,strict_eq2,0.05,0.05,0.05,0,0,0,0,0
direct_minmax,bm25,37,20,strict_eq2,0.05,0.05,0.05,0,0,0,0,0
direct_minmax,bm25,38,20,strict_eq2,0.2,0.2,0.25,1,0,0,1,0
direct_minmax,bm25,39,20,strict_eq2,0.05,0.05,0.05,0,0,0,0,0
direct_minmax,bm25,40,20,strict_eq2,-0.1,-0.1,-0.1,0,0,0,0,0
direct_minmax,bm25,41,20,strict_eq2,0.1,0.1,0.1,0,0,0,0,0
direct_minmax,bm25,42,20,strict_eq2,0.25,0.25,0.25,0,0,0,0,0
direct_minmax,bm25,43,20,strict_eq2,0.15,0.15,0.15,0,0,0,0,0
direct_minmax,bm25,44,20,strict_eq2,0.25,0.2,0.25,0,1,0,0,1
direct_minmax,bm25,45,20,strict_eq2,-0.05,-0.1,0,1,1,0,1,1
direct_minmax,bm25,46,20,strict_eq2,0.4,0.4,0.4,0,0,0,0,0
direct_minmax,bm25,47,20,strict_eq2,0.55,0.3,0.55,1,6,1,0,5
direct_minmax,bm25,48,20,strict_eq2,0.2,0.05,0.2,0,3,0,0,3
direct_minmax,bm25,49,20,strict_eq2,0.25,0.2,0.25,0,1,0,0,1
direct_minmax,bm25,50,20,strict_eq2,0,0,0,0,0,0,0,0
direct_minmax,bm25,1,20,relaxed_ge1,0.15,0.1,0.2,3,3,2,1,1
direct_minmax,bm25,2,20,relaxed_ge1,0.45,0.45,0.45,1,1,1,0,0
direct_minmax,bm25,3,20,relaxed_ge1,0.5,0.45,0.5,1,2,1,0,1
direct_minmax,bm25,4,20,relaxed_ge1,0.25,0.25,0.4,3,0,0,3,0
direct_minmax,bm25,5,20,relaxed_ge1,-0.1,-0.2,0.15,5,2,0,5,2
direct_minmax,bm25,6,20,relaxed_ge1,0.1,0.05,0.1,0,1,0,0,1
direct_minmax,bm25,7,20,relaxed_ge1,0.15,0.15,0.15,0,0,0,0,0
direct_minmax,bm25,8,20,relaxed_ge1,0.1,0.05,0.1,4,5,4,0,1
direct_minmax,bm25,9,20,relaxed_ge1,0.25,0.25,0.25,0,0,0,0,0
direct_minmax,bm25,10,20,relaxed_ge1,0.05,0.05,0.05,0,0,0,0,0
direct_minmax,bm25,11,20,relaxed_ge1,0.4,0.3,0.45,1,2,0,1,2
direct_minmax,bm25,12,20,relaxed_ge1,0.1,0,0.1,2,4,2,0,2
direct_minmax,bm25,13,20,relaxed_ge1,0,0,0.05,2,1,1,1,0
direct_minmax,bm25,14,20,relaxed_ge1,0.05,0.05,0.05,0,0,0,0,0
direct_minmax,bm25,15,20,relaxed_ge1,0.1,-0.15,0.3,5,6,1,4,5
direct_minmax,bm25,16,20,relaxed_ge1,0.65,0.5,0.7,1,3,0,1,3
direct_minmax,bm25,17,20,relaxed_ge1,0.15,0.05,0.3,3,2,0,3,2
direct_minmax,bm25,18,20,relaxed_ge1,0.2,0.2,0.2,0,0,0,0,0
direct_minmax,bm25,19,20,relaxed_ge1,-0.1,-0.1,-0.1,0,0,0,0,0
direct_minmax,bm25,20,20,relaxed_ge1,0.1,0.05,0.1,1,2,1,0,1
direct_minmax,bm25,21,20,relaxed_ge1,0.2,0.15,0.3,3,2,1,2,1
direct_minmax,bm25,22,20,relaxed_ge1,0.05,0,0.05,3,4,3,0,1
direct_minmax,bm25,23,20,relaxed_ge1,0.2,0.15,0.2,0,1,0,0,1
direct_minmax,bm25,24,20,relaxed_ge1,0.25,0.15,0.25,0,2,0,0,2
direct_minmax,bm25,25,20,relaxed_ge1,0.35,0.1,0.55,4,5,0,4,5
direct_minmax,bm25,26,20,relaxed_ge1,0.05,-0.05,0.1,2,3,1,1,2
direct_minmax,bm25,27,20,relaxed_ge1,0.15,0.05,0.15,0,2,0,0,2
direct_minmax,bm25,28,20,relaxed_ge1,0,0,0.1,2,0,0,2,0
direct_minmax,bm25,29,20,relaxed_ge1,0.05,0.05,0.1,1,0,0,1,0
direct_minmax,bm25,30,20,relaxed_ge1,0,0,0,0,0,0,0,0
direct_minmax,bm25,31,20,relaxed_ge1,0.15,0.15,0.15,1,1,1,0,0
direct_minmax,bm25,32,20,relaxed_ge1,0,0,0.2,4,0,0,4,0
direct_minmax,bm25,33,20,relaxed_ge1,0.15,0.15,0.15,0,0,0,0,0
direct_minmax,bm25,34,20,relaxed_ge1,0.05,-0.2,0.1,2,6,1,1,5
direct_minmax,bm25,35,20,relaxed_ge1,0.25,0.25,0.25,0,0,0,0,0
direct_minmax,bm25,36,20,relaxed_ge1,0,0,0,0,0,0,0,0
direct_minmax,bm25,37,20,relaxed_ge1,0,0,0,0,0,0,0,0
direct_minmax,bm25,38,20,relaxed_ge1,0.3,0.3,0.35,1,0,0,1,0
direct_minmax,bm25,39,20,relaxed_ge1,0,0,0,0,0,0,0,0
direct_minmax,bm25,40,20,relaxed_ge1,0,0,0,0,0,0,0,0
direct_minmax,bm25,41,20,relaxed_ge1,0.15,0.15,0.15,0,0,0,0,0
direct_minmax,bm25,42,20,relaxed_ge1,0.25,0.25,0.25,0,0,0,0,0
direct_minmax,bm25,43,20,relaxed_ge1,0.05,0.05,0.05,0,0,0,0,0
direct_minmax,bm25,44,20,relaxed_ge1,0.1,0.05,0.1,0,1,0,0,1
direct_minmax,bm25,45,20,relaxed_ge1,0.05,0,0.1,1,1,0,1,1
direct_minmax,bm25,46,20,relaxed_ge1,0.25,0.25,0.25,0,0,0,0,0
direct_minmax,bm25,47,20,relaxed_ge1,0.45,0.2,0.45,1,6,1,0,5
direct_minmax,bm25,48,20,relaxed_ge1,0.2,0.05,0.2,0,3,0,0,3
direct_minmax,bm25,49,20,relaxed_ge1,0.4,0.35,0.4,0,1,0,0,1
direct_minmax,bm25,50,20,relaxed_ge1,-0.05,-0.05,-0.05,0,0,0,0,0
direct_minmax,bm25,1,100,strict_eq2,0.05,-0.22,0.12,26,46,19,7,27
direct_minmax,bm25,2,100,strict_eq2,0.13,-0.03,0.19,12,22,6,6,16
direct_minmax,bm25,3,100,strict_eq2,0.06,-0.06,0.15,19,22,10,9,12
direct_minmax,bm25,4,100,strict_eq2,0.09,-0.03,0.18,28,31,19,9,12
direct_minmax,bm25,5,100,strict_eq2,0.07,-0.14,0.33,34,29,8,26,21
direct_minmax,bm25,6,100,strict_eq2,0.21,-0.11,0.4,20,33,1,19,32
direct_minmax,bm25,7,100,strict_eq2,0.21,0.11,0.27,8,12,2,6,10
direct_minmax,bm25,8,100,strict_eq2,0.17,-0.08,0.35,32,39,14,18,25
direct_minmax,bm25,9,100,strict_eq2,0.03,-0.03,0.11,14,12,6,8,6
direct_minmax,bm25,10,100,strict_eq2,0.14,0.06,0.23,12,11,3,9,8
direct_minmax,bm25,11,100,strict_eq2,0.03,-0.02,0.15,22,15,10,12,5
direct_minmax,bm25,12,100,strict_eq2,0.05,-0.08,0.19,23,22,9,14,13
direct_minmax,bm25,13,100,strict_eq2,0.07,-0.05,0.15,19,23,11,8,12
direct_minmax,bm25,14,100,strict_eq2,0.04,0,0.09,5,4,0,5,4
direct_minmax,bm25,15,100,strict_eq2,0.04,-0.37,0.44,50,51,10,40,41
direct_minmax,bm25,16,100,strict_eq2,0.39,0.04,0.47,11,38,3,8,35
direct_minmax,bm25,17,100,strict_eq2,0.08,-0.08,0.23,21,22,6,15,16
direct_minmax,bm25,18,100,strict_eq2,0.09,-0.02,0.14,6,12,1,5,11
direct_minmax,bm25,19,100,strict_eq2,0.03,-0.09,0.05,7,17,5,2,12
direct_minmax,bm25,20,100,strict_eq2,0.29,0.21,0.34,7,10,2,5,8
direct_minmax,bm25,21,100,strict_eq2,0.1,-0.06,0.19,14,21,5,9,16
direct_minmax,bm25,22,100,strict_eq2,0.22,0.06,0.25,14,27,11,3,16
direct_minmax,bm25,23,100,strict_eq2,0.24,-0.02,0.3,12,32,6,6,26
direct_minmax,bm25,24,100,strict_eq2,0.22,0.08,0.25,5,16,2,3,14
direct_minmax,bm25,25,100,strict_eq2,0.19,-0.05,0.43,34,34,10,24,24
direct_minmax,bm25,26,100,strict_eq2,0.13,0.01,0.23,36,38,26,10,12
direct_minmax,bm25,27,100,strict_eq2,0.12,0.05,0.24,15,10,3,12,7
direct_minmax,bm25,28,100,strict_eq2,0.09,0.02,0.12,12,16,9,3,7
direct_minmax,bm25,29,100,strict_eq2,0.01,-0.02,0.07,7,4,1,6,3
direct_minmax,bm25,30,100,strict_eq2,0.04,0.01,0.16,15,6,3,12,3
direct_minmax,bm25,31,100,strict_eq2,0.07,0.06,0.14,8,2,1,7,1
direct_minmax,bm25,32,100,strict_eq2,-0.03,-0.24,0.54,58,22,1,57,21
direct_minmax,bm25,33,100,strict_eq2,0.11,-0.04,0.13,3,16,1,2,15
direct_minmax,bm25,34,100,strict_eq2,0.07,-0.35,0.31,33,51,9,24,42
direct_minmax,bm25,35,100,strict_eq2,-0.01,-0.13,0.08,13,16,4,9,12
direct_minmax,bm25,36,100,strict_eq2,0.03,0.02,0.06,4,2,1,3,1
direct_minmax,bm25,37,100,strict_eq2,-0.03,-0.03,-0.03,1,1,1,0,0
direct_minmax,bm25,38,100,strict_eq2,0.29,0.15,0.32,4,15,1,3,14
direct_minmax,bm25,39,100,strict_eq2,0.14,0.14,0.15,1,0,0,1,0
direct_minmax,bm25,40,100,strict_eq2,0.01,0.01,0.01,1,1,1,0,0
direct_minmax,bm25,41,100,strict_eq2,0.08,0.07,0.1,4,3,2,2,1
direct_minmax,bm25,42,100,strict_eq2,0.25,0.2,0.25,0,5,0,0,5
direct_minmax,bm25,43,100,strict_eq2,0.14,0.13,0.17,3,1,0,3,1
direct_minmax,bm25,44,100,strict_eq2,0.27,0.15,0.27,0,12,0,0,12
direct_minmax,bm25,45,100,strict_eq2,0.01,-0.05,0.08,11,10,4,7,6
direct_minmax,bm25,46,100,strict_eq2,0,-0.12,0.21,22,13,1,21,12
direct_minmax,bm25,47,100,strict_eq2,0.27,-0.1,0.42,18,40,3,15,37
direct_minmax,bm25,48,100,strict_eq2,0.39,-0.01,0.43,12,48,8,4,40
direct_minmax,bm25,49,100,strict_eq2,0.25,0.03,0.28,4,23,1,3,22
direct_minmax,bm25,50,100,strict_eq2,0.03,-0.17,0.13,14,24,4,10,20
direct_minmax,bm25,1,100,relaxed_ge1,0.24,-0.03,0.31,26,46,19,7,27
direct_minmax,bm25,2,100,relaxed_ge1,0.17,0.01,0.23,12,22,6,6,16
direct_minmax,bm25,3,100,relaxed_ge1,0.1,-0.02,0.19,19,22,10,9,12
direct_minmax,bm25,4,100,relaxed_ge1,0.13,0.01,0.22,28,31,19,9,12
direct_minmax,bm25,5,100,relaxed_ge1,-0.02,-0.23,0.24,34,29,8,26,21
direct_minmax,bm25,6,100,relaxed_ge1,0.16,-0.16,0.35,20,33,1,19,32
direct_minmax,bm25,7,100,relaxed_ge1,0.19,0.09,0.25,8,12,2,6,10
direct_minmax,bm25,8,100,relaxed_ge1,0.18,-0.07,0.36,32,39,14,18,25
direct_minmax,bm25,9,100,relaxed_ge1,0.05,-0.01,0.13,14,12,6,8,6
direct_minmax,bm25,10,100,relaxed_ge1,0.05,-0.03,0.14,12,11,3,9,8
direct_minmax,bm25,11,100,relaxed_ge1,0.04,-0.01,0.16,22,15,10,12,5
direct_minmax,bm25,12,100,relaxed_ge1,0.01,-0.12,0.15,23,22,9,14,13
direct_minmax,bm25,13,100,relaxed_ge1,0.08,-0.04,0.16,19,23,11,8,12
direct_minmax,bm25,14,100,relaxed_ge1,0.05,0.01,0.1,5,4,0,5,4
direct_minmax,bm25,15,100,relaxed_ge1,0.05,-0.36,0.45,50,51,10,40,41
direct_minmax,bm25,16,100,relaxed_ge1,0.52,0.17,0.6,11,38,3,8,35
direct_minmax,bm25,17,100,relaxed_ge1,0.07,-0.09,0.22,21,22,6,15,16
direct_minmax,bm25,18,100,relaxed_ge1,0.08,-0.03,0.13,6,12,1,5,11
direct_minmax,bm25,19,100,relaxed_ge1,0.03,-0.09,0.05,7,17,5,2,12
direct_minmax,bm25,20,100,relaxed_ge1,0.21,0.13,0.26,7,10,2,5,8
direct_minmax,bm25,21,100,relaxed_ge1,0.13,-0.03,0.22,14,21,5,9,16
direct_minmax,bm25,22,100,relaxed_ge1,0.22,0.06,0.25,14,27,11,3,16
direct_minmax,bm25,23,100,relaxed_ge1,0.28,0.02,0.34,12,32,6,6,26
direct_minmax,bm25,24,100,relaxed_ge1,0.23,0.09,0.26,5,16,2,3,14
direct_minmax,bm25,25,100,relaxed_ge1,0.22,-0.02,0.46,34,34,10,24,24
direct_minmax,bm25,26,100,relaxed_ge1,0.13,0.01,0.23,36,38,26,10,12
direct_minmax,bm25,27,100,relaxed_ge1,-0.03,-0.1,0.09,15,10,3,12,7
direct_minmax,bm25,28,100,relaxed_ge1,0.07,0,0.1,12,16,9,3,7
direct_minmax,bm25,29,100,relaxed_ge1,0.02,-0.01,0.08,7,4,1,6,3
direct_minmax,bm25,30,100,relaxed_ge1,-0.04,-0.07,0.08,15,6,3,12,3
direct_minmax,bm25,31,100,relaxed_ge1,0.14,0.13,0.21,8,2,1,7,1
direct_minmax,bm25,32,100,relaxed_ge1,-0.02,-0.23,0.55,58,22,1,57,21
direct_minmax,bm25,33,100,relaxed_ge1,0.15,0,0.17,3,16,1,2,15
direct_minmax,bm25,34,100,relaxed_ge1,0.1,-0.32,0.34,33,51,9,24,42
direct_minmax,bm25,35,100,relaxed_ge1,0,-0.12,0.09,13,16,4,9,12
direct_minmax,bm25,36,100,relaxed_ge1,-0.01,-0.02,0.02,4,2,1,3,1
direct_minmax,bm25,37,100,relaxed_ge1,-0.03,-0.03,-0.03,1,1,1,0,0
direct_minmax,bm25,38,100,relaxed_ge1,0.35,0.21,0.38,4,15,1,3,14
direct_minmax,bm25,39,100,relaxed_ge1,0,0,0.01,1,0,0,1,0
direct_minmax,bm25,40,100,relaxed_ge1,0.01,0.01,0.01,1,1,1,0,0
direct_minmax,bm25,41,100,relaxed_ge1,0.1,0.09,0.12,4,3,2,2,1
direct_minmax,bm25,42,100,relaxed_ge1,0.24,0.19,0.24,0,5,0,0,5
direct_minmax,bm25,43,100,relaxed_ge1,0.12,0.11,0.15,3,1,0,3,1
direct_minmax,bm25,44,100,relaxed_ge1,0.27,0.15,0.27,0,12,0,0,12
direct_minmax,bm25,45,100,relaxed_ge1,0.05,-0.01,0.12,11,10,4,7,6
direct_minmax,bm25,46,100,relaxed_ge1,0.11,-0.01,0.32,22,13,1,21,12
direct_minmax,bm25,47,100,relaxed_ge1,0.35,-0.02,0.5,18,40,3,15,37
direct_minmax,bm25,48,100,relaxed_ge1,0.41,0.01,0.45,12,48,8,4,40
direct_minmax,bm25,49,100,relaxed_ge1,0.4,0.18,0.43,4,23,1,3,22
direct_minmax,bm25,50,100,relaxed_ge1,0.07,-0.13,0.17,14,24,4,10,20
uniform_random,bm25,1,20,strict_eq2,-0.15,-0.3,0.85,20,3,0,20,3
uniform_random,bm25,2,20,strict_eq2,-0.35,-0.4,0.65,20,1,0,20,1
uniform_random,bm25,3,20,strict_eq2,-0.2,-0.3,0.8,20,2,0,20,2
uniform_random,bm25,4,20,strict_eq2,-0.1,-0.1,0.9,20,0,0,20,0
uniform_random,bm25,5,20,strict_eq2,-0.35,-0.45,0.65,20,2,0,20,2
uniform_random,bm25,6,20,strict_eq2,-0.75,-0.8,0.25,20,1,0,20,1
uniform_random,bm25,7,20,strict_eq2,-0.65,-0.65,0.35,20,0,0,20,0
uniform_random,bm25,8,20,strict_eq2,-0.45,-0.7,0.55,20,5,0,20,5
uniform_random,bm25,9,20,strict_eq2,-0.1,-0.1,0.9,20,0,0,20,0
uniform_random,bm25,10,20,strict_eq2,-0.7,-0.7,0.3,20,0,0,20,0
uniform_random,bm25,11,20,strict_eq2,-0.4,-0.5,0.6,20,2,0,20,2
uniform_random,bm25,12,20,strict_eq2,-0.15,-0.35,0.8,19,4,0,19,4
uniform_random,bm25,13,20,strict_eq2,-0.35,-0.4,0.65,20,1,0,20,1
uniform_random,bm25,14,20,strict_eq2,-0.55,-0.55,0.45,20,0,0,20,0
uniform_random,bm25,15,20,strict_eq2,-0.1,-0.4,0.9,20,6,0,20,6
uniform_random,bm25,16,20,strict_eq2,-0.2,-0.35,0.8,20,3,0,20,3
uniform_random,bm25,17,20,strict_eq2,-0.35,-0.45,0.65,20,2,0,20,2
uniform_random,bm25,18,20,strict_eq2,-0.5,-0.5,0.5,20,0,0,20,0
uniform_random,bm25,19,20,strict_eq2,-0.25,-0.25,0.7,19,0,0,19,0
uniform_random,bm25,20,20,strict_eq2,-0.85,-0.95,0.15,20,2,0,20,2
uniform_random,bm25,21,20,strict_eq2,-0.35,-0.45,0.65,20,2,0,20,2
uniform_random,bm25,22,20,strict_eq2,-0.7,-0.9,0.3,20,4,0,20,4
uniform_random,bm25,23,20,strict_eq2,-0.75,-0.8,0.25,20,1,0,20,1
uniform_random,bm25,24,20,strict_eq2,-0.65,-0.75,0.35,20,2,0,20,2
uniform_random,bm25,25,20,strict_eq2,-0.15,-0.4,0.85,20,5,0,20,5
uniform_random,bm25,26,20,strict_eq2,-0.6,-0.75,0.4,20,3,0,20,3
uniform_random,bm25,27,20,strict_eq2,-0.75,-0.85,0.2,19,2,0,19,2
uniform_random,bm25,28,20,strict_eq2,-0.85,-0.85,0.15,20,0,0,20,0
uniform_random,bm25,29,20,strict_eq2,-0.65,-0.65,0.35,20,0,0,20,0
uniform_random,bm25,30,20,strict_eq2,-0.95,-0.95,0.05,20,0,0,20,0
uniform_random,bm25,31,20,strict_eq2,-0.1,-0.15,0.9,20,1,0,20,1
uniform_random,bm25,32,20,strict_eq2,-0.3,-0.3,0.7,20,0,0,20,0
uniform_random,bm25,33,20,strict_eq2,-0.4,-0.4,0.6,20,0,0,20,0
uniform_random,bm25,34,20,strict_eq2,-0.25,-0.55,0.75,20,6,0,20,6
uniform_random,bm25,35,20,strict_eq2,-0.45,-0.45,0.55,20,0,0,20,0
uniform_random,bm25,36,20,strict_eq2,-0.9,-0.9,0.1,20,0,0,20,0
uniform_random,bm25,37,20,strict_eq2,-0.45,-0.45,0.55,20,0,0,20,0
uniform_random,bm25,38,20,strict_eq2,-0.55,-0.55,0.45,20,0,0,20,0
uniform_random,bm25,39,20,strict_eq2,-0.85,-0.85,0.15,20,0,0,20,0
uniform_random,bm25,40,20,strict_eq2,-1,-1,0,20,0,0,20,0
uniform_random,bm25,41,20,strict_eq2,-0.75,-0.75,0.25,20,0,0,20,0
uniform_random,bm25,42,20,strict_eq2,-0.6,-0.6,0.4,20,0,0,20,0
uniform_random,bm25,43,20,strict_eq2,-0.65,-0.65,0.35,20,0,0,20,0
uniform_random,bm25,44,20,strict_eq2,-0.7,-0.75,0.3,20,1,0,20,1
uniform_random,bm25,45,20,strict_eq2,-0.55,-0.6,0.45,20,1,0,20,1
uniform_random,bm25,46,20,strict_eq2,-0.45,-0.45,0.55,20,0,0,20,0
uniform_random,bm25,47,20,strict_eq2,-0.2,-0.5,0.8,20,6,0,20,6
uniform_random,bm25,48,20,strict_eq2,-0.75,-0.9,0.25,20,3,0,20,3
uniform_random,bm25,49,20,strict_eq2,-0.15,-0.2,0.8,19,1,0,19,1
uniform_random,bm25,50,20,strict_eq2,-0.35,-0.35,0.65,20,0,0,20,0
uniform_random,bm25,1,20,relaxed_ge1,-0.55,-0.7,0.45,20,3,0,20,3
uniform_random,bm25,2,20,relaxed_ge1,-0.35,-0.4,0.65,20,1,0,20,1
uniform_random,bm25,3,20,relaxed_ge1,-0.35,-0.45,0.65,20,2,0,20,2
uniform_random,bm25,4,20,relaxed_ge1,-0.15,-0.15,0.85,20,0,0,20,0
uniform_random,bm25,5,20,relaxed_ge1,-0.8,-0.9,0.2,20,2,0,20,2
uniform_random,bm25,6,20,relaxed_ge1,-0.85,-0.9,0.15,20,1,0,20,1
uniform_random,bm25,7,20,relaxed_ge1,-0.7,-0.7,0.3,20,0,0,20,0
uniform_random,bm25,8,20,relaxed_ge1,-0.6,-0.85,0.4,20,5,0,20,5
uniform_random,bm25,9,20,relaxed_ge1,-0.2,-0.2,0.8,20,0,0,20,0
uniform_random,bm25,10,20,relaxed_ge1,-0.9,-0.9,0.1,20,0,0,20,0
uniform_random,bm25,11,20,relaxed_ge1,-0.5,-0.6,0.5,20,2,0,20,2
uniform_random,bm25,12,20,relaxed_ge1,-0.5,-0.7,0.45,19,4,0,19,4
uniform_random,bm25,13,20,relaxed_ge1,-0.8,-0.85,0.2,20,1,0,20,1
uniform_random,bm25,14,20,relaxed_ge1,-0.8,-0.8,0.2,20,0,0,20,0
uniform_random,bm25,15,20,relaxed_ge1,-0.2,-0.5,0.8,20,6,0,20,6
uniform_random,bm25,16,20,relaxed_ge1,-0.3,-0.45,0.7,20,3,0,20,3
uniform_random,bm25,17,20,relaxed_ge1,-0.6,-0.7,0.4,20,2,0,20,2
uniform_random,bm25,18,20,relaxed_ge1,-0.75,-0.75,0.25,20,0,0,20,0
uniform_random,bm25,19,20,relaxed_ge1,-0.7,-0.7,0.25,19,0,0,19,0
uniform_random,bm25,20,20,relaxed_ge1,-0.85,-0.95,0.15,20,2,0,20,2
uniform_random,bm25,21,20,relaxed_ge1,-0.45,-0.55,0.55,20,2,0,20,2
uniform_random,bm25,22,20,relaxed_ge1,-0.8,-1,0.2,20,4,0,20,4
uniform_random,bm25,23,20,relaxed_ge1,-0.8,-0.85,0.2,20,1,0,20,1
uniform_random,bm25,24,20,relaxed_ge1,-0.75,-0.85,0.25,20,2,0,20,2
uniform_random,bm25,25,20,relaxed_ge1,-0.15,-0.4,0.85,20,5,0,20,5
uniform_random,bm25,26,20,relaxed_ge1,-0.6,-0.75,0.4,20,3,0,20,3
uniform_random,bm25,27,20,relaxed_ge1,-0.8,-0.9,0.15,19,2,0,19,2
uniform_random,bm25,28,20,relaxed_ge1,-0.9,-0.9,0.1,20,0,0,20,0
uniform_random,bm25,29,20,relaxed_ge1,-0.85,-0.85,0.15,20,0,0,20,0
uniform_random,bm25,30,20,relaxed_ge1,-1,-1,0,20,0,0,20,0
uniform_random,bm25,31,20,relaxed_ge1,-0.2,-0.25,0.8,20,1,0,20,1
uniform_random,bm25,32,20,relaxed_ge1,-0.45,-0.45,0.55,20,0,0,20,0
uniform_random,bm25,33,20,relaxed_ge1,-0.7,-0.7,0.3,20,0,0,20,0
uniform_random,bm25,34,20,relaxed_ge1,-0.35,-0.65,0.65,20,6,0,20,6
uniform_random,bm25,35,20,relaxed_ge1,-0.45,-0.45,0.55,20,0,0,20,0
uniform_random,bm25,36,20,relaxed_ge1,-0.95,-0.95,0.05,20,0,0,20,0
uniform_random,bm25,37,20,relaxed_ge1,-0.8,-0.8,0.2,20,0,0,20,0
uniform_random,bm25,38,20,relaxed_ge1,-0.6,-0.6,0.4,20,0,0,20,0
uniform_random,bm25,39,20,relaxed_ge1,-1,-1,0,20,0,0,20,0
uniform_random,bm25,40,20,relaxed_ge1,-1,-1,0,20,0,0,20,0
uniform_random,bm25,41,20,relaxed_ge1,-0.75,-0.75,0.25,20,0,0,20,0
uniform_random,bm25,42,20,relaxed_ge1,-0.75,-0.75,0.25,20,0,0,20,0
uniform_random,bm25,43,20,relaxed_ge1,-0.8,-0.8,0.2,20,0,0,20,0
uniform_random,bm25,44,20,relaxed_ge1,-0.9,-0.95,0.1,20,1,0,20,1
uniform_random,bm25,45,20,relaxed_ge1,-0.9,-0.95,0.1,20,1,0,20,1
uniform_random,bm25,46,20,relaxed_ge1,-0.7,-0.7,0.3,20,0,0,20,0
uniform_random,bm25,47,20,relaxed_ge1,-0.3,-0.6,0.7,20,6,0,20,6
uniform_random,bm25,48,20,relaxed_ge1,-0.8,-0.95,0.2,20,3,0,20,3
uniform_random,bm25,49,20,relaxed_ge1,-0.35,-0.4,0.6,19,1,0,19,1
uniform_random,bm25,50,20,relaxed_ge1,-0.75,-0.75,0.25,20,0,0,20,0
uniform_random,bm25,1,100,strict_eq2,-0.14,-0.6,0.85,99,46,0,99,46
uniform_random,bm25,2,100,strict_eq2,-0.37,-0.59,0.63,100,22,0,100,22
uniform_random,bm25,3,100,strict_eq2,-0.28,-0.5,0.72,100,22,0,100,22
uniform_random,bm25,4,100,strict_eq2,-0.18,-0.49,0.82,100,31,0,100,31
uniform_random,bm25,5,100,strict_eq2,-0.27,-0.56,0.73,100,29,0,100,29
uniform_random,bm25,6,100,strict_eq2,-0.52,-0.85,0.48,100,33,0,100,33
uniform_random,bm25,7,100,strict_eq2,-0.52,-0.64,0.48,100,12,0,100,12
uniform_random,bm25,8,100,strict_eq2,-0.29,-0.68,0.71,100,39,0,100,39
uniform_random,bm25,9,100,strict_eq2,-0.17,-0.29,0.83,100,12,0,100,12
uniform_random,bm25,10,100,strict_eq2,-0.4,-0.51,0.58,98,11,0,98,11
uniform_random,bm25,11,100,strict_eq2,-0.2,-0.35,0.78,98,15,0,98,15
uniform_random,bm25,12,100,strict_eq2,-0.13,-0.35,0.86,99,22,0,99,22
uniform_random,bm25,13,100,strict_eq2,-0.28,-0.51,0.7,98,23,0,98,23
uniform_random,bm25,14,100,strict_eq2,-0.35,-0.39,0.64,99,4,0,99,4
uniform_random,bm25,15,100,strict_eq2,-0.04,-0.55,0.94,98,51,0,98,51
uniform_random,bm25,16,100,strict_eq2,-0.1,-0.48,0.9,100,38,0,100,38
uniform_random,bm25,17,100,strict_eq2,-0.27,-0.49,0.73,100,22,0,100,22
uniform_random,bm25,18,100,strict_eq2,-0.47,-0.59,0.52,99,12,0,99,12
uniform_random,bm25,19,100,strict_eq2,-0.1,-0.27,0.89,99,17,0,99,17
uniform_random,bm25,20,100,strict_eq2,-0.6,-0.7,0.4,100,10,0,100,10
uniform_random,bm25,21,100,strict_eq2,-0.42,-0.63,0.58,100,21,0,100,21
uniform_random,bm25,22,100,strict_eq2,-0.49,-0.76,0.51,100,27,0,100,27
uniform_random,bm25,23,100,strict_eq2,-0.4,-0.72,0.6,100,32,0,100,32
uniform_random,bm25,24,100,strict_eq2,-0.59,-0.75,0.4,99,16,0,99,16
uniform_random,bm25,25,100,strict_eq2,-0.14,-0.48,0.85,99,34,0,99,34
uniform_random,bm25,26,100,strict_eq2,-0.4,-0.78,0.6,100,38,0,100,38
uniform_random,bm25,27,100,strict_eq2,-0.61,-0.71,0.38,99,10,0,99,10
uniform_random,bm25,28,100,strict_eq2,-0.71,-0.87,0.28,99,16,0,99,16
uniform_random,bm25,29,100,strict_eq2,-0.46,-0.5,0.54,100,4,0,100,4
uniform_random,bm25,30,100,strict_eq2,-0.68,-0.74,0.32,100,6,0,100,6
uniform_random,bm25,31,100,strict_eq2,-0.12,-0.14,0.86,98,2,0,98,2
uniform_random,bm25,32,100,strict_eq2,-0.13,-0.35,0.86,99,22,0,99,22
uniform_random,bm25,33,100,strict_eq2,-0.3,-0.46,0.7,100,16,0,100,16
uniform_random,bm25,34,100,strict_eq2,-0.09,-0.6,0.89,98,51,0,98,51
uniform_random,bm25,35,100,strict_eq2,-0.43,-0.59,0.55,98,16,0,98,16
uniform_random,bm25,36,100,strict_eq2,-0.77,-0.79,0.22,99,2,0,99,2
uniform_random,bm25,37,100,strict_eq2,-0.49,-0.5,0.5,99,1,0,99,1
uniform_random,bm25,38,100,strict_eq2,-0.36,-0.51,0.62,98,15,0,98,15
uniform_random,bm25,39,100,strict_eq2,-0.64,-0.64,0.36,100,0,0,100,0
uniform_random,bm25,40,100,strict_eq2,-0.86,-0.87,0.13,99,1,0,99,1
uniform_random,bm25,41,100,strict_eq2,-0.55,-0.58,0.45,100,3,0,100,3
uniform_random,bm25,42,100,strict_eq2,-0.61,-0.66,0.39,100,5,0,100,5
uniform_random,bm25,43,100,strict_eq2,-0.69,-0.7,0.31,100,1,0,100,1
uniform_random,bm25,44,100,strict_eq2,-0.52,-0.64,0.48,100,12,0,100,12
uniform_random,bm25,45,100,strict_eq2,-0.32,-0.42,0.68,100,10,0,100,10
uniform_random,bm25,46,100,strict_eq2,-0.3,-0.43,0.7,100,13,0,100,13
uniform_random,bm25,47,100,strict_eq2,-0.25,-0.65,0.73,98,40,0,98,40
uniform_random,bm25,48,100,strict_eq2,-0.32,-0.8,0.68,100,48,0,100,48
uniform_random,bm25,49,100,strict_eq2,-0.07,-0.3,0.92,99,23,0,99,23
uniform_random,bm25,50,100,strict_eq2,-0.12,-0.36,0.87,99,24,0,99,24
uniform_random,bm25,1,100,relaxed_ge1,-0.31,-0.77,0.68,99,46,0,99,46
uniform_random,bm25,2,100,relaxed_ge1,-0.43,-0.65,0.57,100,22,0,100,22
uniform_random,bm25,3,100,relaxed_ge1,-0.48,-0.7,0.52,100,22,0,100,22
uniform_random,bm25,4,100,relaxed_ge1,-0.26,-0.57,0.74,100,31,0,100,31
uniform_random,bm25,5,100,relaxed_ge1,-0.56,-0.85,0.44,100,29,0,100,29
uniform_random,bm25,6,100,relaxed_ge1,-0.6,-0.93,0.4,100,33,0,100,33
uniform_random,bm25,7,100,relaxed_ge1,-0.57,-0.69,0.43,100,12,0,100,12
uniform_random,bm25,8,100,relaxed_ge1,-0.43,-0.82,0.57,100,39,0,100,39
uniform_random,bm25,9,100,relaxed_ge1,-0.3,-0.42,0.7,100,12,0,100,12
uniform_random,bm25,10,100,relaxed_ge1,-0.68,-0.79,0.3,98,11,0,98,11
uniform_random,bm25,11,100,relaxed_ge1,-0.34,-0.49,0.64,98,15,0,98,15
uniform_random,bm25,12,100,relaxed_ge1,-0.43,-0.65,0.56,99,22,0,99,22
uniform_random,bm25,13,100,relaxed_ge1,-0.56,-0.79,0.42,98,23,0,98,23
uniform_random,bm25,14,100,relaxed_ge1,-0.64,-0.68,0.35,99,4,0,99,4
uniform_random,bm25,15,100,relaxed_ge1,-0.07,-0.58,0.91,98,51,0,98,51
uniform_random,bm25,16,100,relaxed_ge1,-0.18,-0.56,0.82,100,38,0,100,38
uniform_random,bm25,17,100,relaxed_ge1,-0.57,-0.79,0.43,100,22,0,100,22
uniform_random,bm25,18,100,relaxed_ge1,-0.74,-0.86,0.25,99,12,0,99,12
uniform_random,bm25,19,100,relaxed_ge1,-0.26,-0.43,0.73,99,17,0,99,17
uniform_random,bm25,20,100,relaxed_ge1,-0.7,-0.8,0.3,100,10,0,100,10
uniform_random,bm25,21,100,relaxed_ge1,-0.45,-0.66,0.55,100,21,0,100,21
uniform_random,bm25,22,100,relaxed_ge1,-0.62,-0.89,0.38,100,27,0,100,27
uniform_random,bm25,23,100,relaxed_ge1,-0.52,-0.84,0.48,100,32,0,100,32
uniform_random,bm25,24,100,relaxed_ge1,-0.7,-0.86,0.29,99,16,0,99,16
uniform_random,bm25,25,100,relaxed_ge1,-0.17,-0.51,0.82,99,34,0,99,34
uniform_random,bm25,26,100,relaxed_ge1,-0.44,-0.82,0.56,100,38,0,100,38
uniform_random,bm25,27,100,relaxed_ge1,-0.86,-0.96,0.13,99,10,0,99,10
uniform_random,bm25,28,100,relaxed_ge1,-0.74,-0.9,0.25,99,16,0,99,16
uniform_random,bm25,29,100,relaxed_ge1,-0.64,-0.68,0.36,100,4,0,100,4
uniform_random,bm25,30,100,relaxed_ge1,-0.87,-0.93,0.13,100,6,0,100,6
uniform_random,bm25,31,100,relaxed_ge1,-0.2,-0.22,0.78,98,2,0,98,2
uniform_random,bm25,32,100,relaxed_ge1,-0.17,-0.39,0.82,99,22,0,99,22
uniform_random,bm25,33,100,relaxed_ge1,-0.44,-0.6,0.56,100,16,0,100,16
uniform_random,bm25,34,100,relaxed_ge1,-0.16,-0.67,0.82,98,51,0,98,51
uniform_random,bm25,35,100,relaxed_ge1,-0.45,-0.61,0.53,98,16,0,98,16
uniform_random,bm25,36,100,relaxed_ge1,-0.84,-0.86,0.15,99,2,0,99,2
uniform_random,bm25,37,100,relaxed_ge1,-0.73,-0.74,0.26,99,1,0,99,1
uniform_random,bm25,38,100,relaxed_ge1,-0.53,-0.68,0.45,98,15,0,98,15
uniform_random,bm25,39,100,relaxed_ge1,-0.97,-0.97,0.03,100,0,0,100,0
uniform_random,bm25,40,100,relaxed_ge1,-0.97,-0.98,0.02,99,1,0,99,1
uniform_random,bm25,41,100,relaxed_ge1,-0.62,-0.65,0.38,100,3,0,100,3
uniform_random,bm25,42,100,relaxed_ge1,-0.69,-0.74,0.31,100,5,0,100,5
uniform_random,bm25,43,100,relaxed_ge1,-0.78,-0.79,0.22,100,1,0,100,1
uniform_random,bm25,44,100,relaxed_ge1,-0.67,-0.79,0.33,100,12,0,100,12
uniform_random,bm25,45,100,relaxed_ge1,-0.81,-0.91,0.19,100,10,0,100,10
uniform_random,bm25,46,100,relaxed_ge1,-0.4,-0.53,0.6,100,13,0,100,13
uniform_random,bm25,47,100,relaxed_ge1,-0.31,-0.71,0.67,98,40,0,98,40
uniform_random,bm25,48,100,relaxed_ge1,-0.46,-0.94,0.54,100,48,0,100,48
uniform_random,bm25,49,100,relaxed_ge1,-0.2,-0.43,0.79,99,23,0,99,23
uniform_random,bm25,50,100,relaxed_ge1,-0.31,-0.55,0.68,99,24,0,99,24
direct_mmr,bm25,1,20,strict_eq2,-0.15,-0.25,0.7,18,3,1,17,2
direct_mmr,bm25,2,20,strict_eq2,-0.3,-0.35,0.4,14,1,0,14,1
direct_mmr,bm25,3,20,strict_eq2,-0.2,-0.3,0.7,18,2,0,18,2
direct_mmr,bm25,4,20,strict_eq2,-0.1,-0.1,0.75,17,0,0,17,0
direct_mmr,bm25,5,20,strict_eq2,-0.35,-0.45,0.55,18,2,0,18,2
direct_mmr,bm25,6,20,strict_eq2,-0.75,-0.8,0.2,19,1,0,19,1
direct_mmr,bm25,7,20,strict_eq2,-0.6,-0.6,0.3,18,0,0,18,0
direct_mmr,bm25,8,20,strict_eq2,-0.4,-0.65,0.5,18,5,0,18,5
direct_mmr,bm25,9,20,strict_eq2,-0.05,-0.05,0.85,18,0,0,18,0
direct_mmr,bm25,10,20,strict_eq2,-0.7,-0.7,0.2,18,0,0,18,0
direct_mmr,bm25,11,20,strict_eq2,-0.4,-0.5,0.45,17,2,0,17,2
direct_mmr,bm25,12,20,strict_eq2,-0.1,-0.3,0.7,16,4,0,16,4
direct_mmr,bm25,13,20,strict_eq2,-0.35,-0.4,0.5,17,1,0,17,1
direct_mmr,bm25,14,20,strict_eq2,-0.45,-0.45,0.25,14,0,0,14,0
direct_mmr,bm25,15,20,strict_eq2,-0.05,-0.3,0.6,14,6,1,13,5
direct_mmr,bm25,16,20,strict_eq2,-0.15,-0.3,0.65,16,3,0,16,3
direct_mmr,bm25,17,20,strict_eq2,-0.3,-0.4,0.6,18,2,0,18,2
direct_mmr,bm25,18,20,strict_eq2,-0.45,-0.45,0.45,18,0,0,18,0
direct_mmr,bm25,19,20,strict_eq2,-0.25,-0.25,0.5,15,0,0,15,0
direct_mmr,bm25,20,20,strict_eq2,-0.85,-0.9,-0.05,17,2,1,16,1
direct_mmr,bm25,21,20,strict_eq2,-0.35,-0.45,0.65,20,2,0,20,2
direct_mmr,bm25,22,20,strict_eq2,-0.65,-0.85,0.2,17,4,0,17,4
direct_mmr,bm25,23,20,strict_eq2,-0.7,-0.75,0.25,19,1,0,19,1
direct_mmr,bm25,24,20,strict_eq2,-0.65,-0.75,0.3,19,2,0,19,2
direct_mmr,bm25,25,20,strict_eq2,-0.15,-0.4,0.65,16,5,0,16,5
direct_mmr,bm25,26,20,strict_eq2,-0.6,-0.75,0.4,20,3,0,20,3
direct_mmr,bm25,27,20,strict_eq2,-0.7,-0.8,0.1,16,2,0,16,2
direct_mmr,bm25,28,20,strict_eq2,-0.85,-0.85,0.15,20,0,0,20,0
direct_mmr,bm25,29,20,strict_eq2,-0.6,-0.6,0.3,18,0,0,18,0
direct_mmr,bm25,30,20,strict_eq2,-0.85,-0.85,-0.05,16,0,0,16,0
direct_mmr,bm25,31,20,strict_eq2,-0.1,-0.15,0.85,19,1,0,19,1
direct_mmr,bm25,32,20,strict_eq2,-0.3,-0.3,0.5,16,0,0,16,0
direct_mmr,bm25,33,20,strict_eq2,-0.35,-0.35,0.5,17,0,0,17,0
direct_mmr,bm25,34,20,strict_eq2,-0.25,-0.5,0.6,18,6,1,17,5
direct_mmr,bm25,35,20,strict_eq2,-0.35,-0.35,0.25,12,0,0,12,0
direct_mmr,bm25,36,20,strict_eq2,-0.85,-0.85,0.05,18,0,0,18,0
direct_mmr,bm25,37,20,strict_eq2,-0.4,-0.4,0.45,17,0,0,17,0
direct_mmr,bm25,38,20,strict_eq2,-0.5,-0.5,0.35,17,0,0,17,0
direct_mmr,bm25,39,20,strict_eq2,-0.75,-0.75,0.15,18,0,0,18,0
direct_mmr,bm25,40,20,strict_eq2,-0.95,-0.95,-0.2,15,0,0,15,0
direct_mmr,bm25,41,20,strict_eq2,-0.7,-0.7,0.1,16,0,0,16,0
direct_mmr,bm25,42,20,strict_eq2,-0.55,-0.55,0.3,17,0,0,17,0
direct_mmr,bm25,43,20,strict_eq2,-0.6,-0.6,0.15,15,0,0,15,0
direct_mmr,bm25,44,20,strict_eq2,-0.6,-0.65,0.25,17,1,0,17,1
direct_mmr,bm25,45,20,strict_eq2,-0.55,-0.6,0.3,17,1,0,17,1
direct_mmr,bm25,46,20,strict_eq2,-0.4,-0.4,0.4,16,0,0,16,0
direct_mmr,bm25,47,20,strict_eq2,-0.2,-0.5,0.7,18,6,0,18,6
direct_mmr,bm25,48,20,strict_eq2,-0.7,-0.85,0.1,16,3,0,16,3
direct_mmr,bm25,49,20,strict_eq2,-0.15,-0.2,0.8,19,1,0,19,1
direct_mmr,bm25,50,20,strict_eq2,-0.3,-0.3,0.4,14,0,0,14,0
direct_mmr,bm25,1,20,relaxed_ge1,-0.5,-0.6,0.35,18,3,1,17,2
direct_mmr,bm25,2,20,relaxed_ge1,-0.3,-0.35,0.4,14,1,0,14,1
direct_mmr,bm25,3,20,relaxed_ge1,-0.35,-0.45,0.55,18,2,0,18,2
direct_mmr,bm25,4,20,relaxed_ge1,-0.1,-0.1,0.75,17,0,0,17,0
direct_mmr,bm25,5,20,relaxed_ge1,-0.8,-0.9,0.1,18,2,0,18,2
direct_mmr,bm25,6,20,relaxed_ge1,-0.8,-0.85,0.15,19,1,0,19,1
direct_mmr,bm25,7,20,relaxed_ge1,-0.65,-0.65,0.25,18,0,0,18,0
direct_mmr,bm25,8,20,relaxed_ge1,-0.55,-0.8,0.35,18,5,0,18,5
direct_mmr,bm25,9,20,relaxed_ge1,-0.15,-0.15,0.75,18,0,0,18,0
direct_mmr,bm25,10,20,relaxed_ge1,-0.85,-0.85,0.05,18,0,0,18,0
direct_mmr,bm25,11,20,relaxed_ge1,-0.45,-0.55,0.4,17,2,0,17,2
direct_mmr,bm25,12,20,relaxed_ge1,-0.35,-0.55,0.45,16,4,0,16,4
direct_mmr,bm25,13,20,relaxed_ge1,-0.65,-0.7,0.2,17,1,0,17,1
direct_mmr,bm25,14,20,relaxed_ge1,-0.7,-0.7,0,14,0,0,14,0
direct_mmr,bm25,15,20,relaxed_ge1,-0.15,-0.4,0.5,14,6,1,13,5
direct_mmr,bm25,16,20,relaxed_ge1,-0.25,-0.4,0.55,16,3,0,16,3
direct_mmr,bm25,17,20,relaxed_ge1,-0.55,-0.65,0.35,18,2,0,18,2
direct_mmr,bm25,18,20,relaxed_ge1,-0.7,-0.7,0.2,18,0,0,18,0
direct_mmr,bm25,19,20,relaxed_ge1,-0.65,-0.65,0.1,15,0,0,15,0
direct_mmr,bm25,20,20,relaxed_ge1,-0.8,-0.85,0,17,2,1,16,1
direct_mmr,bm25,21,20,relaxed_ge1,-0.45,-0.55,0.55,20,2,0,20,2
direct_mmr,bm25,22,20,relaxed_ge1,-0.75,-0.95,0.1,17,4,0,17,4
direct_mmr,bm25,23,20,relaxed_ge1,-0.75,-0.8,0.2,19,1,0,19,1
direct_mmr,bm25,24,20,relaxed_ge1,-0.7,-0.8,0.25,19,2,0,19,2
direct_mmr,bm25,25,20,relaxed_ge1,-0.15,-0.4,0.65,16,5,0,16,5
direct_mmr,bm25,26,20,relaxed_ge1,-0.6,-0.75,0.4,20,3,0,20,3
direct_mmr,bm25,27,20,relaxed_ge1,-0.75,-0.85,0.05,16,2,0,16,2
direct_mmr,bm25,28,20,relaxed_ge1,-0.9,-0.9,0.1,20,0,0,20,0
direct_mmr,bm25,29,20,relaxed_ge1,-0.8,-0.8,0.1,18,0,0,18,0
direct_mmr,bm25,30,20,relaxed_ge1,-0.85,-0.85,-0.05,16,0,0,16,0
direct_mmr,bm25,31,20,relaxed_ge1,-0.2,-0.25,0.75,19,1,0,19,1
direct_mmr,bm25,32,20,relaxed_ge1,-0.45,-0.45,0.35,16,0,0,16,0
direct_mmr,bm25,33,20,relaxed_ge1,-0.65,-0.65,0.2,17,0,0,17,0
direct_mmr,bm25,34,20,relaxed_ge1,-0.35,-0.6,0.5,18,6,1,17,5
direct_mmr,bm25,35,20,relaxed_ge1,-0.35,-0.35,0.25,12,0,0,12,0
direct_mmr,bm25,36,20,relaxed_ge1,-0.9,-0.9,0,18,0,0,18,0
direct_mmr,bm25,37,20,relaxed_ge1,-0.75,-0.75,0.1,17,0,0,17,0
direct_mmr,bm25,38,20,relaxed_ge1,-0.55,-0.55,0.3,17,0,0,17,0
direct_mmr,bm25,39,20,relaxed_ge1,-0.9,-0.9,0,18,0,0,18,0
direct_mmr,bm25,40,20,relaxed_ge1,-0.95,-0.95,-0.2,15,0,0,15,0
direct_mmr,bm25,41,20,relaxed_ge1,-0.7,-0.7,0.1,16,0,0,16,0
direct_mmr,bm25,42,20,relaxed_ge1,-0.7,-0.7,0.15,17,0,0,17,0
direct_mmr,bm25,43,20,relaxed_ge1,-0.75,-0.75,0,15,0,0,15,0
direct_mmr,bm25,44,20,relaxed_ge1,-0.8,-0.85,0.05,17,1,0,17,1
direct_mmr,bm25,45,20,relaxed_ge1,-0.85,-0.9,0,17,1,0,17,1
direct_mmr,bm25,46,20,relaxed_ge1,-0.65,-0.65,0.15,16,0,0,16,0
direct_mmr,bm25,47,20,relaxed_ge1,-0.3,-0.6,0.6,18,6,0,18,6
direct_mmr,bm25,48,20,relaxed_ge1,-0.75,-0.9,0.05,16,3,0,16,3
direct_mmr,bm25,49,20,relaxed_ge1,-0.35,-0.4,0.6,19,1,0,19,1
direct_mmr,bm25,50,20,relaxed_ge1,-0.7,-0.7,0,14,0,0,14,0
direct_mmr,bm25,1,100,strict_eq2,-0.13,-0.52,0.74,94,46,7,87,39
direct_mmr,bm25,2,100,strict_eq2,-0.36,-0.56,0.44,82,22,2,80,20
direct_mmr,bm25,3,100,strict_eq2,-0.25,-0.43,0.56,85,22,4,81,18
direct_mmr,bm25,4,100,strict_eq2,-0.18,-0.46,0.69,90,31,3,87,28
direct_mmr,bm25,5,100,strict_eq2,-0.24,-0.52,0.63,88,29,1,87,28
direct_mmr,bm25,6,100,strict_eq2,-0.47,-0.77,0.39,89,33,3,86,30
direct_mmr,bm25,7,100,strict_eq2,-0.48,-0.58,0.42,92,12,2,90,10
direct_mmr,bm25,8,100,strict_eq2,-0.27,-0.59,0.56,90,39,7,83,32
direct_mmr,bm25,9,100,strict_eq2,-0.16,-0.25,0.7,89,12,3,86,9
direct_mmr,bm25,10,100,strict_eq2,-0.41,-0.52,0.49,90,11,0,90,11
direct_mmr,bm25,11,100,strict_eq2,-0.17,-0.29,0.68,88,15,3,85,12
direct_mmr,bm25,12,100,strict_eq2,-0.11,-0.3,0.71,85,22,3,82,19
direct_mmr,bm25,13,100,strict_eq2,-0.28,-0.51,0.58,86,23,0,86,23
direct_mmr,bm25,14,100,strict_eq2,-0.33,-0.36,0.45,79,4,1,78,3
direct_mmr,bm25,15,100,strict_eq2,0,-0.47,0.81,85,51,4,81,47
direct_mmr,bm25,16,100,strict_eq2,-0.09,-0.4,0.68,84,38,7,77,31
direct_mmr,bm25,17,100,strict_eq2,-0.26,-0.48,0.64,90,22,0,90,22
direct_mmr,bm25,18,100,strict_eq2,-0.41,-0.53,0.45,86,12,0,86,12
direct_mmr,bm25,19,100,strict_eq2,-0.1,-0.25,0.73,85,17,2,83,15
direct_mmr,bm25,20,100,strict_eq2,-0.58,-0.67,0.28,87,10,1,86,9
direct_mmr,bm25,21,100,strict_eq2,-0.41,-0.6,0.52,95,21,2,93,19
direct_mmr,bm25,22,100,strict_eq2,-0.48,-0.73,0.42,92,27,2,90,25
direct_mmr,bm25,23,100,strict_eq2,-0.39,-0.69,0.5,91,32,2,89,30
direct_mmr,bm25,24,100,strict_eq2,-0.59,-0.74,0.3,90,16,1,89,15
direct_mmr,bm25,25,100,strict_eq2,-0.12,-0.46,0.75,87,34,0,87,34
direct_mmr,bm25,26,100,strict_eq2,-0.36,-0.74,0.58,94,38,0,94,38
direct_mmr,bm25,27,100,strict_eq2,-0.57,-0.67,0.34,91,10,0,91,10
direct_mmr,bm25,28,100,strict_eq2,-0.71,-0.86,0.27,99,16,1,98,15
direct_mmr,bm25,29,100,strict_eq2,-0.41,-0.45,0.46,87,4,0,87,4
direct_mmr,bm25,30,100,strict_eq2,-0.65,-0.71,0.28,93,6,0,93,6
direct_mmr,bm25,31,100,strict_eq2,-0.11,-0.13,0.77,88,2,0,88,2
direct_mmr,bm25,32,100,strict_eq2,-0.13,-0.34,0.8,94,22,1,93,21
direct_mmr,bm25,33,100,strict_eq2,-0.29,-0.45,0.63,92,16,0,92,16
direct_mmr,bm25,34,100,strict_eq2,-0.08,-0.53,0.75,89,51,6,83,45
direct_mmr,bm25,35,100,strict_eq2,-0.4,-0.55,0.42,83,16,1,82,15
direct_mmr,bm25,36,100,strict_eq2,-0.73,-0.75,0.17,90,2,0,90,2
direct_mmr,bm25,37,100,strict_eq2,-0.46,-0.47,0.38,84,1,0,84,1
direct_mmr,bm25,38,100,strict_eq2,-0.33,-0.48,0.43,76,15,0,76,15
direct_mmr,bm25,39,100,strict_eq2,-0.6,-0.6,0.25,85,0,0,85,0
direct_mmr,bm25,40,100,strict_eq2,-0.85,-0.86,-0.02,83,1,0,83,1
direct_mmr,bm25,41,100,strict_eq2,-0.54,-0.57,0.34,88,3,0,88,3
direct_mmr,bm25,42,100,strict_eq2,-0.6,-0.65,0.29,89,5,0,89,5
direct_mmr,bm25,43,100,strict_eq2,-0.62,-0.63,0.14,76,1,0,76,1
direct_mmr,bm25,44,100,strict_eq2,-0.45,-0.57,0.41,86,12,0,86,12
direct_mmr,bm25,45,100,strict_eq2,-0.31,-0.41,0.55,86,10,0,86,10
direct_mmr,bm25,46,100,strict_eq2,-0.29,-0.4,0.54,85,13,2,83,11
direct_mmr,bm25,47,100,strict_eq2,-0.25,-0.64,0.64,90,40,1,89,39
direct_mmr,bm25,48,100,strict_eq2,-0.26,-0.72,0.52,80,48,2,78,46
direct_mmr,bm25,49,100,strict_eq2,-0.06,-0.29,0.85,91,23,0,91,23
direct_mmr,bm25,50,100,strict_eq2,-0.11,-0.34,0.7,82,24,1,81,23
direct_mmr,bm25,1,100,relaxed_ge1,-0.28,-0.67,0.59,94,46,7,87,39
direct_mmr,bm25,2,100,relaxed_ge1,-0.41,-0.61,0.39,82,22,2,80,20
direct_mmr,bm25,3,100,relaxed_ge1,-0.43,-0.61,0.38,85,22,4,81,18
direct_mmr,bm25,4,100,relaxed_ge1,-0.24,-0.52,0.63,90,31,3,87,28
direct_mmr,bm25,5,100,relaxed_ge1,-0.52,-0.8,0.35,88,29,1,87,28
direct_mmr,bm25,6,100,relaxed_ge1,-0.51,-0.81,0.35,89,33,3,86,30
direct_mmr,bm25,7,100,relaxed_ge1,-0.53,-0.63,0.37,92,12,2,90,10
direct_mmr,bm25,8,100,relaxed_ge1,-0.4,-0.72,0.43,90,39,7,83,32
direct_mmr,bm25,9,100,relaxed_ge1,-0.29,-0.38,0.57,89,12,3,86,9
direct_mmr,bm25,10,100,relaxed_ge1,-0.67,-0.78,0.23,90,11,0,90,11
direct_mmr,bm25,11,100,relaxed_ge1,-0.29,-0.41,0.56,88,15,3,85,12
direct_mmr,bm25,12,100,relaxed_ge1,-0.37,-0.56,0.45,85,22,3,82,19
direct_mmr,bm25,13,100,relaxed_ge1,-0.53,-0.76,0.33,86,23,0,86,23
direct_mmr,bm25,14,100,relaxed_ge1,-0.61,-0.64,0.17,79,4,1,78,3
direct_mmr,bm25,15,100,relaxed_ge1,-0.03,-0.5,0.78,85,51,4,81,47
direct_mmr,bm25,16,100,relaxed_ge1,-0.17,-0.48,0.6,84,38,7,77,31
direct_mmr,bm25,17,100,relaxed_ge1,-0.55,-0.77,0.35,90,22,0,90,22
direct_mmr,bm25,18,100,relaxed_ge1,-0.68,-0.8,0.18,86,12,0,86,12
direct_mmr,bm25,19,100,relaxed_ge1,-0.23,-0.38,0.6,85,17,2,83,15
direct_mmr,bm25,20,100,relaxed_ge1,-0.63,-0.72,0.23,87,10,1,86,9
direct_mmr,bm25,21,100,relaxed_ge1,-0.44,-0.63,0.49,95,21,2,93,19
direct_mmr,bm25,22,100,relaxed_ge1,-0.6,-0.85,0.3,92,27,2,90,25
direct_mmr,bm25,23,100,relaxed_ge1,-0.5,-0.8,0.39,91,32,2,89,30
direct_mmr,bm25,24,100,relaxed_ge1,-0.69,-0.84,0.2,90,16,1,89,15
direct_mmr,bm25,25,100,relaxed_ge1,-0.15,-0.49,0.72,87,34,0,87,34
direct_mmr,bm25,26,100,relaxed_ge1,-0.4,-0.78,0.54,94,38,0,94,38
direct_mmr,bm25,27,100,relaxed_ge1,-0.81,-0.91,0.1,91,10,0,91,10
direct_mmr,bm25,28,100,relaxed_ge1,-0.74,-0.89,0.24,99,16,1,98,15
direct_mmr,bm25,29,100,relaxed_ge1,-0.56,-0.6,0.31,87,4,0,87,4
direct_mmr,bm25,30,100,relaxed_ge1,-0.82,-0.88,0.11,93,6,0,93,6
direct_mmr,bm25,31,100,relaxed_ge1,-0.2,-0.22,0.68,88,2,0,88,2
direct_mmr,bm25,32,100,relaxed_ge1,-0.16,-0.37,0.77,94,22,1,93,21
direct_mmr,bm25,33,100,relaxed_ge1,-0.43,-0.59,0.49,92,16,0,92,16
direct_mmr,bm25,34,100,relaxed_ge1,-0.15,-0.6,0.68,89,51,6,83,45
direct_mmr,bm25,35,100,relaxed_ge1,-0.41,-0.56,0.41,83,16,1,82,15
direct_mmr,bm25,36,100,relaxed_ge1,-0.79,-0.81,0.11,90,2,0,90,2
direct_mmr,bm25,37,100,relaxed_ge1,-0.7,-0.71,0.14,84,1,0,84,1
direct_mmr,bm25,38,100,relaxed_ge1,-0.45,-0.6,0.31,76,15,0,76,15
direct_mmr,bm25,39,100,relaxed_ge1,-0.86,-0.86,-0.01,85,0,0,85,0
direct_mmr,bm25,40,100,relaxed_ge1,-0.94,-0.95,-0.11,83,1,0,83,1
direct_mmr,bm25,41,100,relaxed_ge1,-0.61,-0.64,0.27,88,3,0,88,3
direct_mmr,bm25,42,100,relaxed_ge1,-0.68,-0.73,0.21,89,5,0,89,5
direct_mmr,bm25,43,100,relaxed_ge1,-0.7,-0.71,0.06,76,1,0,76,1
direct_mmr,bm25,44,100,relaxed_ge1,-0.57,-0.69,0.29,86,12,0,86,12
direct_mmr,bm25,45,100,relaxed_ge1,-0.76,-0.86,0.1,86,10,0,86,10
direct_mmr,bm25,46,100,relaxed_ge1,-0.38,-0.49,0.45,85,13,2,83,11
direct_mmr,bm25,47,100,relaxed_ge1,-0.3,-0.69,0.59,90,40,1,89,39
direct_mmr,bm25,48,100,relaxed_ge1,-0.34,-0.8,0.44,80,48,2,78,46
direct_mmr,bm25,49,100,relaxed_ge1,-0.19,-0.42,0.72,91,23,0,91,23
direct_mmr,bm25,50,100,relaxed_ge1,-0.29,-0.52,0.52,82,24,1,81,23
direct_mmr_rerank,bm25,1,20,strict_eq2,-0.15,-0.25,0.6,16,3,1,15,2
direct_mmr_rerank,bm25,2,20,strict_eq2,-0.3,-0.35,0.3,12,1,0,12,1
direct_mmr_rerank,bm25,3,20,strict_eq2,-0.1,-0.2,0.5,12,2,0,12,2
direct_mmr_rerank,bm25,4,20,strict_eq2,-0.05,-0.05,0.7,15,0,0,15,0
direct_mmr_rerank,bm25,5,20,strict_eq2,-0.3,-0.4,0.5,16,2,0,16,2
direct_mmr_rerank,bm25,6,20,strict_eq2,-0.65,-0.7,0.1,15,1,0,15,1
direct_mmr_rerank,bm25,7,20,strict_eq2,-0.55,-0.55,0.2,15,0,0,15,0
direct_mmr_rerank,bm25,8,20,strict_eq2,-0.3,-0.55,0.3,12,5,0,12,5
direct_mmr_rerank,bm25,9,20,strict_eq2,-0.05,-0.05,0.85,18,0,0,18,0
direct_mmr_rerank,bm25,10,20,strict_eq2,-0.7,-0.7,0.1,16,0,0,16,0
direct_mmr_rerank,bm25,11,20,strict_eq2,-0.35,-0.45,0.3,13,2,0,13,2
direct_mmr_rerank,bm25,12,20,strict_eq2,-0.05,-0.25,0.65,14,4,0,14,4
direct_mmr_rerank,bm25,13,20,strict_eq2,-0.35,-0.4,0.4,15,1,0,15,1
direct_mmr_rerank,bm25,14,20,strict_eq2,-0.45,-0.45,0.05,10,0,0,10,0
direct_mmr_rerank,bm25,15,20,strict_eq2,-0.05,-0.3,0.6,14,6,1,13,5
direct_mmr_rerank,bm25,16,20,strict_eq2,-0.15,-0.25,0.55,15,3,1,14,2
direct_mmr_rerank,bm25,17,20,strict_eq2,-0.25,-0.35,0.5,15,2,0,15,2
direct_mmr_rerank,bm25,18,20,strict_eq2,-0.35,-0.35,0.4,15,0,0,15,0
direct_mmr_rerank,bm25,19,20,strict_eq2,-0.25,-0.25,0.35,12,0,0,12,0
direct_mmr_rerank,bm25,20,20,strict_eq2,-0.85,-0.9,-0.35,11,2,1,10,1
direct_mmr_rerank,bm25,21,20,strict_eq2,-0.3,-0.4,0.6,18,2,0,18,2
direct_mmr_rerank,bm25,22,20,strict_eq2,-0.65,-0.85,0.2,17,4,0,17,4
direct_mmr_rerank,bm25,23,20,strict_eq2,-0.7,-0.75,0.1,16,1,0,16,1
direct_mmr_rerank,bm25,24,20,strict_eq2,-0.65,-0.75,0.15,16,2,0,16,2
direct_mmr_rerank,bm25,25,20,strict_eq2,-0.05,-0.3,0.5,11,5,0,11,5
direct_mmr_rerank,bm25,26,20,strict_eq2,-0.4,-0.55,0.25,13,3,0,13,3
direct_mmr_rerank,bm25,27,20,strict_eq2,-0.7,-0.8,0,14,2,0,14,2
direct_mmr_rerank,bm25,28,20,strict_eq2,-0.65,-0.65,0,13,0,0,13,0
direct_mmr_rerank,bm25,29,20,strict_eq2,-0.55,-0.55,-0.1,9,0,0,9,0
direct_mmr_rerank,bm25,30,20,strict_eq2,-0.85,-0.85,0,17,0,0,17,0
direct_mmr_rerank,bm25,31,20,strict_eq2,-0.1,-0.15,0.5,12,1,0,12,1
direct_mmr_rerank,bm25,32,20,strict_eq2,-0.25,-0.25,0.25,10,0,0,10,0
direct_mmr_rerank,bm25,33,20,strict_eq2,-0.35,-0.35,0.35,14,0,0,14,0
direct_mmr_rerank,bm25,34,20,strict_eq2,-0.25,-0.45,0.5,17,6,2,15,4
direct_mmr_rerank,bm25,35,20,strict_eq2,-0.35,-0.35,0.3,13,0,0,13,0
direct_mmr_rerank,bm25,36,20,strict_eq2,-0.6,-0.6,0.05,13,0,0,13,0
direct_mmr_rerank,bm25,37,20,strict_eq2,-0.4,-0.4,0.3,14,0,0,14,0
direct_mmr_rerank,bm25,38,20,strict_eq2,-0.45,-0.45,0.1,11,0,0,11,0
direct_mmr_rerank,bm25,39,20,strict_eq2,-0.65,-0.65,-0.2,9,0,0,9,0
direct_mmr_rerank,bm25,40,20,strict_eq2,-0.9,-0.9,-0.55,7,0,0,7,0
direct_mmr_rerank,bm25,41,20,strict_eq2,-0.65,-0.65,-0.05,12,0,0,12,0
direct_mmr_rerank,bm25,42,20,strict_eq2,-0.55,-0.55,0.2,15,0,0,15,0
direct_mmr_rerank,bm25,43,20,strict_eq2,-0.5,-0.5,-0.15,7,0,0,7,0
direct_mmr_rerank,bm25,44,20,strict_eq2,-0.65,-0.7,0,13,1,0,13,1
direct_mmr_rerank,bm25,45,20,strict_eq2,-0.4,-0.45,0,8,1,0,8,1
direct_mmr_rerank,bm25,46,20,strict_eq2,-0.35,-0.35,0.05,8,0,0,8,0
direct_mmr_rerank,bm25,47,20,strict_eq2,-0.2,-0.45,0.5,15,6,1,14,5
direct_mmr_rerank,bm25,48,20,strict_eq2,-0.7,-0.85,0.1,16,3,0,16,3
direct_mmr_rerank,bm25,49,20,strict_eq2,-0.15,-0.2,0.5,13,1,0,13,1
direct_mmr_rerank,bm25,50,20,strict_eq2,-0.25,-0.25,0.15,8,0,0,8,0
direct_mmr_rerank,bm25,1,20,relaxed_ge1,-0.5,-0.6,0.25,16,3,1,15,2
direct_mmr_rerank,bm25,2,20,relaxed_ge1,-0.3,-0.35,0.3,12,1,0,12,1
direct_mmr_rerank,bm25,3,20,relaxed_ge1,-0.2,-0.3,0.4,12,2,0,12,2
direct_mmr_rerank,bm25,4,20,relaxed_ge1,-0.05,-0.05,0.7,15,0,0,15,0
direct_mmr_rerank,bm25,5,20,relaxed_ge1,-0.75,-0.85,0.05,16,2,0,16,2
direct_mmr_rerank,bm25,6,20,relaxed_ge1,-0.7,-0.75,0.05,15,1,0,15,1
direct_mmr_rerank,bm25,7,20,relaxed_ge1,-0.6,-0.6,0.15,15,0,0,15,0
direct_mmr_rerank,bm25,8,20,relaxed_ge1,-0.45,-0.7,0.15,12,5,0,12,5
direct_mmr_rerank,bm25,9,20,relaxed_ge1,-0.15,-0.15,0.75,18,0,0,18,0
direct_mmr_rerank,bm25,10,20,relaxed_ge1,-0.85,-0.85,-0.05,16,0,0,16,0
direct_mmr_rerank,bm25,11,20,relaxed_ge1,-0.35,-0.45,0.3,13,2,0,13,2
direct_mmr_rerank,bm25,12,20,relaxed_ge1,-0.25,-0.45,0.45,14,4,0,14,4
direct_mmr_rerank,bm25,13,20,relaxed_ge1,-0.7,-0.75,0.05,15,1,0,15,1
direct_mmr_rerank,bm25,14,20,relaxed_ge1,-0.7,-0.7,-0.2,10,0,0,10,0
direct_mmr_rerank,bm25,15,20,relaxed_ge1,-0.15,-0.4,0.5,14,6,1,13,5
direct_mmr_rerank,bm25,16,20,relaxed_ge1,-0.25,-0.35,0.45,15,3,1,14,2
direct_mmr_rerank,bm25,17,20,relaxed_ge1,-0.5,-0.6,0.25,15,2,0,15,2
direct_mmr_rerank,bm25,18,20,relaxed_ge1,-0.6,-0.6,0.15,15,0,0,15,0
direct_mmr_rerank,bm25,19,20,relaxed_ge1,-0.65,-0.65,-0.05,12,0,0,12,0
direct_mmr_rerank,bm25,20,20,relaxed_ge1,-0.65,-0.7,-0.15,11,2,1,10,1
direct_mmr_rerank,bm25,21,20,relaxed_ge1,-0.4,-0.5,0.5,18,2,0,18,2
direct_mmr_rerank,bm25,22,20,relaxed_ge1,-0.75,-0.95,0.1,17,4,0,17,4
direct_mmr_rerank,bm25,23,20,relaxed_ge1,-0.75,-0.8,0.05,16,1,0,16,1
direct_mmr_rerank,bm25,24,20,relaxed_ge1,-0.7,-0.8,0.1,16,2,0,16,2
direct_mmr_rerank,bm25,25,20,relaxed_ge1,0,-0.25,0.55,11,5,0,11,5
direct_mmr_rerank,bm25,26,20,relaxed_ge1,-0.4,-0.55,0.25,13,3,0,13,3
direct_mmr_rerank,bm25,27,20,relaxed_ge1,-0.65,-0.75,0.05,14,2,0,14,2
direct_mmr_rerank,bm25,28,20,relaxed_ge1,-0.7,-0.7,-0.05,13,0,0,13,0
direct_mmr_rerank,bm25,29,20,relaxed_ge1,-0.6,-0.6,-0.15,9,0,0,9,0
direct_mmr_rerank,bm25,30,20,relaxed_ge1,-0.85,-0.85,0,17,0,0,17,0
direct_mmr_rerank,bm25,31,20,relaxed_ge1,-0.15,-0.2,0.45,12,1,0,12,1
direct_mmr_rerank,bm25,32,20,relaxed_ge1,-0.35,-0.35,0.15,10,0,0,10,0
direct_mmr_rerank,bm25,33,20,relaxed_ge1,-0.65,-0.65,0.05,14,0,0,14,0
direct_mmr_rerank,bm25,34,20,relaxed_ge1,-0.35,-0.55,0.4,17,6,2,15,4
direct_mmr_rerank,bm25,35,20,relaxed_ge1,-0.35,-0.35,0.3,13,0,0,13,0
direct_mmr_rerank,bm25,36,20,relaxed_ge1,-0.65,-0.65,0,13,0,0,13,0
direct_mmr_rerank,bm25,37,20,relaxed_ge1,-0.7,-0.7,0,14,0,0,14,0
direct_mmr_rerank,bm25,38,20,relaxed_ge1,-0.35,-0.35,0.2,11,0,0,11,0
direct_mmr_rerank,bm25,39,20,relaxed_ge1,-0.6,-0.6,-0.15,9,0,0,9,0
direct_mmr_rerank,bm25,40,20,relaxed_ge1,-0.85,-0.85,-0.5,7,0,0,7,0
direct_mmr_rerank,bm25,41,20,relaxed_ge1,-0.65,-0.65,-0.05,12,0,0,12,0
direct_mmr_rerank,bm25,42,20,relaxed_ge1,-0.7,-0.7,0.05,15,0,0,15,0
direct_mmr_rerank,bm25,43,20,relaxed_ge1,-0.55,-0.55,-0.2,7,0,0,7,0
direct_mmr_rerank,bm25,44,20,relaxed_ge1,-0.8,-0.85,-0.15,13,1,0,13,1
direct_mmr_rerank,bm25,45,20,relaxed_ge1,-0.45,-0.5,-0.05,8,1,0,8,1
direct_mmr_rerank,bm25,46,20,relaxed_ge1,-0.6,-0.6,-0.2,8,0,0,8,0
direct_mmr_rerank,bm25,47,20,relaxed_ge1,-0.3,-0.55,0.4,15,6,1,14,5
direct_mmr_rerank,bm25,48,20,relaxed_ge1,-0.7,-0.85,0.1,16,3,0,16,3
direct_mmr_rerank,bm25,49,20,relaxed_ge1,-0.3,-0.35,0.35,13,1,0,13,1
direct_mmr_rerank,bm25,50,20,relaxed_ge1,-0.55,-0.55,-0.15,8,0,0,8,0
direct_mmr_rerank,bm25,1,100,strict_eq2,-0.13,-0.5,0.58,80,46,9,71,37
direct_mmr_rerank,bm25,2,100,strict_eq2,-0.35,-0.5,0.29,71,22,7,64,15
direct_mmr_rerank,bm25,3,100,strict_eq2,-0.23,-0.36,0.38,70,22,9,61,13
direct_mmr_rerank,bm25,4,100,strict_eq2,-0.13,-0.36,0.56,77,31,8,69,23
direct_mmr_rerank,bm25,5,100,strict_eq2,-0.18,-0.45,0.51,71,29,2,69,27
direct_mmr_rerank,bm25,6,100,strict_eq2,-0.29,-0.56,0.25,60,33,6,54,27
direct_mmr_rerank,bm25,7,100,strict_eq2,-0.37,-0.47,0.23,62,12,2,60,10
direct_mmr_rerank,bm25,8,100,strict_eq2,-0.21,-0.49,0.42,74,39,11,63,28
direct_mmr_rerank,bm25,9,100,strict_eq2,-0.13,-0.21,0.61,78,12,4,74,8
direct_mmr_rerank,bm25,10,100,strict_eq2,-0.34,-0.42,0.31,68,11,3,65,8
direct_mmr_rerank,bm25,11,100,strict_eq2,-0.14,-0.27,0.49,65,15,2,63,13
direct_mmr_rerank,bm25,12,100,strict_eq2,-0.06,-0.21,0.6,73,22,7,66,15
direct_mmr_rerank,bm25,13,100,strict_eq2,-0.23,-0.44,0.45,70,23,2,68,21
direct_mmr_rerank,bm25,14,100,strict_eq2,-0.29,-0.33,0.35,64,4,0,64,4
direct_mmr_rerank,bm25,15,100,strict_eq2,-0.02,-0.45,0.62,72,51,8,64,43
direct_mmr_rerank,bm25,16,100,strict_eq2,-0.05,-0.38,0.55,65,38,5,60,33
direct_mmr_rerank,bm25,17,100,strict_eq2,-0.23,-0.44,0.52,76,22,1,75,21
direct_mmr_rerank,bm25,18,100,strict_eq2,-0.32,-0.44,0.34,66,12,0,66,12
direct_mmr_rerank,bm25,19,100,strict_eq2,-0.09,-0.21,0.49,63,17,5,58,12
direct_mmr_rerank,bm25,20,100,strict_eq2,-0.47,-0.54,0.13,63,10,3,60,7
direct_mmr_rerank,bm25,21,100,strict_eq2,-0.35,-0.52,0.35,74,21,4,70,17
direct_mmr_rerank,bm25,22,100,strict_eq2,-0.43,-0.62,0.26,77,27,8,69,19
direct_mmr_rerank,bm25,23,100,strict_eq2,-0.36,-0.62,0.43,85,32,6,79,26
direct_mmr_rerank,bm25,24,100,strict_eq2,-0.53,-0.66,0.13,69,16,3,66,13
direct_mmr_rerank,bm25,25,100,strict_eq2,-0.01,-0.34,0.56,58,34,1,57,33
direct_mmr_rerank,bm25,26,100,strict_eq2,-0.22,-0.55,0.48,75,38,5,70,33
direct_mmr_rerank,bm25,27,100,strict_eq2,-0.47,-0.56,0.24,72,10,1,71,9
direct_mmr_rerank,bm25,28,100,strict_eq2,-0.54,-0.68,0.15,71,16,2,69,14
direct_mmr_rerank,bm25,29,100,strict_eq2,-0.33,-0.36,0.24,58,4,1,57,3
direct_mmr_rerank,bm25,30,100,strict_eq2,-0.54,-0.59,0.2,75,6,1,74,5
direct_mmr_rerank,bm25,31,100,strict_eq2,-0.09,-0.1,0.53,63,2,1,62,1
direct_mmr_rerank,bm25,32,100,strict_eq2,-0.08,-0.29,0.72,81,22,1,80,21
direct_mmr_rerank,bm25,33,100,strict_eq2,-0.26,-0.38,0.38,68,16,4,64,12
direct_mmr_rerank,bm25,34,100,strict_eq2,-0.03,-0.42,0.64,79,51,12,67,39
direct_mmr_rerank,bm25,35,100,strict_eq2,-0.36,-0.47,0.27,68,16,5,63,11
direct_mmr_rerank,bm25,36,100,strict_eq2,-0.43,-0.45,0.06,49,2,0,49,2
direct_mmr_rerank,bm25,37,100,strict_eq2,-0.32,-0.33,0.22,54,1,0,54,1
direct_mmr_rerank,bm25,38,100,strict_eq2,-0.21,-0.32,0.18,43,15,4,39,11
direct_mmr_rerank,bm25,39,100,strict_eq2,-0.38,-0.38,0.05,43,0,0,43,0
direct_mmr_rerank,bm25,40,100,strict_eq2,-0.65,-0.66,-0.19,46,1,0,46,1
direct_mmr_rerank,bm25,41,100,strict_eq2,-0.48,-0.5,0.14,63,3,1,62,2
direct_mmr_rerank,bm25,42,100,strict_eq2,-0.5,-0.53,0.07,59,5,2,57,3
direct_mmr_rerank,bm25,43,100,strict_eq2,-0.47,-0.47,0,48,1,1,47,0
direct_mmr_rerank,bm25,44,100,strict_eq2,-0.36,-0.45,0.24,63,12,3,60,9
direct_mmr_rerank,bm25,45,100,strict_eq2,-0.17,-0.26,0.37,55,10,1,54,9
direct_mmr_rerank,bm25,46,100,strict_eq2,-0.24,-0.33,0.39,67,13,4,63,9
direct_mmr_rerank,bm25,47,100,strict_eq2,-0.19,-0.49,0.37,66,40,10,56,30
direct_mmr_rerank,bm25,48,100,strict_eq2,-0.22,-0.65,0.48,75,48,5,70,43
direct_mmr_rerank,bm25,49,100,strict_eq2,-0.01,-0.21,0.63,67,23,3,64,20
direct_mmr_rerank,bm25,50,100,strict_eq2,-0.08,-0.28,0.44,56,24,4,52,20
direct_mmr_rerank,bm25,1,100,relaxed_ge1,-0.24,-0.61,0.47,80,46,9,71,37
direct_mmr_rerank,bm25,2,100,relaxed_ge1,-0.37,-0.52,0.27,71,22,7,64,15
direct_mmr_rerank,bm25,3,100,relaxed_ge1,-0.36,-0.49,0.25,70,22,9,61,13
direct_mmr_rerank,bm25,4,100,relaxed_ge1,-0.16,-0.39,0.53,77,31,8,69,23
direct_mmr_rerank,bm25,5,100,relaxed_ge1,-0.38,-0.65,0.31,71,29,2,69,27
direct_mmr_rerank,bm25,6,100,relaxed_ge1,-0.32,-0.59,0.22,60,33,6,54,27
direct_mmr_rerank,bm25,7,100,relaxed_ge1,-0.41,-0.51,0.19,62,12,2,60,10
direct_mmr_rerank,bm25,8,100,relaxed_ge1,-0.31,-0.59,0.32,74,39,11,63,28
direct_mmr_rerank,bm25,9,100,relaxed_ge1,-0.25,-0.33,0.49,78,12,4,74,8
direct_mmr_rerank,bm25,10,100,relaxed_ge1,-0.58,-0.66,0.07,68,11,3,65,8
direct_mmr_rerank,bm25,11,100,relaxed_ge1,-0.19,-0.32,0.44,65,15,2,63,13
direct_mmr_rerank,bm25,12,100,relaxed_ge1,-0.25,-0.4,0.41,73,22,7,66,15
direct_mmr_rerank,bm25,13,100,relaxed_ge1,-0.42,-0.63,0.26,70,23,2,68,21
direct_mmr_rerank,bm25,14,100,relaxed_ge1,-0.52,-0.56,0.12,64,4,0,64,4
direct_mmr_rerank,bm25,15,100,relaxed_ge1,0,-0.43,0.64,72,51,8,64,43
direct_mmr_rerank,bm25,16,100,relaxed_ge1,-0.08,-0.41,0.52,65,38,5,60,33
direct_mmr_rerank,bm25,17,100,relaxed_ge1,-0.49,-0.7,0.26,76,22,1,75,21
direct_mmr_rerank,bm25,18,100,relaxed_ge1,-0.51,-0.63,0.15,66,12,0,66,12
direct_mmr_rerank,bm25,19,100,relaxed_ge1,-0.19,-0.31,0.39,63,17,5,58,12
direct_mmr_rerank,bm25,20,100,relaxed_ge1,-0.44,-0.51,0.16,63,10,3,60,7
direct_mmr_rerank,bm25,21,100,relaxed_ge1,-0.37,-0.54,0.33,74,21,4,70,17
direct_mmr_rerank,bm25,22,100,relaxed_ge1,-0.49,-0.68,0.2,77,27,8,69,19
direct_mmr_rerank,bm25,23,100,relaxed_ge1,-0.46,-0.72,0.33,85,32,6,79,26
direct_mmr_rerank,bm25,24,100,relaxed_ge1,-0.59,-0.72,0.07,69,16,3,66,13
direct_mmr_rerank,bm25,25,100,relaxed_ge1,0.01,-0.32,0.58,58,34,1,57,33
direct_mmr_rerank,bm25,26,100,relaxed_ge1,-0.26,-0.59,0.44,75,38,5,70,33
direct_mmr_rerank,bm25,27,100,relaxed_ge1,-0.65,-0.74,0.06,72,10,1,71,9
direct_mmr_rerank,bm25,28,100,relaxed_ge1,-0.52,-0.66,0.17,71,16,2,69,14
direct_mmr_rerank,bm25,29,100,relaxed_ge1,-0.37,-0.4,0.2,58,4,1,57,3
direct_mmr_rerank,bm25,30,100,relaxed_ge1,-0.68,-0.73,0.06,75,6,1,74,5
direct_mmr_rerank,bm25,31,100,relaxed_ge1,-0.15,-0.16,0.47,63,2,1,62,1
direct_mmr_rerank,bm25,32,100,relaxed_ge1,-0.1,-0.31,0.7,81,22,1,80,21
direct_mmr_rerank,bm25,33,100,relaxed_ge1,-0.37,-0.49,0.27,68,16,4,64,12
direct_mmr_rerank,bm25,34,100,relaxed_ge1,-0.09,-0.48,0.58,79,51,12,67,39
direct_mmr_rerank,bm25,35,100,relaxed_ge1,-0.36,-0.47,0.27,68,16,5,63,11
direct_mmr_rerank,bm25,36,100,relaxed_ge1,-0.46,-0.48,0.03,49,2,0,49,2
direct_mmr_rerank,bm25,37,100,relaxed_ge1,-0.52,-0.53,0.02,54,1,0,54,1
direct_mmr_rerank,bm25,38,100,relaxed_ge1,-0.22,-0.33,0.17,43,15,4,39,11
direct_mmr_rerank,bm25,39,100,relaxed_ge1,-0.47,-0.47,-0.04,43,0,0,43,0
direct_mmr_rerank,bm25,40,100,relaxed_ge1,-0.69,-0.7,-0.23,46,1,0,46,1
direct_mmr_rerank,bm25,41,100,relaxed_ge1,-0.54,-0.56,0.08,63,3,1,62,2
direct_mmr_rerank,bm25,42,100,relaxed_ge1,-0.57,-0.6,0,59,5,2,57,3
direct_mmr_rerank,bm25,43,100,relaxed_ge1,-0.53,-0.53,-0.06,48,1,1,47,0
direct_mmr_rerank,bm25,44,100,relaxed_ge1,-0.46,-0.55,0.14,63,12,3,60,9
direct_mmr_rerank,bm25,45,100,relaxed_ge1,-0.5,-0.59,0.04,55,10,1,54,9
direct_mmr_rerank,bm25,46,100,relaxed_ge1,-0.31,-0.4,0.32,67,13,4,63,9
direct_mmr_rerank,bm25,47,100,relaxed_ge1,-0.2,-0.5,0.36,66,40,10,56,30
direct_mmr_rerank,bm25,48,100,relaxed_ge1,-0.26,-0.69,0.44,75,48,5,70,43
direct_mmr_rerank,bm25,49,100,relaxed_ge1,-0.12,-0.32,0.52,67,23,3,64,20
direct_mmr_rerank,bm25,50,100,relaxed_ge1,-0.23,-0.43,0.29,56,24,4,52,20
query_expansion,bm25,1,20,strict_eq2,0.05,0,0.15,4,3,2,2,1
query_expansion,bm25,2,20,strict_eq2,0.4,0.4,0.4,1,1,1,0,0
query_expansion,bm25,3,20,strict_eq2,0.3,0.3,0.3,2,2,2,0,0
query_expansion,bm25,4,20,strict_eq2,0.1,0.1,0.25,3,0,0,3,0
query_expansion,bm25,5,20,strict_eq2,0.1,0.05,0.2,3,2,1,2,1
query_expansion,bm25,6,20,strict_eq2,0.15,0.1,0.15,0,1,0,0,1
query_expansion,bm25,7,20,strict_eq2,0.15,0.15,0.15,0,0,0,0,0
query_expansion,bm25,8,20,strict_eq2,0.1,0.05,0.1,4,5,4,0,1
query_expansion,bm25,9,20,strict_eq2,0.05,0.05,0.1,1,0,0,1,0
query_expansion,bm25,10,20,strict_eq2,0.15,0.15,0.15,0,0,0,0,0
query_expansion,bm25,11,20,strict_eq2,0.25,0.2,0.35,3,2,1,2,1
query_expansion,bm25,12,20,strict_eq2,0.05,-0.1,0.05,1,4,1,0,3
query_expansion,bm25,13,20,strict_eq2,0.05,0,0.05,0,1,0,0,1
query_expansion,bm25,14,20,strict_eq2,0.05,0.05,0.05,0,0,0,0,0
query_expansion,bm25,15,20,strict_eq2,0.1,-0.15,0.4,7,6,1,6,5
query_expansion,bm25,16,20,strict_eq2,0.4,0.25,0.45,1,3,0,1,3
query_expansion,bm25,17,20,strict_eq2,0.15,0.05,0.15,0,2,0,0,2
query_expansion,bm25,18,20,strict_eq2,0.25,0.25,0.25,0,0,0,0,0
query_expansion,bm25,19,20,strict_eq2,0.1,0.1,0.1,0,0,0,0,0
query_expansion,bm25,20,20,strict_eq2,0.1,0.05,0.1,1,2,1,0,1
query_expansion,bm25,21,20,strict_eq2,0.25,0.15,0.35,2,2,0,2,2
query_expansion,bm25,22,20,strict_eq2,0,-0.05,0,3,4,3,0,1
query_expansion,bm25,23,20,strict_eq2,0.05,0,0.1,1,1,0,1,1
query_expansion,bm25,24,20,strict_eq2,0.3,0.2,0.3,0,2,0,0,2
query_expansion,bm25,25,20,strict_eq2,0.25,0,0.5,5,5,0,5,5
query_expansion,bm25,26,20,strict_eq2,0,-0.1,0.05,2,3,1,1,2
query_expansion,bm25,27,20,strict_eq2,0.05,-0.05,0.05,0,2,0,0,2
query_expansion,bm25,28,20,strict_eq2,0,0,0.15,3,0,0,3,0
query_expansion,bm25,29,20,strict_eq2,0.05,0.05,0.05,0,0,0,0,0
query_expansion,bm25,30,20,strict_eq2,0.05,0.05,0.05,0,0,0,0,0
query_expansion,bm25,31,20,strict_eq2,0.05,0.05,0.05,1,1,1,0,0
query_expansion,bm25,32,20,strict_eq2,0,0,0.3,6,0,0,6,0
query_expansion,bm25,33,20,strict_eq2,0.05,0.05,0.05,0,0,0,0,0
query_expansion,bm25,34,20,strict_eq2,0.1,-0.15,0.25,4,6,1,3,5
query_expansion,bm25,35,20,strict_eq2,0.25,0.25,0.25,0,0,0,0,0
query_expansion,bm25,36,20,strict_eq2,0.05,0.05,0.05,0,0,0,0,0
query_expansion,bm25,37,20,strict_eq2,0,0,0,0,0,0,0,0
query_expansion,bm25,38,20,strict_eq2,0.2,0.2,0.25,1,0,0,1,0
query_expansion,bm25,39,20,strict_eq2,0.05,0.05,0.05,0,0,0,0,0
query_expansion,bm25,40,20,strict_eq2,-0.1,-0.1,-0.1,0,0,0,0,0
query_expansion,bm25,41,20,strict_eq2,0.1,0.1,0.1,0,0,0,0,0
query_expansion,bm25,42,20,strict_eq2,0.25,0.25,0.25,0,0,0,0,0
query_expansion,bm25,43,20,strict_eq2,0.05,0.05,0.05,0,0,0,0,0
query_expansion,bm25,44,20,strict_eq2,0.25,0.2,0.25,0,1,0,0,1
query_expansion,bm25,45,20,strict_eq2,-0.05,-0.1,-0.05,0,1,0,0,1
query_expansion,bm25,46,20,strict_eq2,0.4,0.4,0.4,0,0,0,0,0
query_expansion,bm25,47,20,strict_eq2,0.65,0.4,0.65,1,6,1,0,5
query_expansion,bm25,48,20,strict_eq2,0.2,0.05,0.2,0,3,0,0,3
query_expansion,bm25,49,20,strict_eq2,0.25,0.2,0.25,0,1,0,0,1
query_expansion,bm25,50,20,strict_eq2,-0.05,-0.05,-0.05,0,0,0,0,0
query_expansion,bm25,1,20,relaxed_ge1,0.05,0,0.15,4,3,2,2,1
query_expansion,bm25,2,20,relaxed_ge1,0.45,0.45,0.45,1,1,1,0,0
query_expansion,bm25,3,20,relaxed_ge1,0.4,0.4,0.4,2,2,2,0,0
query_expansion,bm25,4,20,relaxed_ge1,0.15,0.15,0.3,3,0,0,3,0
query_expansion,bm25,5,20,relaxed_ge1,0,-0.05,0.1,3,2,1,2,1
query_expansion,bm25,6,20,relaxed_ge1,0.1,0.05,0.1,0,1,0,0,1
query_expansion,bm25,7,20,relaxed_ge1,0.15,0.15,0.15,0,0,0,0,0
query_expansion,bm25,8,20,relaxed_ge1,0.1,0.05,0.1,4,5,4,0,1
query_expansion,bm25,9,20,relaxed_ge1,0.15,0.15,0.2,1,0,0,1,0
query_expansion,bm25,10,20,relaxed_ge1,0.05,0.05,0.05,0,0,0,0,0
query_expansion,bm25,11,20,relaxed_ge1,0.25,0.2,0.35,3,2,1,2,1
query_expansion,bm25,12,20,relaxed_ge1,0.1,-0.05,0.1,1,4,1,0,3
query_expansion,bm25,13,20,relaxed_ge1,0.05,0,0.05,0,1,0,0,1
query_expansion,bm25,14,20,relaxed_ge1,0.1,0.1,0.1,0,0,0,0,0
query_expansion,bm25,15,20,relaxed_ge1,0.1,-0.15,0.4,7,6,1,6,5
query_expansion,bm25,16,20,relaxed_ge1,0.6,0.45,0.65,1,3,0,1,3
query_expansion,bm25,17,20,relaxed_ge1,0.3,0.2,0.3,0,2,0,0,2
query_expansion,bm25,18,20,relaxed_ge1,0.15,0.15,0.15,0,0,0,0,0
query_expansion,bm25,19,20,relaxed_ge1,-0.05,-0.05,-0.05,0,0,0,0,0
query_expansion,bm25,20,20,relaxed_ge1,0.1,0.05,0.1,1,2,1,0,1
query_expansion,bm25,21,20,relaxed_ge1,0.25,0.15,0.35,2,2,0,2,2
query_expansion,bm25,22,20,relaxed_ge1,0.05,0,0.05,3,4,3,0,1
query_expansion,bm25,23,20,relaxed_ge1,0.15,0.1,0.2,1,1,0,1,1
query_expansion,bm25,24,20,relaxed_ge1,0.25,0.15,0.25,0,2,0,0,2
query_expansion,bm25,25,20,relaxed_ge1,0.3,0.05,0.55,5,5,0,5,5
query_expansion,bm25,26,20,relaxed_ge1,0.05,-0.05,0.1,2,3,1,1,2
query_expansion,bm25,27,20,relaxed_ge1,0.15,0.05,0.15,0,2,0,0,2
query_expansion,bm25,28,20,relaxed_ge1,-0.05,-0.05,0.1,3,0,0,3,0
query_expansion,bm25,29,20,relaxed_ge1,0.1,0.1,0.1,0,0,0,0,0
query_expansion,bm25,30,20,relaxed_ge1,0,0,0,0,0,0,0,0
query_expansion,bm25,31,20,relaxed_ge1,0.1,0.1,0.1,1,1,1,0,0
query_expansion,bm25,32,20,relaxed_ge1,-0.05,-0.05,0.25,6,0,0,6,0
query_expansion,bm25,33,20,relaxed_ge1,0.1,0.1,0.1,0,0,0,0,0
query_expansion,bm25,34,20,relaxed_ge1,0.15,-0.1,0.3,4,6,1,3,5
query_expansion,bm25,35,20,relaxed_ge1,0.3,0.3,0.3,0,0,0,0,0
query_expansion,bm25,36,20,relaxed_ge1,0,0,0,0,0,0,0,0
query_expansion,bm25,37,20,relaxed_ge1,-0.05,-0.05,-0.05,0,0,0,0,0
query_expansion,bm25,38,20,relaxed_ge1,0.3,0.3,0.35,1,0,0,1,0
query_expansion,bm25,39,20,relaxed_ge1,0,0,0,0,0,0,0,0
query_expansion,bm25,40,20,relaxed_ge1,0,0,0,0,0,0,0,0
query_expansion,bm25,41,20,relaxed_ge1,0.15,0.15,0.15,0,0,0,0,0
query_expansion,bm25,42,20,relaxed_ge1,0.2,0.2,0.2,0,0,0,0,0
query_expansion,bm25,43,20,relaxed_ge1,0,0,0,0,0,0,0,0
query_expansion,bm25,44,20,relaxed_ge1,0.1,0.05,0.1,0,1,0,0,1
query_expansion,bm25,45,20,relaxed_ge1,0.1,0.05,0.1,0,1,0,0,1
query_expansion,bm25,46,20,relaxed_ge1,0.25,0.25,0.25,0,0,0,0,0
query_expansion,bm25,47,20,relaxed_ge1,0.55,0.3,0.55,1,6,1,0,5
query_expansion,bm25,48,20,relaxed_ge1,0.2,0.05,0.2,0,3,0,0,3
query_expansion,bm25,49,20,relaxed_ge1,0.4,0.35,0.4,0,1,0,0,1
query_expansion,bm25,50,20,relaxed_ge1,-0.05,-0.05,-0.05,0,0,0,0,0
query_expansion,bm25,1,100,strict_eq2,0.07,-0.21,0.16,27,46,18,9,28
query_expansion,bm25,2,100,strict_eq2,0.13,-0.04,0.2,12,22,5,7,17
query_expansion,bm25,3,100,strict_eq2,0.06,-0.07,0.16,19,22,9,10,13
query_expansion,bm25,4,100,strict_eq2,0.08,-0.08,0.19,26,31,15,11,16
query_expansion,bm25,5,100,strict_eq2,0.07,-0.14,0.24,25,29,8,17,21
query_expansion,bm25,6,100,strict_eq2,0.15,-0.13,0.33,23,33,5,18,28
query_expansion,bm25,7,100,strict_eq2,0.19,0.09,0.24,7,12,2,5,10
query_expansion,bm25,8,100,strict_eq2,0.15,-0.13,0.37,33,39,11,22,28
query_expansion,bm25,9,100,strict_eq2,0,-0.06,0.14,20,12,6,14,6
query_expansion,bm25,10,100,strict_eq2,0.11,0.03,0.15,7,11,3,4,8
query_expansion,bm25,11,100,strict_eq2,0.06,0.03,0.16,22,15,12,10,3
query_expansion,bm25,12,100,strict_eq2,0.04,-0.11,0.2,23,22,7,16,15
query_expansion,bm25,13,100,strict_eq2,0.09,-0.06,0.18,17,23,8,9,15
query_expansion,bm25,14,100,strict_eq2,0.03,-0.01,0.09,6,4,0,6,4
query_expansion,bm25,15,100,strict_eq2,0.03,-0.37,0.44,52,51,11,41,40
query_expansion,bm25,16,100,strict_eq2,0.37,0.04,0.5,18,38,5,13,33
query_expansion,bm25,17,100,strict_eq2,0.09,-0.07,0.21,18,22,6,12,16
query_expansion,bm25,18,100,strict_eq2,0.08,-0.02,0.16,10,12,2,8,10
query_expansion,bm25,19,100,strict_eq2,0.04,-0.1,0.09,8,17,3,5,14
query_expansion,bm25,20,100,strict_eq2,0.22,0.18,0.27,11,10,6,5,4
query_expansion,bm25,21,100,strict_eq2,0.11,-0.05,0.2,14,21,5,9,16
query_expansion,bm25,22,100,strict_eq2,0.23,0.06,0.28,15,27,10,5,17
query_expansion,bm25,23,100,strict_eq2,0.25,-0.03,0.33,12,32,4,8,28
query_expansion,bm25,24,100,strict_eq2,0.21,0.07,0.27,8,16,2,6,14
query_expansion,bm25,25,100,strict_eq2,0.19,-0.06,0.46,36,34,9,27,25
query_expansion,bm25,26,100,strict_eq2,0.12,-0.05,0.28,37,38,21,16,17
query_expansion,bm25,27,100,strict_eq2,0.13,0.05,0.24,13,10,2,11,8
query_expansion,bm25,28,100,strict_eq2,0.07,0.01,0.11,14,16,10,4,6
query_expansion,bm25,29,100,strict_eq2,-0.02,-0.05,0.03,6,4,1,5,3
query_expansion,bm25,30,100,strict_eq2,0.03,0,0.15,15,6,3,12,3
query_expansion,bm25,31,100,strict_eq2,0.05,0.04,0.15,11,2,1,10,1
query_expansion,bm25,32,100,strict_eq2,-0.02,-0.23,0.55,58,22,1,57,21
query_expansion,bm25,33,100,strict_eq2,0.04,-0.1,0.05,3,16,2,1,14
query_expansion,bm25,34,100,strict_eq2,0.05,-0.35,0.31,37,51,11,26,40
query_expansion,bm25,35,100,strict_eq2,0.01,-0.12,0.11,13,16,3,10,13
query_expansion,bm25,36,100,strict_eq2,0,-0.01,0.02,3,2,1,2,1
query_expansion,bm25,37,100,strict_eq2,-0.06,-0.06,-0.04,3,1,1,2,0
query_expansion,bm25,38,100,strict_eq2,0.24,0.11,0.29,7,15,2,5,13
query_expansion,bm25,39,100,strict_eq2,0.09,0.09,0.1,1,0,0,1,0
query_expansion,bm25,40,100,strict_eq2,0.01,0.01,0.01,1,1,1,0,0
query_expansion,bm25,41,100,strict_eq2,0.06,0.05,0.09,5,3,2,3,1
query_expansion,bm25,42,100,strict_eq2,0.25,0.2,0.25,0,5,0,0,5
query_expansion,bm25,43,100,strict_eq2,0.12,0.11,0.14,2,1,0,2,1
query_expansion,bm25,44,100,strict_eq2,0.23,0.11,0.24,1,12,0,1,12
query_expansion,bm25,45,100,strict_eq2,0.01,-0.05,0.05,8,10,4,4,6
query_expansion,bm25,46,100,strict_eq2,-0.02,-0.14,0.2,23,13,1,22,12
query_expansion,bm25,47,100,strict_eq2,0.26,-0.11,0.4,17,40,3,14,37
query_expansion,bm25,48,100,strict_eq2,0.31,0,0.36,22,48,17,5,31
query_expansion,bm25,49,100,strict_eq2,0.29,0.07,0.31,3,23,1,2,22
query_expansion,bm25,50,100,strict_eq2,0.02,-0.15,0.08,13,24,7,6,17
query_expansion,bm25,1,100,relaxed_ge1,0.26,-0.02,0.35,27,46,18,9,28
query_expansion,bm25,2,100,relaxed_ge1,0.17,0,0.24,12,22,5,7,17
query_expansion,bm25,3,100,relaxed_ge1,0.08,-0.05,0.18,19,22,9,10,13
query_expansion,bm25,4,100,relaxed_ge1,0.12,-0.04,0.23,26,31,15,11,16
query_expansion,bm25,5,100,relaxed_ge1,0.02,-0.19,0.19,25,29,8,17,21
query_expansion,bm25,6,100,relaxed_ge1,0.13,-0.15,0.31,23,33,5,18,28
query_expansion,bm25,7,100,relaxed_ge1,0.17,0.07,0.22,7,12,2,5,10
query_expansion,bm25,8,100,relaxed_ge1,0.18,-0.1,0.4,33,39,11,22,28
query_expansion,bm25,9,100,relaxed_ge1,-0.01,-0.07,0.13,20,12,6,14,6
query_expansion,bm25,10,100,relaxed_ge1,0.06,-0.02,0.1,7,11,3,4,8
query_expansion,bm25,11,100,relaxed_ge1,0.04,0.01,0.14,22,15,12,10,3
query_expansion,bm25,12,100,relaxed_ge1,0.01,-0.14,0.17,23,22,7,16,15
query_expansion,bm25,13,100,relaxed_ge1,0.12,-0.03,0.21,17,23,8,9,15
query_expansion,bm25,14,100,relaxed_ge1,0.01,-0.03,0.07,6,4,0,6,4
query_expansion,bm25,15,100,relaxed_ge1,0.04,-0.36,0.45,52,51,11,41,40
query_expansion,bm25,16,100,relaxed_ge1,0.5,0.17,0.63,18,38,5,13,33
query_expansion,bm25,17,100,relaxed_ge1,0.06,-0.1,0.18,18,22,6,12,16
query_expansion,bm25,18,100,relaxed_ge1,0.04,-0.06,0.12,10,12,2,8,10
query_expansion,bm25,19,100,relaxed_ge1,0.06,-0.08,0.11,8,17,3,5,14
query_expansion,bm25,20,100,relaxed_ge1,0.15,0.11,0.2,11,10,6,5,4
query_expansion,bm25,21,100,relaxed_ge1,0.13,-0.03,0.22,14,21,5,9,16
query_expansion,bm25,22,100,relaxed_ge1,0.21,0.04,0.26,15,27,10,5,17
query_expansion,bm25,23,100,relaxed_ge1,0.29,0.01,0.37,12,32,4,8,28
query_expansion,bm25,24,100,relaxed_ge1,0.21,0.07,0.27,8,16,2,6,14
query_expansion,bm25,25,100,relaxed_ge1,0.21,-0.04,0.48,36,34,9,27,25
query_expansion,bm25,26,100,relaxed_ge1,0.12,-0.05,0.28,37,38,21,16,17
query_expansion,bm25,27,100,relaxed_ge1,-0.01,-0.09,0.1,13,10,2,11,8
query_expansion,bm25,28,100,relaxed_ge1,0.05,-0.01,0.09,14,16,10,4,6
query_expansion,bm25,29,100,relaxed_ge1,0.02,-0.01,0.07,6,4,1,5,3
query_expansion,bm25,30,100,relaxed_ge1,-0.05,-0.08,0.07,15,6,3,12,3
query_expansion,bm25,31,100,relaxed_ge1,0.13,0.12,0.23,11,2,1,10,1
query_expansion,bm25,32,100,relaxed_ge1,-0.01,-0.22,0.56,58,22,1,57,21
query_expansion,bm25,33,100,relaxed_ge1,0.08,-0.06,0.09,3,16,2,1,14
query_expansion,bm25,34,100,relaxed_ge1,0.07,-0.33,0.33,37,51,11,26,40
query_expansion,bm25,35,100,relaxed_ge1,0.02,-0.11,0.12,13,16,3,10,13
query_expansion,bm25,36,100,relaxed_ge1,-0.02,-0.03,0,3,2,1,2,1
query_expansion,bm25,37,100,relaxed_ge1,-0.08,-0.08,-0.06,3,1,1,2,0
query_expansion,bm25,38,100,relaxed_ge1,0.28,0.15,0.33,7,15,2,5,13
query_expansion,bm25,39,100,relaxed_ge1,0,0,0.01,1,0,0,1,0
query_expansion,bm25,40,100,relaxed_ge1,0.02,0.02,0.02,1,1,1,0,0
query_expansion,bm25,41,100,relaxed_ge1,0.07,0.06,0.1,5,3,2,3,1
query_expansion,bm25,42,100,relaxed_ge1,0.24,0.19,0.24,0,5,0,0,5
query_expansion,bm25,43,100,relaxed_ge1,0.09,0.08,0.11,2,1,0,2,1
query_expansion,bm25,44,100,relaxed_ge1,0.25,0.13,0.26,1,12,0,1,12
query_expansion,bm25,45,100,relaxed_ge1,0.04,-0.02,0.08,8,10,4,4,6
query_expansion,bm25,46,100,relaxed_ge1,0.07,-0.05,0.29,23,13,1,22,12
query_expansion,bm25,47,100,relaxed_ge1,0.33,-0.04,0.47,17,40,3,14,37
query_expansion,bm25,48,100,relaxed_ge1,0.3,-0.01,0.35,22,48,17,5,31
query_expansion,bm25,49,100,relaxed_ge1,0.42,0.2,0.44,3,23,1,2,22
query_expansion,bm25,50,100,relaxed_ge1,0.07,-0.1,0.13,13,24,7,6,17
retrieval_random,bm25,1,20,strict_eq2,0.05,-0.1,0.4,7,3,0,7,3
retrieval_random,bm25,2,20,strict_eq2,0.25,0.2,0.45,4,1,0,4,1
retrieval_random,bm25,3,20,strict_eq2,0.1,0,0.25,3,2,0,3,2
retrieval_random,bm25,4,20,strict_eq2,0.25,0.25,0.4,3,0,0,3,0
retrieval_random,bm25,5,20,strict_eq2,0.05,0,0.35,7,2,1,6,1
retrieval_random,bm25,6,20,strict_eq2,-0.1,-0.15,0.15,5,1,0,5,1
retrieval_random,bm25,7,20,strict_eq2,0,0,0.1,2,0,0,2,0
retrieval_random,bm25,8,20,strict_eq2,0.15,-0.05,0.3,4,5,1,3,4
retrieval_random,bm25,9,20,strict_eq2,0,0,0.05,1,0,0,1,0
retrieval_random,bm25,10,20,strict_eq2,-0.1,-0.1,-0.05,1,0,0,1,0
retrieval_random,bm25,11,20,strict_eq2,0.15,0.1,0.2,2,2,1,1,1
retrieval_random,bm25,12,20,strict_eq2,0.1,-0.1,0.25,3,4,0,3,4
retrieval_random,bm25,13,20,strict_eq2,-0.1,-0.1,0.1,5,1,1,4,0
retrieval_random,bm25,14,20,strict_eq2,-0.05,-0.05,0,1,0,0,1,0
retrieval_random,bm25,15,20,strict_eq2,0.1,-0.15,0.55,10,6,1,9,5
retrieval_random,bm25,16,20,strict_eq2,0.2,0.05,0.45,5,3,0,5,3
retrieval_random,bm25,17,20,strict_eq2,0.3,0.2,0.4,2,2,0,2,2
retrieval_random,bm25,18,20,strict_eq2,0.15,0.15,0.15,0,0,0,0,0
retrieval_random,bm25,19,20,strict_eq2,-0.15,-0.15,-0.05,2,0,0,2,0
retrieval_random,bm25,20,20,strict_eq2,0.1,0,0.15,1,2,0,1,2
retrieval_random,bm25,21,20,strict_eq2,0.1,0.05,0.25,4,2,1,3,1
retrieval_random,bm25,22,20,strict_eq2,-0.05,-0.2,0.25,7,4,1,6,3
retrieval_random,bm25,23,20,strict_eq2,-0.1,-0.15,0.05,3,1,0,3,1
retrieval_random,bm25,24,20,strict_eq2,0.2,0.1,0.25,1,2,0,1,2
retrieval_random,bm25,25,20,strict_eq2,0.1,-0.15,0.6,10,5,0,10,5
retrieval_random,bm25,26,20,strict_eq2,-0.2,-0.35,0.2,8,3,0,8,3
retrieval_random,bm25,27,20,strict_eq2,-0.05,-0.15,0.1,3,2,0,3,2
retrieval_random,bm25,28,20,strict_eq2,0,0,0.15,3,0,0,3,0
retrieval_random,bm25,29,20,strict_eq2,-0.15,-0.15,-0.1,1,0,0,1,0
retrieval_random,bm25,30,20,strict_eq2,-0.15,-0.15,-0.05,2,0,0,2,0
retrieval_random,bm25,31,20,strict_eq2,0.05,0,0.05,0,1,0,0,1
retrieval_random,bm25,32,20,strict_eq2,-0.3,-0.3,0.4,14,0,0,14,0
retrieval_random,bm25,33,20,strict_eq2,-0.15,-0.15,-0.1,1,0,0,1,0
retrieval_random,bm25,34,20,strict_eq2,-0.15,-0.45,0.15,6,6,0,6,6
retrieval_random,bm25,35,20,strict_eq2,-0.15,-0.15,-0.05,2,0,0,2,0
retrieval_random,bm25,36,20,strict_eq2,-0.05,-0.05,0,1,0,0,1,0
retrieval_random,bm25,37,20,strict_eq2,-0.1,-0.1,-0.1,0,0,0,0,0
retrieval_random,bm25,38,20,strict_eq2,0,0,0.1,2,0,0,2,0
retrieval_random,bm25,39,20,strict_eq2,-0.15,-0.15,-0.15,0,0,0,0,0
retrieval_random,bm25,40,20,strict_eq2,-0.1,-0.1,-0.1,0,0,0,0,0
retrieval_random,bm25,41,20,strict_eq2,-0.05,-0.05,0,1,0,0,1,0
retrieval_random,bm25,42,20,strict_eq2,0.3,0.3,0.3,0,0,0,0,0
retrieval_random,bm25,43,20,strict_eq2,0.25,0.25,0.25,0,0,0,0,0
retrieval_random,bm25,44,20,strict_eq2,-0.1,-0.15,-0.05,1,1,0,1,1
retrieval_random,bm25,45,20,strict_eq2,-0.05,-0.1,0,1,1,0,1,1
retrieval_random,bm25,46,20,strict_eq2,-0.05,-0.05,0.05,2,0,0,2,0
retrieval_random,bm25,47,20,strict_eq2,0.35,0.05,0.5,3,6,0,3,6
retrieval_random,bm25,48,20,strict_eq2,0.05,-0.1,0.1,1,3,0,1,3
retrieval_random,bm25,49,20,strict_eq2,0.2,0.15,0.2,0,1,0,0,1
retrieval_random,bm25,50,20,strict_eq2,-0.15,-0.15,-0.05,2,0,0,2,0
retrieval_random,bm25,1,20,relaxed_ge1,0.05,-0.1,0.4,7,3,0,7,3
retrieval_random,bm25,2,20,relaxed_ge1,0.25,0.2,0.45,4,1,0,4,1
retrieval_random,bm25,3,20,relaxed_ge1,0.3,0.2,0.45,3,2,0,3,2
retrieval_random,bm25,4,20,relaxed_ge1,0.25,0.25,0.4,3,0,0,3,0
retrieval_random,bm25,5,20,relaxed_ge1,-0.2,-0.25,0.1,7,2,1,6,1
retrieval_random,bm25,6,20,relaxed_ge1,-0.15,-0.2,0.1,5,1,0,5,1
retrieval_random,bm25,7,20,relaxed_ge1,-0.05,-0.05,0.05,2,0,0,2,0
retrieval_random,bm25,8,20,relaxed_ge1,0.05,-0.15,0.2,4,5,1,3,4
retrieval_random,bm25,9,20,relaxed_ge1,0.05,0.05,0.1,1,0,0,1,0
retrieval_random,bm25,10,20,relaxed_ge1,-0.05,-0.05,0,1,0,0,1,0
retrieval_random,bm25,11,20,relaxed_ge1,0.2,0.15,0.25,2,2,1,1,1
retrieval_random,bm25,12,20,relaxed_ge1,0.05,-0.15,0.2,3,4,0,3,4
retrieval_random,bm25,13,20,relaxed_ge1,-0.25,-0.25,-0.05,5,1,1,4,0
retrieval_random,bm25,14,20,relaxed_ge1,0.05,0.05,0.1,1,0,0,1,0
retrieval_random,bm25,15,20,relaxed_ge1,0.1,-0.15,0.55,10,6,1,9,5
retrieval_random,bm25,16,20,relaxed_ge1,0.35,0.2,0.6,5,3,0,5,3
retrieval_random,bm25,17,20,relaxed_ge1,0.25,0.15,0.35,2,2,0,2,2
retrieval_random,bm25,18,20,relaxed_ge1,0.1,0.1,0.1,0,0,0,0,0
retrieval_random,bm25,19,20,relaxed_ge1,-0.4,-0.4,-0.3,2,0,0,2,0
retrieval_random,bm25,20,20,relaxed_ge1,0.1,0,0.15,1,2,0,1,2
retrieval_random,bm25,21,20,relaxed_ge1,0.05,0,0.2,4,2,1,3,1
retrieval_random,bm25,22,20,relaxed_ge1,-0.15,-0.3,0.15,7,4,1,6,3
retrieval_random,bm25,23,20,relaxed_ge1,-0.1,-0.15,0.05,3,1,0,3,1
retrieval_random,bm25,24,20,relaxed_ge1,0.15,0.05,0.2,1,2,0,1,2
retrieval_random,bm25,25,20,relaxed_ge1,0.1,-0.15,0.6,10,5,0,10,5
retrieval_random,bm25,26,20,relaxed_ge1,-0.2,-0.35,0.2,8,3,0,8,3
retrieval_random,bm25,27,20,relaxed_ge1,-0.05,-0.15,0.1,3,2,0,3,2
retrieval_random,bm25,28,20,relaxed_ge1,-0.05,-0.05,0.1,3,0,0,3,0
retrieval_random,bm25,29,20,relaxed_ge1,-0.25,-0.25,-0.2,1,0,0,1,0
retrieval_random,bm25,30,20,relaxed_ge1,-0.15,-0.15,-0.05,2,0,0,2,0
retrieval_random,bm25,31,20,relaxed_ge1,0.05,0,0.05,0,1,0,0,1
retrieval_random,bm25,32,20,relaxed_ge1,-0.4,-0.4,0.3,14,0,0,14,0
retrieval_random,bm25,33,20,relaxed_ge1,-0.2,-0.2,-0.15,1,0,0,1,0
retrieval_random,bm25,34,20,relaxed_ge1,-0.2,-0.5,0.1,6,6,0,6,6
retrieval_random,bm25,35,20,relaxed_ge1,-0.05,-0.05,0.05,2,0,0,2,0
retrieval_random,bm25,36,20,relaxed_ge1,-0.1,-0.1,-0.05,1,0,0,1,0
retrieval_random,bm25,37,20,relaxed_ge1,-0.1,-0.1,-0.1,0,0,0,0,0
retrieval_random,bm25,38,20,relaxed_ge1,0.2,0.2,0.3,2,0,0,2,0
retrieval_random,bm25,39,20,relaxed_ge1,-0.05,-0.05,-0.05,0,0,0,0,0
retrieval_random,bm25,40,20,relaxed_ge1,0,0,0,0,0,0,0,0
retrieval_random,bm25,41,20,relaxed_ge1,0,0,0.05,1,0,0,1,0
retrieval_random,bm25,42,20,relaxed_ge1,0.15,0.15,0.15,0,0,0,0,0
retrieval_random,bm25,43,20,relaxed_ge1,0.1,0.1,0.1,0,0,0,0,0
retrieval_random,bm25,44,20,relaxed_ge1,-0.15,-0.2,-0.1,1,1,0,1,1
retrieval_random,bm25,45,20,relaxed_ge1,0,-0.05,0.05,1,1,0,1,1
retrieval_random,bm25,46,20,relaxed_ge1,-0.15,-0.15,-0.05,2,0,0,2,0
retrieval_random,bm25,47,20,relaxed_ge1,0.35,0.05,0.5,3,6,0,3,6
retrieval_random,bm25,48,20,relaxed_ge1,0.15,0,0.2,1,3,0,1,3
retrieval_random,bm25,49,20,relaxed_ge1,0.2,0.15,0.2,0,1,0,0,1
retrieval_random,bm25,50,20,relaxed_ge1,-0.4,-0.4,-0.3,2,0,0,2,0
retrieval_random,bm25,1,100,strict_eq2,-0.02,-0.44,0.44,50,46,4,46,42
retrieval_random,bm25,2,100,strict_eq2,-0.15,-0.31,0.41,62,22,6,56,16
retrieval_random,bm25,3,100,strict_eq2,-0.1,-0.27,0.31,46,22,5,41,17
retrieval_random,bm25,4,100,strict_eq2,-0.01,-0.26,0.47,54,31,6,48,25
retrieval_random,bm25,5,100,strict_eq2,-0.06,-0.28,0.4,53,29,7,46,22
retrieval_random,bm25,6,100,strict_eq2,-0.08,-0.38,0.35,46,33,3,43,30
retrieval_random,bm25,7,100,strict_eq2,0.02,-0.08,0.23,23,12,2,21,10
retrieval_random,bm25,8,100,strict_eq2,-0.07,-0.42,0.43,54,39,4,50,35
retrieval_random,bm25,9,100,strict_eq2,-0.09,-0.19,0.37,48,12,2,46,10
retrieval_random,bm25,10,100,strict_eq2,-0.1,-0.2,0.17,28,11,1,27,10
retrieval_random,bm25,11,100,strict_eq2,-0.03,-0.14,0.44,51,15,4,47,11
retrieval_random,bm25,12,100,strict_eq2,0,-0.21,0.5,51,22,1,50,21
retrieval_random,bm25,13,100,strict_eq2,-0.08,-0.22,0.26,43,23,9,34,14
retrieval_random,bm25,14,100,strict_eq2,-0.23,-0.27,0.35,58,4,0,58,4
retrieval_random,bm25,15,100,strict_eq2,0,-0.5,0.71,72,51,1,71,50
retrieval_random,bm25,16,100,strict_eq2,0.03,-0.32,0.49,49,38,3,46,35
retrieval_random,bm25,17,100,strict_eq2,0.05,-0.14,0.33,31,22,3,28,19
retrieval_random,bm25,18,100,strict_eq2,-0.11,-0.22,0.15,27,12,1,26,11
retrieval_random,bm25,19,100,strict_eq2,-0.04,-0.2,0.44,49,17,1,48,16
retrieval_random,bm25,20,100,strict_eq2,0.02,-0.08,0.29,27,10,0,27,10
retrieval_random,bm25,21,100,strict_eq2,0,-0.16,0.28,33,21,5,28,16
retrieval_random,bm25,22,100,strict_eq2,-0.18,-0.4,0.33,56,27,5,51,22
retrieval_random,bm25,23,100,strict_eq2,-0.18,-0.46,0.27,49,32,4,45,28
retrieval_random,bm25,24,100,strict_eq2,-0.13,-0.27,0.25,40,16,2,38,14
retrieval_random,bm25,25,100,strict_eq2,-0.01,-0.3,0.54,60,34,5,55,29
retrieval_random,bm25,26,100,strict_eq2,-0.01,-0.32,0.38,46,38,7,39,31
retrieval_random,bm25,27,100,strict_eq2,-0.19,-0.28,0.16,36,10,1,35,9
retrieval_random,bm25,28,100,strict_eq2,-0.12,-0.26,0.22,36,16,2,34,14
retrieval_random,bm25,29,100,strict_eq2,-0.13,-0.17,0.26,39,4,0,39,4
retrieval_random,bm25,30,100,strict_eq2,-0.38,-0.44,0.08,46,6,0,46,6
retrieval_random,bm25,31,100,strict_eq2,-0.08,-0.1,0.32,40,2,0,40,2
retrieval_random,bm25,32,100,strict_eq2,-0.1,-0.3,0.61,73,22,2,71,20
retrieval_random,bm25,33,100,strict_eq2,-0.14,-0.26,0.19,37,16,4,33,12
retrieval_random,bm25,34,100,strict_eq2,0,-0.47,0.56,60,51,4,56,47
retrieval_random,bm25,35,100,strict_eq2,-0.28,-0.44,0.19,47,16,0,47,16
retrieval_random,bm25,36,100,strict_eq2,-0.18,-0.2,0.03,21,2,0,21,2
retrieval_random,bm25,37,100,strict_eq2,-0.1,-0.11,0.06,16,1,0,16,1
retrieval_random,bm25,38,100,strict_eq2,0.1,-0.03,0.29,21,15,2,19,13
retrieval_random,bm25,39,100,strict_eq2,-0.1,-0.1,0.13,23,0,0,23,0
retrieval_random,bm25,40,100,strict_eq2,-0.25,-0.25,-0.14,12,1,1,11,0
retrieval_random,bm25,41,100,strict_eq2,-0.19,-0.22,0.14,33,3,0,33,3
retrieval_random,bm25,42,100,strict_eq2,-0.28,-0.33,0.03,31,5,0,31,5
retrieval_random,bm25,43,100,strict_eq2,-0.39,-0.4,0.09,48,1,0,48,1
retrieval_random,bm25,44,100,strict_eq2,-0.06,-0.15,0.17,26,12,3,23,9
retrieval_random,bm25,45,100,strict_eq2,0.09,0.02,0.3,24,10,3,21,7
retrieval_random,bm25,46,100,strict_eq2,-0.17,-0.28,0.44,63,13,2,61,11
retrieval_random,bm25,47,100,strict_eq2,0.11,-0.26,0.49,41,40,3,38,37
retrieval_random,bm25,48,100,strict_eq2,0.02,-0.4,0.45,49,48,6,43,42
retrieval_random,bm25,49,100,strict_eq2,0.1,-0.09,0.51,45,23,4,41,19
retrieval_random,bm25,50,100,strict_eq2,-0.03,-0.24,0.35,41,24,3,38,21
retrieval_random,bm25,1,100,relaxed_ge1,-0.06,-0.48,0.4,50,46,4,46,42
retrieval_random,bm25,2,100,relaxed_ge1,-0.21,-0.37,0.35,62,22,6,56,16
retrieval_random,bm25,3,100,relaxed_ge1,-0.06,-0.23,0.35,46,22,5,41,17
retrieval_random,bm25,4,100,relaxed_ge1,0.01,-0.24,0.49,54,31,6,48,25
retrieval_random,bm25,5,100,relaxed_ge1,-0.2,-0.42,0.26,53,29,7,46,22
retrieval_random,bm25,6,100,relaxed_ge1,-0.09,-0.39,0.34,46,33,3,43,30
retrieval_random,bm25,7,100,relaxed_ge1,0,-0.1,0.21,23,12,2,21,10
retrieval_random,bm25,8,100,relaxed_ge1,-0.07,-0.42,0.43,54,39,4,50,35
retrieval_random,bm25,9,100,relaxed_ge1,-0.15,-0.25,0.31,48,12,2,46,10
retrieval_random,bm25,10,100,relaxed_ge1,-0.16,-0.26,0.11,28,11,1,27,10
retrieval_random,bm25,11,100,relaxed_ge1,-0.11,-0.22,0.36,51,15,4,47,11
retrieval_random,bm25,12,100,relaxed_ge1,-0.13,-0.34,0.37,51,22,1,50,21
retrieval_random,bm25,13,100,relaxed_ge1,-0.14,-0.28,0.2,43,23,9,34,14
retrieval_random,bm25,14,100,relaxed_ge1,-0.44,-0.48,0.14,58,4,0,58,4
retrieval_random,bm25,15,100,relaxed_ge1,0,-0.5,0.71,72,51,1,71,50
retrieval_random,bm25,16,100,relaxed_ge1,0.12,-0.23,0.58,49,38,3,46,35
retrieval_random,bm25,17,100,relaxed_ge1,-0.02,-0.21,0.26,31,22,3,28,19
retrieval_random,bm25,18,100,relaxed_ge1,-0.13,-0.24,0.13,27,12,1,26,11
retrieval_random,bm25,19,100,relaxed_ge1,-0.12,-0.28,0.36,49,17,1,48,16
retrieval_random,bm25,20,100,relaxed_ge1,-0.03,-0.13,0.24,27,10,0,27,10
retrieval_random,bm25,21,100,relaxed_ge1,0.01,-0.15,0.29,33,21,5,28,16
retrieval_random,bm25,22,100,relaxed_ge1,-0.24,-0.46,0.27,56,27,5,51,22
retrieval_random,bm25,23,100,relaxed_ge1,-0.16,-0.44,0.29,49,32,4,45,28
retrieval_random,bm25,24,100,relaxed_ge1,-0.16,-0.3,0.22,40,16,2,38,14
retrieval_random,bm25,25,100,relaxed_ge1,0.01,-0.28,0.56,60,34,5,55,29
retrieval_random,bm25,26,100,relaxed_ge1,0,-0.31,0.39,46,38,7,39,31
retrieval_random,bm25,27,100,relaxed_ge1,-0.27,-0.36,0.08,36,10,1,35,9
retrieval_random,bm25,28,100,relaxed_ge1,-0.13,-0.27,0.21,36,16,2,34,14
retrieval_random,bm25,29,100,relaxed_ge1,-0.22,-0.26,0.17,39,4,0,39,4
retrieval_random,bm25,30,100,relaxed_ge1,-0.43,-0.49,0.03,46,6,0,46,6
retrieval_random,bm25,31,100,relaxed_ge1,-0.07,-0.09,0.33,40,2,0,40,2
retrieval_random,bm25,32,100,relaxed_ge1,-0.1,-0.3,0.61,73,22,2,71,20
retrieval_random,bm25,33,100,relaxed_ge1,-0.17,-0.29,0.16,37,16,4,33,12
retrieval_random,bm25,34,100,relaxed_ge1,-0.03,-0.5,0.53,60,51,4,56,47
retrieval_random,bm25,35,100,relaxed_ge1,-0.28,-0.44,0.19,47,16,0,47,16
retrieval_random,bm25,36,100,relaxed_ge1,-0.2,-0.22,0.01,21,2,0,21,2
retrieval_random,bm25,37,100,relaxed_ge1,-0.18,-0.19,-0.02,16,1,0,16,1
retrieval_random,bm25,38,100,relaxed_ge1,0.15,0.02,0.34,21,15,2,19,13
retrieval_random,bm25,39,100,relaxed_ge1,-0.24,-0.24,-0.01,23,0,0,23,0
retrieval_random,bm25,40,100,relaxed_ge1,-0.23,-0.23,-0.12,12,1,1,11,0
retrieval_random,bm25,41,100,relaxed_ge1,-0.2,-0.23,0.13,33,3,0,33,3
retrieval_random,bm25,42,100,relaxed_ge1,-0.33,-0.38,-0.02,31,5,0,31,5
retrieval_random,bm25,43,100,relaxed_ge1,-0.44,-0.45,0.04,48,1,0,48,1
retrieval_random,bm25,44,100,relaxed_ge1,-0.08,-0.17,0.15,26,12,3,23,9
retrieval_random,bm25,45,100,relaxed_ge1,-0.07,-0.14,0.14,24,10,3,21,7
retrieval_random,bm25,46,100,relaxed_ge1,-0.2,-0.31,0.41,63,13,2,61,11
retrieval_random,bm25,47,100,relaxed_ge1,0.11,-0.26,0.49,41,40,3,38,37
retrieval_random,bm25,48,100,relaxed_ge1,0.01,-0.41,0.44,49,48,6,43,42
retrieval_random,bm25,49,100,relaxed_ge1,0.03,-0.16,0.44,45,23,4,41,19
retrieval_random,bm25,50,100,relaxed_ge1,-0.11,-0.32,0.27,41,24,3,38,21
splade,bm25,1,20,strict_eq2,0,-0.15,0.2,4,3,0,4,3
splade,bm25,2,20,strict_eq2,0,-0.05,0.45,9,1,0,9,1
splade,bm25,3,20,strict_eq2,0.5,0.4,0.65,3,2,0,3,2
splade,bm25,4,20,strict_eq2,0.2,0.2,0.8,12,0,0,12,0
splade,bm25,5,20,strict_eq2,0,0,0.15,5,2,2,3,0
splade,bm25,6,20,strict_eq2,0.15,0.1,0.2,1,1,0,1,1
splade,bm25,7,20,strict_eq2,0.2,0.2,0.2,0,0,0,0,0
splade,bm25,8,20,strict_eq2,-0.1,-0.3,0.25,8,5,1,7,4
splade,bm25,9,20,strict_eq2,0.3,0.3,0.35,1,0,0,1,0
splade,bm25,10,20,strict_eq2,0.2,0.2,0.2,0,0,0,0,0
splade,bm25,11,20,strict_eq2,0,-0.1,0.3,6,2,0,6,2
splade,bm25,12,20,strict_eq2,0.05,-0.15,0.2,3,4,0,3,4
splade,bm25,13,20,strict_eq2,0.3,0.25,0.4,2,1,0,2,1
splade,bm25,14,20,strict_eq2,-0.05,-0.05,0.2,5,0,0,5,0
splade,bm25,15,20,strict_eq2,0.1,-0.2,0.45,7,6,0,7,6
splade,bm25,16,20,strict_eq2,0.3,0.15,0.35,1,3,0,1,3
splade,bm25,17,20,strict_eq2,0.4,0.35,0.4,1,2,1,0,1
splade,bm25,18,20,strict_eq2,0.2,0.2,0.25,1,0,0,1,0
splade,bm25,19,20,strict_eq2,-0.05,-0.05,0,1,0,0,1,0
splade,bm25,20,20,strict_eq2,0.15,0.05,0.15,0,2,0,0,2
splade,bm25,21,20,strict_eq2,0.3,0.2,0.45,3,2,0,3,2
splade,bm25,22,20,strict_eq2,0.15,-0.05,0.2,1,4,0,1,4
splade,bm25,23,20,strict_eq2,-0.15,-0.2,0,3,1,0,3,1
splade,bm25,24,20,strict_eq2,0.2,0.1,0.2,0,2,0,0,2
splade,bm25,25,20,strict_eq2,0.6,0.35,0.65,1,5,0,1,5
splade,bm25,26,20,strict_eq2,-0.15,-0.3,0.35,10,3,0,10,3
splade,bm25,27,20,strict_eq2,0,-0.1,0,0,2,0,0,2
splade,bm25,28,20,strict_eq2,0.1,0.1,0.1,0,0,0,0,0
splade,bm25,29,20,strict_eq2,-0.2,-0.2,-0.2,0,0,0,0,0
splade,bm25,30,20,strict_eq2,-0.05,-0.05,-0.05,0,0,0,0,0
splade,bm25,31,20,strict_eq2,0.2,0.15,0.2,0,1,0,0,1
splade,bm25,32,20,strict_eq2,0.1,0.1,0.35,5,0,0,5,0
splade,bm25,33,20,strict_eq2,0.35,0.35,0.4,1,0,0,1,0
splade,bm25,34,20,strict_eq2,0.15,-0.15,0.15,0,6,0,0,6
splade,bm25,35,20,strict_eq2,0.25,0.25,0.25,0,0,0,0,0
splade,bm25,36,20,strict_eq2,-0.1,-0.1,0,2,0,0,2,0
splade,bm25,37,20,strict_eq2,0.3,0.3,0.3,0,0,0,0,0
splade,bm25,38,20,strict_eq2,0.15,0.15,0.25,2,0,0,2,0
splade,bm25,39,20,strict_eq2,-0.05,-0.05,-0.05,0,0,0,0,0
splade,bm25,40,20,strict_eq2,-0.05,-0.05,-0.05,0,0,0,0,0
splade,bm25,41,20,strict_eq2,-0.2,-0.2,-0.1,2,0,0,2,0
splade,bm25,42,20,strict_eq2,0.35,0.35,0.35,0,0,0,0,0
splade,bm25,43,20,strict_eq2,-0.25,-0.25,-0.1,3,0,0,3,0
splade,bm25,44,20,strict_eq2,0.05,0,0.05,0,1,0,0,1
splade,bm25,45,20,strict_eq2,0.15,0.1,0.15,0,1,0,0,1
splade,bm25,46,20,strict_eq2,0.25,0.25,0.25,0,0,0,0,0
splade,bm25,47,20,strict_eq2,0.25,-0.05,0.25,0,6,0,0,6
splade,bm25,48,20,strict_eq2,-0.05,-0.2,0,1,3,0,1,3
splade,bm25,49,20,strict_eq2,0.3,0.25,0.3,0,1,0,0,1
splade,bm25,50,20,strict_eq2,-0.15,-0.15,0.05,4,0,0,4,0
splade,bm25,1,20,relaxed_ge1,0.1,-0.05,0.3,4,3,0,4,3
splade,bm25,2,20,relaxed_ge1,0.05,0,0.5,9,1,0,9,1
splade,bm25,3,20,relaxed_ge1,0.45,0.35,0.6,3,2,0,3,2
splade,bm25,4,20,relaxed_ge1,0.15,0.15,0.75,12,0,0,12,0
splade,bm25,5,20,relaxed_ge1,-0.1,-0.1,0.05,5,2,2,3,0
splade,bm25,6,20,relaxed_ge1,0.05,0,0.1,1,1,0,1,1
splade,bm25,7,20,relaxed_ge1,0.15,0.15,0.15,0,0,0,0,0
splade,bm25,8,20,relaxed_ge1,-0.1,-0.3,0.25,8,5,1,7,4
splade,bm25,9,20,relaxed_ge1,0.35,0.35,0.4,1,0,0,1,0
splade,bm25,10,20,relaxed_ge1,0.05,0.05,0.05,0,0,0,0,0
splade,bm25,11,20,relaxed_ge1,0,-0.1,0.3,6,2,0,6,2
splade,bm25,12,20,relaxed_ge1,-0.1,-0.3,0.05,3,4,0,3,4
splade,bm25,13,20,relaxed_ge1,0.05,0,0.15,2,1,0,2,1
splade,bm25,14,20,relaxed_ge1,-0.25,-0.25,0,5,0,0,5,0
splade,bm25,15,20,relaxed_ge1,0.1,-0.2,0.45,7,6,0,7,6
splade,bm25,16,20,relaxed_ge1,0.55,0.4,0.6,1,3,0,1,3
splade,bm25,17,20,relaxed_ge1,0.3,0.25,0.3,1,2,1,0,1
splade,bm25,18,20,relaxed_ge1,0.2,0.2,0.25,1,0,0,1,0
splade,bm25,19,20,relaxed_ge1,-0.25,-0.25,-0.2,1,0,0,1,0
splade,bm25,20,20,relaxed_ge1,0.15,0.05,0.15,0,2,0,0,2
splade,bm25,21,20,relaxed_ge1,0.25,0.15,0.4,3,2,0,3,2
splade,bm25,22,20,relaxed_ge1,0.15,-0.05,0.2,1,4,0,1,4
splade,bm25,23,20,relaxed_ge1,-0.1,-0.15,0.05,3,1,0,3,1
splade,bm25,24,20,relaxed_ge1,0.15,0.05,0.15,0,2,0,0,2
splade,bm25,25,20,relaxed_ge1,0.7,0.45,0.75,1,5,0,1,5
splade,bm25,26,20,relaxed_ge1,-0.15,-0.3,0.35,10,3,0,10,3
splade,bm25,27,20,relaxed_ge1,0.15,0.05,0.15,0,2,0,0,2
splade,bm25,28,20,relaxed_ge1,0.05,0.05,0.05,0,0,0,0,0
splade,bm25,29,20,relaxed_ge1,-0.2,-0.2,-0.2,0,0,0,0,0
splade,bm25,30,20,relaxed_ge1,0,0,0,0,0,0,0,0
splade,bm25,31,20,relaxed_ge1,0.4,0.35,0.4,0,1,0,0,1
splade,bm25,32,20,relaxed_ge1,0,0,0.25,5,0,0,5,0
splade,bm25,33,20,relaxed_ge1,0.15,0.15,0.2,1,0,0,1,0
splade,bm25,34,20,relaxed_ge1,0.25,-0.05,0.25,0,6,0,0,6
splade,bm25,35,20,relaxed_ge1,0.25,0.25,0.25,0,0,0,0,0
splade,bm25,36,20,relaxed_ge1,-0.1,-0.1,0,2,0,0,2,0
splade,bm25,37,20,relaxed_ge1,0.1,0.1,0.1,0,0,0,0,0
splade,bm25,38,20,relaxed_ge1,0.3,0.3,0.4,2,0,0,2,0
splade,bm25,39,20,relaxed_ge1,0,0,0,0,0,0,0,0
splade,bm25,40,20,relaxed_ge1,0,0,0,0,0,0,0,0
splade,bm25,41,20,relaxed_ge1,-0.1,-0.1,0,2,0,0,2,0
splade,bm25,42,20,relaxed_ge1,0.25,0.25,0.25,0,0,0,0,0
splade,bm25,43,20,relaxed_ge1,-0.25,-0.25,-0.1,3,0,0,3,0
splade,bm25,44,20,relaxed_ge1,0.05,0,0.05,0,1,0,0,1
splade,bm25,45,20,relaxed_ge1,0.1,0.05,0.1,0,1,0,0,1
splade,bm25,46,20,relaxed_ge1,0.1,0.1,0.1,0,0,0,0,0
splade,bm25,47,20,relaxed_ge1,0.4,0.1,0.4,0,6,0,0,6
splade,bm25,48,20,relaxed_ge1,0.15,0,0.2,1,3,0,1,3
splade,bm25,49,20,relaxed_ge1,0.35,0.3,0.35,0,1,0,0,1
splade,bm25,50,20,relaxed_ge1,-0.4,-0.4,-0.2,4,0,0,4,0
splade,bm25,1,100,strict_eq2,-0.04,-0.5,0.4,44,46,0,44,46
splade,bm25,2,100,strict_eq2,-0.02,-0.24,0.48,50,22,0,50,22
splade,bm25,3,100,strict_eq2,0.18,-0.02,0.39,23,22,2,21,20
splade,bm25,4,100,strict_eq2,-0.03,-0.33,0.62,66,31,1,65,30
splade,bm25,5,100,strict_eq2,0,-0.24,0.33,38,29,5,33,24
splade,bm25,6,100,strict_eq2,0.29,-0.03,0.43,15,33,1,14,32
splade,bm25,7,100,strict_eq2,0.18,0.07,0.24,7,12,1,6,11
splade,bm25,8,100,strict_eq2,-0.01,-0.37,0.46,50,39,3,47,36
splade,bm25,9,100,strict_eq2,0.1,-0.02,0.27,17,12,0,17,12
splade,bm25,10,100,strict_eq2,0.11,0,0.3,19,11,0,19,11
splade,bm25,11,100,strict_eq2,-0.04,-0.17,0.29,35,15,2,33,13
splade,bm25,12,100,strict_eq2,0.03,-0.18,0.31,29,22,1,28,21
splade,bm25,13,100,strict_eq2,0.05,-0.13,0.2,20,23,5,15,18
splade,bm25,14,100,strict_eq2,-0.18,-0.22,0.37,55,4,0,55,4
splade,bm25,15,100,strict_eq2,0.04,-0.47,0.71,67,51,0,67,51
splade,bm25,16,100,strict_eq2,0.22,-0.15,0.59,38,38,1,37,37
splade,bm25,17,100,strict_eq2,0.05,-0.15,0.22,19,22,2,17,20
splade,bm25,18,100,strict_eq2,0.1,0.01,0.18,11,12,3,8,9
splade,bm25,19,100,strict_eq2,-0.04,-0.19,0.29,35,17,2,33,15
splade,bm25,20,100,strict_eq2,0.29,0.19,0.38,9,10,0,9,10
splade,bm25,21,100,strict_eq2,0.08,-0.12,0.33,26,21,1,25,20
splade,bm25,22,100,strict_eq2,0.15,-0.11,0.35,21,27,1,20,26
splade,bm25,23,100,strict_eq2,-0.15,-0.45,0.3,47,32,2,45,30
splade,bm25,24,100,strict_eq2,0.04,-0.11,0.24,21,16,1,20,15
splade,bm25,25,100,strict_eq2,0.28,0.02,0.5,30,34,8,22,26
splade,bm25,26,100,strict_eq2,0.07,-0.26,0.44,42,38,5,37,33
splade,bm25,27,100,strict_eq2,0.01,-0.07,0.19,20,10,2,18,8
splade,bm25,28,100,strict_eq2,0.13,-0.03,0.26,13,16,0,13,16
splade,bm25,29,100,strict_eq2,-0.03,-0.07,0.05,8,4,0,8,4
splade,bm25,30,100,strict_eq2,0.01,-0.04,0.14,14,6,1,13,5
splade,bm25,31,100,strict_eq2,0.08,0.06,0.33,25,2,0,25,2
splade,bm25,32,100,strict_eq2,0.07,-0.15,0.61,54,22,0,54,22
splade,bm25,33,100,strict_eq2,0.08,-0.08,0.43,35,16,0,35,16
splade,bm25,34,100,strict_eq2,0.11,-0.39,0.38,28,51,1,27,50
splade,bm25,35,100,strict_eq2,0.05,-0.11,0.22,17,16,0,17,16
splade,bm25,36,100,strict_eq2,-0.02,-0.04,0.05,7,2,0,7,2
splade,bm25,37,100,strict_eq2,0.01,0,0.02,1,1,0,1,1
splade,bm25,38,100,strict_eq2,0.3,0.15,0.38,8,15,0,8,15
splade,bm25,39,100,strict_eq2,0,0,0.09,9,0,0,9,0
splade,bm25,40,100,strict_eq2,0.07,0.06,0.08,1,1,0,1,1
splade,bm25,41,100,strict_eq2,-0.2,-0.23,0.11,31,3,0,31,3
splade,bm25,42,100,strict_eq2,0.18,0.13,0.21,3,5,0,3,5
splade,bm25,43,100,strict_eq2,-0.51,-0.51,0.05,57,1,1,56,0
splade,bm25,44,100,strict_eq2,0.06,-0.05,0.14,9,12,1,8,11
splade,bm25,45,100,strict_eq2,0.26,0.16,0.29,3,10,0,3,10
splade,bm25,46,100,strict_eq2,-0.07,-0.2,0.34,41,13,0,41,13
splade,bm25,47,100,strict_eq2,0.19,-0.19,0.35,18,40,2,16,38
splade,bm25,48,100,strict_eq2,0.2,-0.24,0.43,27,48,4,23,44
splade,bm25,49,100,strict_eq2,0.29,0.06,0.45,16,23,0,16,23
splade,bm25,50,100,strict_eq2,0.01,-0.23,0.4,39,24,0,39,24
splade,bm25,1,100,relaxed_ge1,-0.02,-0.48,0.42,44,46,0,44,46
splade,bm25,2,100,relaxed_ge1,-0.06,-0.28,0.44,50,22,0,50,22
splade,bm25,3,100,relaxed_ge1,0.2,0,0.41,23,22,2,21,20
splade,bm25,4,100,relaxed_ge1,-0.01,-0.31,0.64,66,31,1,65,30
splade,bm25,5,100,relaxed_ge1,-0.07,-0.31,0.26,38,29,5,33,24
splade,bm25,6,100,relaxed_ge1,0.21,-0.11,0.35,15,33,1,14,32
splade,bm25,7,100,relaxed_ge1,0.16,0.05,0.22,7,12,1,6,11
splade,bm25,8,100,relaxed_ge1,0,-0.36,0.47,50,39,3,47,36
splade,bm25,9,100,relaxed_ge1,0.09,-0.03,0.26,17,12,0,17,12
splade,bm25,10,100,relaxed_ge1,0,-0.11,0.19,19,11,0,19,11
splade,bm25,11,100,relaxed_ge1,-0.07,-0.2,0.26,35,15,2,33,13
splade,bm25,12,100,relaxed_ge1,-0.1,-0.31,0.18,29,22,1,28,21
splade,bm25,13,100,relaxed_ge1,0.1,-0.08,0.25,20,23,5,15,18
splade,bm25,14,100,relaxed_ge1,-0.42,-0.46,0.13,55,4,0,55,4
splade,bm25,15,100,relaxed_ge1,0.07,-0.44,0.74,67,51,0,67,51
splade,bm25,16,100,relaxed_ge1,0.31,-0.06,0.68,38,38,1,37,37
splade,bm25,17,100,relaxed_ge1,0.07,-0.13,0.24,19,22,2,17,20
splade,bm25,18,100,relaxed_ge1,0.04,-0.05,0.12,11,12,3,8,9
splade,bm25,19,100,relaxed_ge1,-0.11,-0.26,0.22,35,17,2,33,15
splade,bm25,20,100,relaxed_ge1,0.2,0.1,0.29,9,10,0,9,10
splade,bm25,21,100,relaxed_ge1,0.1,-0.1,0.35,26,21,1,25,20
splade,bm25,22,100,relaxed_ge1,0.14,-0.12,0.34,21,27,1,20,26
splade,bm25,23,100,relaxed_ge1,-0.17,-0.47,0.28,47,32,2,45,30
splade,bm25,24,100,relaxed_ge1,0.03,-0.12,0.23,21,16,1,20,15
splade,bm25,25,100,relaxed_ge1,0.33,0.07,0.55,30,34,8,22,26
splade,bm25,26,100,relaxed_ge1,0.1,-0.23,0.47,42,38,5,37,33
splade,bm25,27,100,relaxed_ge1,-0.08,-0.16,0.1,20,10,2,18,8
splade,bm25,28,100,relaxed_ge1,0.11,-0.05,0.24,13,16,0,13,16
splade,bm25,29,100,relaxed_ge1,-0.05,-0.09,0.03,8,4,0,8,4
splade,bm25,30,100,relaxed_ge1,-0.05,-0.1,0.08,14,6,1,13,5
splade,bm25,31,100,relaxed_ge1,0.17,0.15,0.42,25,2,0,25,2
splade,bm25,32,100,relaxed_ge1,0.07,-0.15,0.61,54,22,0,54,22
splade,bm25,33,100,relaxed_ge1,0.05,-0.11,0.4,35,16,0,35,16
splade,bm25,34,100,relaxed_ge1,0.15,-0.35,0.42,28,51,1,27,50
splade,bm25,35,100,relaxed_ge1,0.06,-0.1,0.23,17,16,0,17,16
splade,bm25,36,100,relaxed_ge1,-0.05,-0.07,0.02,7,2,0,7,2
splade,bm25,37,100,relaxed_ge1,0.02,0.01,0.03,1,1,0,1,1
splade,bm25,38,100,relaxed_ge1,0.34,0.19,0.42,8,15,0,8,15
splade,bm25,39,100,relaxed_ge1,-0.09,-0.09,0,9,0,0,9,0
splade,bm25,40,100,relaxed_ge1,0.01,0,0.02,1,1,0,1,1
splade,bm25,41,100,relaxed_ge1,-0.22,-0.25,0.09,31,3,0,31,3
splade,bm25,42,100,relaxed_ge1,0.2,0.15,0.23,3,5,0,3,5
splade,bm25,43,100,relaxed_ge1,-0.52,-0.52,0.04,57,1,1,56,0
splade,bm25,44,100,relaxed_ge1,0.07,-0.04,0.15,9,12,1,8,11
splade,bm25,45,100,relaxed_ge1,0.09,-0.01,0.12,3,10,0,3,10
splade,bm25,46,100,relaxed_ge1,-0.04,-0.17,0.37,41,13,0,41,13
splade,bm25,47,100,relaxed_ge1,0.26,-0.12,0.42,18,40,2,16,38
splade,bm25,48,100,relaxed_ge1,0.2,-0.24,0.43,27,48,4,23,44
splade,bm25,49,100,relaxed_ge1,0.37,0.14,0.53,16,23,0,16,23
splade,bm25,50,100,relaxed_ge1,-0.08,-0.32,0.31,39,24,0,39,24
bge,bm25,1,20,strict_eq2,0.1,0.05,0.2,4,3,2,2,1
bge,bm25,2,20,strict_eq2,0.45,0.4,0.55,2,1,0,2,1
bge,bm25,3,20,strict_eq2,0.45,0.35,0.55,2,2,0,2,2
bge,bm25,4,20,strict_eq2,0.35,0.35,0.55,4,0,0,4,0
bge,bm25,5,20,strict_eq2,0,-0.1,0.3,6,2,0,6,2
bge,bm25,6,20,strict_eq2,0.15,0.1,0.25,2,1,0,2,1
bge,bm25,7,20,strict_eq2,-0.1,-0.1,0.1,4,0,0,4,0
bge,bm25,8,20,strict_eq2,0.25,0.1,0.35,4,5,2,2,3
bge,bm25,9,20,strict_eq2,0.25,0.25,0.3,1,0,0,1,0
bge,bm25,10,20,strict_eq2,0.15,0.15,0.15,0,0,0,0,0
bge,bm25,11,20,strict_eq2,-0.1,-0.2,0.15,5,2,0,5,2
bge,bm25,12,20,strict_eq2,-0.05,-0.25,0.5,11,4,0,11,4
bge,bm25,13,20,strict_eq2,0.25,0.2,0.3,1,1,0,1,1
bge,bm25,14,20,strict_eq2,0.2,0.2,0.35,3,0,0,3,0
bge,bm25,15,20,strict_eq2,0.4,0.1,0.5,2,6,0,2,6
bge,bm25,16,20,strict_eq2,0.45,0.3,0.55,2,3,0,2,3
bge,bm25,17,20,strict_eq2,0.4,0.3,0.4,0,2,0,0,2
bge,bm25,18,20,strict_eq2,0.25,0.25,0.3,1,0,0,1,0
bge,bm25,19,20,strict_eq2,0.1,0.1,0.25,3,0,0,3,0
bge,bm25,20,20,strict_eq2,0.15,0.05,0.15,0,2,0,0,2
bge,bm25,21,20,strict_eq2,0.05,-0.05,0.45,8,2,0,8,2
bge,bm25,22,20,strict_eq2,0.2,0,0.3,2,4,0,2,4
bge,bm25,23,20,strict_eq2,-0.15,-0.2,-0.05,2,1,0,2,1
bge,bm25,24,20,strict_eq2,0.25,0.15,0.25,0,2,0,0,2
bge,bm25,25,20,strict_eq2,0.75,0.5,0.75,0,5,0,0,5
bge,bm25,26,20,strict_eq2,0,-0.15,0.35,7,3,0,7,3
bge,bm25,27,20,strict_eq2,0.05,-0.05,0.05,0,2,0,0,2
bge,bm25,28,20,strict_eq2,-0.05,-0.05,0.15,4,0,0,4,0
bge,bm25,29,20,strict_eq2,0,0,0.1,2,0,0,2,0
bge,bm25,30,20,strict_eq2,0.05,0.05,0.05,0,0,0,0,0
bge,bm25,31,20,strict_eq2,0.3,0.25,0.55,5,1,0,5,1
bge,bm25,32,20,strict_eq2,0.2,0.2,0.5,6,0,0,6,0
bge,bm25,33,20,strict_eq2,0,0,0.35,7,0,0,7,0
bge,bm25,34,20,strict_eq2,0.2,-0.1,0.35,3,6,0,3,6
bge,bm25,35,20,strict_eq2,0.3,0.3,0.3,0,0,0,0,0
bge,bm25,36,20,strict_eq2,0.05,0.05,0.05,0,0,0,0,0
bge,bm25,37,20,strict_eq2,-0.1,-0.1,0.05,3,0,0,3,0
bge,bm25,38,20,strict_eq2,0.2,0.2,0.35,3,0,0,3,0
bge,bm25,39,20,strict_eq2,0.05,0.05,0.05,0,0,0,0,0
bge,bm25,40,20,strict_eq2,-0.05,-0.05,-0.05,0,0,0,0,0
bge,bm25,41,20,strict_eq2,0.05,0.05,0.05,0,0,0,0,0
bge,bm25,42,20,strict_eq2,0.35,0.35,0.35,0,0,0,0,0
bge,bm25,43,20,strict_eq2,0.1,0.1,0.1,0,0,0,0,0
bge,bm25,44,20,strict_eq2,0.25,0.2,0.25,0,1,0,0,1
bge,bm25,45,20,strict_eq2,0.1,0.05,0.1,0,1,0,0,1
bge,bm25,46,20,strict_eq2,0.45,0.45,0.45,0,0,0,0,0
bge,bm25,47,20,strict_eq2,0.7,0.4,0.7,0,6,0,0,6
bge,bm25,48,20,strict_eq2,0.2,0.05,0.2,0,3,0,0,3
bge,bm25,49,20,strict_eq2,0.4,0.35,0.75,7,1,0,7,1
bge,bm25,50,20,strict_eq2,0.05,0.05,0.15,2,0,0,2,0
bge,bm25,1,20,relaxed_ge1,-0.05,-0.1,0.05,4,3,2,2,1
bge,bm25,2,20,relaxed_ge1,0.5,0.45,0.6,2,1,0,2,1
bge,bm25,3,20,relaxed_ge1,0.55,0.45,0.65,2,2,0,2,2
bge,bm25,4,20,relaxed_ge1,0.55,0.55,0.75,4,0,0,4,0
bge,bm25,5,20,relaxed_ge1,-0.35,-0.45,-0.05,6,2,0,6,2
bge,bm25,6,20,relaxed_ge1,0.05,0,0.15,2,1,0,2,1
bge,bm25,7,20,relaxed_ge1,-0.1,-0.1,0.1,4,0,0,4,0
bge,bm25,8,20,relaxed_ge1,0.2,0.05,0.3,4,5,2,2,3
bge,bm25,9,20,relaxed_ge1,0.2,0.2,0.25,1,0,0,1,0
bge,bm25,10,20,relaxed_ge1,0,0,0,0,0,0,0,0
bge,bm25,11,20,relaxed_ge1,-0.1,-0.2,0.15,5,2,0,5,2
bge,bm25,12,20,relaxed_ge1,-0.2,-0.4,0.35,11,4,0,11,4
bge,bm25,13,20,relaxed_ge1,0.1,0.05,0.15,1,1,0,1,1
bge,bm25,14,20,relaxed_ge1,0.05,0.05,0.2,3,0,0,3,0
bge,bm25,15,20,relaxed_ge1,0.6,0.3,0.7,2,6,0,2,6
bge,bm25,16,20,relaxed_ge1,0.6,0.45,0.7,2,3,0,2,3
bge,bm25,17,20,relaxed_ge1,0.4,0.3,0.4,0,2,0,0,2
bge,bm25,18,20,relaxed_ge1,0.15,0.15,0.2,1,0,0,1,0
bge,bm25,19,20,relaxed_ge1,-0.1,-0.1,0.05,3,0,0,3,0
bge,bm25,20,20,relaxed_ge1,0.15,0.05,0.15,0,2,0,0,2
bge,bm25,21,20,relaxed_ge1,-0.05,-0.15,0.35,8,2,0,8,2
bge,bm25,22,20,relaxed_ge1,0.1,-0.1,0.2,2,4,0,2,4
bge,bm25,23,20,relaxed_ge1,0.05,0,0.15,2,1,0,2,1
bge,bm25,24,20,relaxed_ge1,0.25,0.15,0.25,0,2,0,0,2
bge,bm25,25,20,relaxed_ge1,0.8,0.55,0.8,0,5,0,0,5
bge,bm25,26,20,relaxed_ge1,0,-0.15,0.35,7,3,0,7,3
bge,bm25,27,20,relaxed_ge1,0.15,0.05,0.15,0,2,0,0,2
bge,bm25,28,20,relaxed_ge1,-0.1,-0.1,0.1,4,0,0,4,0
bge,bm25,29,20,relaxed_ge1,-0.05,-0.05,0.05,2,0,0,2,0
bge,bm25,30,20,relaxed_ge1,0,0,0,0,0,0,0,0
bge,bm25,31,20,relaxed_ge1,0.3,0.25,0.55,5,1,0,5,1
bge,bm25,32,20,relaxed_ge1,0.1,0.1,0.4,6,0,0,6,0
bge,bm25,33,20,relaxed_ge1,-0.15,-0.15,0.2,7,0,0,7,0
bge,bm25,34,20,relaxed_ge1,0.25,-0.05,0.4,3,6,0,3,6
bge,bm25,35,20,relaxed_ge1,0.5,0.5,0.5,0,0,0,0,0
bge,bm25,36,20,relaxed_ge1,0,0,0,0,0,0,0,0
bge,bm25,37,20,relaxed_ge1,-0.2,-0.2,-0.05,3,0,0,3,0
bge,bm25,38,20,relaxed_ge1,0.25,0.25,0.4,3,0,0,3,0
bge,bm25,39,20,relaxed_ge1,0,0,0,0,0,0,0,0
bge,bm25,40,20,relaxed_ge1,0,0,0,0,0,0,0,0
bge,bm25,41,20,relaxed_ge1,0.15,0.15,0.15,0,0,0,0,0
bge,bm25,42,20,relaxed_ge1,0.25,0.25,0.25,0,0,0,0,0
bge,bm25,43,20,relaxed_ge1,0.1,0.1,0.1,0,0,0,0,0
bge,bm25,44,20,relaxed_ge1,0.1,0.05,0.1,0,1,0,0,1
bge,bm25,45,20,relaxed_ge1,0,-0.05,0,0,1,0,0,1
bge,bm25,46,20,relaxed_ge1,0.25,0.25,0.25,0,0,0,0,0
bge,bm25,47,20,relaxed_ge1,0.6,0.3,0.6,0,6,0,0,6
bge,bm25,48,20,relaxed_ge1,0.2,0.05,0.2,0,3,0,0,3
bge,bm25,49,20,relaxed_ge1,0.3,0.25,0.65,7,1,0,7,1
bge,bm25,50,20,relaxed_ge1,-0.25,-0.25,-0.15,2,0,0,2,0
bge,bm25,1,100,strict_eq2,-0.01,-0.44,0.43,47,46,3,44,43
bge,bm25,2,100,strict_eq2,0.29,0.07,0.51,22,22,0,22,22
bge,bm25,3,100,strict_eq2,0.2,-0.02,0.52,32,22,0,32,22
bge,bm25,4,100,strict_eq2,0.15,-0.14,0.49,36,31,2,34,29
bge,bm25,5,100,strict_eq2,0.05,-0.21,0.35,33,29,3,30,26
bge,bm25,6,100,strict_eq2,0.19,-0.14,0.39,20,33,0,20,33
bge,bm25,7,100,strict_eq2,0.02,-0.1,0.2,18,12,0,18,12
bge,bm25,8,100,strict_eq2,0.17,-0.17,0.55,43,39,5,38,34
bge,bm25,9,100,strict_eq2,0,-0.12,0.45,45,12,0,45,12
bge,bm25,10,100,strict_eq2,0.1,0,0.17,8,11,1,7,10
bge,bm25,11,100,strict_eq2,-0.05,-0.18,0.38,45,15,2,43,13
bge,bm25,12,100,strict_eq2,0.03,-0.18,0.6,58,22,1,57,21
bge,bm25,13,100,strict_eq2,0.08,-0.12,0.37,32,23,3,29,20
bge,bm25,14,100,strict_eq2,-0.1,-0.14,0.49,59,4,0,59,4
bge,bm25,15,100,strict_eq2,0.19,-0.3,0.6,43,51,2,41,49
bge,bm25,16,100,strict_eq2,0.32,-0.05,0.5,19,38,1,18,37
bge,bm25,17,100,strict_eq2,0.13,-0.06,0.34,24,22,3,21,19
bge,bm25,18,100,strict_eq2,0.11,-0.01,0.27,16,12,0,16,12
bge,bm25,19,100,strict_eq2,0.02,-0.15,0.41,39,17,0,39,17
bge,bm25,20,100,strict_eq2,0.3,0.2,0.39,9,10,0,9,10
bge,bm25,21,100,strict_eq2,-0.02,-0.21,0.3,34,21,2,32,19
bge,bm25,22,100,strict_eq2,0.17,-0.08,0.42,27,27,2,25,25
bge,bm25,23,100,strict_eq2,0.02,-0.28,0.29,29,32,2,27,30
bge,bm25,24,100,strict_eq2,0.17,0.02,0.3,14,16,1,13,15
bge,bm25,25,100,strict_eq2,0.53,0.19,0.76,23,34,0,23,34
bge,bm25,26,100,strict_eq2,0.07,-0.26,0.48,46,38,5,41,33
bge,bm25,27,100,strict_eq2,0.14,0.06,0.25,13,10,2,11,8
bge,bm25,28,100,strict_eq2,0.09,-0.03,0.22,17,16,4,13,12
bge,bm25,29,100,strict_eq2,-0.1,-0.14,0.2,30,4,0,30,4
bge,bm25,30,100,strict_eq2,0.01,-0.04,0.18,18,6,1,17,5
bge,bm25,31,100,strict_eq2,0.16,0.14,0.56,40,2,0,40,2
bge,bm25,32,100,strict_eq2,0.12,-0.06,0.6,52,22,4,48,18
bge,bm25,33,100,strict_eq2,-0.14,-0.3,0.4,54,16,0,54,16
bge,bm25,34,100,strict_eq2,0.11,-0.4,0.6,49,51,0,49,51
bge,bm25,35,100,strict_eq2,0.11,-0.05,0.33,22,16,0,22,16
bge,bm25,36,100,strict_eq2,0,-0.02,0.05,5,2,0,5,2
bge,bm25,37,100,strict_eq2,-0.07,-0.07,0.05,13,1,1,12,0
bge,bm25,38,100,strict_eq2,0.21,0.07,0.47,27,15,1,26,14
bge,bm25,39,100,strict_eq2,0.12,0.12,0.18,6,0,0,6,0
bge,bm25,40,100,strict_eq2,-0.02,-0.03,0.04,6,1,0,6,1
bge,bm25,41,100,strict_eq2,0.17,0.14,0.24,7,3,0,7,3
bge,bm25,42,100,strict_eq2,0.32,0.27,0.33,1,5,0,1,5
bge,bm25,43,100,strict_eq2,-0.24,-0.25,0.06,30,1,0,30,1
bge,bm25,44,100,strict_eq2,0.17,0.05,0.28,11,12,0,11,12
bge,bm25,45,100,strict_eq2,0.16,0.07,0.26,11,10,1,10,9
bge,bm25,46,100,strict_eq2,0.04,-0.09,0.42,38,13,0,38,13
bge,bm25,47,100,strict_eq2,0.22,-0.18,0.47,25,40,0,25,40
bge,bm25,48,100,strict_eq2,0.2,-0.24,0.52,36,48,4,32,44
bge,bm25,49,100,strict_eq2,0.3,0.07,0.63,33,23,0,33,23
bge,bm25,50,100,strict_eq2,0.03,-0.21,0.32,29,24,0,29,24
bge,bm25,1,100,relaxed_ge1,0.04,-0.39,0.48,47,46,3,44,43
bge,bm25,2,100,relaxed_ge1,0.26,0.04,0.48,22,22,0,22,22
bge,bm25,3,100,relaxed_ge1,0.14,-0.08,0.46,32,22,0,32,22
bge,bm25,4,100,relaxed_ge1,0.31,0.02,0.65,36,31,2,34,29
bge,bm25,5,100,relaxed_ge1,0.01,-0.25,0.31,33,29,3,30,26
bge,bm25,6,100,relaxed_ge1,0.17,-0.16,0.37,20,33,0,20,33
bge,bm25,7,100,relaxed_ge1,-0.01,-0.13,0.17,18,12,0,18,12
bge,bm25,8,100,relaxed_ge1,0.12,-0.22,0.5,43,39,5,38,34
bge,bm25,9,100,relaxed_ge1,-0.06,-0.18,0.39,45,12,0,45,12
bge,bm25,10,100,relaxed_ge1,0.04,-0.06,0.11,8,11,1,7,10
bge,bm25,11,100,relaxed_ge1,-0.08,-0.21,0.35,45,15,2,43,13
bge,bm25,12,100,relaxed_ge1,-0.17,-0.38,0.4,58,22,1,57,21
bge,bm25,13,100,relaxed_ge1,0.03,-0.17,0.32,32,23,3,29,20
bge,bm25,14,100,relaxed_ge1,-0.33,-0.37,0.26,59,4,0,59,4
bge,bm25,15,100,relaxed_ge1,0.36,-0.13,0.77,43,51,2,41,49
bge,bm25,16,100,relaxed_ge1,0.42,0.05,0.6,19,38,1,18,37
bge,bm25,17,100,relaxed_ge1,0.12,-0.07,0.33,24,22,3,21,19
bge,bm25,18,100,relaxed_ge1,0.03,-0.09,0.19,16,12,0,16,12
bge,bm25,19,100,relaxed_ge1,-0.06,-0.23,0.33,39,17,0,39,17
bge,bm25,20,100,relaxed_ge1,0.2,0.1,0.29,9,10,0,9,10
bge,bm25,21,100,relaxed_ge1,-0.04,-0.23,0.28,34,21,2,32,19
bge,bm25,22,100,relaxed_ge1,0.08,-0.17,0.33,27,27,2,25,25
bge,bm25,23,100,relaxed_ge1,0.05,-0.25,0.32,29,32,2,27,30
bge,bm25,24,100,relaxed_ge1,0.15,0,0.28,14,16,1,13,15
bge,bm25,25,100,relaxed_ge1,0.56,0.22,0.79,23,34,0,23,34
bge,bm25,26,100,relaxed_ge1,0.04,-0.29,0.45,46,38,5,41,33
bge,bm25,27,100,relaxed_ge1,-0.01,-0.09,0.1,13,10,2,11,8
bge,bm25,28,100,relaxed_ge1,0.06,-0.06,0.19,17,16,4,13,12
bge,bm25,29,100,relaxed_ge1,-0.12,-0.16,0.18,30,4,0,30,4
bge,bm25,30,100,relaxed_ge1,-0.1,-0.15,0.07,18,6,1,17,5
bge,bm25,31,100,relaxed_ge1,0.2,0.18,0.6,40,2,0,40,2
bge,bm25,32,100,relaxed_ge1,0.17,-0.01,0.65,52,22,4,48,18
bge,bm25,33,100,relaxed_ge1,-0.11,-0.27,0.43,54,16,0,54,16
bge,bm25,34,100,relaxed_ge1,0.12,-0.39,0.61,49,51,0,49,51
bge,bm25,35,100,relaxed_ge1,0.14,-0.02,0.36,22,16,0,22,16
bge,bm25,36,100,relaxed_ge1,0,-0.02,0.05,5,2,0,5,2
bge,bm25,37,100,relaxed_ge1,-0.12,-0.12,0,13,1,1,12,0
bge,bm25,38,100,relaxed_ge1,0.16,0.02,0.42,27,15,1,26,14
bge,bm25,39,100,relaxed_ge1,-0.03,-0.03,0.03,6,0,0,6,0
bge,bm25,40,100,relaxed_ge1,-0.06,-0.07,0,6,1,0,6,1
bge,bm25,41,100,relaxed_ge1,0.19,0.16,0.26,7,3,0,7,3
bge,bm25,42,100,relaxed_ge1,0.28,0.23,0.29,1,5,0,1,5
bge,bm25,43,100,relaxed_ge1,-0.22,-0.23,0.08,30,1,0,30,1
bge,bm25,44,100,relaxed_ge1,0.13,0.01,0.24,11,12,0,11,12
bge,bm25,45,100,relaxed_ge1,0.02,-0.07,0.12,11,10,1,10,9
bge,bm25,46,100,relaxed_ge1,0.14,0.01,0.52,38,13,0,38,13
bge,bm25,47,100,relaxed_ge1,0.28,-0.12,0.53,25,40,0,25,40
bge,bm25,48,100,relaxed_ge1,0.16,-0.28,0.48,36,48,4,32,44
bge,bm25,49,100,relaxed_ge1,0.28,0.05,0.61,33,23,0,33,23
bge,bm25,50,100,relaxed_ge1,-0.08,-0.32,0.21,29,24,0,29,24
bm25_ce,bm25,1,20,strict_eq2,0.05,-0.1,0.25,4,3,0,4,3
bm25_ce,bm25,2,20,strict_eq2,0.3,0.25,0.45,3,1,0,3,1
bm25_ce,bm25,3,20,strict_eq2,0.5,0.4,0.55,1,2,0,1,2
bm25_ce,bm25,4,20,strict_eq2,0.35,0.35,0.55,4,0,0,4,0
bm25_ce,bm25,5,20,strict_eq2,-0.1,-0.15,0.05,4,2,1,3,1
bm25_ce,bm25,6,20,strict_eq2,0.15,0.1,0.2,1,1,0,1,1
bm25_ce,bm25,7,20,strict_eq2,0.1,0.1,0.1,0,0,0,0,0
bm25_ce,bm25,8,20,strict_eq2,0.05,-0.1,0.05,2,5,2,0,3
bm25_ce,bm25,9,20,strict_eq2,0.1,0.1,0.15,1,0,0,1,0
bm25_ce,bm25,10,20,strict_eq2,-0.1,-0.1,-0.05,1,0,0,1,0
bm25_ce,bm25,11,20,strict_eq2,-0.05,-0.15,0.05,2,2,0,2,2
bm25_ce,bm25,12,20,strict_eq2,0.05,-0.1,0.1,2,4,1,1,3
bm25_ce,bm25,13,20,strict_eq2,0.15,0.1,0.2,1,1,0,1,1
bm25_ce,bm25,14,20,strict_eq2,-0.3,-0.3,0.25,11,0,0,11,0
bm25_ce,bm25,15,20,strict_eq2,0.05,-0.25,0.35,6,6,0,6,6
bm25_ce,bm25,16,20,strict_eq2,0.35,0.2,0.4,1,3,0,1,3
bm25_ce,bm25,17,20,strict_eq2,0.35,0.25,0.35,0,2,0,0,2
bm25_ce,bm25,18,20,strict_eq2,0.3,0.3,0.35,1,0,0,1,0
bm25_ce,bm25,19,20,strict_eq2,-0.1,-0.1,-0.1,0,0,0,0,0
bm25_ce,bm25,20,20,strict_eq2,0.1,0,0.1,0,2,0,0,2
bm25_ce,bm25,21,20,strict_eq2,0.3,0.2,0.35,1,2,0,1,2
bm25_ce,bm25,22,20,strict_eq2,0.15,-0.05,0.15,0,4,0,0,4
bm25_ce,bm25,23,20,strict_eq2,-0.5,-0.55,-0.05,9,1,0,9,1
bm25_ce,bm25,24,20,strict_eq2,0,-0.1,0.1,2,2,0,2,2
bm25_ce,bm25,25,20,strict_eq2,0.55,0.3,0.7,3,5,0,3,5
bm25_ce,bm25,26,20,strict_eq2,0.2,0.05,0.35,3,3,0,3,3
bm25_ce,bm25,27,20,strict_eq2,-0.25,-0.3,0.05,7,2,1,6,1
bm25_ce,bm25,28,20,strict_eq2,0.05,0.05,0.05,0,0,0,0,0
bm25_ce,bm25,29,20,strict_eq2,0,0,0,0,0,0,0,0
bm25_ce,bm25,30,20,strict_eq2,-0.05,-0.05,-0.05,0,0,0,0,0
bm25_ce,bm25,31,20,strict_eq2,0.1,0.05,0.1,0,1,0,0,1
bm25_ce,bm25,32,20,strict_eq2,0,0,0.2,4,0,0,4,0
bm25_ce,bm25,33,20,strict_eq2,0.25,0.25,0.25,0,0,0,0,0
bm25_ce,bm25,34,20,strict_eq2,0,-0.25,0.05,2,6,1,1,5
bm25_ce,bm25,35,20,strict_eq2,0.35,0.35,0.35,0,0,0,0,0
bm25_ce,bm25,36,20,strict_eq2,-0.05,-0.05,-0.05,0,0,0,0,0
bm25_ce,bm25,37,20,strict_eq2,0.35,0.35,0.35,0,0,0,0,0
bm25_ce,bm25,38,20,strict_eq2,0.1,0.1,0.15,1,0,0,1,0
bm25_ce,bm25,39,20,strict_eq2,-0.05,-0.05,-0.05,0,0,0,0,0
bm25_ce,bm25,40,20,strict_eq2,-0.1,-0.1,-0.1,0,0,0,0,0
bm25_ce,bm25,41,20,strict_eq2,0.05,0.05,0.05,0,0,0,0,0
bm25_ce,bm25,42,20,strict_eq2,0.25,0.25,0.25,0,0,0,0,0
bm25_ce,bm25,43,20,strict_eq2,0.15,0.15,0.15,0,0,0,0,0
bm25_ce,bm25,44,20,strict_eq2,0.1,0.05,0.1,0,1,0,0,1
bm25_ce,bm25,45,20,strict_eq2,-0.1,-0.15,-0.05,1,1,0,1,1
bm25_ce,bm25,46,20,strict_eq2,-0.15,-0.15,0.05,4,0,0,4,0
bm25_ce,bm25,47,20,strict_eq2,0.4,0.1,0.45,1,6,0,1,6
bm25_ce,bm25,48,20,strict_eq2,0.1,-0.05,0.1,0,3,0,0,3
bm25_ce,bm25,49,20,strict_eq2,0.35,0.3,0.35,0,1,0,0,1
bm25_ce,bm25,50,20,strict_eq2,-0.15,-0.15,0.1,5,0,0,5,0
bm25_ce,bm25,1,20,relaxed_ge1,0,-0.15,0.2,4,3,0,4,3
bm25_ce,bm25,2,20,relaxed_ge1,0.35,0.3,0.5,3,1,0,3,1
bm25_ce,bm25,3,20,relaxed_ge1,0.55,0.45,0.6,1,2,0,1,2
bm25_ce,bm25,4,20,relaxed_ge1,0.45,0.45,0.65,4,0,0,4,0
bm25_ce,bm25,5,20,relaxed_ge1,-0.15,-0.2,0,4,2,1,3,1
bm25_ce,bm25,6,20,relaxed_ge1,0.05,0,0.1,1,1,0,1,1
bm25_ce,bm25,7,20,relaxed_ge1,0.05,0.05,0.05,0,0,0,0,0
bm25_ce,bm25,8,20,relaxed_ge1,0.25,0.1,0.25,2,5,2,0,3
bm25_ce,bm25,9,20,relaxed_ge1,0,0,0.05,1,0,0,1,0
bm25_ce,bm25,10,20,relaxed_ge1,-0.05,-0.05,0,1,0,0,1,0
bm25_ce,bm25,11,20,relaxed_ge1,-0.05,-0.15,0.05,2,2,0,2,2
bm25_ce,bm25,12,20,relaxed_ge1,-0.05,-0.2,0,2,4,1,1,3
bm25_ce,bm25,13,20,relaxed_ge1,0.1,0.05,0.15,1,1,0,1,1
bm25_ce,bm25,14,20,relaxed_ge1,-0.55,-0.55,0,11,0,0,11,0
bm25_ce,bm25,15,20,relaxed_ge1,0,-0.3,0.3,6,6,0,6,6
bm25_ce,bm25,16,20,relaxed_ge1,0.6,0.45,0.65,1,3,0,1,3
bm25_ce,bm25,17,20,relaxed_ge1,0.4,0.3,0.4,0,2,0,0,2
bm25_ce,bm25,18,20,relaxed_ge1,0.2,0.2,0.25,1,0,0,1,0
bm25_ce,bm25,19,20,relaxed_ge1,-0.25,-0.25,-0.25,0,0,0,0,0
bm25_ce,bm25,20,20,relaxed_ge1,0.15,0.05,0.15,0,2,0,0,2
bm25_ce,bm25,21,20,relaxed_ge1,0.25,0.15,0.3,1,2,0,1,2
bm25_ce,bm25,22,20,relaxed_ge1,0.2,0,0.2,0,4,0,0,4
bm25_ce,bm25,23,20,relaxed_ge1,-0.45,-0.5,0,9,1,0,9,1
bm25_ce,bm25,24,20,relaxed_ge1,0.05,-0.05,0.15,2,2,0,2,2
bm25_ce,bm25,25,20,relaxed_ge1,0.65,0.4,0.8,3,5,0,3,5
bm25_ce,bm25,26,20,relaxed_ge1,0.25,0.1,0.4,3,3,0,3,3
bm25_ce,bm25,27,20,relaxed_ge1,-0.2,-0.25,0.1,7,2,1,6,1
bm25_ce,bm25,28,20,relaxed_ge1,0,0,0,0,0,0,0,0
bm25_ce,bm25,29,20,relaxed_ge1,-0.05,-0.05,-0.05,0,0,0,0,0
bm25_ce,bm25,30,20,relaxed_ge1,0,0,0,0,0,0,0,0
bm25_ce,bm25,31,20,relaxed_ge1,0.4,0.35,0.4,0,1,0,0,1
bm25_ce,bm25,32,20,relaxed_ge1,0,0,0.2,4,0,0,4,0
bm25_ce,bm25,33,20,relaxed_ge1,0.15,0.15,0.15,0,0,0,0,0
bm25_ce,bm25,34,20,relaxed_ge1,0.05,-0.2,0.1,2,6,1,1,5
bm25_ce,bm25,35,20,relaxed_ge1,0.4,0.4,0.4,0,0,0,0,0
bm25_ce,bm25,36,20,relaxed_ge1,0,0,0,0,0,0,0,0
bm25_ce,bm25,37,20,relaxed_ge1,0.2,0.2,0.2,0,0,0,0,0
bm25_ce,bm25,38,20,relaxed_ge1,0.25,0.25,0.3,1,0,0,1,0
bm25_ce,bm25,39,20,relaxed_ge1,0,0,0,0,0,0,0,0
bm25_ce,bm25,40,20,relaxed_ge1,0,0,0,0,0,0,0,0
bm25_ce,bm25,41,20,relaxed_ge1,0.15,0.15,0.15,0,0,0,0,0
bm25_ce,bm25,42,20,relaxed_ge1,0.25,0.25,0.25,0,0,0,0,0
bm25_ce,bm25,43,20,relaxed_ge1,0.1,0.1,0.1,0,0,0,0,0
bm25_ce,bm25,44,20,relaxed_ge1,-0.05,-0.1,-0.05,0,1,0,0,1
bm25_ce,bm25,45,20,relaxed_ge1,-0.05,-0.1,0,1,1,0,1,1
bm25_ce,bm25,46,20,relaxed_ge1,-0.35,-0.35,-0.15,4,0,0,4,0
bm25_ce,bm25,47,20,relaxed_ge1,0.45,0.15,0.5,1,6,0,1,6
bm25_ce,bm25,48,20,relaxed_ge1,0.2,0.05,0.2,0,3,0,0,3
bm25_ce,bm25,49,20,relaxed_ge1,0.3,0.25,0.3,0,1,0,0,1
bm25_ce,bm25,50,20,relaxed_ge1,-0.3,-0.3,-0.05,5,0,0,5,0
bm25_ce,bm25,1,100,strict_eq2,-0.09,-0.53,0.35,46,46,2,44,44
bm25_ce,bm25,2,100,strict_eq2,0.02,-0.17,0.39,40,22,3,37,19
bm25_ce,bm25,3,100,strict_eq2,0.24,0.04,0.39,17,22,2,15,20
bm25_ce,bm25,4,100,strict_eq2,0,-0.28,0.48,51,31,3,48,28
bm25_ce,bm25,5,100,strict_eq2,0.05,-0.19,0.29,29,29,5,24,24
bm25_ce,bm25,6,100,strict_eq2,0.3,-0.03,0.43,13,33,0,13,33
bm25_ce,bm25,7,100,strict_eq2,0.21,0.1,0.27,7,12,1,6,11
bm25_ce,bm25,8,100,strict_eq2,0.01,-0.32,0.35,40,39,6,34,33
bm25_ce,bm25,9,100,strict_eq2,0.06,-0.04,0.2,16,12,2,14,10
bm25_ce,bm25,10,100,strict_eq2,0.06,0.01,0.23,23,11,6,17,5
bm25_ce,bm25,11,100,strict_eq2,-0.05,-0.19,0.33,39,15,1,38,14
bm25_ce,bm25,12,100,strict_eq2,0.05,-0.11,0.24,25,22,6,19,16
bm25_ce,bm25,13,100,strict_eq2,0.11,-0.07,0.25,19,23,5,14,18
bm25_ce,bm25,14,100,strict_eq2,-0.18,-0.22,0.45,63,4,0,63,4
bm25_ce,bm25,15,100,strict_eq2,-0.01,-0.51,0.52,54,51,1,53,50
bm25_ce,bm25,16,100,strict_eq2,0.23,-0.13,0.53,32,38,2,30,36
bm25_ce,bm25,17,100,strict_eq2,0.05,-0.13,0.24,23,22,4,19,18
bm25_ce,bm25,18,100,strict_eq2,0.01,-0.1,0.16,16,12,1,15,11
bm25_ce,bm25,19,100,strict_eq2,-0.04,-0.14,0.24,35,17,7,28,10
bm25_ce,bm25,20,100,strict_eq2,0.25,0.19,0.34,13,10,4,9,6
bm25_ce,bm25,21,100,strict_eq2,0.04,-0.16,0.21,18,21,1,17,20
bm25_ce,bm25,22,100,strict_eq2,0.21,-0.02,0.3,13,27,4,9,23
bm25_ce,bm25,23,100,strict_eq2,-0.18,-0.45,0.21,44,32,5,39,27
bm25_ce,bm25,24,100,strict_eq2,-0.01,-0.15,0.26,29,16,2,27,14
bm25_ce,bm25,25,100,strict_eq2,0.2,-0.02,0.35,27,34,12,15,22
bm25_ce,bm25,26,100,strict_eq2,0.17,-0.09,0.41,36,38,12,24,26
bm25_ce,bm25,27,100,strict_eq2,-0.12,-0.19,0.15,30,10,3,27,7
bm25_ce,bm25,28,100,strict_eq2,0.09,-0.04,0.17,11,16,3,8,13
bm25_ce,bm25,29,100,strict_eq2,-0.06,-0.1,0.01,7,4,0,7,4
bm25_ce,bm25,30,100,strict_eq2,-0.08,-0.12,0.08,18,6,2,16,4
bm25_ce,bm25,31,100,strict_eq2,0.04,0.02,0.26,22,2,0,22,2
bm25_ce,bm25,32,100,strict_eq2,0,-0.2,0.55,57,22,2,55,20
bm25_ce,bm25,33,100,strict_eq2,0.12,-0.04,0.34,22,16,0,22,16
bm25_ce,bm25,34,100,strict_eq2,0.11,-0.37,0.35,27,51,3,24,48
bm25_ce,bm25,35,100,strict_eq2,0.04,-0.11,0.2,17,16,1,16,15
bm25_ce,bm25,36,100,strict_eq2,0.09,0.07,0.11,2,2,0,2,2
bm25_ce,bm25,37,100,strict_eq2,0.11,0.1,0.11,0,1,0,0,1
bm25_ce,bm25,38,100,strict_eq2,0.16,0.03,0.25,11,15,2,9,13
bm25_ce,bm25,39,100,strict_eq2,0.07,0.07,0.15,8,0,0,8,0
bm25_ce,bm25,40,100,strict_eq2,0.05,0.04,0.05,0,1,0,0,1
bm25_ce,bm25,41,100,strict_eq2,-0.09,-0.12,0.12,21,3,0,21,3
bm25_ce,bm25,42,100,strict_eq2,0.08,0.05,0.21,15,5,2,13,3
bm25_ce,bm25,43,100,strict_eq2,-0.17,-0.18,-0.01,16,1,0,16,1
bm25_ce,bm25,44,100,strict_eq2,-0.03,-0.14,0.12,16,12,1,15,11
bm25_ce,bm25,45,100,strict_eq2,0.03,-0.07,0.11,8,10,0,8,10
bm25_ce,bm25,46,100,strict_eq2,-0.15,-0.27,0.3,46,13,1,45,12
bm25_ce,bm25,47,100,strict_eq2,0.29,-0.11,0.49,20,40,0,20,40
bm25_ce,bm25,48,100,strict_eq2,0.16,-0.26,0.4,30,48,6,24,42
bm25_ce,bm25,49,100,strict_eq2,0.27,0.04,0.36,9,23,0,9,23
bm25_ce,bm25,50,100,strict_eq2,-0.01,-0.2,0.21,27,24,5,22,19
bm25_ce,bm25,1,100,relaxed_ge1,-0.07,-0.51,0.37,46,46,2,44,44
bm25_ce,bm25,2,100,relaxed_ge1,-0.02,-0.21,0.35,40,22,3,37,19
bm25_ce,bm25,3,100,relaxed_ge1,0.27,0.07,0.42,17,22,2,15,20
bm25_ce,bm25,4,100,relaxed_ge1,0.09,-0.19,0.57,51,31,3,48,28
bm25_ce,bm25,5,100,relaxed_ge1,0.01,-0.23,0.25,29,29,5,24,24
bm25_ce,bm25,6,100,relaxed_ge1,0.24,-0.09,0.37,13,33,0,13,33
bm25_ce,bm25,7,100,relaxed_ge1,0.19,0.08,0.25,7,12,1,6,11
bm25_ce,bm25,8,100,relaxed_ge1,0.03,-0.3,0.37,40,39,6,34,33
bm25_ce,bm25,9,100,relaxed_ge1,0.06,-0.04,0.2,16,12,2,14,10
bm25_ce,bm25,10,100,relaxed_ge1,-0.07,-0.12,0.1,23,11,6,17,5
bm25_ce,bm25,11,100,relaxed_ge1,-0.11,-0.25,0.27,39,15,1,38,14
bm25_ce,bm25,12,100,relaxed_ge1,0.01,-0.15,0.2,25,22,6,19,16
bm25_ce,bm25,13,100,relaxed_ge1,0.1,-0.08,0.24,19,23,5,14,18
bm25_ce,bm25,14,100,relaxed_ge1,-0.47,-0.51,0.16,63,4,0,63,4
bm25_ce,bm25,15,100,relaxed_ge1,-0.03,-0.53,0.5,54,51,1,53,50
bm25_ce,bm25,16,100,relaxed_ge1,0.34,-0.02,0.64,32,38,2,30,36
bm25_ce,bm25,17,100,relaxed_ge1,0.02,-0.16,0.21,23,22,4,19,18
bm25_ce,bm25,18,100,relaxed_ge1,0.01,-0.1,0.16,16,12,1,15,11
bm25_ce,bm25,19,100,relaxed_ge1,-0.09,-0.19,0.19,35,17,7,28,10
bm25_ce,bm25,20,100,relaxed_ge1,0.16,0.1,0.25,13,10,4,9,6
bm25_ce,bm25,21,100,relaxed_ge1,0.04,-0.16,0.21,18,21,1,17,20
bm25_ce,bm25,22,100,relaxed_ge1,0.21,-0.02,0.3,13,27,4,9,23
bm25_ce,bm25,23,100,relaxed_ge1,-0.14,-0.41,0.25,44,32,5,39,27
bm25_ce,bm25,24,100,relaxed_ge1,-0.04,-0.18,0.23,29,16,2,27,14
bm25_ce,bm25,25,100,relaxed_ge1,0.27,0.05,0.42,27,34,12,15,22
bm25_ce,bm25,26,100,relaxed_ge1,0.16,-0.1,0.4,36,38,12,24,26
bm25_ce,bm25,27,100,relaxed_ge1,-0.22,-0.29,0.05,30,10,3,27,7
bm25_ce,bm25,28,100,relaxed_ge1,0.07,-0.06,0.15,11,16,3,8,13
bm25_ce,bm25,29,100,relaxed_ge1,-0.08,-0.12,-0.01,7,4,0,7,4
bm25_ce,bm25,30,100,relaxed_ge1,-0.11,-0.15,0.05,18,6,2,16,4
bm25_ce,bm25,31,100,relaxed_ge1,0.16,0.14,0.38,22,2,0,22,2
bm25_ce,bm25,32,100,relaxed_ge1,0,-0.2,0.55,57,22,2,55,20
bm25_ce,bm25,33,100,relaxed_ge1,0.15,-0.01,0.37,22,16,0,22,16
bm25_ce,bm25,34,100,relaxed_ge1,0.16,-0.32,0.4,27,51,3,24,48
bm25_ce,bm25,35,100,relaxed_ge1,0.04,-0.11,0.2,17,16,1,16,15
bm25_ce,bm25,36,100,relaxed_ge1,0.06,0.04,0.08,2,2,0,2,2
bm25_ce,bm25,37,100,relaxed_ge1,0.06,0.05,0.06,0,1,0,0,1
bm25_ce,bm25,38,100,relaxed_ge1,0.3,0.17,0.39,11,15,2,9,13
bm25_ce,bm25,39,100,relaxed_ge1,-0.06,-0.06,0.02,8,0,0,8,0
bm25_ce,bm25,40,100,relaxed_ge1,0.02,0.01,0.02,0,1,0,0,1
bm25_ce,bm25,41,100,relaxed_ge1,-0.08,-0.11,0.13,21,3,0,21,3
bm25_ce,bm25,42,100,relaxed_ge1,0.05,0.02,0.18,15,5,2,13,3
bm25_ce,bm25,43,100,relaxed_ge1,-0.1,-0.11,0.06,16,1,0,16,1
bm25_ce,bm25,44,100,relaxed_ge1,-0.06,-0.17,0.09,16,12,1,15,11
bm25_ce,bm25,45,100,relaxed_ge1,0.01,-0.09,0.09,8,10,0,8,10
bm25_ce,bm25,46,100,relaxed_ge1,-0.17,-0.29,0.28,46,13,1,45,12
bm25_ce,bm25,47,100,relaxed_ge1,0.32,-0.08,0.52,20,40,0,20,40
bm25_ce,bm25,48,100,relaxed_ge1,0.2,-0.22,0.44,30,48,6,24,42
bm25_ce,bm25,49,100,relaxed_ge1,0.35,0.12,0.44,9,23,0,9,23
bm25_ce,bm25,50,100,relaxed_ge1,-0.07,-0.26,0.15,27,24,5,22,19
